Tempo,Sim_1,Sim_2,Sim_3,Sim_4,Sim_5,Sim_6,Sim_7,Sim_8,Sim_9,Sim_10
0,0.5,0.5,0.5,0.5,0.5,0.5,0.5,0.5,0.5,0.5
0.002,0.48685234956913,0.481754436563487,0.478921565785191,0.482809706288374,0.483138587826885,0.484091396556563,0.481404356375255,0.474768936787468,0.480370789834596,0.484459808415995
0.004,0.476899250108723,0.467913658444167,0.462126426259233,0.469246063463271,0.470296996252253,0.471939670533103,0.466459055792737,0.454213998694786,0.465095310283858,0.472189525982149
0.006,0.467638079452996,0.455080990248341,0.446575744819644,0.456434279093108,0.458302596850562,0.460572699990912,0.452591139558894,0.434924560987974,0.450918299917982,0.460670944239438
0.008,0.458672587533912,0.442778282137884,0.431794508628568,0.444004558692578,0.446721361044212,0.449573382426769,0.439352956872386,0.416571210120462,0.437380215521542,0.449529933470178
0.01,0.449989755963276,0.430848451706425,0.417586573873752,0.431792916357619,0.435418695923128,0.438834662363224,0.426675851598087,0.398593138872371,0.424282680522542,0.438685012589454
0.012,0.441586298054741,0.419660503322858,0.404458649186413,0.42014473790225,0.424669052676648,0.428581073985091,0.414742340951321,0.382297398177655,0.412127320170086,0.428321228823669
0.014,0.43369716943917,0.408900288338765,0.391871613993505,0.408728889150701,0.414248846748333,0.418677282584336,0.403466010046703,0.366001657482939,0.400424858635879,0.418387246854035
0.016,0.4258080408236,0.398140073354672,0.379284578800598,0.397313040399153,0.403828640820017,0.40877349118358,0.392189679142086,0.350244591957794,0.388722397101672,0.408453264884402
0.018,0.417918912208029,0.388230983788661,0.368386999351732,0.386585419483184,0.394216221860591,0.399265902157398,0.381981672927525,0.336020334137972,0.378148908494307,0.398594852352492
0.02,0.410770984607753,0.379159429282193,0.358114364798997,0.376310403084443,0.385077897254662,0.390606622801719,0.372662266500083,0.321796076318149,0.368426569076353,0.389987647135197
0.022,0.40408651167226,0.370087874775725,0.347841730246262,0.366035386685702,0.375939572648734,0.38194734344604,0.36334286007264,0.309381107713355,0.3587042296584,0.381380441917902
0.024,0.397402038736767,0.361076074521918,0.33788930020655,0.356214864859314,0.36726588402695,0.373288064090361,0.354023453645198,0.297368632555836,0.34922349657537,0.372773236700606
0.026,0.390717565801274,0.353994841854821,0.33047332402496,0.347255013815999,0.359687421130597,0.365733898797867,0.347035126087607,0.285356157398317,0.341792080892069,0.36472047950052
0.028,0.38478800885082,0.346913609187725,0.323057347843371,0.338295162772684,0.352108958234244,0.358588281841805,0.340173262451905,0.275667208494572,0.334360665208768,0.357673720840832
0.03,0.379562885137845,0.339832376520629,0.315641371661781,0.329344560206925,0.344530495337892,0.351442664885743,0.333311398816203,0.266297232422973,0.326929249525467,0.350626962181145
0.032,0.37433776142487,0.333271077592634,0.308225395480192,0.32195194733026,0.338122150648186,0.344297047929681,0.326449535180501,0.256927256351374,0.320246014406242,0.343580203521457
0.034,0.369112637711894,0.328458578856803,0.303250302697529,0.314559334453594,0.332385149743277,0.338598785767459,0.320625941318038,0.249233231456381,0.31538255563301,0.337049838376165
0.036,0.363887513998919,0.323646080120972,0.299080575495517,0.307166721576929,0.326648148838369,0.333243250619176,0.316669272680713,0.242659881053735,0.310519096859777,0.331881245896713
0.038,0.360311129981252,0.318833581385141,0.294910848293506,0.300193425301483,0.32091114793346,0.327887715470894,0.312712604043388,0.236086530651089,0.305655638086545,0.32671265341726
0.04,0.356810810378897,0.31427832046118,0.290741121091494,0.294695307989687,0.316554664575452,0.322532180322611,0.308755935406063,0.230751482717729,0.301152482777841,0.321544060937808
0.042,0.353310490776542,0.311942182664639,0.286586721102501,0.28919719067789,0.312912194150077,0.318340404107819,0.304799266768737,0.226748948617575,0.299042429563166,0.316375468458356
0.044,0.349810171174187,0.309606044868099,0.285436841193904,0.283699073366093,0.309269723724702,0.315022693626553,0.301459028506333,0.222746414517421,0.296932376348491,0.312558661329662
0.046,0.346309851571832,0.307269907071558,0.284286961285307,0.278448189877145,0.305627253299327,0.311704983145286,0.300324226185572,0.220385534614845,0.294822323133815,0.309603686322251
0.048,0.344644084678858,0.304933769275017,0.28313708137671,0.275117919115621,0.302807879950755,0.308387272664019,0.299189423864811,0.21868514075231,0.29271226991914,0.30664871131484
0.05,0.343083009450285,0.304166252312197,0.281987201468113,0.271787648354098,0.301434558486947,0.305091415460629,0.298054621544049,0.216984746889775,0.292183203865511,0.303693736307429
0.052,0.341521934221712,0.304372208191467,0.282971223004952,0.268457377592575,0.300061237023138,0.303979061254206,0.296919819223288,0.21731269198736,0.292798793917439,0.300738761300018
0.054,0.339960858993139,0.304578164070737,0.284447242221538,0.265127106831052,0.29868791555933,0.302866707047783,0.296890230874705,0.217810450449213,0.293414383969367,0.298730996308677
0.056,0.338399783764566,0.304784119950008,0.285923261438124,0.263350552731427,0.297314594095522,0.30175435284136,0.298253382616737,0.218308208911066,0.294029974021296,0.298104222351979
0.058,0.337898314200089,0.304990075829278,0.287399280654709,0.262215851320542,0.297535713094617,0.300641998634938,0.29961653435877,0.220495624842801,0.294645564073224,0.297477448395281
0.06,0.338392064963465,0.30678146602698,0.288875299871295,0.261081149909657,0.298461468979089,0.299672742704198,0.300979686100802,0.223345319720757,0.29692873516915,0.296850674438583
0.062,0.338885815726841,0.309382279195706,0.292755256015066,0.259946448498772,0.299387224863562,0.300787439342991,0.302342837842835,0.226195014598712,0.30004546371164,0.296223900481885
0.064,0.339379566490217,0.311983092364431,0.296698772656613,0.259878938068249,0.300312980748034,0.301902135981784,0.304161825939576,0.229044709476667,0.30316219225413,0.295889887124808
0.066,0.339873317253593,0.314583905533156,0.30064228929816,0.260824214170009,0.301238736632506,0.303016832620577,0.307888648312267,0.231894404354623,0.30627892079662,0.297501666409753
0.068,0.340367068016969,0.317184718701881,0.304585805939707,0.261769490271769,0.303272457993361,0.30413152925937,0.311615470684958,0.235900192553783,0.309395649339109,0.299113445694699
0.07,0.342029739567324,0.319807734079392,0.308529322581253,0.262714766373529,0.306327678642524,0.305246225898163,0.315342293057649,0.240668648009364,0.312512377881599,0.300725224979644
0.072,0.344557436407855,0.324413104328245,0.3124728392228,0.26366004247529,0.309382899291686,0.307564532182598,0.31906911543034,0.245437103464945,0.317327279851335,0.30233700426459
0.074,0.347085133248386,0.329018474577099,0.317633710467691,0.266245456874173,0.312438119940848,0.310731287313538,0.322795937803031,0.250205558920526,0.322501925595482,0.303948783549535
0.076,0.349612830088917,0.333623844825952,0.323503040885306,0.269215598389947,0.31549334059001,0.313898042444478,0.326522760175723,0.254974014376107,0.32767657133963,0.306093610170661
0.078,0.352140526929448,0.338229215074806,0.329372371302921,0.272185739905721,0.318548561239172,0.317064797575418,0.330551984229725,0.260069202564064,0.332851217083777,0.30979541161184
0.08,0.354668223769979,0.342834585323659,0.335241701720536,0.275155881421496,0.322613037293076,0.320231552706358,0.336169988433842,0.265876130185539,0.338025862827925,0.313497213053018
0.082,0.35719592061051,0.347439955572513,0.341111032138151,0.27812602293727,0.327414034864064,0.323398307837298,0.341787992637959,0.271683057807015,0.343200508572072,0.317199014494197
0.084,0.361433591087217,0.352302596336866,0.346980362555766,0.281096164453044,0.332215032435051,0.327037286176522,0.347405996842075,0.27748998542849,0.34837515431622,0.320900815935375
0.086,0.365812130318527,0.358251574826523,0.352849692973381,0.285463103196005,0.337016030006038,0.331874939894844,0.353024001046192,0.283296913049965,0.354351801143346,0.324602617376554
0.088,0.370190669549837,0.36420055331618,0.359143904920556,0.29015301420286,0.341817027577026,0.336712593613165,0.358642005250308,0.28910384067144,0.360809179732164,0.328304418817732
0.09,0.374569208781147,0.370149531805838,0.366165909539488,0.294842925209715,0.346618025148013,0.341550247331487,0.364260009454425,0.295146723337489,0.367266558320983,0.332085050921619
0.092,0.378947748012457,0.376098510295495,0.373187914158421,0.29953283621657,0.351419022719,0.346387901049809,0.369878013658541,0.301417131762048,0.373723936909802,0.337497499764153
0.094,0.383326287243767,0.382047488785152,0.380209918777354,0.304222747223425,0.356570870720182,0.35122555476813,0.375655520672881,0.307687540186606,0.38018131549862,0.342909948606686
0.096,0.387704826475077,0.387996467274809,0.387231923396287,0.30891265823028,0.362480138577266,0.356063208486452,0.382378645610734,0.313957948611164,0.386638694087439,0.34832239744922
0.098,0.392354057851813,0.393945445764466,0.39425392801522,0.313602569237134,0.368389406434349,0.360900862204774,0.389101770548586,0.320228357035723,0.393096072676258,0.353734846291753
0.1,0.39823605962346,0.399894424254123,0.401275932634153,0.318735393739338,0.374298674291433,0.36630232848219,0.395824895486438,0.326498765460281,0.399553451265077,0.359147295134286
0.102,0.404118061395107,0.406140525759565,0.408297937253085,0.324508945344695,0.380207942148516,0.372180106675948,0.402548020424291,0.33276917388484,0.406120009501637,0.36455974397682
0.104,0.410000063166754,0.412530624242424,0.415319941872018,0.330282496950052,0.3861172100056,0.378057884869706,0.409271145362143,0.339039582309398,0.412971677524833,0.369972192819353
0.106,0.415882064938401,0.418920722725284,0.42251664692828,0.33605604855541,0.392026477862683,0.383935663063464,0.415994270299995,0.345303049839468,0.419823345548029,0.375384641661887
0.108,0.421764066710048,0.425310821208143,0.429915767112821,0.341829600160767,0.397935745719767,0.389813441257222,0.422717395237848,0.351565192066464,0.426675013571225,0.381079313914979
0.11,0.427646068481695,0.431700919691003,0.437351099364552,0.347603151766125,0.40384501357685,0.39569121945098,0.4294405201757,0.35782733429346,0.433526681594421,0.387552035470394
0.112,0.433528070253342,0.438091018173862,0.444813109336641,0.353376703371482,0.409905741638057,0.401568997644738,0.436163645113553,0.364089476520456,0.440378349617617,0.394024757025809
0.114,0.439410072024989,0.444481116656722,0.452294639951504,0.35915025497684,0.416113125649437,0.407446775838496,0.442969350205288,0.370351618747452,0.447230017640813,0.400497478581224
0.116,0.445292073796636,0.450871215139581,0.459788958272483,0.364923806582197,0.422320509660817,0.413324554032254,0.450002160609537,0.376613760974448,0.454081685664009,0.406970200136639
0.118,0.451653237994455,0.45726131362244,0.467290502119966,0.371092647047425,0.428527893672197,0.419291820014583,0.457712256893128,0.382875903201444,0.460933353687205,0.413442921692054
0.12,0.458432368586703,0.463414236168777,0.475536848082658,0.377283608591279,0.434735277683577,0.425435861552243,0.482483312663105,0.38913804542844,0.467766389809605,0.419915643247469
0.122,0.465211499178951,0.469441857473874,0.501922088538662,0.383474570135133,0.440942661694957,0.431579903089903,0.508128264239155,0.395400187655436,0.474266821677881,0.426388364802884
0.124,0.471990629771198,0.475469478778972,0.52290606859328,0.389665531678987,0.447150045706336,0.437723944627563,0.529662833239447,0.401568976984974,0.480767253546157,0.432861086358299
0.126,0.478769760363446,0.481497100084069,0.544708536055481,0.395856493222841,0.453357429717716,0.443867986165223,0.550481986067662,0.407637918582858,0.487267685414433,0.439333807913714
0.128,0.485548890955694,0.487524721389167,0.564573952835716,0.402047454766696,0.459564813729096,0.450012027702883,0.570267044865593,0.413662652031897,0.49376811728271,0.445808688109013
0.13,0.492328021547942,0.493552342694264,0.583654745857063,0.40823841631055,0.46563481653795,0.456156069240543,0.588959905203655,0.419631881084673,0.500268549150986,0.452590601630051
0.132,0.499107152140189,0.499579963999361,0.601834346677889,0.414429377854404,0.471454409174382,0.462300110778203,0.606861928819115,0.425553431650422,0.506768981019262,0.459390782272257
0.134,0.505886282732437,0.505607585304459,0.619171643902184,0.420620339398258,0.477274001810814,0.468444152315863,0.623876986945104,0.431419771883101,0.513269412887538,0.466205591349256
0.136,0.512665413324685,0.511635206609556,0.635778110946394,0.426761903477202,0.483093594447246,0.474588193853523,0.640121587794331,0.443538724969902,0.519769844755814,0.473031207544165
0.138,0.519520938567174,0.517662827914654,0.651668283559756,0.432838654702386,0.488913187083678,0.48045779046938,0.655648031177104,0.466891369329456,0.526270276624091,0.479860040503407
0.14,0.526512567856022,0.52280890703914,0.666878635156241,0.438915405927571,0.49473277972011,0.48622165763577,0.670542047982503,0.485873917625667,0.532726380691603,0.486690326508708
0.142,0.533504197144871,0.527948303623911,0.681472309207204,0.444992157152756,0.500552372356542,0.49198552480216,0.68472803465708,0.503343932601609,0.53880337968158,0.493512563759709
0.144,0.540495826433719,0.533087700208681,0.695490183821473,0.451068908377941,0.506371964992975,0.497749391968551,0.698376103903203,0.519944272308798,0.544785424602295,0.500323416734529
0.146,0.547487455722567,0.538227096793452,0.708939941229761,0.457145659603125,0.512191557629407,0.503513259134941,0.711380369556475,0.535133875426065,0.550693883794971,0.50712352437387
0.148,0.554479085011415,0.543366493378223,0.721856699052753,0.46322241082831,0.518011150265839,0.509277126301331,0.723871602733275,0.549382577874416,0.556495510130504,0.521347577842172
0.15,0.561470714300264,0.548505889962993,0.734300495762385,0.469299162053495,0.523412315270634,0.515040993467722,0.735861971218314,0.56261065621523,0.56220253295714,0.543803817916211
0.152,0.568462343589112,0.553645286547764,0.746228715487236,0.47537591327868,0.52839304967966,0.520804860634112,0.747297374300642,0.575076868647014,0.567824424094451,0.561613612798326
0.154,0.57545397287796,0.558784683132534,0.757693109460384,0.481452664503865,0.533373784088686,0.526568727800502,0.758256790434597,0.586654117592636,0.583511298742075,0.579334103460038
0.156,0.582445602166809,0.563924079717305,0.768727713643314,0.487507394530225,0.538354518497712,0.532332594966893,0.76876040556054,0.597546985418253,0.59719416322331,0.595890644997025
0.158,0.589437231455657,0.569063476302076,0.779343346793776,0.493348638150261,0.543335252906738,0.537958139069901,0.778819628941371,0.607777261172862,0.611335953059342,0.611567344309074
0.16,0.596205509434888,0.57367290990961,0.789552232229174,0.499151861754755,0.548315987315764,0.543311969964517,0.788447126530186,0.617341932190573,0.624204049922584,0.62643048864469
0.162,0.602834354597521,0.578100033733039,0.799366029213982,0.504905476525252,0.55329672172479,0.548560446222179,0.797656390664147,0.626310671222018,0.636388388496917,0.640556013220967
0.164,0.609463199760155,0.582429755882224,0.808797724479795,0.51060706917916,0.558277456133816,0.553559482160016,0.806461290409521,0.634732175861673,0.647934722715221,0.653968837169215
0.166,0.616092044922788,0.586638074730754,0.817860328348129,0.523607468705935,0.563258190542842,0.558462832438678,0.814877883076985,0.642646210532163,0.658819884467119,0.666715772522205
0.168,0.622720890085421,0.590729713899751,0.826567957293997,0.541108408152295,0.568238924951868,0.56336618271734,0.822920862549549,0.650086601855791,0.669106302567217,0.678828955555865
0.17,0.629349735248054,0.594711305529794,0.834935840042793,0.556699329373125,0.573039623312011,0.568269532996002,0.830609151710765,0.657064932003435,0.678803796248944,0.690393227419936
0.172,0.635978580410688,0.606813417042408,0.842977946902576,0.571005031770538,0.577430329362889,0.573172883274664,0.837961645654005,0.663553810386187,0.68793689724536,0.701352543816844
0.174,0.642607425573321,0.617677605319999,0.850710989101471,0.584671051124588,0.581708785412761,0.578076233553326,0.844928335865,0.669651721099926,0.696549689467553,0.711783490221537
0.176,0.649236270735954,0.628922412724059,0.858153242616385,0.597297927736947,0.585643437901766,0.582920759302029,0.851545710870803,0.675399762474782,0.704674378761332,0.72172191039937
0.178,0.655865115898588,0.639002496822815,0.865244201429231,0.609209732135278,0.589543371504841,0.591452997998121,0.857868938208378,0.680844799100057,0.712342897405912,0.731187000192261
0.18,0.662493961061221,0.648492879645732,0.872038054175258,0.6203895772012,0.593443305107916,0.605170274403254,0.863923247782206,0.685791019378824,0.719567007456796,0.740192912044869
0.182,0.669122806223854,0.657374563886231,0.878578840540837,0.630921965904189,0.597343238710992,0.616929969651311,0.869622609105527,0.690489714844806,0.726339792011599,0.748758470924088
0.184,0.675421738673595,0.665698310636311,0.884889803794511,0.640753443674422,0.601243172314067,0.627912600502648,0.875009968218789,0.694934302250648,0.732677349806162,0.75690191328394
0.186,0.68813293261576,0.673410364715123,0.890846297547582,0.65004197213893,0.605143105917143,0.638367127171364,0.880183694394048,0.698952582589863,0.738634907770392,0.76464284048476
0.188,0.700178480706247,0.680643029741497,0.896571212899246,0.658775570982715,0.608785766176091,0.648019613693977,0.885031167606237,0.702838796328495,0.744266672935493,0.772003590040336
0.19,0.712176123344683,0.687344764618118,0.902118923458206,0.666995210196885,0.619931518692273,0.657150784781192,0.889596028407751,0.706311819806706,0.749558562951455,0.77900559365676
0.192,0.723317569357571,0.693672393636216,0.907310927516752,0.674730142909943,0.629044117786666,0.665687988863592,0.894015319036991,0.709654602902036,0.754389587590385,0.785673777131287
0.194,0.73412717371471,0.699448457203712,0.912324647191977,0.682000743302,0.638471996266641,0.673669858712499,0.898006391582842,0.712656829975631,0.758981292120306,0.791938825208731
0.196,0.744398152116866,0.704786812004301,0.917133534783132,0.688851984744511,0.646926093187763,0.68111743949277,0.901892179731863,0.715530063841909,0.763281466870815,0.797867220170551
0.198,0.754261523270546,0.709826689842545,0.921644405093382,0.695303851804816,0.654897842090605,0.688074039387655,0.905451348255328,0.718074997519777,0.767168589990421,0.803518380099726
0.2,0.763692791235472,0.714392225178789,0.926068642961049,0.701397495655663,0.662247815140111,0.694558442922456,0.908846628635119,0.72056123021123,0.770933586731567,0.808917740214555
0.202,0.772709948189775,0.7185343776638,0.930109702004664,0.707026362103333,0.669176202085157,0.700578699606645,0.911974802838909,0.722663943577709,0.774236461667899,0.813889019455814
0.204,0.781362501886744,0.722506520303979,0.934107610413806,0.712336824650216,0.675537968896931,0.706235111343941,0.914927791231853,0.724766656944187,0.777418982201887,0.818648563452677
0.206,0.789621189716116,0.725955091770671,0.937755925368548,0.717386174030419,0.681535243930366,0.711510788834205,0.917625168650892,0.72651818754823,0.780230195758505,0.82318192388935
0.208,0.797553247317688,0.729240561694253,0.941370953320447,0.722062818782879,0.686983629280203,0.716347227484017,0.920192082554133,0.728196633312596,0.782924513407824,0.827332232950041
0.21,0.805130971903071,0.732032151040944,0.944625389441655,0.726418108499205,0.6920281609471,0.72083077941566,0.922458591384281,0.729735551367413,0.7852494222017,0.831352406663324
0.212,0.812406358213613,0.734808312923594,0.947879825562862,0.730614744108663,0.696794063141199,0.725042784590463,0.924703612374595,0.731009435635674,0.787511324136719,0.835017338969255
0.214,0.819342864913902,0.737017804264124,0.950769165004297,0.73436558827053,0.701121126946992,0.72881458345156,0.926540699274473,0.732283319903935,0.789359384604169,0.838520793292065
0.216,0.825953487877696,0.739227295604653,0.953626969687013,0.737985682134108,0.705145791911034,0.73236634680416,0.928377786174351,0.733300083972192,0.79120744507162,0.841750757435772
0.218,0.83229061154866,0.74091102554893,0.956241549293469,0.741282221315232,0.708667029993888,0.735604126328904,0.929944022915333,0.734191910813947,0.792676161539622,0.844791623079162
0.22,0.838363645245746,0.742575202517969,0.958700680044624,0.744412868854299,0.712188268076742,0.738496168529594,0.931355470792054,0.735083737655702,0.794058297454091,0.847588879089198
0.222,0.844205288842232,0.743905591239566,0.961110985289472,0.747260891320169,0.715122374003714,0.741209214956247,0.93274570344473,0.735691400223056,0.795278831011581,0.850222666786184
0.224,0.849722506630561,0.745039227735558,0.963166626937373,0.749960248844449,0.717982792016819,0.743604087575372,0.933735543268228,0.736226055327129,0.796216969901507,0.852590531501792
0.226,0.8549923734434,0.746075934915244,0.965222268585274,0.752369881650088,0.720289484793327,0.74579486929599,0.934725383091725,0.736760710431202,0.797155108791433,0.8548830352928
0.228,0.860081384188083,0.746712904388072,0.967112343966686,0.754732141580465,0.722596177569836,0.747718975557418,0.935614961418064,0.737065523847926,0.797775432972798,0.856823354671152
0.23,0.86488875124684,0.7473498738609,0.9687574448918,0.756712816371188,0.724583600077755,0.749406529782369,0.936188564247765,0.737270163276123,0.798289968841526,0.858763674049505
0.232,0.869460983430097,0.747732288416713,0.970402545816914,0.758693491161911,0.7263079485031,0.751011370611256,0.936762167077466,0.737474802704321,0.798804504710255,0.860366868304829
0.234,0.873912739458842,0.74790585277712,0.971878513823569,0.76037196505782,0.727912133247372,0.752208260779277,0.937255339245698,0.737572710408256,0.798948287107204,0.861881608221024
0.236,0.878009939872515,0.748079417137527,0.973106782014673,0.761937871012862,0.729112416699242,0.753405150947298,0.937423191800211,0.737476574727899,0.799064013394461,0.863311462028113
0.238,0.882015273557898,0.74793613875459,0.974335050205776,0.763453215526247,0.730312700151112,0.754275088797366,0.937591044354725,0.737380439047542,0.799179739681718,0.864406176107758
0.24,0.88575129945523,0.747692091902279,0.975522575695092,0.764618100934164,0.731235772778092,0.755009821811121,0.937758896909238,0.737284303367186,0.798954062792739,0.865500890187402
0.242,0.889359430762066,0.747448045049969,0.976328648926714,0.765782986342081,0.731934793573253,0.755739572885768,0.937570819612222,0.736985961623492,0.79870167337502,0.866430611234585
0.244,0.892734373652531,0.746896662034231,0.977134722158336,0.766830504811801,0.732633814368413,0.756039180209432,0.93734516974137,0.73662025244997,0.798449283957301,0.867115579227937
0.246,0.895980305570915,0.746283919840331,0.977940795389958,0.767612330485164,0.732977862441662,0.756338787533097,0.937119519870518,0.736254543276449,0.79795405767761,0.867800547221288
0.248,0.898992406349296,0.745671177646431,0.978575942065793,0.768394156158527,0.733224700302976,0.75657560589746,0.936784523736335,0.735888834102928,0.797367051625281,0.868336225970482
0.25,0.901942599878162,0.744810436405758,0.978954012119707,0.769091897566309,0.733471538164291,0.756477738338679,0.936181333578884,0.735319673593425,0.796780045572952,0.868625653408669
0.252,0.904587685836901,0.743878693765241,0.979332082173622,0.769510698245247,0.733381827499169,0.756379870779898,0.935578143421433,0.734717407358778,0.796101193535572,0.868915080846856
0.254,0.90723277179564,0.742946951124723,0.979710152227536,0.769929498924185,0.733218739267054,0.756240048833153,0.934974953263982,0.734115141124131,0.795217237781851,0.869164445969308
0.256,0.90957229061316,0.741857743889756,0.979995781157027,0.770348299603123,0.73305565103494,0.755784612723378,0.93425588119193,0.733512874889484,0.79433328202813,0.869076475875482
0.258,0.911847371976846,0.740656162875934,0.979943292707021,0.770468526739206,0.73265772175806,0.755329176613603,0.933300031300374,0.732776612191866,0.79344932627441,0.868988505781656
0.26,0.914030588363193,0.739454581862112,0.979890804257015,0.77054795453328,0.732134519305369,0.754873740503828,0.932344181408817,0.73197195679791,0.792386267454277,0.86890053568783
0.262,0.915930471694257,0.738202942526763,0.979838315807009,0.770627382327355,0.731611316852679,0.754135632036895,0.931388331517261,0.731167301403955,0.791246797258451,0.868609497805167
0.264,0.917830355025322,0.736783110979478,0.979785827357003,0.770637624629439,0.730981737323544,0.753367069623794,0.930414158872237,0.73036264601,0.790107327062625,0.868163355364831
0.266,0.919568571700612,0.735363279432193,0.979528514180803,0.770404578004335,0.730151364261396,0.752598507210694,0.929137787927236,0.72953723330297,0.788967856866799,0.867717212924495
0.268,0.921088659729565,0.733943447884908,0.979042328540861,0.770171531379231,0.729320991199248,0.751688113172909,0.927861416982236,0.728565331258384,0.78763798390192,0.867271070484159
0.27,0.922608747758518,0.732384660230327,0.978556142900918,0.769938484754126,0.728490618137099,0.750652730995415,0.926585046037235,0.727593429213798,0.786287011417451,0.866604246826875
0.272,0.924018088044732,0.730796800936468,0.978069957260976,0.769641480143559,0.727441507589967,0.749617348817921,0.925308675092234,0.726621527169212,0.784936038932982,0.865824886974981
0.274,0.925151087639885,0.729208941642609,0.977583771621034,0.769126237413096,0.726356313198832,0.748581803862322,0.923918586176908,0.725649625124626,0.783585066448513,0.865045527123087
0.276,0.926284087235038,0.727579566182865,0.977079710138636,0.768610994682634,0.725271118807696,0.747326284164158,0.922362335396975,0.724649915053389,0.782072890576277,0.864266167271193
0.278,0.927417086830191,0.725868366061494,0.976054900626569,0.768095751952171,0.724135380079991,0.746070764465995,0.920806084617043,0.723546594200599,0.780554075010576,0.863359454139267
0.28,0.928251250916258,0.724157165940124,0.975017190790241,0.767580509221708,0.722847681649906,0.744815244767831,0.91924983383711,0.722443273347809,0.779035259444875,0.862283393608439
0.282,0.928989928336745,0.722445965818753,0.973707182111008,0.766851756010232,0.721559983219821,0.743501181365163,0.917693583057178,0.721339952495019,0.777516443879174,0.861207333077612
0.284,0.929728605757232,0.720676933478348,0.972385704894388,0.7660882504988,0.720272284789736,0.742071653369341,0.916019421978737,0.720236631642229,0.775889849670744,0.860131272546784
0.286,0.930467283177719,0.718883111128911,0.970875468189842,0.765324744987369,0.718907045383973,0.740642125373519,0.914232485596168,0.719133310789439,0.774244300927781,0.859055212015957
0.288,0.930903556506893,0.717089288779474,0.969365231485296,0.764561239475937,0.717465555133578,0.739212597377697,0.912445549213599,0.717942718429936,0.772598752184817,0.857735077918881
0.29,0.931240190288867,0.715294347760461,0.96785499478075,0.763775301012658,0.716024064883183,0.73771203226299,0.91065861283103,0.716743958211092,0.770953203441853,0.856403804354549
0.292,0.931576824070842,0.713455851674709,0.966116177458538,0.762800981156073,0.714582574632788,0.736151979120318,0.908871676448461,0.715545197992249,0.769263957735946,0.855072530790217
0.294,0.931913457852817,0.711617355588958,0.964315273166693,0.761826661299487,0.713071188839795,0.734591925977647,0.907008448909366,0.714346437773405,0.767531214628833,0.853741257225884
0.296,0.932197215722277,0.709778859503206,0.962514368874848,0.760852341442901,0.711520914928749,0.733031872834976,0.90504135725727,0.713147677554562,0.765798471521721,0.852378134006352
0.298,0.932124736344718,0.707937351838051,0.960713464583004,0.759878021586316,0.709970641017702,0.731415156954806,0.903074265605175,0.711938474056558,0.764065728414609,0.850835966337757
0.3,0.932052256967159,0.70608608948434,0.958912560291159,0.75890370172973,0.708420367106656,0.729764784089652,0.901107173953079,0.710679570522778,0.762332985307497,0.849293798669163
0.302,0.9319797775896,0.704234827130628,0.957111655999314,0.757767719899148,0.706824644820463,0.728114411224497,0.899140082300984,0.709420666988998,0.760552246113647,0.847751631000568
0.304,0.931907298212041,0.702383564776917,0.95521501110498,0.756622660473547,0.705205935019294,0.726464038359343,0.897158858670235,0.708161763455218,0.758770879807656,0.846209463331974
0.306,0.931834818834481,0.700537367010295,0.953150521915501,0.755477601047945,0.703587225218125,0.724783148420027,0.895060535689961,0.706902859921437,0.756989513501665,0.844647965907421
0.308,0.931465413770257,0.698703124826649,0.951086032726021,0.754332541622343,0.701968515416956,0.723079076210962,0.892962212709687,0.705643956387657,0.755208147195674,0.842944224501981
0.31,0.930982089353415,0.696868882643004,0.949021543536541,0.753187482196742,0.700332100182457,0.721375004001897,0.890863889729412,0.704385052853877,0.753422769248556,0.841240483096541
0.312,0.930498764936572,0.695034640459358,0.946957054347061,0.751993821405749,0.698680729458766,0.719670931792832,0.888765566749138,0.703101623664783,0.751627735888442,0.839536741691101
0.314,0.93001544051973,0.693206741775149,0.944892565157581,0.750719661832357,0.697029358735075,0.717959377314227,0.886667243768863,0.701816991253007,0.749832702528329,0.837833000285661
0.316,0.929532116102887,0.691415471749155,0.942828075968102,0.749445502258966,0.695377988011385,0.716234754843356,0.884519019220204,0.700532358841231,0.748037669168216,0.836129258880221
0.318,0.929048791686045,0.689624201723162,0.940763586778622,0.748171342685575,0.693726310696291,0.714510132372484,0.88233799205956,0.699247726429456,0.746242635808103,0.834314080127985
0.32,0.928419614971705,0.687832931697168,0.938699097589142,0.746897183112184,0.692073854355753,0.712785509901612,0.880156964898915,0.69796309401768,0.744455333872261,0.832495331393706
0.322,0.927536811984852,0.686041661671174,0.936619889003421,0.745623023538793,0.690421398015215,0.711060887430741,0.877975937738271,0.696678461605904,0.742678522019734,0.830676582659426
0.324,0.926654008997998,0.684303967737456,0.934472336469748,0.744313632340537,0.688768941674677,0.709345360103919,0.875794910577626,0.695395293171728,0.740901710167207,0.828857833925146
0.326,0.925771206011145,0.682580944488328,0.932324783936074,0.742952089449962,0.687116485334138,0.707629876568509,0.873613883416982,0.69411793946755,0.73912489831468,0.827039085190866
0.328,0.924888403024292,0.6808579212392,0.930177231402401,0.741590546559388,0.685486462898086,0.705914393033098,0.87140127294467,0.692840585763373,0.737348086462154,0.825179967320269
0.33,0.924005600037438,0.679134897990073,0.928029678868727,0.740229003668814,0.683860811031876,0.704198909497688,0.869183484844306,0.691563232059196,0.735584356717022,0.823290023204114
0.332,0.923122797050585,0.677414368916846,0.925882126335053,0.738867460778239,0.682235159165665,0.702498829174321,0.866965696743942,0.690285878355019,0.733855738079295,0.82140007908796
0.334,0.922239994063731,0.675781969483432,0.92373457380138,0.737505917887664,0.680609507299455,0.700818971335188,0.864747908643578,0.689008524650842,0.732127119441568,0.819510134971805
0.336,0.921007669608405,0.674149570050019,0.921587021267706,0.736143720079367,0.678991733958076,0.699139113496055,0.862530120543214,0.687731170946664,0.730398500803842,0.817620190855651
0.338,0.919759856640017,0.672517170616605,0.919439468734033,0.734735127461646,0.677417548276479,0.697459255656921,0.860312833610537,0.686453817242487,0.728669882166115,0.815730246739497
0.34,0.91851204367163,0.670884771183191,0.917291916200359,0.733326534843926,0.675843362594882,0.695779397817788,0.858100197755044,0.68520836028597,0.726941263528388,0.813812881108151
0.342,0.917264230703243,0.669254429911553,0.915147036929837,0.731917942226205,0.674269176913285,0.694137694697301,0.855887561899551,0.6839695186957,0.725263896059846,0.811893014243227
0.344,0.916016417734856,0.667730284832449,0.913103797106635,0.730509349608484,0.672694991231688,0.692517187384917,0.853674926044059,0.68273067710543,0.723613411433978,0.809973147378304
0.346,0.914768604766469,0.666206139753346,0.911060557283433,0.729100756990764,0.671135175633234,0.690896680072533,0.851462290188566,0.68149183551516,0.72196292680811,0.80805328051338
0.348,0.913520791798082,0.664681994674242,0.909017317460231,0.727692164373043,0.669634564437919,0.689276172760149,0.849249654333073,0.68025299392489,0.720312442182242,0.806133413648457
0.35,0.912272978829695,0.663157849595139,0.906974077637029,0.726281677501313,0.668133953242604,0.687655665447765,0.847043865605425,0.67901415233462,0.718661957556374,0.804215248960894
0.352,0.910834749345091,0.661633704516035,0.904930837813827,0.724864029679357,0.666633342047289,0.686080010532224,0.844874541204564,0.677775310744351,0.717011472930506,0.802302492901574
0.354,0.909284405356598,0.660200070846067,0.902887597990625,0.7234463818574,0.665132730851973,0.684540523618121,0.842705216803704,0.676536469154081,0.715416144078668,0.800389736842253
0.356,0.907734061368106,0.65880364259705,0.900844358167423,0.722028734035443,0.663632119656658,0.683001036704018,0.840535892402843,0.675346393938094,0.713872968279585,0.798476980782933
0.358,0.906183717379614,0.657407214348033,0.898801118344221,0.720611086213487,0.662213547084983,0.681461549789915,0.838366568001982,0.674175557544822,0.712329792480502,0.796564224723612
0.36,0.904633373391121,0.656010786099016,0.896757878521019,0.71919343839153,0.660806353557269,0.679922062875812,0.836197243601121,0.67300472115155,0.710786616681418,0.794651468664291
0.362,0.903083029402629,0.654614357849999,0.894714638697817,0.717775790569574,0.659399160029555,0.678391517325765,0.83402791920026,0.671833884758278,0.709243440882335,0.792750732295314
0.364,0.901532685414137,0.653217929600982,0.892671398874615,0.716358142747617,0.657991966501842,0.676952648987158,0.831930493448607,0.670663048365006,0.707700265083252,0.790877256978628
0.366,0.899982341425645,0.651932231108424,0.890785305141901,0.714965457056045,0.656584772974128,0.675513780648552,0.82983725942693,0.669492211971734,0.706157089284169,0.789003781661942
0.368,0.898431997437152,0.650699370306091,0.888961773467006,0.713573506959241,0.655190084288542,0.674074912309945,0.827744025405252,0.668321375578462,0.704689148368817,0.787130306345256
0.37,0.896711171755151,0.649466509503759,0.887138241792111,0.712181556862437,0.653894044974177,0.672636043971338,0.825650791383574,0.66715053918519,0.703284948374369,0.785256831028571
0.372,0.894939461410937,0.648233648701427,0.885314710117216,0.710789606765633,0.652598005659811,0.671197175632732,0.823557557361897,0.665979702791917,0.70188074837992,0.783383355711885
0.374,0.893167751066723,0.647000787899094,0.883491178442321,0.709397656668829,0.651301966345446,0.669778291196552,0.821464323340219,0.664875895796895,0.70047654838547,0.781549341057917
0.376,0.891396040722509,0.645767927096762,0.881667646767426,0.708005706572025,0.65000592703108,0.668459071562629,0.819447222489754,0.663800464006149,0.699072348391022,0.779732628667864
0.378,0.889624330378295,0.64453506629443,0.879844115092531,0.706613756475221,0.648709887716715,0.667139851928707,0.817457070351926,0.662725032215404,0.697668148396573,0.77791591627781
0.38,0.887852620034081,0.643302205492097,0.878020583417636,0.705236540593118,0.647413848402349,0.665820632294784,0.815466918214097,0.661649600424659,0.696263948402124,0.776099203887757
0.382,0.886080909689867,0.642102685509614,0.87619705174274,0.703901505106105,0.646216209748801,0.664501412660862,0.813476766076269,0.660574168633914,0.694859748407675,0.774282491497704
0.384,0.884309199345653,0.641085959571198,0.874373520067845,0.702566469619093,0.6450457277289,0.66318219302694,0.81148661393844,0.659498736843168,0.693555868629312,0.772511234052719
0.386,0.882537489001439,0.640069233632781,0.87254998839295,0.701231434132081,0.643875245708998,0.661862973393017,0.809496461800611,0.658423305052423,0.692309302764487,0.770770421439486
0.388,0.880658503306735,0.639052507694365,0.870726456718055,0.699896398645069,0.642704763689097,0.660614891905677,0.807558056645639,0.657347873261678,0.691062736899661,0.769029608826253
0.39,0.878748821551158,0.638035781755948,0.869048773138685,0.698561363158057,0.641534281669195,0.659435231007354,0.805695497472226,0.656272441470933,0.689816171034836,0.767288796213021
0.392,0.87683913979558,0.637019055817532,0.867500140339807,0.697226327671045,0.640363799649293,0.658255570109031,0.803832938298813,0.655197009680188,0.688569605170011,0.765547983599788
0.394,0.874929458040002,0.636002329879115,0.86595150754093,0.695891292184033,0.639193317629392,0.657075909210708,0.801970379125399,0.654184417120069,0.687323039305186,0.763807170986555
0.396,0.873019776284425,0.634985603940699,0.864402874742052,0.69455625669702,0.638149078307974,0.655896248312386,0.800107819951986,0.653230362106824,0.686076473440361,0.762152037532995
0.398,0.871110094528847,0.633968878002282,0.862854241943174,0.693305639472883,0.637113078325378,0.654716587414063,0.798245260778573,0.652276307093578,0.684829907575536,0.760509606841166
0.4,0.86920041277327,0.632952152063866,0.861305609144296,0.692055296333368,0.636077078342783,0.65353692651574,0.79638270160516,0.651322252080333,0.683656822409064,0.758867176149337
0.402,0.867290731017692,0.631935426125449,0.859756976345418,0.690804953193853,0.635041078360188,0.652357265617417,0.794630334532486,0.650368197067087,0.682580124388176,0.757224745457507
0.404,0.865381049262115,0.630918700187033,0.85820834354654,0.689554610054338,0.634005078377592,0.651312882634074,0.792918036663739,0.649414142053842,0.681503426367287,0.755582314765678
0.406,0.863414974775121,0.630093044370652,0.856659710747662,0.688304266914823,0.632969078394997,0.650289012510904,0.791205738794992,0.648460087040597,0.680426728346398,0.753939884073849
0.408,0.861441492702352,0.629300056015811,0.855111077948785,0.687053923775308,0.631933078412402,0.649265142387734,0.789493440926246,0.647506032027352,0.679350030325509,0.75236261613459
0.41,0.859468010629583,0.62850706766097,0.853562445149907,0.685803580635793,0.630965133896824,0.648241272264565,0.787781143057499,0.646551977014106,0.67827333230462,0.750839340503684
0.412,0.857494528556814,0.627714079306128,0.852013812351029,0.684553237496278,0.63007632234309,0.647217402141395,0.786068845188752,0.645597922000861,0.677196634283731,0.749316064872779
0.414,0.855521046484044,0.626921090951287,0.850465179552151,0.683302997953011,0.629187510789357,0.646193532018226,0.784356547320006,0.644643866987615,0.676119936262842,0.747792789241874
0.416,0.853547564411275,0.626128102596445,0.848916546753273,0.68216277579598,0.628298699235624,0.645169661895056,0.782762517721284,0.64368981197437,0.675043238241953,0.746269513610969
0.418,0.851574082338506,0.625335114241604,0.847439626787794,0.681022553638949,0.62740988768189,0.644145791771887,0.781220475735515,0.642837944649788,0.674011219788152,0.744746237980064
0.42,0.849600600265737,0.624542125886763,0.846187742375369,0.679882331481918,0.626521076128157,0.643153034715113,0.779678433749746,0.642028291647862,0.673119840382634,0.743222962349159
0.422,0.847626218478725,0.623749137531921,0.844935857962943,0.678742109324888,0.625632264574423,0.642297681953057,0.778136391763977,0.641218638645936,0.672228460977116,0.741802953026456
0.424,0.84564942366955,0.62295614917708,0.843683973550517,0.677601887167857,0.62474345302069,0.641442329191001,0.776594349778208,0.64040898564401,0.671337081571598,0.740418475455574
0.426,0.843672628860374,0.622163160822239,0.842432089138091,0.676461665010826,0.623854641466956,0.640586976428945,0.775052307792438,0.639599332642084,0.670445702166081,0.739033997884692
0.428,0.841695834051199,0.621412693110595,0.841180204725665,0.675321442853795,0.623034253317587,0.639731623666889,0.773510265806669,0.638789679640158,0.669554322760563,0.737649520313809
0.43,0.839719039242024,0.620822696044455,0.839928320313239,0.674181220696764,0.622310587695048,0.638876270904833,0.77199569804378,0.637980026638232,0.668662943355045,0.736265042742927
0.432,0.837742244432849,0.620232698978316,0.838676435900814,0.673040998539734,0.621586922072509,0.638020918142777,0.770643929995267,0.637170373636305,0.667771563949527,0.734880565172044
0.434,0.835765449623674,0.619642701912176,0.837424551488388,0.671904041264456,0.62086325644997,0.637165565380721,0.769292161946753,0.636360720634379,0.66688018454401,0.733496087601162
0.436,0.833788654814499,0.619052704846037,0.836172667075962,0.670895556473355,0.620139590827431,0.636310212618665,0.76794039389824,0.635551067632453,0.665988805138492,0.73214236442102
0.438,0.831811860005324,0.618462707779898,0.834920782663536,0.669887071682253,0.619415925204891,0.635454859856609,0.766588625849727,0.634741414630527,0.665097425732974,0.73091506387259
0.44,0.829876410260477,0.617872710713758,0.83366889825111,0.668878586891151,0.618692259582352,0.634599507094553,0.765236857801214,0.633931761628601,0.664267403757629,0.72968776332416
0.442,0.827942986339092,0.617282713647619,0.832417013838684,0.667870102100049,0.617968593959813,0.633915156092989,0.763885089752701,0.633122108626675,0.663574675836881,0.72846046277573
0.444,0.826009562417707,0.616692716581479,0.831165129426259,0.666861617308947,0.617244928337274,0.633239617383314,0.762533321704188,0.632312455624749,0.662881947916133,0.7272331622273
0.446,0.824076138496322,0.61610271951534,0.829913245013833,0.665853132517845,0.616521262714735,0.632564078673639,0.761181553655675,0.63163036858619,0.662189219995385,0.72600586167887
0.448,0.822142714574937,0.6155127224492,0.828661360601407,0.664844647726743,0.615797597092196,0.631888539963965,0.759994591851997,0.630983444049316,0.661496492074637,0.72477856113044
0.45,0.820209290653552,0.614922725383061,0.827409476188981,0.663836162935641,0.615073931469656,0.63121300125429,0.758851480784431,0.630336519512441,0.660803764153889,0.72355126058201
0.452,0.818275866732166,0.614332728316921,0.826157591776555,0.662827678144539,0.614515243651451,0.630537462544615,0.757708369716866,0.629689594975566,0.660111036233142,0.72232396003358
0.454,0.816342442810781,0.613744816083826,0.824905707364129,0.661819193353438,0.613970600560848,0.62986192383494,0.7565652586493,0.629042670438691,0.659418308312394,0.72123942863236
0.456,0.814478082534839,0.613350703989412,0.823924012126767,0.660810708562336,0.613425957470244,0.629186385125266,0.755422147581735,0.628395745901817,0.658725580391646,0.720185781830759
0.458,0.812623442752523,0.612956591894999,0.822946905985129,0.659939235456197,0.612881314379641,0.628510846415591,0.754279036514169,0.627748821364942,0.658032852470898,0.719132135029157
0.46,0.810768802970207,0.612562479800585,0.821969799843492,0.6590799945872,0.612336671289038,0.627835307705916,0.753135925446603,0.627101896828067,0.65734012455015,0.718078488227555
0.462,0.808914163187891,0.612168367706171,0.820992693701854,0.658220753718203,0.611792028198434,0.627159768996241,0.751992814379038,0.626454972291193,0.656647396629402,0.717024841425953
0.464,0.807059523405575,0.611774255611758,0.820015587560217,0.657361512849205,0.611247385107831,0.626484230286567,0.750849703311472,0.625808047754318,0.655954668708654,0.715971194624352
0.466,0.805204883623259,0.611380143517344,0.819038481418579,0.656502271980208,0.610702742017227,0.625871504471535,0.749811177107842,0.625161123217443,0.655268116165615,0.71491754782275
0.468,0.803350243840943,0.610986031422931,0.818061375276942,0.65564303111121,0.610158098926624,0.625382208660462,0.748891029052307,0.624514198680568,0.654778526018959,0.713863901021148
0.47,0.801495604058627,0.610591919328517,0.817084269135305,0.654783790242213,0.60961345583602,0.624892912849388,0.747970880996771,0.623867274143694,0.654288935872303,0.712810254219546
0.472,0.79974437496582,0.610197807234104,0.816107162993667,0.653924549373216,0.609068812745417,0.624403617038315,0.747050732941236,0.623220349606819,0.653799345725647,0.711812901534688
0.474,0.797995430160945,0.60980369513969,0.81513005685203,0.653065308504218,0.608524169654814,0.623914321227242,0.746130584885701,0.622573425069944,0.653309755578991,0.710947625615873
0.476,0.796246485356069,0.609409583045276,0.814152950710392,0.652206067635221,0.60797952656421,0.623425025416168,0.745210436830165,0.62192650053307,0.652820165432335,0.710082349697058
0.478,0.794497540551193,0.609015470950863,0.813175844568755,0.651346826766223,0.607434883473607,0.622935729605095,0.74429028877463,0.621279575996195,0.652330575285679,0.709217073778243
0.48,0.792748595746318,0.608621358856449,0.812198738427117,0.650487585897226,0.606908794144985,0.622446433794022,0.743370140719095,0.620772689402834,0.651840985139023,0.708351797859428
0.482,0.790999650941442,0.608227246762036,0.81122163228548,0.649665674478927,0.606546458139182,0.621957137982948,0.742449992663559,0.620300906719955,0.651351394992366,0.707486521940613
0.484,0.789250706136567,0.607833134667622,0.810244526143842,0.648969497300882,0.606184122133379,0.621467842171875,0.741529844608024,0.619829124037076,0.65086180484571,0.706621246021798
0.486,0.787520252209216,0.607439022573209,0.809267420002205,0.648273320122838,0.605821786127576,0.620978546360802,0.740609696552488,0.619357341354197,0.650372214699054,0.705755970102983
0.488,0.785898192783714,0.607044910478795,0.808290313860567,0.647577142944794,0.605459450121772,0.620489250549729,0.739889367507587,0.618885558671318,0.649882624552398,0.704890694184168
0.49,0.784276133358212,0.606670180351814,0.80731320771893,0.64688096576675,0.605097114115969,0.619999954738655,0.739202548442749,0.618413775988439,0.649393034405742,0.704025418265353
0.492,0.78265407393271,0.606457554454096,0.806336101577293,0.646184788588705,0.604734778110166,0.619510658927582,0.73851572937791,0.617941993305559,0.648903444259086,0.703160142346538
0.494,0.781032014507208,0.606244928556378,0.805358995435655,0.645488611410661,0.604372442104363,0.619021363116509,0.737828910313072,0.61747021062268,0.64841385411243,0.702335196986624
0.496,0.779409955081706,0.60603230265866,0.804381889294018,0.644792434232617,0.604010106098559,0.618532067305436,0.737142091248233,0.616998427939801,0.647924263965774,0.70166777642647
0.498,0.777787895656203,0.605819676760942,0.80340478315238,0.644096257054573,0.603647770092756,0.618076724137155,0.736455272183395,0.616526645256922,0.647434673819118,0.701000355866316
0.5,0.776165836230701,0.605607050863225,0.802478300822778,0.643400079876528,0.603285434086953,0.617768968360663,0.735768453118556,0.616054862574043,0.647008131274574,0.700332935306162
0.502,0.774577276647329,0.605394424965507,0.801634384293574,0.642703902698484,0.60292309808115,0.61746121258417,0.735081634053718,0.615583079891163,0.646714076652547,0.699665514746008
0.504,0.773099619907846,0.605181799067789,0.800790467764371,0.64200772552044,0.602560762075346,0.617153456807678,0.734394814988879,0.615111297208284,0.64642002203052,0.698998094185854
0.506,0.771621963168362,0.604969173170071,0.799946551235167,0.641311548342395,0.602198426069543,0.616845701031186,0.733707995924041,0.614639514525405,0.646125967408493,0.698330673625701
0.508,0.770144306428879,0.604756547272353,0.799116683277877,0.640615371164351,0.60183609006374,0.616537945254694,0.733021176859202,0.614167731842526,0.645831912786466,0.697663253065547
0.51,0.768666649689396,0.604543921374635,0.798302373482005,0.639919193986307,0.601473754057937,0.616230189478202,0.732334357794364,0.613695949159647,0.64553785816444,0.696995832505393
0.512,0.767188992949913,0.604331295476917,0.797488063686133,0.639261212010677,0.601111418052133,0.61592243370171,0.731724134233511,0.613224166476767,0.645243803542413,0.696328411945239
0.514,0.76571133621043,0.6041186695792,0.796673753890261,0.638736397042315,0.60074908204633,0.615614677925218,0.73127365173242,0.612752383793888,0.644949748920386,0.695660991385085
0.516,0.764233679470947,0.603906043681482,0.795871530552379,0.638211582073952,0.600386746040527,0.615306922148726,0.730823169231329,0.612280601111009,0.644655694298359,0.694993570824932
0.518,0.762768791955425,0.603693417783764,0.795078465184841,0.637686767105589,0.600024410034724,0.614999166372234,0.730372686730238,0.61180881842813,0.644361639676332,0.694326150264778
0.52,0.761450799222076,0.603480791886046,0.794293901343766,0.637161952137226,0.599688184097106,0.614691410595742,0.729922204229147,0.611337035745251,0.644067585054305,0.69367389395254
0.522,0.760132806488727,0.603268165988328,0.793513812309426,0.636637137168863,0.599487473230683,0.61438365481925,0.729471721728056,0.610865253062371,0.643773530432278,0.693204551184673
0.524,0.758814813755378,0.60305554009061,0.792741429797824,0.6361123222005,0.599286762364261,0.614075899042758,0.729021239226965,0.610538401134401,0.643479475810252,0.692735208416805
0.526,0.757496821022029,0.602842914192892,0.791974593813169,0.635587507232137,0.599086051497838,0.613768143266266,0.728570756725874,0.610230109189599,0.643185421188225,0.692265865648938
0.528,0.75617882828868,0.602630288295175,0.790479488688681,0.635062692263774,0.598885340631416,0.613460387489773,0.728120274224783,0.609921817244798,0.642891366566198,0.69179652288107
0.53,0.754860835555331,0.602417662397457,0.788349430921693,0.634537877295412,0.598684629764993,0.613152631713281,0.727669791723693,0.609613525299996,0.642597311944171,0.691327180113203
0.532,0.753542842821982,0.602205036499739,0.78640506432782,0.634013062327049,0.598483918898571,0.612844875936789,0.727219309222602,0.609305233355195,0.642303257322144,0.690857837345335
0.534,0.752224850088633,0.601992410602021,0.784479003392444,0.633488247358686,0.598283208032148,0.612537120160297,0.726768826721511,0.608996941410393,0.642009202700117,0.690388494577468
0.536,0.750992067601967,0.601779784704303,0.782596202668802,0.632963432390323,0.598082497165726,0.612229364383805,0.72631834422042,0.608688649465592,0.64171514807809,0.6899191518096
0.538,0.749847498877569,0.601585733852849,0.780747627199324,0.63243861742196,0.597881786299303,0.611921608607313,0.725867861719329,0.60838035752079,0.641421093456064,0.689449809041733
0.54,0.748702930153171,0.601502141120253,0.778944598550863,0.631913802453597,0.597681075432881,0.611613852830821,0.725417379218238,0.608072065575988,0.641127038834037,0.688980466273865
0.542,0.747558361428774,0.601418548387657,0.777178174596802,0.631388987485234,0.597480364566458,0.611397847759176,0.724974464891325,0.607763773631187,0.64083298421201,0.688511123505998
0.544,0.746413792704376,0.60133495565506,0.775461135843506,0.630864172516871,0.597279653700036,0.61123843159436,0.724746933969344,0.607455481686385,0.640544787943585,0.68804178073813
0.546,0.745269223979979,0.601251362922464,0.773744097090211,0.630339357548509,0.597078942833613,0.611079015429543,0.724519403047362,0.607147189741584,0.640405840938037,0.687572437970263
0.548,0.744124655255581,0.601167770189868,0.772123412144257,0.629814542580146,0.596878231967191,0.610919599264727,0.724291872125381,0.606838897796782,0.640266893932488,0.687103095202395
0.55,0.742980086531184,0.601084177457272,0.770508639812466,0.629431866293973,0.596677521100768,0.610760183099911,0.7240643412034,0.606530605851981,0.64012794692694,0.686633752434528
0.552,0.741835517806786,0.601000584724675,0.768893867480675,0.629077161604365,0.596476810234346,0.610600766935094,0.723836810281418,0.606222313907179,0.639988999921392,0.686202443817273
0.554,0.740734042008613,0.600916991992079,0.767430513905022,0.628722456914757,0.596276099367923,0.610441350770278,0.723609279359437,0.605914021962378,0.639850052915843,0.685918214878623
0.556,0.739774963614705,0.600833399259483,0.765982757031216,0.628367752225149,0.596075388501501,0.610281934605461,0.723381748437455,0.605605730017576,0.639711105910295,0.685633985939973
0.558,0.738815885220797,0.600749806526887,0.764535000157409,0.62801304753554,0.595874677635079,0.610122518440645,0.723154217515474,0.605297438072775,0.639572158904747,0.685349757001323
0.56,0.737856806826889,0.600666213794291,0.763087243283603,0.627658342845932,0.595673966768656,0.609963102275829,0.722926686593492,0.604989146127973,0.639433211899198,0.685065528062672
0.562,0.736897728432981,0.600582621061694,0.761639486409797,0.627303638156324,0.595473255902233,0.609803686111012,0.722699155671511,0.604680854183172,0.63929426489365,0.684781299124022
0.564,0.735938650039073,0.600499028329098,0.760191729535991,0.626948933466716,0.595272545035811,0.609644269946196,0.722471624749529,0.60437256223837,0.639155317888102,0.684497070185372
0.566,0.734979571645165,0.600415435596502,0.758951165041734,0.626594228777108,0.595071834169388,0.609484853781379,0.722244093827548,0.604064270293569,0.639016370882553,0.684212841246722
0.568,0.734020493251257,0.600331842863906,0.757729940964869,0.6262395240875,0.594871123302966,0.609325437616563,0.722016562905566,0.603755978348767,0.638877423877005,0.683928612308071
0.57,0.733061414857349,0.60024825013131,0.756508716888004,0.625884819397892,0.594688267218418,0.609166021451746,0.721789031983585,0.603447686403965,0.638738476871457,0.683644383369421
0.572,0.732102336463441,0.600164657398713,0.75528749281114,0.625530114708284,0.594598080062181,0.60900660528693,0.721561501061603,0.603139394459164,0.638599529865908,0.683360154430771
0.574,0.731146537571964,0.600081064666117,0.754066268734275,0.625175410018676,0.594507892905944,0.608847189122114,0.721333970139622,0.602939728365518,0.63846058286036,0.683075925492121
0.576,0.730382519345215,0.599997471933521,0.75284504465741,0.624820705329068,0.594417705749706,0.608687772957297,0.721106439217641,0.602753973011318,0.638321635854811,0.68279169655347
0.578,0.729618501118466,0.599913879200925,0.751623820580545,0.62446600063946,0.594327518593469,0.608528356792481,0.720878908295659,0.602568217657118,0.638182688849263,0.68250746761482
0.58,0.728854482891717,0.599830286468328,0.750639756096187,0.624111295949851,0.594237331437232,0.608368940627664,0.720651377373677,0.602382462302918,0.638043741843715,0.68222323867617
0.582,0.728090464664968,0.599746693735732,0.749666271339366,0.623756591260243,0.594147144280995,0.608209524462848,0.720587734807936,0.602196706948718,0.637904794838166,0.68193900973752
0.584,0.727326446438219,0.599663101003136,0.748692786582545,0.623401886570635,0.594056957124758,0.608050108298032,0.720544334133817,0.602010951594518,0.637765847832618,0.681654780798869
0.586,0.726562428211471,0.59957950827054,0.747719301825724,0.623047181881027,0.593966769968521,0.607890692133215,0.720500933459697,0.601825196240318,0.63762690082707,0.681370551860219
0.588,0.725798409984722,0.599506002866213,0.746745817068903,0.622692477191419,0.593876582812284,0.607731275968399,0.720457532785577,0.601639440886118,0.637487953821521,0.681086322921569
0.59,0.725034391757973,0.599492482631725,0.745772332312082,0.622337772501811,0.593786395656046,0.607571859803582,0.720414132111458,0.601453685531918,0.637349006815973,0.680802093982918
0.592,0.724270373531224,0.599478962397238,0.744798847555261,0.621983067812203,0.593696208499809,0.607470575976211,0.720370731437338,0.601267930177718,0.637210059810425,0.680600850292091
0.594,0.723506355304475,0.599465442162751,0.74382536279844,0.621628363122595,0.593606021343572,0.607405146319475,0.720327330763219,0.601082174823518,0.637074646003705,0.6804715342285
0.596,0.722742337077726,0.599451921928263,0.743007709519939,0.62132895062137,0.593515834187335,0.607339716662738,0.720283930089099,0.600896419469318,0.637029245083982,0.680342218164908
0.598,0.722067825702471,0.599438401693776,0.742305280724476,0.62111607958522,0.593425647031098,0.607274287006002,0.720240529414979,0.600710664115118,0.636983844164258,0.680212902101317
0.6,0.721504226467175,0.599424881459289,0.741602851929014,0.62090320854907,0.593335459874861,0.607208857349265,0.72019712874086,0.600524908760918,0.636938443244535,0.680083586037726
0.602,0.720940627231879,0.599411361224801,0.740900423133551,0.62069033751292,0.593245272718623,0.607143427692528,0.72015372806674,0.600339153406718,0.636893042324812,0.679954269974135
0.604,0.720377027996583,0.599397840990314,0.740197994338088,0.62047746647677,0.593155085562386,0.607077998035791,0.720110327392621,0.600153398052518,0.636847641405088,0.679824953910544
0.606,0.719813428761288,0.599384320755827,0.739495565542625,0.62026459544062,0.593064898406149,0.607012568379055,0.720066926718501,0.599967642698318,0.636802240485365,0.679695637846953
0.608,0.719249829525992,0.599370800521339,0.738793136747163,0.62005172440447,0.592974711249912,0.606947138722318,0.720023526044381,0.599781887344118,0.636756839565642,0.679566321783362
0.61,0.718686230290696,0.599357280286852,0.7380907079517,0.61983885336832,0.592884524093675,0.606881709065582,0.719980125370262,0.599596131989918,0.636711438645919,0.679437005719771
0.612,0.7181226310554,0.599343760052365,0.737388279156237,0.61962598233217,0.592794336937438,0.606816279408845,0.719936724696142,0.599410376635718,0.636666037726195,0.67930768965618
0.614,0.717559031820104,0.599330239817877,0.736685850360775,0.61941311129602,0.592704149781201,0.606750849752108,0.719893324022023,0.599224621281518,0.636620636806472,0.679178373592589
0.616,0.716995432584808,0.59931671958339,0.735983421565312,0.61920024025987,0.592613962624963,0.606685420095372,0.719849923347903,0.599038865927318,0.636575235886749,0.679049057528998
0.618,0.716431833349512,0.599303199348902,0.735553798842014,0.61898736922372,0.592523775468726,0.606619990438635,0.719806522673783,0.598853110573118,0.636529834967025,0.678919741465407
0.62,0.715868234114216,0.599289679114415,0.735136613245832,0.61877449818757,0.592443498393527,0.606554560781898,0.719763121999664,0.598667355218918,0.636484434047302,0.678790425401815
0.622,0.71530463487892,0.599276158879928,0.73471942764965,0.61856162715142,0.592414656087778,0.606489131125162,0.719719721325544,0.598481599864718,0.636439033127579,0.678661109338224
0.624,0.714741035643624,0.59926263864544,0.734302242053468,0.61834875611527,0.592385813782028,0.606423701468425,0.719676320651425,0.598366946080469,0.636393632207856,0.678531793274633
0.626,0.714367390351648,0.599249118410953,0.733885056457286,0.61813588507912,0.592356971476279,0.606358271811688,0.719632919977305,0.598261397637198,0.636348231288132,0.678402477211042
0.628,0.714002070218214,0.599235598176466,0.733467870861104,0.61792301404297,0.59232812917053,0.606292842154952,0.719589519303185,0.598155849193927,0.636302830368409,0.678273161147451
0.63,0.713636750084779,0.599222077941978,0.733050685264922,0.61771014300682,0.59229928686478,0.606227412498215,0.719563931587633,0.598050300750655,0.636257429448686,0.67814384508386
0.632,0.713271429951345,0.599208557707491,0.73263349966874,0.61749727197067,0.592270444559031,0.606161982841478,0.719630046618679,0.597944752307384,0.636212028528963,0.678014529020269
0.634,0.71290610981791,0.599195037473004,0.732216314072558,0.61728440093452,0.592241602253281,0.606096553184742,0.719696161649725,0.597839203864113,0.636166627609239,0.677885212956678
0.636,0.712540789684476,0.599181517238516,0.731799128476376,0.61707152989837,0.592212759947532,0.606031123528005,0.719762276680771,0.597733655420841,0.636121226689516,0.677755896893087
0.638,0.712175469551041,0.599172802814503,0.731381942880194,0.61685865886222,0.592183917641783,0.605965693871268,0.719828391711817,0.59762810697757,0.636075825769793,0.677626580829496
0.64,0.711810149417607,0.599192666558051,0.730964757284012,0.61664578782607,0.592155075336033,0.605900264214532,0.719894506742863,0.597522558534299,0.636030424850069,0.677497264765905
0.642,0.711444829284173,0.599212530301599,0.73054757168783,0.61643291678992,0.592126233030284,0.605865986651393,0.719960621773909,0.597417010091028,0.635985023930346,0.677436015239572
0.644,0.711079509150738,0.599232394045147,0.730258946549139,0.61622004575377,0.592097390724534,0.605850922705468,0.720026736804956,0.597311461647756,0.635941399751565,0.677407152537212
0.646,0.710714189017304,0.599252257788695,0.730117818841037,0.616044597000577,0.592068548418785,0.605835858759544,0.720092851836002,0.597205913204485,0.63594304038504,0.677378289834852
0.648,0.710348868883869,0.599272121532242,0.729976691132935,0.615927720340264,0.592039706113035,0.605820794813619,0.720158966867048,0.597100364761214,0.635944681018515,0.677349427132492
0.65,0.709983548750435,0.59929198527579,0.729835563424833,0.615810843679951,0.592010863807286,0.605805730867695,0.720225081898094,0.596994816317942,0.63594632165199,0.677320564430132
0.652,0.709618228617,0.599311849019338,0.729694435716731,0.615693967019638,0.591982021501537,0.60579066692177,0.72029119692914,0.596889267874671,0.635947962285466,0.677291701727772
0.654,0.709252908483566,0.599331712762886,0.729553308008629,0.615577090359325,0.591953179195787,0.605775602975846,0.720357311960186,0.5967837194314,0.635949602918941,0.677262839025412
0.656,0.708887588350132,0.599351576506434,0.729412180300527,0.615460213699012,0.591924336890038,0.605760539029921,0.720423426991232,0.596678170988128,0.635951243552416,0.677233976323052
0.658,0.708656542480003,0.599371440249981,0.729271052592425,0.615343337038699,0.591895494584288,0.605745475083997,0.720489542022278,0.596572622544857,0.635952884185891,0.677205113620692
0.66,0.708474836732654,0.599391303993529,0.729129924884322,0.615226460378386,0.591866652278539,0.605730411138072,0.720555657053324,0.596467074101586,0.635954524819367,0.677176250918332
0.662,0.708293130985304,0.599411167737077,0.72898879717622,0.615109583718073,0.59183780997279,0.605715347192148,0.720621772084371,0.596361525658314,0.635956165452842,0.677147388215972
0.664,0.708111425237954,0.599431031480625,0.728847669468118,0.61499270705776,0.59180896766704,0.605700283246223,0.720687887115417,0.596255977215043,0.635957806086317,0.677118525513612
0.666,0.707929719490605,0.599450895224173,0.728706541760016,0.614875830397448,0.591780125361291,0.605685219300299,0.720754002146463,0.596150428771772,0.635959446719792,0.677089662811252
0.668,0.707748013743255,0.599470758967721,0.728565414051914,0.614758953737135,0.591751283055541,0.605670155354374,0.720820117177509,0.5960448803285,0.635961087353268,0.677060800108892
0.67,0.707566307995905,0.599490622711268,0.728424286343812,0.614642077076822,0.591727570913944,0.60565509140845,0.720886232208555,0.595939331885229,0.635962727986743,0.677031937406533
0.672,0.707384602248556,0.599510486454816,0.72828315863571,0.614525200416509,0.591730485074334,0.605640027462525,0.720952347239601,0.595833783441958,0.635964368620218,0.677003074704173
0.674,0.707202896501206,0.599530350198364,0.728142030927608,0.614408323756196,0.591733399234723,0.605624963516601,0.721018462270647,0.595773000699389,0.635966009253693,0.676974212001813
0.676,0.707021190753857,0.599550213941912,0.728000903219506,0.614291447095883,0.591736313395112,0.605609899570676,0.721084577301693,0.595717950698998,0.635967649887168,0.676945349299453
0.678,0.706839485006507,0.59957007768546,0.727859775511404,0.61417457043557,0.591739227555501,0.605594835624752,0.72115069233274,0.595662900698607,0.635969290520644,0.676916486597093
0.68,0.706657779259157,0.599589941429008,0.727870337913264,0.614057693775257,0.59174214171589,0.605579771678827,0.721222857379975,0.595607850698216,0.635970931154119,0.676887623894733
0.682,0.706476073511808,0.599609805172555,0.727960036247839,0.613940817114944,0.591745055876279,0.605564707732903,0.721326168466173,0.595552800697825,0.635972571787594,0.676858761192373
0.684,0.706294367764458,0.599629668916103,0.728049734582413,0.613823940454631,0.591747970036669,0.605549643786979,0.721429479552372,0.595497750697434,0.635974212421069,0.676829898490013
0.686,0.706112662017109,0.599649532659651,0.728139432916987,0.613707063794318,0.591750884197058,0.605534579841054,0.72153279063857,0.595442700697043,0.635975853054545,0.676801035787653
0.688,0.705930956269759,0.599671267965884,0.728229131251562,0.613590187134005,0.591753798357447,0.60551951589513,0.721636101724768,0.595387650696652,0.63597749368802,0.676772173085293
0.69,0.705749250522409,0.599704132681462,0.728318829586136,0.613473310473692,0.591756712517836,0.605504451949205,0.721739412810966,0.595332600696262,0.635979134321495,0.676743310382933
0.692,0.70556754477506,0.599736997397041,0.728408527920711,0.613356433813379,0.591759626678225,0.605504686067091,0.721842723897164,0.595277550695871,0.63598077495497,0.676747032310603
0.694,0.70538583902771,0.599769862112619,0.728498226255285,0.613239557153066,0.591762540838614,0.605514355542547,0.721946034983362,0.59522250069548,0.635983179810752,0.676766258371721
0.696,0.70520413328036,0.599802726828198,0.72858792458986,0.61314581160993,0.591765454999004,0.605524025018003,0.72204934606956,0.595167450695089,0.636005054234882,0.676785484432838
0.698,0.705100012307785,0.599835591543777,0.728677622924434,0.613088270109857,0.591768369159393,0.60553369449346,0.722152657155759,0.595112400694698,0.636026928659013,0.676804710493956
0.7,0.705066522545848,0.599868456259355,0.728767321259009,0.613030728609783,0.591771283319782,0.605543363968916,0.722255968241957,0.595057350694307,0.636048803083144,0.676823936555074
0.702,0.705033032783911,0.599901320974934,0.728857019593583,0.61297318710971,0.591774197480171,0.605553033444372,0.722359279328155,0.595002300693916,0.636070677507275,0.676843162616192
0.704,0.704999543021973,0.599934185690512,0.728946717928158,0.612915645609637,0.59177711164056,0.605562702919829,0.722462590414353,0.594947250693525,0.636092551931406,0.676862388677309
0.706,0.704966053260036,0.599967050406091,0.729036416262732,0.612858104109564,0.59178002580095,0.605572372395285,0.722565901500551,0.594892200693135,0.636114426355536,0.676881614738427
0.708,0.704932563498099,0.599999915121669,0.729126114597306,0.612800562609491,0.591782939961339,0.605582041870741,0.722669212586749,0.594837150692744,0.636136300779667,0.676900840799545
0.71,0.704899073736161,0.600032779837248,0.729215812931881,0.612743021109418,0.591785854121728,0.605591711346198,0.722772523672947,0.594782100692353,0.636158175203798,0.676920066860663
0.712,0.704865583974224,0.600065644552827,0.729305511266455,0.612685479609345,0.591788768282117,0.605601380821654,0.722875834759146,0.594727050691962,0.636180049627929,0.67693929292178
0.714,0.704832094212287,0.600098509268405,0.72939520960103,0.612627938109272,0.591791682442506,0.60561105029711,0.722979145845344,0.594672000691571,0.63620192405206,0.676958518982898
0.716,0.704798604450349,0.600131373983984,0.729484907935604,0.612570396609199,0.591794596602895,0.605620719772567,0.723082456931542,0.59461695069118,0.63622379847619,0.676977745044016
0.718,0.704765114688412,0.600164238699562,0.729574606270179,0.612512855109125,0.591797510763285,0.605630389248023,0.72318576801774,0.594561900690789,0.636245672900321,0.676996971105134
0.72,0.704731624926475,0.600197103415141,0.729664304604753,0.612455313609052,0.591802787835347,0.605640058723479,0.723289079103938,0.594506850690399,0.636267547324452,0.677016197166251
0.722,0.704698135164537,0.600229968130719,0.729754002939328,0.612397772108979,0.591820328764451,0.605649728198936,0.723392390190136,0.594451800690008,0.636289421748583,0.677035423227369
0.724,0.7046646454026,0.600262832846298,0.729843701273902,0.612340230608906,0.591837869693555,0.605659397674392,0.723495701276335,0.594423932790225,0.636311296172714,0.677054649288487
0.726,0.704631155640663,0.600295697561877,0.729933399608477,0.612282689108833,0.591855410622658,0.605669067149848,0.723599012362533,0.59439954585851,0.636333170596844,0.677073875349605
0.728,0.704597665878725,0.600328562277455,0.730023097943051,0.61222514760876,0.591872951551762,0.605678736625305,0.723702323448731,0.594375158926795,0.636355045020975,0.677093101410722
0.73,0.704564176116788,0.600361426993034,0.730193716371871,0.612167606108687,0.591890492480866,0.605688406100761,0.723805122769749,0.59435077199508,0.636376919445106,0.67711232747184
0.732,0.704530686354851,0.600394291708612,0.730406550388346,0.612110064608614,0.59190803340997,0.605698075576218,0.723905287476624,0.594326385063366,0.636398793869237,0.677131553532958
0.734,0.704497196592913,0.600427156424191,0.730619384404821,0.612052523108541,0.591925574339074,0.605707745051674,0.724005452183498,0.59430199813165,0.636420668293368,0.677150779594075
0.736,0.704463706830976,0.600460021139769,0.730832218421296,0.611994981608468,0.591943115268178,0.60571741452713,0.724105616890372,0.594277611199935,0.636442542717498,0.677170005655193
0.738,0.704430217069039,0.600493232964596,0.731045052437771,0.611937440108394,0.591960656197282,0.605727084002587,0.724205781597246,0.59425322426822,0.636464417141629,0.677189231716311
0.74,0.704396727307101,0.600528508904581,0.731257886454246,0.611879898608321,0.591978197126386,0.605736753478043,0.724305946304121,0.594228837336506,0.63648629156576,0.677208457777429
0.742,0.704363237545164,0.600563784844566,0.731470720470721,0.611822357108248,0.59199573805549,0.605752817353759,0.724406111010995,0.594204450404791,0.636508165989891,0.677239577257811
0.744,0.704329747783227,0.600599060784551,0.731683554487195,0.611764815608175,0.592013278984594,0.605772825091499,0.724506275717869,0.594180063473076,0.636530264898313,0.677276355760844
0.746,0.704296258021289,0.600634336724536,0.73189638850367,0.611720962528607,0.592030819913697,0.60579283282924,0.724606440424744,0.594155676541361,0.636558082839287,0.677313134263878
0.748,0.704309043636846,0.600669612664521,0.732109222520145,0.611698534102317,0.592048360842801,0.60581284056698,0.724706605131618,0.594131289609646,0.636585900780262,0.677349912766912
0.75,0.704363957182073,0.600704888604506,0.73232205653662,0.611676105676027,0.592065901771905,0.60583284830472,0.724806769838492,0.594106902677931,0.636613718721237,0.677386691269945
0.752,0.704418870727299,0.600740164544491,0.732534890553095,0.611653677249737,0.592083442701009,0.60585285604246,0.724906934545366,0.594082515746216,0.636641536662212,0.677423469772979
0.754,0.704473784272526,0.600775440484476,0.73274772456957,0.611631248823447,0.592100983630113,0.6058728637802,0.725007099252241,0.594058128814501,0.636669354603187,0.677460248276012
0.756,0.704528697817753,0.600810716424461,0.732960558586045,0.611608820397157,0.592118524559217,0.605892871517941,0.725107263959115,0.594033741882786,0.636697172544161,0.677497026779046
0.758,0.704583611362979,0.600845992364446,0.73317339260252,0.611586391970867,0.592136065488321,0.605912879255681,0.725207428665989,0.594009354951071,0.636724990485136,0.67753380528208
0.76,0.704638524908206,0.600881268304431,0.733386226618995,0.611563963544577,0.592153606417425,0.605932886993421,0.725307593372864,0.593984968019356,0.636752808426111,0.677570583785113
0.762,0.704693438453432,0.600916544244416,0.73359906063547,0.611541535118287,0.592171147346529,0.605952894731161,0.725407758079738,0.593960581087641,0.636780626367086,0.677607362288147
0.764,0.704748351998659,0.600951820184401,0.733811894651945,0.611519106691997,0.592188688275633,0.605972902468901,0.725507922786612,0.593936194155926,0.636808444308061,0.67764414079118
0.766,0.704803265543885,0.600987096124386,0.73402472866842,0.611496678265707,0.592206229204736,0.605992910206642,0.725608087493487,0.593911807224211,0.636836262249036,0.677680919294214
0.768,0.704858179089112,0.601022372064371,0.734237562684894,0.611474249839417,0.59222377013384,0.606012917944382,0.725708252200361,0.593887420292496,0.636864080190011,0.677717697797247
0.77,0.704913092634339,0.601057648004356,0.734450396701369,0.611451821413127,0.592242136369097,0.606032925682122,0.725808416907235,0.593863033360781,0.636891898130985,0.677754476300281
0.772,0.704968006179565,0.601092923944341,0.734663230717844,0.611429392986837,0.592264786063945,0.606052933419862,0.725908581614109,0.593838646429066,0.63691971607196,0.677791254803315
0.774,0.705022919724792,0.601128199884326,0.734876064734319,0.611406964560547,0.592287435758794,0.606072941157602,0.726008746320984,0.593830048807655,0.636947534012935,0.677828033306348
0.776,0.705077833270018,0.601163475824311,0.735088898750794,0.611384536134257,0.592310085453643,0.606092948895343,0.726108911027858,0.59382347318174,0.63697535195391,0.677864811809382
0.778,0.705132746815245,0.601198751764296,0.735301732767269,0.611362107707967,0.592332735148492,0.606112956633083,0.726209075734732,0.593816897555824,0.637003169894885,0.677901590312415
0.78,0.705187660360472,0.601234027704281,0.73552673916879,0.611339679281677,0.59235538484334,0.606132964370823,0.726305910671557,0.593810321929908,0.63703098783586,0.677938368815449
0.782,0.705242573905698,0.601269303644266,0.735758095839582,0.611317250855387,0.592378034538189,0.606152972108563,0.726385603646366,0.593803746303993,0.637058805776834,0.677975147318482
0.784,0.705297487450925,0.601304579584251,0.735989452510374,0.611294822429097,0.592400684233038,0.606172979846304,0.726465296621176,0.593797170678077,0.637086623717809,0.678011925821516
0.786,0.705352400996151,0.601339855524236,0.736220809181165,0.611272394002807,0.592423333927886,0.606192987584044,0.726544989595986,0.593790595052162,0.637114441658784,0.67804870432455
0.788,0.705407314541378,0.601374747172509,0.736452165851957,0.611249965576516,0.592445983622735,0.606212995321784,0.726624682570796,0.593784019426246,0.637142259599759,0.678085482827583
0.79,0.705462228086605,0.601407353596884,0.736683522522749,0.611227537150226,0.592468633317584,0.606233003059524,0.726704375545606,0.59377744380033,0.637170077540734,0.678122261330617
0.792,0.705517141631831,0.601439960021258,0.736914879193541,0.611205108723937,0.592491283012432,0.606254645134183,0.726784068520416,0.593770868174415,0.637197895481709,0.678160279052505
0.794,0.705572055177058,0.601472566445633,0.737146235864333,0.611182680297646,0.592513932707281,0.606277295215698,0.726863761495225,0.593764292548499,0.637225676895722,0.678198886408661
0.796,0.705626968722284,0.601505172870007,0.737377592535124,0.611167927572701,0.59253658240213,0.606299945297213,0.726943454470035,0.593757716922584,0.637252527737358,0.678237493764818
0.798,0.705699488767611,0.601537779294382,0.737608949205916,0.611165188596156,0.592559232096978,0.606322595378728,0.727023147444845,0.593751141296668,0.637279378578994,0.678276101120974
0.8,0.705788037323955,0.601570385718756,0.737840305876708,0.611162449619612,0.592581881791827,0.606345245460243,0.727102840419655,0.593744565670753,0.63730622942063,0.678314708477131
0.802,0.705876585880298,0.601602992143131,0.7380716625475,0.611159710643068,0.592604531486676,0.606367895541758,0.727182533394465,0.593737990044837,0.637333080262265,0.678353315833287
0.804,0.705965134436641,0.601635598567506,0.738303019218292,0.611156971666524,0.592627181181525,0.606390545623273,0.727262226369275,0.593731414418921,0.637359931103901,0.678391923189444
0.806,0.706053682992985,0.60166820499188,0.738534375889083,0.61115423268998,0.592649830876373,0.606413195704788,0.727341919344085,0.593724838793006,0.637386781945537,0.6784305305456
0.808,0.706142231549328,0.601700811416255,0.738765732559875,0.611151493713435,0.592672480571222,0.606435845786303,0.727421612318894,0.59371826316709,0.637413632787173,0.678469137901757
0.81,0.706230780105672,0.601733417840629,0.738997089230667,0.611148754736891,0.592695130266071,0.606458495867819,0.727501305293704,0.593711687541175,0.637440483628808,0.678507745257914
0.812,0.706319328662015,0.601766024265004,0.739228445901459,0.611146015760347,0.592717779960919,0.606481145949334,0.727580998268514,0.593705111915259,0.637467334470444,0.67854635261407
0.814,0.706407877218358,0.601798630689378,0.739459802572251,0.611143276783803,0.592740429655768,0.606503796030849,0.727660691243324,0.593698536289343,0.63749418531208,0.678584959970227
0.816,0.706496425774702,0.601831237113753,0.739691159243043,0.611140537807259,0.592763079350617,0.606526446112364,0.727740384218134,0.593691960663428,0.637521036153716,0.678623567326383
0.818,0.706584974331045,0.601863843538127,0.739922515913834,0.611137798830714,0.592785729045465,0.606549096193879,0.727820077192944,0.593685385037512,0.637547886995352,0.67866217468254
0.82,0.706673522887389,0.601896449962502,0.740153872584626,0.61113505985417,0.592808398715404,0.606571746275394,0.727899770167754,0.593678809411596,0.637574737836987,0.678700782038696
0.822,0.706762071443732,0.601929056386877,0.740385229255418,0.611132320877626,0.59283117205898,0.606594396356909,0.727979463142563,0.593672233785681,0.637601588678623,0.678739389394853
0.824,0.706850620000075,0.601961662811251,0.74061658592621,0.611129581901082,0.592853945402555,0.606617046438424,0.728059156117373,0.593674227431033,0.637628439520259,0.678777996751009
0.826,0.706939168556419,0.601994269235626,0.740847942597001,0.611126842924538,0.59287671874613,0.606639696519939,0.728138849092183,0.593677318466174,0.637655290361895,0.678816604107166
0.828,0.707027717112762,0.60202687566,0.741079299267793,0.611124103947993,0.592899492089706,0.606662346601454,0.728218542066993,0.593680409501315,0.637682141203531,0.678855211463322
0.83,0.707116265669106,0.602059482084375,0.741288412650789,0.611121364971449,0.592922265433281,0.60668499668297,0.728294305715645,0.593683500536456,0.637708992045166,0.678893818819479
0.832,0.707204814225449,0.602092088508749,0.741485921827507,0.611118625994905,0.592945038776857,0.606707646764485,0.728349840832376,0.593686591571597,0.637735842886802,0.678932426175635
0.834,0.707293362781793,0.602124694933124,0.741683431004224,0.611115887018361,0.592967812120432,0.606730296846,0.728405375949108,0.593689682606737,0.637762693728438,0.678971033531792
0.836,0.707381911338136,0.602157301357499,0.741880940180942,0.611113148041816,0.592990585464008,0.606752946927515,0.728460911065839,0.593692773641878,0.637789544570074,0.679009640887948
0.838,0.707470459894479,0.602189235172768,0.742078449357659,0.611110409065272,0.593013358807583,0.60677559700903,0.72851644618257,0.593695864677019,0.63781639541171,0.679048248244105
0.84,0.707559008450823,0.602217169259831,0.742275958534377,0.611107670088728,0.593036132151159,0.606798247090545,0.728571981299302,0.59369895571216,0.637843246253345,0.679086855600261
0.842,0.707647557007166,0.602245103346894,0.742473467711094,0.611104931112184,0.593058905494734,0.606820177405564,0.728627516416033,0.593702046747301,0.637870097094981,0.679122016552389
0.844,0.70773610556351,0.602273037433956,0.742670976887812,0.61110219213564,0.59308167883831,0.606841663791577,0.728683051532764,0.593705137782442,0.63789680401006,0.679155537666717
0.846,0.707824654119853,0.602300971521019,0.74286848606453,0.611103401444633,0.593104452181885,0.60686315017759,0.728738586649496,0.593708228817582,0.6379198442068,0.679189058781046
0.848,0.707914440352021,0.602328905608082,0.743065995241247,0.611110790476747,0.59312722552546,0.606884636563603,0.728794121766227,0.593711319852723,0.63794288440354,0.679222579895374
0.85,0.70800535333286,0.602356839695145,0.743263504417965,0.611118179508861,0.593149998869036,0.606906122949616,0.728849656882959,0.593714410887864,0.63796592460028,0.679256101009703
0.852,0.708096266313698,0.602384773782208,0.743461013594682,0.611125568540975,0.593172772212611,0.606927609335629,0.72890519199969,0.593717501923005,0.63798896479702,0.679289622124031
0.854,0.708187179294537,0.602412707869271,0.7436585227714,0.611132957573089,0.593195545556187,0.606949095721642,0.728960727116421,0.593720592958146,0.63801200499376,0.679323143238359
0.856,0.708278092275376,0.602440641956334,0.743856031948117,0.611140346605203,0.593218318899762,0.606970582107655,0.729016262233153,0.593723683993287,0.6380350451905,0.679356664352688
0.858,0.708369005256215,0.602468576043396,0.744053541124835,0.611147735637317,0.593241092243338,0.606992068493668,0.729071797349884,0.593726775028428,0.63805808538724,0.679390185467016
0.86,0.708459918237053,0.602496510130459,0.744251050301552,0.61115512466943,0.593263865586913,0.607013554879681,0.729127332466616,0.593729866063568,0.63808112558398,0.679423706581345
0.862,0.708550831217892,0.602524444217522,0.74444855947827,0.611162513701544,0.593286638930489,0.607035041265694,0.729182867583347,0.593732957098709,0.638104165780721,0.679457227695673
0.864,0.708641744198731,0.602552378304585,0.744646068654988,0.611169902733658,0.593309412274064,0.607056527651707,0.729238402700078,0.59373604813385,0.638127205977461,0.679490748810002
0.866,0.70873265717957,0.602580312391648,0.744843577831705,0.611177291765772,0.59333218561764,0.60707801403772,0.72929393781681,0.593739139168991,0.638150246174201,0.67952426992433
0.868,0.708823570160408,0.602608246478711,0.745041087008423,0.611184680797886,0.593354958961215,0.607099500423733,0.729349472933541,0.593742230204132,0.638173286370941,0.679557791038659
0.87,0.708914483141247,0.602636180565773,0.74523859618514,0.61119206983,0.593377372011864,0.607120986809746,0.729405008050272,0.593745321239273,0.638196326567681,0.679591312152987
0.872,0.709005396122086,0.602664114652836,0.745436105361858,0.611199458862114,0.593397915089545,0.607142473195759,0.729460543167004,0.593748412274413,0.638219366764421,0.679624833267316
0.874,0.709096309102925,0.602692048739899,0.745633614538575,0.611206847894228,0.593418458167227,0.607163959581772,0.729516078283735,0.59375561420652,0.638242406961161,0.679658354381644
0.876,0.709187222083763,0.602719982826962,0.745831123715293,0.611214236926342,0.593439001244909,0.607185445967785,0.729571613400467,0.593763342584367,0.638265447157901,0.679691875495973
0.878,0.709278135064602,0.602747916914025,0.74602863289201,0.611221625958456,0.593459544322591,0.607206932353798,0.729627148517198,0.593771070962214,0.638288487354641,0.679725396610301
0.88,0.709369048045441,0.602775851001088,0.746191795039183,0.61122901499057,0.593480087400273,0.607228418739811,0.729679257312525,0.59377879934006,0.638311527551382,0.679758917724629
0.882,0.70945996102628,0.60280378508815,0.746337038521654,0.611236404022684,0.593500630477955,0.607249905125824,0.729713727090596,0.593786527717907,0.638334567748122,0.679792438838958
0.884,0.709550874007119,0.602831719175213,0.746482282004125,0.611243793054798,0.593521173555636,0.607271391511837,0.729748196868667,0.593794256095754,0.638357607944862,0.679825959953287
0.886,0.709641786987957,0.602859653262276,0.746627525486596,0.611251182086912,0.593541716633318,0.60729287789785,0.729782666646738,0.5938019844736,0.638380648141602,0.679859481067615
0.888,0.709732699968796,0.602886859072838,0.746772768969067,0.611258571119025,0.593562259711,0.607314364283863,0.729817136424809,0.593809712851447,0.638403688338342,0.679893002181943
0.89,0.709823612949635,0.60290973412421,0.746918012451538,0.611265960151139,0.593582802788682,0.607335850669876,0.729851606202881,0.593817441229294,0.638426728535082,0.679926523296272
0.892,0.709914525930473,0.602932609175582,0.747063255934009,0.611273349183253,0.593603345866364,0.6073556091116,0.729886075980952,0.59382516960714,0.638449768731822,0.679955174699319
0.894,0.710005438911312,0.602955484226954,0.74720849941648,0.611280738215367,0.593623888944046,0.607374301812429,0.729920545759023,0.593832897984987,0.638472639045543,0.679981509038969
0.896,0.710096351892151,0.602978359278327,0.747353742898951,0.611289829089797,0.593644432021728,0.607392994513259,0.729955015537094,0.593840626362834,0.638491181365922,0.680007843378619
0.898,0.710180602847545,0.603001234329699,0.747498986381422,0.611301583630318,0.593664975099409,0.607411687214088,0.729989485315165,0.59384835474068,0.638509723686302,0.680034177718269
0.9,0.710258788863989,0.603024109381071,0.747644229863893,0.611313338170839,0.593685518177091,0.607430379914917,0.730023955093236,0.593856083118527,0.638528266006681,0.680060512057919
0.902,0.710336974880433,0.603046984432443,0.747789473346364,0.61132509271136,0.593706061254773,0.607449072615746,0.730058424871308,0.593863811496374,0.63854680832706,0.680086846397569
0.904,0.710415160896877,0.603069859483815,0.747934716828835,0.611336847251882,0.593726604332455,0.607467765316575,0.730092894649379,0.59387153987422,0.638565350647439,0.680113180737219
0.906,0.710493346913321,0.603092734535187,0.748079960311306,0.611348601792403,0.593747147410137,0.607486458017404,0.73012736442745,0.593879268252067,0.638583892967819,0.680139515076869
0.908,0.710571532929765,0.60311560958656,0.748225203793777,0.611360356332924,0.593767690487819,0.607505150718233,0.730161834205521,0.593886996629914,0.638602435288198,0.680165849416519
0.91,0.710649718946209,0.603138484637932,0.748370447276248,0.611372110873445,0.593788233565501,0.607523843419062,0.730196303983592,0.59389472500776,0.638620977608577,0.680192183756169
0.912,0.710727904962653,0.603161359689304,0.748515690758719,0.611383865413966,0.593808776643182,0.607542536119892,0.730230773761663,0.593902453385607,0.638639519928956,0.680218518095819
0.914,0.710806090979097,0.603184234740676,0.74866093424119,0.611395619954487,0.593829319720864,0.607561228820721,0.730265243539734,0.593910181763454,0.638658062249336,0.680244852435469
0.916,0.710884276995541,0.603207109792048,0.748806177723661,0.611407374495008,0.593849862798546,0.60757992152155,0.730299713317806,0.5939179101413,0.638676604569715,0.680271186775119
0.918,0.710962463011985,0.60322998484342,0.748951421206132,0.611419129035529,0.593870405876228,0.607598614222379,0.730334183095877,0.593925638519147,0.638695146890094,0.680297521114769
0.92,0.711040649028429,0.603252859894792,0.749096664688603,0.61143088357605,0.59389044546236,0.607617306923208,0.730368652873948,0.593933366896994,0.638713689210473,0.680323855454419
0.922,0.711118835044873,0.603275734946165,0.749241908171074,0.611442638116572,0.593907871853738,0.607635999624037,0.730403122652019,0.59394109527484,0.638732231530852,0.680350189794068
0.924,0.711197021061317,0.603298609997537,0.749387151653545,0.611454392657093,0.593925298245116,0.607654692324866,0.73043759243009,0.593950269386902,0.638750773851232,0.680376524133719
0.926,0.711275207077761,0.603321485048909,0.749532395136016,0.611466147197614,0.593942724636494,0.607673385025695,0.730472062208161,0.59395962864119,0.638769316171611,0.680402858473368
0.928,0.711353393094205,0.603344360100281,0.749677638618487,0.611477901738135,0.593960151027872,0.607692077726524,0.730506531986233,0.593968987895478,0.63878785849199,0.680429192813018
0.93,0.711431579110649,0.603367235151653,0.749789000398246,0.611489656278656,0.59397757741925,0.607710770427354,0.73053848084631,0.593978347149766,0.638806400812369,0.680455527152668
0.932,0.711509765127093,0.603390110203025,0.749882686271865,0.611501410819177,0.593995003810628,0.607729463128183,0.730557451789041,0.593987706404055,0.638824943132749,0.680481861492318
0.934,0.711587951143537,0.603412985254397,0.749976372145484,0.611513165359698,0.594012430202006,0.607748155829012,0.730576422731773,0.593997065658343,0.638843485453128,0.680508195831968
0.936,0.711666137159981,0.60343586030577,0.750070058019104,0.61152491990022,0.594029856593384,0.607766848529841,0.730595393674504,0.594006424912631,0.638862027773507,0.680534530171618
0.938,0.711744323176425,0.603458059678184,0.750163743892723,0.611536674440741,0.594047282984762,0.60778554123067,0.730614364617236,0.594015784166919,0.638880570093886,0.680560864511268
0.94,0.711822509192869,0.603476241067251,0.750257429766342,0.611548428981262,0.59406470937614,0.607804233931499,0.730633335559967,0.594025143421208,0.638899112414265,0.680587198850918
0.942,0.711900695209313,0.603494422456317,0.750351115639962,0.611560183521783,0.594082135767518,0.607820918493718,0.730652306502698,0.594034502675496,0.638917654734645,0.680608823327704
0.944,0.711978881225757,0.603512603845384,0.750444801513581,0.611571938062304,0.594099562158896,0.607836364500126,0.730671277445429,0.594043861929784,0.63893603760796,0.680628206798768
0.946,0.712057067242201,0.60353078523445,0.7505384873872,0.611584101365162,0.594116988550274,0.607851810506533,0.730690248388161,0.594053221184072,0.638950358357623,0.680647590269832
0.948,0.71212589852912,0.603548966623516,0.750632173260819,0.611596904449016,0.594134414941652,0.60786725651294,0.730709219330892,0.59406258043836,0.638964679107287,0.680666973740895
0.95,0.712186213507608,0.603567148012583,0.750725859134439,0.611609707532872,0.59415184133303,0.607882702519348,0.730728190273624,0.594071939692649,0.638978999856951,0.680686357211959
0.952,0.712246528486097,0.603585329401649,0.750819545008058,0.611622510616727,0.594169267724407,0.607898148525755,0.730747161216355,0.594081298946937,0.638993320606614,0.680705740683023
0.954,0.712306843464586,0.603603510790715,0.750913230881677,0.611635313700582,0.594186694115785,0.607913594532163,0.730766132159086,0.594090658201225,0.639007641356277,0.680725124154086
0.956,0.712367158443074,0.603621692179782,0.751006916755297,0.611648116784437,0.594204120507163,0.60792904053857,0.730785103101818,0.594100017455513,0.639021962105941,0.68074450762515
0.958,0.712427473421563,0.603639873568848,0.751100602628916,0.611660919868292,0.594221546898541,0.607944486544978,0.730804074044549,0.594109376709801,0.639036282855604,0.680763891096213
0.96,0.712487788400051,0.603658054957915,0.751194288502535,0.611673722952147,0.594238973289919,0.607959932551385,0.73082304498728,0.59411873596409,0.639050603605268,0.680783274567277
0.962,0.71254810337854,0.603676236346981,0.751287974376154,0.611686526036002,0.594256399681297,0.607975378557792,0.730842015930012,0.594128095218378,0.639064924354931,0.680802658038341
0.964,0.712608418357028,0.603694417736047,0.751381660249774,0.611699329119857,0.594273826072675,0.6079908245642,0.730860986872743,0.594137454472666,0.639079245104595,0.680822041509405
0.966,0.712668733335517,0.603712599125114,0.751475346123393,0.611712132203712,0.594291252464053,0.608006270570607,0.730879957815475,0.594146813726954,0.639093565854258,0.680841424980468
0.968,0.712729048314005,0.60373078051418,0.751569031997013,0.611724935287567,0.594308678855431,0.608021716577015,0.730898928758206,0.594156172981243,0.639107886603922,0.680860808451532
0.97,0.712789363292494,0.603748961903246,0.751662717870632,0.611737738371422,0.594325586905049,0.608037162583422,0.730917899700937,0.594165532235531,0.639122207353585,0.680880191922596
0.972,0.712849678270982,0.603767143292313,0.751756403744251,0.611750541455277,0.59433980468515,0.608052608589829,0.730936870643669,0.594174891489819,0.639136528103249,0.680899575393659
0.974,0.712909993249471,0.603785324681379,0.75185008961787,0.611763344539132,0.594354022465251,0.608068054596237,0.7309558415864,0.594184203301998,0.639150848852912,0.680918958864723
0.976,0.712970308227959,0.603803506070446,0.75194377549149,0.611776147622987,0.594368240245352,0.608083500602644,0.730974812529131,0.594193509038692,0.639165169602575,0.680938342335786
0.978,0.713030623206448,0.603821687459512,0.752037461365109,0.611788950706842,0.594382458025453,0.608098946609052,0.730993783471863,0.594202814775385,0.639179490352239,0.68095772580685
0.98,0.713090938184936,0.603839868848578,0.752103775038184,0.611801753790697,0.594396675805554,0.608114392615459,0.731011118414573,0.594212120512079,0.639193811101902,0.680977109277914
0.982,0.713151253163425,0.603858050237645,0.75215580877817,0.611814556874552,0.594410893585655,0.608129838621867,0.731020031078931,0.594221426248772,0.639208131851566,0.680996492748977
0.984,0.713211568141914,0.603876231626711,0.752207842518157,0.611827359958407,0.594425111365756,0.608145284628274,0.731028943743288,0.594230731985466,0.639222452601229,0.681015876220041
0.986,0.713271883120402,0.603894413015777,0.752259876258143,0.611840163042262,0.594439329145857,0.608160730634681,0.731037856407646,0.594240037722159,0.639236773350893,0.681035259691105
0.988,0.713332198098891,0.603912018974145,0.752311909998129,0.611852966126118,0.594453546925958,0.608176176641089,0.731046769072003,0.594249343458853,0.639251094100556,0.681054643162168
0.99,0.713392513077379,0.603926203084103,0.752363943738115,0.611865769209972,0.594467764706059,0.608191622647496,0.731055681736361,0.594258649195546,0.63926541485022,0.681074026633232
0.992,0.713452828055868,0.603940387194062,0.752415977478101,0.611878572293828,0.59448198248616,0.608205150127713,0.731064594400718,0.59426795493224,0.639279735599883,0.681089505696762
0.994,0.713513143034356,0.60395457130402,0.752468011218088,0.611891375377683,0.594496200266261,0.608217494322199,0.731073507065076,0.594277260668933,0.63929392277753,0.681103126999275
0.996,0.713573458012845,0.603968755413978,0.752520044958074,0.611903886256742,0.594510418046362,0.608229838516685,0.731082419729433,0.594286566405626,0.639304707032376,0.681116748301789
0.998,0.713624578079152,0.603982939523937,0.75257207869806,0.611915939786728,0.594524635826463,0.608242182711171,0.731091332393791,0.59429587214232,0.639315491287222,0.681130369604302
1,0.713667327330684,0.603997123633895,0.752624112438046,0.611927993316714,0.594538853606564,0.608254526905657,0.731100245058148,0.594305177879014,0.639326275542068,0.681143990906815
1.002,0.713710076582216,0.604011307743854,0.752676146178032,0.611940046846701,0.594553071386664,0.608266871100142,0.731109157722506,0.594314483615707,0.639337059796915,0.681157612209328
1.004,0.713752825833747,0.604025491853812,0.752728179918019,0.611952100376687,0.594567289166765,0.608279215294628,0.731118070386863,0.5943237893524,0.639347844051761,0.681171233511841
1.006,0.713795575085279,0.60403967596377,0.752780213658005,0.611964153906673,0.594581506946866,0.608291559489114,0.73112698305122,0.594333095089094,0.639358628306607,0.681184854814354
1.008,0.713838324336811,0.604053860073729,0.752832247397991,0.611976207436659,0.594595724726967,0.6083039036836,0.731135895715578,0.594342400825787,0.639369412561453,0.681198476116867
1.01,0.713881073588342,0.604068044183687,0.752884281137977,0.611988260966645,0.594609942507068,0.608316247878086,0.731144808379935,0.594351706562481,0.6393801968163,0.68121209741938
1.012,0.713923822839874,0.604082228293645,0.752936314877964,0.612000314496631,0.594624160287169,0.608328592072572,0.731153721044293,0.594361012299174,0.639390981071146,0.681225718721893
1.014,0.713966572091406,0.604096412403604,0.75298834861795,0.612012368026618,0.59463837806727,0.608340936267058,0.731162633708651,0.594370318035868,0.639401765325992,0.681239340024406
1.016,0.714009321342937,0.604110596513562,0.753040382357936,0.612024421556604,0.594652595847371,0.608353280461543,0.731171546373008,0.594379623772561,0.639412549580838,0.681252961326919
1.018,0.714052070594469,0.60412478062352,0.753092416097922,0.61203647508659,0.594666813627472,0.608365624656029,0.731180459037365,0.594388929509255,0.639423333835685,0.681266582629432
1.02,0.714094819846001,0.604138964733479,0.753144449837909,0.612048528616576,0.594680556272568,0.608377968850515,0.731189371701723,0.594398235245948,0.639434118090531,0.681280203931946
1.022,0.714137569097533,0.604153148843437,0.753196483577895,0.612060582146562,0.594691832897521,0.608390313045001,0.73119828436608,0.594407540982642,0.639444902345377,0.681293825234459
1.024,0.714180318349064,0.604167332953395,0.753248517317881,0.612072635676548,0.594703109522475,0.608402657239487,0.731207197030438,0.594416037385848,0.639455686600223,0.681307446536972
1.026,0.714223067600596,0.604181517063354,0.753300551057867,0.612084689206534,0.594714386147428,0.608415001433973,0.731216109694795,0.594424430144966,0.639466470855069,0.681321067839485
1.028,0.714265816852128,0.604195701173312,0.753352584797853,0.612096742736521,0.594725662772381,0.608427345628458,0.731225022359153,0.594432822904084,0.639477255109916,0.681334689141998
1.03,0.714308566103659,0.604209885283271,0.753385288067158,0.612108796266507,0.594736939397334,0.608439689822944,0.731233007110771,0.594441215663202,0.639488039364762,0.681348310444511
1.032,0.714351315355191,0.604224069393229,0.753407906731557,0.612120849796493,0.594748216022287,0.60845203401743,0.73123621488239,0.59444960842232,0.639498823619608,0.681361931747024
1.034,0.714394064606723,0.604238253503187,0.753430525395955,0.612132903326479,0.594759492647241,0.608464378211916,0.731239422654009,0.594458001181438,0.639509607874454,0.681375553049537
1.036,0.714436813858254,0.604252437613146,0.753453144060354,0.612144956856465,0.594770769272194,0.608476722406402,0.731242630425629,0.594466393940556,0.6395203921293,0.68138917435205
1.038,0.714479563109786,0.604266151668695,0.753475762724752,0.612157010386451,0.594782045897147,0.608489066600888,0.731245838197248,0.594474786699674,0.639531176384147,0.681402795654563
1.04,0.714522312361318,0.604277070505056,0.753498381389151,0.612169063916438,0.5947933225221,0.608501410795374,0.731249045968867,0.594483179458792,0.639541960638993,0.681416416957076
1.042,0.71456506161285,0.604287989341416,0.753521000053549,0.612181117446424,0.594804599147054,0.608512072449032,0.731252253740486,0.59449157221791,0.639552744893839,0.681427068695869
1.044,0.714607810864381,0.604298908177776,0.753543618717948,0.61219317097641,0.594815875772007,0.6085216963652,0.731255461512105,0.594499964977029,0.639563422884955,0.681436307482845
1.046,0.714650560115913,0.604309827014136,0.753566237382346,0.612204609940372,0.59482715239696,0.608531320281369,0.731258669283724,0.594508357736147,0.639571393667783,0.681445546269821
1.048,0.714685588167093,0.604320745850497,0.753588856046745,0.612215087006358,0.594838429021914,0.608540944197538,0.731261877055344,0.594516750495265,0.639579364450611,0.681454785056796
1.05,0.714713587033358,0.604331664686857,0.753611474711143,0.612225564072343,0.594849705646867,0.608550568113706,0.731265084826963,0.594525143254383,0.639587335233439,0.681464023843772
1.052,0.714741585899624,0.604342583523218,0.753634093375541,0.612236041138329,0.59486098227182,0.608560192029875,0.731268292598582,0.594533536013501,0.639595306016268,0.681473262630748
1.054,0.714769584765889,0.604353502359578,0.75365671203994,0.612246518204314,0.594872258896773,0.608569815946043,0.731271500370201,0.594541928772619,0.639603276799096,0.681482501417723
1.056,0.714797583632155,0.604364421195938,0.753679330704338,0.6122569952703,0.594883535521726,0.608579439862212,0.73127470814182,0.594550321531737,0.639611247581924,0.681491740204699
1.058,0.71482558249842,0.604375340032299,0.753701949368737,0.612267472336286,0.59489481214668,0.60858906377838,0.73127791591344,0.594558714290855,0.639619218364752,0.681500978991675
1.06,0.714853581364685,0.604386258868659,0.753724568033135,0.612277949402271,0.594906088771633,0.608598687694549,0.731281123685059,0.594567107049973,0.63962718914758,0.681510217778651
1.062,0.714881580230951,0.60439717770502,0.753747186697534,0.612288426468257,0.594917365396586,0.608608311610717,0.731284331456678,0.594575499809091,0.639635159930408,0.681519456565627
1.064,0.714909579097216,0.60440809654138,0.753769805361932,0.612298903534242,0.594928642021539,0.608617935526886,0.731287539228297,0.594583892568209,0.639643130713236,0.681528695352602
1.066,0.714937577963482,0.60441901537774,0.753792424026331,0.612309380600228,0.594939918646493,0.608627559443055,0.731290746999916,0.594592285327327,0.639651101496065,0.681537934139578
1.068,0.714965576829747,0.604429934214101,0.753815042690729,0.612319857666213,0.594951195271446,0.608637183359223,0.731293954771536,0.594600678086445,0.639659072278893,0.681547172926554
1.07,0.714993575696012,0.604440853050461,0.753837661355128,0.612330334732199,0.59496206658593,0.608646807275392,0.731297162543155,0.594609070845563,0.639667043061721,0.68155641171353
1.072,0.715021574562278,0.604451771886821,0.753860280019526,0.612340811798185,0.594970834279824,0.60865643119156,0.731300370314774,0.594617463604681,0.639675013844549,0.681565650500505
1.074,0.715049573428543,0.604462690723182,0.753882898683925,0.61235128886417,0.594979601973717,0.608666055107729,0.731303578086393,0.594624717606253,0.639682984627377,0.681574889287481
1.076,0.715077572294809,0.604473609559542,0.753905517348323,0.612361765930156,0.59498836966761,0.608675679023897,0.731306785858012,0.59463182577735,0.639690955410205,0.681584128074457
1.078,0.715105571161074,0.604484528395902,0.753928136012722,0.612372242996141,0.594997137361503,0.608685302940066,0.731309993629632,0.594638933948447,0.639698926193033,0.681593366861433
1.08,0.71513357002734,0.604495447232263,0.753938805179313,0.612382720062127,0.595005905055397,0.608694926856234,0.731312749227508,0.594646042119543,0.639706896975861,0.681602605648408
1.082,0.715161568893605,0.604506366068623,0.753943240355734,0.612393197128113,0.59501467274929,0.608704550772403,0.731313176993433,0.59465315029064,0.63971486775869,0.681611844435384
1.084,0.71518956775987,0.604517284904983,0.753947675532154,0.612403674194098,0.595023440443183,0.608714174688572,0.731313604759358,0.594660258461736,0.639722838541518,0.68162108322236
1.086,0.715217566626136,0.604528203741344,0.753952110708575,0.612414151260084,0.595032208137076,0.60872379860474,0.731314032525282,0.594667366632833,0.639730809324346,0.681630322009336
1.088,0.715245565492401,0.604538749744965,0.753956545884996,0.612424628326069,0.59504097583097,0.608733422520909,0.731314460291207,0.594674474803929,0.639738780107174,0.681639560796311
1.09,0.715273564358667,0.60454707866646,0.753960981061417,0.612435105392055,0.595049743524863,0.608743046437077,0.731314888057132,0.594681582975026,0.639746750890002,0.681648799583287
1.092,0.715301563224932,0.604555407587955,0.753965416237838,0.612445582458041,0.595058511218756,0.608751273749641,0.731315315823057,0.594688691146123,0.63975472167283,0.6816559112333
1.094,0.715329562091198,0.60456373650945,0.753969851414259,0.612456059524026,0.59506727891265,0.608758639681669,0.731315743588981,0.594695799317219,0.63976261142489,0.681662010767622
1.096,0.715357560957463,0.604572065430945,0.753974286590679,0.612465812473667,0.595076046606543,0.608766005613697,0.731316171354906,0.594702907488316,0.639768436811556,0.681668110301943
1.098,0.715379707655142,0.604580394352441,0.7539787217671,0.612474432060873,0.595084814300436,0.608773371545725,0.731316599120831,0.594710015659412,0.639774262198221,0.681674209836265
1.1,0.715396526687009,0.604588723273936,0.753983156943521,0.612483051648078,0.59509358199433,0.608780737477753,0.731317026886755,0.594717123830509,0.639780087584886,0.681680309370587
1.102,0.715413345718876,0.604597052195431,0.753987592119942,0.612491671235284,0.595102349688223,0.608788103409781,0.73131745465268,0.594724232001605,0.639785912971552,0.681686408904909
1.104,0.715430164750743,0.604605381116926,0.753992027296363,0.612500290822489,0.595111117382116,0.608795469341809,0.731317882418605,0.594731340172702,0.639791738358217,0.68169250843923
1.106,0.71544698378261,0.604613710038421,0.753996462472784,0.612508910409695,0.595119885076009,0.608802835273837,0.73131831018453,0.594738448343799,0.639797563744883,0.681698607973552
1.108,0.715463802814477,0.604622038959916,0.754000897649205,0.6125175299969,0.595128652769903,0.608810201205865,0.731318737950454,0.594745556514895,0.639803389131548,0.681704707507874
1.11,0.715480621846344,0.604630367881412,0.754005332825625,0.612526149584106,0.595137420463796,0.608817567137893,0.731319165716379,0.594752664685992,0.639809214518213,0.681710807042195
1.112,0.715497440878211,0.604638696802907,0.754009768002046,0.612534769171311,0.595146188157689,0.608824933069921,0.731319593482304,0.594759772857088,0.639815039904879,0.681716906576517
1.114,0.715514259910078,0.604647025724402,0.754014203178467,0.612543388758517,0.595154955851583,0.608832299001949,0.731320021248228,0.594766881028185,0.639820865291544,0.681723006110839
1.116,0.715531078941945,0.604655354645897,0.754018638354888,0.612552008345722,0.595163723545476,0.608839664933977,0.731320449014153,0.594773989199281,0.63982669067821,0.681729105645161
1.118,0.715547897973812,0.604663683567392,0.754023073531309,0.612560627932927,0.595172491239369,0.608847030866005,0.731320876780078,0.594781097370378,0.639832516064875,0.681735205179482
1.12,0.715564717005679,0.604672012488887,0.754027508707729,0.612569247520133,0.59518092827545,0.608854396798033,0.731321304546003,0.594788205541474,0.639838341451541,0.681741304713804
1.122,0.715581536037546,0.604680341410383,0.75403194388415,0.612577867107338,0.595187649149139,0.608861762730061,0.731321732311927,0.594795313712571,0.639844166838206,0.681747404248126
1.124,0.715598355069413,0.604688670331878,0.754036379060571,0.612586486694544,0.595194370022828,0.608869128662089,0.731322160077852,0.594801224638516,0.639849992224871,0.681753503782448
1.126,0.71561517410128,0.604696999253373,0.754040814236992,0.612595106281749,0.595201090896518,0.608876494594117,0.731322587843777,0.594806982244002,0.639855817611537,0.681759603316769
1.128,0.715631993133147,0.604705328174868,0.754045249413413,0.612603725868955,0.595207811770207,0.608883860526145,0.731323015609701,0.594812739849488,0.639861642998202,0.681765702851091
1.13,0.715648812165014,0.604713657096363,0.754043464426665,0.61261234545616,0.595214532643896,0.608891226458173,0.731323282996421,0.594818497454974,0.639867468384868,0.681771802385413
1.132,0.715665631196881,0.604721986017858,0.754038434413501,0.612620965043366,0.595221253517586,0.608898592390201,0.731322724736267,0.59482425506046,0.639873293771533,0.681777901919735
1.134,0.715682450228748,0.604730314939354,0.754033404400337,0.612629584630571,0.595227974391275,0.608905958322229,0.731322166476114,0.594830012665945,0.639879119158199,0.681784001454056
1.136,0.715699269260615,0.604738643860849,0.754028374387173,0.612638204217776,0.595234695264965,0.608913324254257,0.73132160821596,0.594835770271431,0.639884944544864,0.681790100988378
1.138,0.715716088292482,0.604746680711895,0.754023344374009,0.612646823804982,0.595241416138654,0.608920690186285,0.731321049955806,0.594841527876917,0.639890769931529,0.6817962005227
1.14,0.715732907324349,0.604752980740758,0.754018314360845,0.612655443392187,0.595248137012343,0.608928056118313,0.731320491695652,0.594847285482403,0.639896595318195,0.681802300057022
1.142,0.715749726356216,0.604759280769622,0.754013284347681,0.612664062979393,0.595254857886033,0.608934307580733,0.731319933435498,0.594853043087889,0.63990242070486,0.681806932939258
1.144,0.715766545388083,0.604765580798485,0.754008254334517,0.612672682566598,0.595261578759722,0.608939871673863,0.731319375175344,0.594858800693375,0.63990818578462,0.681810867971937
1.146,0.71578336441995,0.604771880827349,0.754003224321353,0.612680599097585,0.595268299633411,0.608945435766993,0.73131881691519,0.594864558298861,0.639912414466632,0.681814803004617
1.148,0.715796100917579,0.604778180856212,0.753998194308189,0.612687415228731,0.595275020507101,0.608950999860123,0.731318258655036,0.594870315904347,0.639916643148645,0.681818738037296
1.15,0.715805120779613,0.604784480885076,0.753993164295025,0.612694231359878,0.59528174138079,0.608956563953253,0.731317700394882,0.594876073509833,0.639920871830658,0.681822673069975
1.152,0.715814140641647,0.604790780913939,0.753988134281862,0.612701047491024,0.59528846225448,0.608962128046384,0.731317142134728,0.594881831115319,0.639925100512671,0.681826608102654
1.154,0.71582316050368,0.604797080942802,0.753983104268698,0.612707863622171,0.595295183128169,0.608967692139514,0.731316583874574,0.594887588720805,0.639929329194684,0.681830543135333
1.156,0.715832180365714,0.604803380971666,0.753978074255534,0.612714679753318,0.595301904001858,0.608973256232644,0.73131602561442,0.594893346326291,0.639933557876696,0.681834478168013
1.158,0.715841200227747,0.604809681000529,0.75397304424237,0.612721495884464,0.595308624875548,0.608978820325774,0.731315467354266,0.594899103931777,0.639937786558709,0.681838413200692
1.16,0.715850220089781,0.604815981029393,0.753968014229206,0.612728312015611,0.595315345749237,0.608984384418904,0.731314909094112,0.594904861537263,0.639942015240722,0.681842348233371
1.162,0.715859239951815,0.604822281058256,0.753962984216042,0.612735128146757,0.595322066622926,0.608989948512034,0.731314350833958,0.594910619142748,0.639946243922735,0.68184628326605
1.164,0.715868259813848,0.60482858108712,0.753957954202877,0.612741944277904,0.595328787496616,0.608995512605164,0.731313792573804,0.594916376748234,0.639950472604747,0.681850218298729
1.166,0.715877279675882,0.604834881115983,0.753952924189713,0.612748760409051,0.595335508370305,0.609001076698294,0.73131323431365,0.59492213435372,0.63995470128676,0.681854153331409
1.168,0.715886299537916,0.604841181144847,0.75394789417655,0.612755576540197,0.595342229243995,0.609006640791424,0.731312676053496,0.594927891959206,0.639958929968773,0.681858088364088
1.17,0.715895319399949,0.60484748117371,0.753942864163386,0.612762392671344,0.595348685550934,0.609012204884555,0.731312117793342,0.594933649564692,0.639963158650786,0.681862023396767
1.172,0.715904339261983,0.604853781202574,0.753937834150222,0.612769208802491,0.595353768717761,0.609017768977685,0.731311559533188,0.594939407170178,0.639967387332799,0.681865958429446
1.174,0.715913359124017,0.604860081231437,0.753932804137058,0.612776024933637,0.595358851884588,0.609023333070815,0.731311001273034,0.594944069494942,0.639971616014811,0.681869893462125
1.176,0.71592237898605,0.604866381260301,0.753927774123894,0.612782841064784,0.595363935051415,0.609028897163945,0.731310443012881,0.594948591556917,0.639975844696824,0.681873828494805
1.178,0.715931398848084,0.604872681289164,0.75392274411073,0.61278965719593,0.595369018218243,0.609034461257075,0.731309884752727,0.594953113618893,0.639980073378837,0.681877763527484
1.18,0.715940418710117,0.604878981318028,0.753915370789587,0.612796473327077,0.59537410138507,0.609040025350205,0.731309311276613,0.594957635680869,0.63998430206085,0.681881698560163
1.182,0.715949438572151,0.604885281346891,0.753906774976995,0.612803289458224,0.595379184551897,0.609045589443335,0.731308659467341,0.594962157742844,0.639988530742863,0.681885633592842
1.184,0.715958458434185,0.604891581375755,0.753898179164403,0.61281010558937,0.595384267718724,0.609051153536465,0.731308007658069,0.59496667980482,0.639992759424875,0.681889568625521
1.186,0.715967478296218,0.604897881404618,0.75388958335181,0.612816921720517,0.595389350885551,0.609056717629595,0.731307355848797,0.594971201866796,0.639996988106888,0.681893503658201
1.188,0.715976498158252,0.604903960305461,0.753880987539218,0.612823737851663,0.595394434052378,0.609062281722725,0.731306704039525,0.594975723928771,0.640001216788901,0.68189743869088
1.19,0.715985518020286,0.604908724249407,0.753872391726626,0.61283055398281,0.595399517219206,0.609067845815855,0.731306052230253,0.594980245990747,0.640005445470914,0.681901373723559
1.192,0.715994537882319,0.604913488193354,0.753863795914034,0.612837370113957,0.595404600386033,0.609072541968093,0.731305400420981,0.594984768052723,0.640009674152926,0.681904350944279
1.194,0.716003557744353,0.6049182521373,0.753855200101441,0.612844186245103,0.59540968355286,0.609076702802086,0.731304748611709,0.594989290114698,0.640013858381943,0.681906872427296
1.196,0.716012577606386,0.604923016081246,0.753846604288849,0.612850375541526,0.595414766719687,0.609080863636079,0.731304096802436,0.594993812176674,0.640016910112412,0.681909393910314
1.198,0.716018969120924,0.604927780025192,0.753838008476257,0.612855583737417,0.595419849886514,0.609085024470072,0.731303444993165,0.59499833423865,0.64001996184288,0.681911915393331
1.2,0.716022967854583,0.604932543969139,0.753829412663664,0.612860791933308,0.595424933053341,0.609089185304065,0.731302793183892,0.595002856300625,0.640023013573349,0.681914436876348
1.202,0.716026966588242,0.604937307913085,0.753820816851072,0.612866000129199,0.595430016220169,0.609093346138058,0.73130214137462,0.595007378362601,0.640026065303818,0.681916958359366
1.204,0.7160309653219,0.604942071857031,0.75381222103848,0.61287120832509,0.595435099386996,0.609097506972051,0.731301489565348,0.595011900424576,0.640029117034287,0.681919479842383
1.206,0.716034964055559,0.604946835800978,0.753803625225888,0.612876416520981,0.595440182553823,0.609101667806044,0.731300837756076,0.595016422486552,0.640032168764756,0.6819220013254
1.208,0.716038962789218,0.604951599744924,0.753795029413295,0.612881624716872,0.59544526572065,0.609105828640037,0.731300185946804,0.595020944548528,0.640035220495224,0.681924522808417
1.21,0.716042961522876,0.60495636368887,0.753786433600703,0.612886832912763,0.595450348887477,0.609109989474029,0.731299534137532,0.595025466610503,0.640038272225693,0.681927044291435
1.212,0.716046960256535,0.604961127632816,0.753777837788111,0.612892041108655,0.595455432054304,0.609114150308022,0.73129888232826,0.595029988672479,0.640041323956162,0.681929565774452
1.214,0.716050958990194,0.604965891576763,0.753769241975518,0.612897249304546,0.595460515221132,0.609118311142015,0.731298230518988,0.595034510734455,0.640044375686631,0.681932087257469
1.216,0.716054957723853,0.604970655520709,0.753760646162926,0.612902457500437,0.595465598387959,0.609122471976008,0.731297578709716,0.59503903279643,0.6400474274171,0.681934608740487
1.218,0.716058956457511,0.604975419464655,0.753752050350334,0.612907665696328,0.595470681554786,0.609126632810001,0.731296926900444,0.595043554858406,0.640050479147568,0.681937130223504
1.22,0.71606295519117,0.604980183408601,0.753743454537741,0.612912873892219,0.595475558613878,0.609130793643994,0.731296275091172,0.595048076920382,0.640053530878037,0.681939651706521
1.222,0.716066953924829,0.604984947352547,0.753734858725149,0.61291808208811,0.595479365943693,0.609134954477987,0.7312956232819,0.595052598982357,0.640056582608506,0.681942173189539
1.224,0.716070952658487,0.604989711296494,0.753726262912557,0.612923290284001,0.595483173273507,0.60913911531198,0.731294971472628,0.595056159370413,0.640059634338975,0.681944694672556
1.226,0.716074951392146,0.60499447524044,0.753717667099964,0.612928498479893,0.595486980603322,0.609143276145973,0.731294319663356,0.595059596605506,0.640062686069444,0.681947216155573
1.228,0.716078950125805,0.604999239184386,0.753709071287372,0.612933706675784,0.595490787933137,0.609147436979966,0.731293667854084,0.595063033840599,0.640065737799912,0.681949737638591
1.23,0.716082948859463,0.605004003128333,0.75370040047377,0.612938914871675,0.595494595262951,0.609151597813959,0.731293058428324,0.595066471075693,0.640068789530381,0.681952259121608
1.232,0.716086947593122,0.605008767072279,0.753691690532535,0.612944123067566,0.595498402592766,0.609155758647951,0.731292667196778,0.595069908310786,0.64007184126085,0.681954780604625
1.234,0.716090946326781,0.605013531016225,0.753682980591301,0.612949331263457,0.595502209922581,0.609159919481944,0.731292275965232,0.595073345545879,0.640074892991319,0.681957302087642
1.236,0.716094945060439,0.605018294960171,0.753674270650066,0.612954539459348,0.595506017252395,0.609164080315937,0.731291884733685,0.595076782780972,0.640077944721788,0.68195982357066
1.238,0.716098943794098,0.605022888910929,0.753665560708831,0.612959747655239,0.59550982458221,0.60916824114993,0.731291493502139,0.595080220016066,0.640080996452256,0.681962345053677
1.24,0.716102942527757,0.605026471982489,0.753656850767597,0.61296495585113,0.595513631912025,0.609172401983923,0.731291102270593,0.595083657251159,0.640084048182725,0.681964866536694
1.242,0.716106941261416,0.605030055054049,0.753648140826362,0.612970164047022,0.595517439241839,0.609175893541894,0.731290711039047,0.595087094486252,0.640087099913194,0.681966758625859
1.244,0.716110939995074,0.605033638125609,0.753639430885127,0.612975372242913,0.595521246571654,0.609178972311772,0.731290319807501,0.595090531721346,0.640090119529102,0.681968351242351
1.246,0.716114938728733,0.605037221197169,0.753630720943893,0.612980058292157,0.595525053901469,0.609182051081651,0.731289928575954,0.595093968956439,0.640092320984323,0.681969943858842
1.248,0.71611739228592,0.605040804268729,0.753622011002658,0.612983927095111,0.595528861231283,0.609185129851529,0.731289537344408,0.595097406191532,0.640094522439544,0.681971536475333
1.25,0.716118439153648,0.605044387340289,0.753613301061423,0.612987795898065,0.595532668561098,0.609188208621408,0.731289146112862,0.595100843426626,0.640096723894765,0.681973129091825
1.252,0.716119486021376,0.605047970411849,0.753604591120189,0.61299166470102,0.595536475890913,0.609191287391286,0.731288754881316,0.595104280661719,0.640098925349986,0.681974721708316
1.254,0.716120532889104,0.60505155348341,0.753595881178954,0.612995533503974,0.595540283220727,0.609194366161165,0.73128836364977,0.595107717896812,0.640101126805208,0.681976314324807
1.256,0.716121579756832,0.60505513655497,0.753587171237719,0.612999402306928,0.595544090550542,0.609197444931043,0.731287972418224,0.595111155131906,0.640103328260429,0.681977906941299
1.258,0.71612262662456,0.60505871962653,0.753578461296485,0.613003271109883,0.595547897880357,0.609200523700921,0.731287581186677,0.595114592366999,0.64010552971565,0.68197949955779
1.26,0.716123673492288,0.60506230269809,0.75356975135525,0.613007139912837,0.595551705210172,0.6092036024708,0.731287189955131,0.595118029602092,0.640107731170871,0.681981092174281
1.262,0.716124720360016,0.60506588576965,0.753561041414015,0.613011008715791,0.595555512539986,0.609206681240678,0.731286798723585,0.595121466837186,0.640109932626093,0.681982684790773
1.264,0.716125767227744,0.60506946884121,0.753552331472781,0.613014877518746,0.595559319869801,0.609209760010557,0.731286407492039,0.595124904072279,0.640112134081314,0.681984277407264
1.266,0.716126814095472,0.60507305191277,0.753543621531546,0.6130187463217,0.595563127199615,0.609212838780435,0.731286016260493,0.595128341307372,0.640114335536535,0.681985870023755
1.268,0.7161278609632,0.60507663498433,0.753534911590311,0.613022615124654,0.59556693452943,0.609215917550313,0.731285625028947,0.595131778542465,0.640116536991756,0.681987462640247
1.27,0.716128907830928,0.60508021805589,0.753526201649077,0.613026483927609,0.595570585223609,0.609218996320192,0.731285233797401,0.595135215777559,0.640118738446978,0.681989055256738
1.272,0.716129954698655,0.60508380112745,0.753517491707842,0.613030352730563,0.595573422955935,0.60922207509007,0.731284842565854,0.595138653012652,0.640120939902199,0.681990647873229
1.274,0.716131001566384,0.605087384199011,0.753508781766607,0.613034221533517,0.595576260688262,0.609225153859948,0.731284451334308,0.595141310313925,0.64012314135742,0.681992240489721
1.276,0.716132048434111,0.605090967270571,0.753500071825373,0.613038090336471,0.595579098420588,0.609228232629827,0.731284060102762,0.595143867736062,0.640125342812641,0.681993833106212
1.278,0.716133095301839,0.605094550342131,0.753491361884138,0.613041959139426,0.595581936152914,0.609231311399705,0.731283668871216,0.595146425158199,0.640127544267862,0.681995425722703
1.28,0.716134142169567,0.605098133413691,0.753483693132556,0.61304582794238,0.595584773885241,0.609234390169584,0.731283327678803,0.595148982580336,0.640129745723084,0.681997018339195
1.282,0.716135189037295,0.605101716485251,0.753476567564141,0.613049696745334,0.595587611617567,0.609237468939462,0.731283244092445,0.595151540002473,0.640131947178305,0.681998610955686
1.284,0.716136235905023,0.605105299556811,0.753469441995725,0.613053565548288,0.595590449349894,0.60924054770934,0.731283160506088,0.595154097424609,0.640134148633526,0.682000203572177
1.286,0.716137282772751,0.605108882628371,0.75346231642731,0.613057434351243,0.59559328708222,0.609243626479219,0.73128307691973,0.595156654846746,0.640136350088747,0.682001796188669
1.288,0.716138329640479,0.605112337191685,0.753455190858895,0.613061303154197,0.595596124814546,0.609246705249097,0.731282993333373,0.595159212268883,0.640138551543969,0.68200338880516
1.29,0.716139376508207,0.605115027569601,0.753448065290479,0.613065171957151,0.595598962546873,0.609249784018976,0.731282909747015,0.59516176969102,0.64014075299919,0.682004981421651
1.292,0.716140423375935,0.605117717947518,0.753440939722064,0.613069040760106,0.595601800279199,0.609252361916763,0.731282826160657,0.595164327113157,0.640142954454411,0.682006184650307
1.294,0.716141470243663,0.605120408325434,0.753433814153649,0.61307290956306,0.595604638011526,0.609254630892627,0.7312827425743,0.595166884535294,0.640145132647718,0.682007202603851
1.296,0.716142517111391,0.60512309870335,0.753426688585234,0.613076359875554,0.595607475743852,0.609256899868492,0.731282658987942,0.595169441957431,0.640146718213154,0.682008220557395
1.298,0.716142764160732,0.605125789081267,0.753419563016818,0.613079155180918,0.595610313476179,0.609259168844357,0.731282575401585,0.595171999379567,0.640148303778591,0.682009238510939
1.3,0.716142283075706,0.605128479459183,0.753412437448403,0.613081950486282,0.595613151208505,0.609261437820222,0.731282491815227,0.595174556801704,0.640149889344028,0.682010256464483
1.302,0.716141801990679,0.605131169837099,0.753405311879988,0.613084745791646,0.595615988940831,0.609263706796087,0.731282408228869,0.595177114223841,0.640151474909464,0.682011274418027
1.304,0.716141320905652,0.605133860215016,0.753398186311572,0.61308754109701,0.595618826673158,0.609265975771951,0.731282324642512,0.595179671645978,0.640153060474901,0.682012292371571
1.306,0.716140839820626,0.605136550592932,0.753391060743157,0.613090336402375,0.595621664405484,0.609268244747816,0.731282241056154,0.595182229068115,0.640154646040337,0.682013310325115
1.308,0.716140358735599,0.605139240970848,0.753383935174742,0.613093131707739,0.595624502137811,0.609270513723681,0.731282157469796,0.595184786490252,0.640156231605774,0.682014328278659
1.31,0.716139877650573,0.605141931348765,0.753376809606326,0.613095927013103,0.595627339870137,0.609272782699546,0.731282073883439,0.595187343912389,0.640157817171211,0.682015346232204
1.312,0.716139396565546,0.605144621726681,0.753369684037911,0.613098722318467,0.595630177602464,0.60927505167541,0.731281990297081,0.595189901334526,0.640159402736647,0.682016364185748
1.314,0.716138915480519,0.605147312104597,0.753362558469496,0.613101517623831,0.59563301533479,0.609277320651275,0.731281906710723,0.595192458756663,0.640160988302084,0.682017382139292
1.316,0.716138434395493,0.605150002482514,0.753355432901081,0.613104312929196,0.595635853067116,0.60927958962714,0.731281823124366,0.595195016178799,0.640162573867521,0.682018400092836
1.318,0.716137953310466,0.60515269286043,0.753348307332665,0.61310710823456,0.595638690799443,0.609281858603005,0.731281739538008,0.595197573600936,0.640164159432957,0.68201941804638
1.32,0.716137472225439,0.605155383238346,0.75334118176425,0.613109903539924,0.59564140863525,0.609284127578869,0.731281655951651,0.595200131023073,0.640165744998394,0.682020435999924
1.322,0.716136991140413,0.605158073616263,0.753334056195835,0.613112698845288,0.595643504190594,0.609286396554734,0.731281572365293,0.59520268844521,0.64016733056383,0.682021453953468
1.324,0.716136510055386,0.605160763994179,0.753326930627419,0.613115494150652,0.595645599745938,0.609288665530599,0.731281488778935,0.595204619294302,0.640168916129267,0.682022471907012
1.326,0.716136028970359,0.605163454372095,0.753319805059004,0.613118289456016,0.595647695301281,0.609290934506464,0.731281405192578,0.595206469903797,0.640170501694704,0.682023489860556
1.328,0.716135547885333,0.605166144750012,0.753312679490589,0.613121084761381,0.595649790856625,0.609293203482328,0.73128132160622,0.595208320513293,0.64017208726014,0.6820245078141
1.33,0.716135066800306,0.605168835127928,0.753306915571765,0.613123880066745,0.595651886411969,0.609295472458193,0.73128127622842,0.595210171122789,0.640173672825577,0.682025525767644
1.332,0.716134585715279,0.605171525505844,0.753301862018374,0.613126675372109,0.595653981967312,0.609297741434058,0.731281427551787,0.595212021732284,0.640175258391014,0.682026543721188
1.334,0.716134104630253,0.605174215883761,0.753296808464982,0.613129470677473,0.595656077522656,0.609300010409923,0.731281578875154,0.59521387234178,0.64017684395645,0.682027561674732
1.336,0.716133623545226,0.605176906261677,0.753291754911591,0.613132265982837,0.595658173078,0.609302279385788,0.731281730198521,0.595215722951276,0.640178429521887,0.682028579628276
1.338,0.7161331424602,0.605179500142632,0.7532867013582,0.613135061288201,0.595660268633344,0.609304548361652,0.731281881521888,0.595217573560771,0.640180015087323,0.68202959758182
1.34,0.716132661375173,0.605181520196058,0.753281647804808,0.613137856593566,0.595662364188687,0.609306817337517,0.731282032845255,0.595219424170267,0.64018160065276,0.682030615535364
1.342,0.716132180290146,0.605183540249485,0.753276594251417,0.61314065189893,0.595664459744031,0.609308709794883,0.731282184168621,0.595221274779763,0.640183186218197,0.682031385534428
1.344,0.71613169920512,0.605185560302911,0.753271540698025,0.613143447204294,0.595666555299375,0.609310370027654,0.731282335491988,0.595223125389259,0.640184755180922,0.682032037553963
1.346,0.716131218120093,0.605187580356337,0.753266487144634,0.61314592018455,0.595668650854719,0.609312030260425,0.731282486815355,0.595224975998754,0.64018590116774,0.682032689573497
1.348,0.71613040637482,0.605189600409764,0.753261433591242,0.613147888672437,0.595670746410062,0.609313690493197,0.731282638138722,0.59522682660825,0.640187047154558,0.682033341593032
1.35,0.716129293604846,0.60519162046319,0.753256380037851,0.613149857160324,0.595672841965406,0.609315350725968,0.731282789462089,0.595228677217746,0.640188193141376,0.682033993612566
1.352,0.716128180834873,0.605193640516617,0.753251326484459,0.613151825648212,0.59567493752075,0.609317010958739,0.731282940785455,0.595230527827242,0.640189339128194,0.682034645632101
1.354,0.716127068064899,0.605195660570043,0.753246272931068,0.613153794136099,0.595677033076094,0.60931867119151,0.731283092108822,0.595232378436737,0.640190485115013,0.682035297651635
1.356,0.716125955294926,0.60519768062347,0.753241219377677,0.613155762623986,0.595679128631437,0.609320331424282,0.731283243432189,0.595234229046233,0.640191631101831,0.68203594967117
1.358,0.716124842524953,0.605199700676896,0.753236165824285,0.613157731111873,0.595681224186781,0.609321991657053,0.731283394755556,0.595236079655729,0.640192777088649,0.682036601690704
1.36,0.716123729754979,0.605201720730323,0.753231112270894,0.61315969959976,0.595683319742125,0.609323651889824,0.731283546078923,0.595237930265224,0.640193923075467,0.682037253710238
1.362,0.716122616985006,0.605203740783749,0.753226058717502,0.613161668087647,0.595685415297468,0.609325312122595,0.731283697402289,0.59523978087472,0.640195069062285,0.682037905729773
1.364,0.716121504215033,0.605205760837176,0.753221005164111,0.613163636575534,0.595687510852812,0.609326972355366,0.731283848725656,0.595241631484216,0.640196215049103,0.682038557749307
1.366,0.716120391445059,0.605207780890602,0.753215951610719,0.613165605063422,0.595689606408156,0.609328632588138,0.731284000049023,0.595243482093711,0.640197361035921,0.682039209768842
1.368,0.716119278675086,0.605209800944029,0.753210898057328,0.613167573551309,0.5956917019635,0.609330292820909,0.73128415137239,0.595245332703207,0.640198507022739,0.682039861788376
1.37,0.716118165905113,0.605211820997455,0.753205844503936,0.613169542039196,0.595693708403399,0.60933195305368,0.731284302695757,0.595247183312703,0.640199653009557,0.682040513807911
1.372,0.716117053135139,0.605213841050881,0.753200790950545,0.613171510527083,0.595695252321112,0.609333613286451,0.731284454019123,0.595249033922199,0.640200798996375,0.682041165827445
1.374,0.716115940365166,0.605215861104308,0.753195737397153,0.61317347901497,0.595696796238826,0.609335273519223,0.73128460534249,0.59525040586522,0.640201944983193,0.682041817846979
1.376,0.716114827595193,0.605217881157734,0.753190683843762,0.613175447502857,0.595698340156539,0.609336933751994,0.731284756665857,0.595251716509715,0.640203090970012,0.682042469866514
1.378,0.716113714825219,0.605219901211161,0.753185630290371,0.613177415990744,0.595699884074252,0.609338593984765,0.731284907989224,0.59525302715421,0.64020423695683,0.682043121886048
1.38,0.716112602055246,0.605221921264587,0.753181837770852,0.613179384478632,0.595701427991966,0.609340254217536,0.731285081353596,0.595254337798705,0.640205382943648,0.682043773905583
1.382,0.716111489285272,0.605223941318014,0.753178703126074,0.613181352966519,0.595702971909679,0.609341914450307,0.731285368187085,0.5952556484432,0.640206528930466,0.682044425925117
1.384,0.716110376515299,0.60522596137144,0.753175568481296,0.613183321454406,0.595704515827393,0.609343574683079,0.731285655020574,0.595256959087695,0.640207674917284,0.682045077944652
1.386,0.716109263745326,0.605227981424867,0.753172433836518,0.613185289942293,0.595706059745106,0.60934523491585,0.731285941854063,0.59525826973219,0.640208820904102,0.682045729964186
1.388,0.716108150975353,0.605229929406895,0.75316929919174,0.61318725843018,0.595707603662819,0.609346895148621,0.731286228687553,0.595259580376685,0.64020996689092,0.682046381983721
1.39,0.716107038205379,0.605231448810118,0.753166164546963,0.613189226918067,0.595709147580533,0.609348555381393,0.731286515521042,0.595260891021181,0.640211112877738,0.682047034003255
1.392,0.716105925435406,0.605232968213342,0.753163029902185,0.613191195405954,0.595710691498246,0.609349936614151,0.731286802354531,0.595262201665676,0.640212258864557,0.68204753116093
1.394,0.716104812665432,0.605234487616566,0.753159895257407,0.613193163893841,0.59571223541596,0.609351145768605,0.731287089188021,0.595263512310171,0.64021339276584,0.68204795463359
1.396,0.716103699895459,0.60523600701979,0.753156760612629,0.613194890996434,0.595713779333673,0.609352354923059,0.73128737602151,0.595264822954666,0.640214218772242,0.68204837810625
1.398,0.716102527413347,0.605237526423013,0.753153625967851,0.613196240290921,0.595715323251386,0.609353564077513,0.731287662854999,0.595266133599161,0.640215044778643,0.68204880157891
1.4,0.716101300570817,0.605239045826237,0.753150491323073,0.613197589585407,0.5957168671691,0.609354773231968,0.731287949688488,0.595267444243656,0.640215870785045,0.68204922505157
1.402,0.716100073728288,0.605240565229461,0.753147356678295,0.613198938879894,0.595718411086813,0.609355982386422,0.731288236521978,0.595268754888151,0.640216696791446,0.68204964852423
1.404,0.716098846885759,0.605242084632685,0.753144222033517,0.61320028817438,0.595719955004527,0.609357191540876,0.731288523355467,0.595270065532646,0.640217522797848,0.68205007199689
1.406,0.71609762004323,0.605243604035909,0.753141087388739,0.613201637468866,0.59572149892224,0.60935840069533,0.731288810188956,0.595271376177141,0.640218348804249,0.68205049546955
1.408,0.716096393200701,0.605245123439132,0.753137952743961,0.613202986763353,0.595723042839953,0.609359609849784,0.731289097022445,0.595272686821636,0.64021917481065,0.68205091894221
1.41,0.716095166358172,0.605246642842356,0.753134818099183,0.613204336057839,0.595724586757667,0.609360819004238,0.731289383855935,0.595273997466131,0.640220000817052,0.68205134241487
1.412,0.716093939515643,0.60524816224558,0.753131683454405,0.613205685352326,0.59572613067538,0.609362028158692,0.731289670689424,0.595275308110626,0.640220826823453,0.682051765887531
1.414,0.716092712673114,0.605249681648804,0.753128548809628,0.613207034646812,0.595727674593094,0.609363237313146,0.731289957522913,0.595276618755121,0.640221652829855,0.682052189360191
1.416,0.716091485830585,0.605251201052027,0.75312541416485,0.613208383941298,0.595729218510807,0.6093644464676,0.731290244356402,0.595277929399616,0.640222478836256,0.682052612832851
1.418,0.716090258988056,0.605252720455251,0.753122279520072,0.613209733235785,0.59573076242852,0.609365655622054,0.731290531189892,0.595279240044111,0.640223304842658,0.682053036305511
1.42,0.716089032145527,0.605254239858475,0.753119144875294,0.613211082530271,0.595732237910397,0.609366864776508,0.731290818023381,0.595280550688607,0.640224130849059,0.682053459778171
1.422,0.716087805302998,0.605255759261699,0.753116010230516,0.613212431824758,0.595733358200277,0.609368073930962,0.73129110485687,0.595281861333102,0.640224956855461,0.682053883250831
1.424,0.716086578460469,0.605257278664923,0.753112875585738,0.613213781119244,0.595734478490156,0.609369283085417,0.73129139169036,0.595282814226401,0.640225782861862,0.682054306723491
1.426,0.71608535161794,0.605258798068146,0.75310974094096,0.61321513041373,0.595735598780036,0.609370492239871,0.731291678523849,0.595283721305709,0.640226608868264,0.682054730196151
1.428,0.716084124775411,0.60526031747137,0.753106606296182,0.613216479708217,0.595736719069916,0.609371701394325,0.731291965357338,0.595284628385018,0.640227434874665,0.682055153668811
1.43,0.716082897932881,0.605261836874594,0.753104456693137,0.613217829002703,0.595737839359796,0.609372910548779,0.731292257293387,0.595285535464327,0.640228260881067,0.682055577141471
1.432,0.716081671090352,0.605263356277818,0.753102820981185,0.613219178297189,0.595738959649675,0.609374119703233,0.731292575497883,0.595286442543636,0.640229086887468,0.682056000614131
1.434,0.716080444247823,0.605264875681041,0.753101185269233,0.613220527591676,0.595740079939555,0.609375328857687,0.731292893702379,0.595287349622944,0.64022991289387,0.682056424086792
1.436,0.716079217405294,0.605266395084265,0.753099549557281,0.613221876886162,0.595741200229434,0.609376538012141,0.731293211906875,0.595288256702253,0.640230738900271,0.682056847559452
1.438,0.716077990562765,0.605267859607922,0.753097913845329,0.613223226180649,0.595742320519314,0.609377747166595,0.731293530111371,0.595289163781562,0.640231564906673,0.682057271032112
1.44,0.716076763720236,0.605268997785487,0.753096278133377,0.613224575475135,0.595743440809194,0.609378956321049,0.731293848315867,0.595290070860871,0.640232390913074,0.682057694504772
1.442,0.716075536877707,0.605270135963052,0.753094642421424,0.613225924769621,0.595744561099074,0.609379960465278,0.731294166520363,0.595290977940179,0.640233216919476,0.682058023825457
1.444,0.716074310035178,0.605271274140618,0.753093006709472,0.613227274064108,0.595745681388953,0.609380838165741,0.731294484724858,0.595291885019488,0.640234034281732,0.682058308347573
1.446,0.716073083192649,0.605272412318183,0.75309137099752,0.613228447788748,0.595746801678833,0.609381715866205,0.731294802929354,0.595292792098797,0.640234631423026,0.682058592869689
1.448,0.716071930500537,0.605273550495748,0.753089735285568,0.613229346717396,0.595747921968713,0.609382593566668,0.73129512113385,0.595293699178106,0.640235228564319,0.682058877391806
1.45,0.716070845313085,0.605274688673314,0.753088099573616,0.613230245646045,0.595749042258592,0.609383471267131,0.731295439338346,0.595294606257414,0.640235825705613,0.682059161913922
1.452,0.716069760125632,0.605275826850879,0.753086463861664,0.613231144574693,0.595750162548472,0.609384348967595,0.731295757542842,0.595295513336723,0.640236422846907,0.682059446436038
1.454,0.716068674938179,0.605276965028444,0.753084828149711,0.613232043503342,0.595751282838352,0.609385226668058,0.731296075747338,0.595296420416032,0.6402370199882,0.682059730958154
1.456,0.716067589750727,0.605278103206009,0.753083192437759,0.61323294243199,0.595752403128231,0.609386104368522,0.731296393951834,0.595297327495341,0.640237617129494,0.682060015480271
1.458,0.716066504563274,0.605279241383575,0.753081556725807,0.613233841360639,0.595753523418111,0.609386982068985,0.73129671215633,0.59529823457465,0.640238214270788,0.682060300002387
1.46,0.716065419375821,0.60528037956114,0.753079921013855,0.613234740289287,0.595754643707991,0.609387859769449,0.731297030360826,0.595299141653958,0.640238811412081,0.682060584524503
1.462,0.716064334188368,0.605281517738705,0.753078285301903,0.613235639217936,0.59575576399787,0.609388737469912,0.731297348565322,0.595300048733267,0.640239408553375,0.682060869046619
1.464,0.716063249000916,0.605282655916271,0.753076649589951,0.613236538146584,0.59575688428775,0.609389615170375,0.731297666769817,0.595300955812576,0.640240005694669,0.682061153568736
1.466,0.716062163813463,0.605283794093836,0.753075013877998,0.613237437075233,0.59575800457763,0.609390492870839,0.731297984974313,0.595301862891885,0.640240602835963,0.682061438090852
1.468,0.71606107862601,0.605284932271401,0.753073378166046,0.613238336003881,0.595759124867509,0.609391370571302,0.731298303178809,0.595302769971193,0.640241199977256,0.682061722612968
1.47,0.716059993438558,0.605286070448966,0.753071742454094,0.61323923493253,0.59576019850017,0.609392248271766,0.731298621383305,0.595303677050502,0.64024179711855,0.682062007135084
1.472,0.716058908251105,0.605287208626532,0.753070106742142,0.613240133861178,0.595761029975042,0.609393125972229,0.731298939587801,0.595304584129811,0.640242394259844,0.682062291657201
1.474,0.716057823063652,0.605288346804097,0.75306847103019,0.613241032789827,0.595761861449913,0.609394003672692,0.731299257792297,0.595305229382562,0.640242991401137,0.682062576179317
1.476,0.7160567378762,0.605289484981662,0.753066835318237,0.613241931718475,0.595762692924785,0.609394881373156,0.731299575996793,0.595305841105533,0.640243588542431,0.682062860701433
1.478,0.716055652688747,0.605290623159227,0.753065199606285,0.613242830647124,0.595763524399657,0.609395759073619,0.731299894201289,0.595306452828503,0.640244185683725,0.68206314522355
1.48,0.716054567501294,0.605291761336793,0.75306423589452,0.613243729575772,0.595764355874529,0.609396636774083,0.731300210672638,0.595307064551473,0.640244782825018,0.682063429745666
1.482,0.716053482313841,0.605292899514358,0.753063622761717,0.613244628504421,0.5957651873494,0.609397514474546,0.731300518221589,0.595307676274443,0.640245379966312,0.682063714267782
1.484,0.716052397126389,0.605294037691923,0.753063009628915,0.613245527433069,0.595766018824272,0.609398392175009,0.73130082577054,0.595308287997413,0.640245977107606,0.682063998789898
1.486,0.716051311938936,0.605295175869489,0.753062396496113,0.613246426361717,0.595766850299144,0.609399269875473,0.731301133319492,0.595308899720383,0.640246574248899,0.682064283312015
1.488,0.716050226751483,0.605296272543291,0.753061783363311,0.613247325290366,0.595767681774016,0.609400147575936,0.731301440868443,0.595309511443354,0.640247171390193,0.682064567834131
1.49,0.716049141564031,0.605297122411378,0.753061170230509,0.613248224219014,0.595768513248887,0.6094010252764,0.731301748417394,0.595310123166324,0.640247768531487,0.682064852356247
1.492,0.716048056376578,0.605297972279466,0.753060557097706,0.613249123147663,0.595769344723759,0.609401752849892,0.731302055966345,0.595310734889294,0.64024836567278,0.682065076417675
1.494,0.716046971189125,0.605298822147553,0.753059943964904,0.613250022076311,0.595770176198631,0.60940238782986,0.731302363515297,0.595311346612264,0.640248956617677,0.682065271711226
1.496,0.716045886001672,0.60529967201564,0.753059330832102,0.613250796381501,0.595771007673503,0.609403022809827,0.731302671064248,0.595311958335234,0.640249389701226,0.682065467004778
1.498,0.716044925961516,0.605300521883728,0.7530587176993,0.613251375630265,0.595771839148374,0.609403657789795,0.731302978613199,0.595312570058204,0.640249822784774,0.682065662298329
1.5,0.716044079852282,0.605301371751815,0.753058104566498,0.613251954879028,0.595772670623246,0.609404292769762,0.731303286162151,0.595313181781175,0.640250255868323,0.682065857591881
1.502,0.716043233743049,0.605302221619902,0.753057491433695,0.613252534127792,0.595773502098118,0.60940492774973,0.731303593711102,0.595313793504145,0.640250688951871,0.682066052885432
1.504,0.716042387633815,0.60530307148799,0.753056878300893,0.613253113376555,0.59577433357299,0.609405562729697,0.731303901260053,0.595314405227115,0.64025112203542,0.682066248178984
1.506,0.716041541524581,0.605303921356077,0.753056265168091,0.613253692625319,0.595775165047861,0.609406197709665,0.731304208809004,0.595315016950085,0.640251555118968,0.682066443472535
1.508,0.716040695415348,0.605304771224164,0.753055652035289,0.613254271874082,0.595775996522733,0.609406832689632,0.731304516357956,0.595315628673055,0.640251988202516,0.682066638766087
1.51,0.716039849306114,0.605305621092252,0.753055038902486,0.613254851122846,0.595776827997605,0.6094074676696,0.731304823906907,0.595316240396025,0.640252421286065,0.682066834059638
1.512,0.716039003196881,0.605306470960339,0.753054425769684,0.613255430371609,0.595777659472477,0.609408102649567,0.731305131455858,0.595316852118995,0.640252854369613,0.68206702935319
1.514,0.716038157087647,0.605307320828426,0.753053812636882,0.613256009620373,0.595778490947348,0.609408737629535,0.731305439004809,0.595317463841966,0.640253287453162,0.682067224646741
1.516,0.716037310978413,0.605308170696514,0.75305319950408,0.613256588869136,0.59577932242222,0.609409372609502,0.731305746553761,0.595318075564936,0.64025372053671,0.682067419940293
1.518,0.71603646486918,0.605309020564601,0.753052586371278,0.6132571681179,0.595780153897092,0.60941000758947,0.731306054102712,0.595318687287906,0.640254153620259,0.682067615233844
1.52,0.716035618759946,0.605309870432688,0.753051973238475,0.613257747366663,0.595780947709986,0.609410642569437,0.731306361651663,0.595319299010876,0.640254586703807,0.682067810527396
1.522,0.716034772650713,0.605310720300776,0.753051360105673,0.613258326615427,0.595781546051709,0.609411277549404,0.731306669200614,0.595319910733846,0.640255019787356,0.682068005820947
1.524,0.716033926541479,0.605311570168863,0.753050746972871,0.61325890586419,0.595782144393431,0.609411912529372,0.731306976749566,0.595320335739649,0.640255452870904,0.682068201114499
1.526,0.716033080432246,0.60531242003695,0.753050133840069,0.613259485112954,0.595782742735154,0.609412547509339,0.731307284298517,0.595320736834256,0.640255885954452,0.682068396408051
1.528,0.716032234323012,0.605313269905038,0.753049520707267,0.613260064361717,0.595783341076876,0.609413182489307,0.731307591847468,0.595321137928864,0.640256319038001,0.682068591701602
1.53,0.716031388213779,0.605314119773125,0.753049301052221,0.613260643610481,0.595783939418599,0.609413817469274,0.731307891367065,0.595321539023472,0.640256752121549,0.682068786995153
1.532,0.716030542104545,0.605314969641212,0.753049286672452,0.613261222859244,0.595784537760322,0.609414452449242,0.731308149550806,0.595321940118079,0.640257185205098,0.682068982288705
1.534,0.716029695995312,0.6053158195093,0.753049272292682,0.613261802108008,0.595785136102044,0.609415087429209,0.731308407734547,0.595322341212687,0.640257618288646,0.682069177582256
1.536,0.716028849886078,0.605316669377387,0.753049257912913,0.613262381356771,0.595785734443767,0.609415722409177,0.731308665918289,0.595322742307295,0.640258051372195,0.682069372875808
1.538,0.716028003776845,0.605317489783046,0.753049243533144,0.613262960605534,0.59578633278549,0.609416357389144,0.73130892410203,0.595323143401902,0.640258484455743,0.68206956816936
1.54,0.716027157667611,0.605318134987823,0.753049229153375,0.613263539854298,0.595786931127213,0.609416992369112,0.731309182285771,0.59532354449651,0.640258917539291,0.682069763462911
1.542,0.716026311558377,0.605318780192602,0.753049214773606,0.613264119103061,0.595787529468935,0.609417518830533,0.731309440469512,0.595323945591118,0.64025935062284,0.682069917574945
1.544,0.716025465449144,0.60531942539738,0.753049200393836,0.613264698351825,0.595788127810658,0.609417978361177,0.731309698653254,0.595324346685725,0.640259779184273,0.682070052092349
1.546,0.71602461933991,0.605320070602158,0.753049186014067,0.613265191555208,0.59578872615238,0.609418437891822,0.731309956836995,0.595324747780333,0.640260092538882,0.682070186609754
1.548,0.716023901815746,0.605320715806936,0.753049171634298,0.613265550083267,0.595789324494103,0.609418897422466,0.731310215020736,0.595325148874941,0.640260405893491,0.682070321127158
1.55,0.716023301352166,0.605321361011714,0.753049157254529,0.613265908611327,0.595789922835826,0.609419356953111,0.731310473204478,0.595325549969548,0.640260719248099,0.682070455644563
1.552,0.716022700888587,0.605322006216492,0.75304914287476,0.613266267139387,0.595790521177548,0.609419816483755,0.731310731388219,0.595325951064156,0.640261032602708,0.682070590161967
1.554,0.716022100425008,0.60532265142127,0.75304912849499,0.613266625667447,0.595791119519271,0.6094202760144,0.73131098957196,0.595326352158764,0.640261345957316,0.682070724679371
1.556,0.716021499961428,0.605323296626048,0.753049114115221,0.613266984195507,0.595791717860994,0.609420735545045,0.731311247755701,0.595326753253371,0.640261659311925,0.682070859196776
1.558,0.716020899497849,0.605323941830826,0.753049099735452,0.613267342723567,0.595792316202717,0.609421195075689,0.731311505939442,0.595327154347979,0.640261972666533,0.68207099371418
1.56,0.716020299034269,0.605324587035605,0.753049085355683,0.613267701251627,0.595792914544439,0.609421654606334,0.731311764123184,0.595327555442587,0.640262286021142,0.682071128231585
1.562,0.71601969857069,0.605325232240383,0.753049070975913,0.613268059779687,0.595793512886162,0.609422114136978,0.731312022306925,0.595327956537194,0.640262599375751,0.682071262748989
1.564,0.71601909810711,0.605325877445161,0.753049056596144,0.613268418307747,0.595794111227885,0.609422573667623,0.731312280490666,0.595328357631802,0.640262912730359,0.682071397266394
1.566,0.716018497643531,0.605326522649939,0.753049042216375,0.613268776835807,0.595794709569607,0.609423033198267,0.731312538674407,0.59532875872641,0.640263226084968,0.682071531783798
1.568,0.716017897179951,0.605327167854717,0.753049027836606,0.613269135363867,0.59579530791133,0.609423492728912,0.731312796858149,0.595329159821017,0.640263539439576,0.682071666301203
1.57,0.716017296716372,0.605327813059495,0.753049013456837,0.613269493891927,0.595795879447187,0.609423952259556,0.73131305504189,0.595329560915625,0.640263852794185,0.682071800818607
1.572,0.716016696252793,0.605328458264273,0.753048999077068,0.613269852419987,0.595796311856682,0.609424411790201,0.731313313225631,0.595329962010233,0.640264166148793,0.682071935336011
1.574,0.716016095789213,0.605329103469051,0.753048984697298,0.613270210948047,0.595796744266177,0.609424871320845,0.731313571409372,0.595330233130933,0.640264479503402,0.682072069853416
1.576,0.716015495325634,0.605329748673829,0.753048970317529,0.613270569476107,0.595797176675673,0.60942533085149,0.731313829593114,0.595330487607039,0.640264792858011,0.68207220437082
1.578,0.716014894862054,0.605330393878607,0.75304895593776,0.613270928004167,0.595797609085168,0.609425790382134,0.731314087776855,0.595330742083146,0.640265106212619,0.682072338888225
1.58,0.716014294398475,0.605331039083385,0.753049132283819,0.613271286532227,0.595798041494663,0.609426249912779,0.731314336728653,0.595330996559253,0.640265419567228,0.682072473405629
1.582,0.716013693934895,0.605331684288164,0.753049408130539,0.613271645060287,0.595798473904159,0.609426709443423,0.731314538153556,0.595331251035359,0.640265732921836,0.682072607923033
1.584,0.716013093471316,0.605332329492942,0.75304968397726,0.613272003588346,0.595798906313654,0.609427168974068,0.731314739578459,0.595331505511466,0.640266046276445,0.682072742440438
1.586,0.716012493007736,0.60533297469772,0.75304995982398,0.613272362116406,0.595799338723149,0.609427628504712,0.731314941003362,0.595331759987572,0.640266359631053,0.682072876957842
1.588,0.716011892544157,0.605333595876211,0.753050235670701,0.613272720644466,0.595799771132644,0.609428088035357,0.731315142428265,0.595332014463679,0.640266672985662,0.682073011475247
1.59,0.716011292080577,0.605334074180312,0.753050511517422,0.613273079172526,0.59580020354214,0.609428547566001,0.731315343853168,0.595332268939786,0.640266986340271,0.682073145992651
1.592,0.716010691616998,0.605334552484413,0.753050787364142,0.613273437700586,0.595800635951635,0.609428927141119,0.731315545278071,0.595332523415892,0.640267299694879,0.682073254588914
1.594,0.716010091153419,0.605335030788514,0.753051063210863,0.613273796228646,0.59580106836113,0.609429257402218,0.731315746702974,0.595332777891999,0.640267609828699,0.682073350851607
1.596,0.716009490689839,0.605335509092615,0.753051339057583,0.613274097123736,0.595801500770625,0.609429587663318,0.731315948127877,0.595333032368105,0.64026783790868,0.6820734471143
1.598,0.716009000119434,0.605335987396717,0.753051614904304,0.613274307813648,0.595801933180121,0.609429917924417,0.73131614955278,0.595333286844212,0.640268065988662,0.682073543376993
1.6,0.716008609592988,0.605336465700818,0.753051890751024,0.61327451850356,0.595802365589616,0.609430248185516,0.731316350977683,0.595333541320318,0.640268294068644,0.682073639639685
1.602,0.716008219066541,0.605336944004919,0.753052166597745,0.613274729193472,0.595802797999111,0.609430578446616,0.731316552402586,0.595333795796425,0.640268522148626,0.682073735902378
1.604,0.716007828540094,0.60533742230902,0.753052442444465,0.613274939883384,0.595803230408607,0.609430908707715,0.731316753827489,0.595334050272532,0.640268750228608,0.682073832165071
1.606,0.716007438013647,0.605337900613121,0.753052718291186,0.613275150573297,0.595803662818102,0.609431238968815,0.731316955252392,0.595334304748638,0.640268978308589,0.682073928427763
1.608,0.716007047487201,0.605338378917222,0.753052994137906,0.613275361263209,0.595804095227597,0.609431569229914,0.731317156677295,0.595334559224745,0.640269206388571,0.682074024690456
1.61,0.716006656960754,0.605338857221323,0.753053269984627,0.613275571953121,0.595804527637092,0.609431899491014,0.731317358102198,0.595334813700851,0.640269434468553,0.682074120953149
1.612,0.716006266434307,0.605339335525424,0.753053545831348,0.613275782643033,0.595804960046588,0.609432229752113,0.731317559527101,0.595335068176958,0.640269662548534,0.682074217215842
1.614,0.71600587590786,0.605339813829525,0.753053821678068,0.613275993332945,0.595805392456083,0.609432560013213,0.731317760952004,0.595335322653065,0.640269890628516,0.682074313478535
1.616,0.716005485381414,0.605340292133626,0.753054097524789,0.613276204022857,0.595805824865578,0.609432890274312,0.731317962376907,0.595335577129171,0.640270118708498,0.682074409741227
1.618,0.716005094854967,0.605340770437727,0.753054373371509,0.613276414712769,0.595806257275074,0.609433220535412,0.73131816380181,0.595335831605278,0.64027034678848,0.68207450600392
1.62,0.71600470432852,0.605341248741828,0.75305464921823,0.613276625402681,0.595806670697155,0.609433550796511,0.731318365226713,0.595336086081384,0.640270574868462,0.682074602266613
1.622,0.716004313802073,0.605341727045929,0.75305492506495,0.613276836092593,0.59580698557178,0.609433881057611,0.731318566651616,0.595336340557491,0.640270802948443,0.682074698529305
1.624,0.716003923275627,0.60534220535003,0.753055200911671,0.613277046782505,0.595807300446405,0.60943421131871,0.731318768076519,0.595336506371837,0.640271031028425,0.682074794791998
1.626,0.71600353274918,0.605342683654131,0.753055476758391,0.613277257472417,0.59580761532103,0.609434541579809,0.731318969501422,0.595336660832065,0.640271259108407,0.682074891054691
1.628,0.716003142222733,0.605343161958232,0.753055752605112,0.61327746816233,0.595807930195655,0.609434871840909,0.731319170926325,0.595336815292294,0.640271487188389,0.682074987317384
1.63,0.716002751696286,0.605343640262333,0.753056083778572,0.613277678852242,0.59580824507028,0.609435202102008,0.731319364092308,0.595336969752522,0.64027171526837,0.682075083580077
1.632,0.71600236116984,0.605344118566434,0.7530564438157,0.613277889542154,0.595808559944905,0.609435532363108,0.73131951474061,0.595337124212751,0.640271943348352,0.682075179842769
1.634,0.716001970643393,0.605344596870535,0.753056803852829,0.613278100232066,0.59580887481953,0.609435862624207,0.731319665388912,0.595337278672979,0.640272171428334,0.682075276105462
1.636,0.716001580116946,0.605345075174636,0.753057163889958,0.613278310921978,0.595809189694155,0.609436192885307,0.731319816037215,0.595337433133208,0.640272399508315,0.682075372368155
1.638,0.716001189590499,0.605345536864535,0.753057523927086,0.61327852161189,0.59580950456878,0.609436523146406,0.731319966685517,0.595337587593436,0.640272627588297,0.682075468630847
1.64,0.716000799064053,0.605345899756644,0.753057883964215,0.613278732301802,0.595809819443405,0.609436853407506,0.731320117333819,0.595337742053664,0.640272855668279,0.68207556489354
1.642,0.716000408537606,0.605346262648753,0.753058244001344,0.613278942991714,0.59581013431803,0.609437126229417,0.731320267982121,0.595337896513893,0.640273083748261,0.682075642728572
1.644,0.716000018011159,0.605346625540861,0.753058604038472,0.613279153681626,0.595810449192655,0.609437363624671,0.731320418630423,0.595338050974121,0.640273309467583,0.682075711795516
1.646,0.715999627484712,0.60534698843297,0.753058964075601,0.613279326837656,0.59581076406728,0.609437601019925,0.731320569278725,0.59533820543435,0.640273475046,0.68207578086246
1.648,0.715999320520447,0.605347351325079,0.753059324112729,0.61327944124692,0.595811078941905,0.609437838415179,0.731320719927028,0.595338359894578,0.640273640624417,0.682075849929404
1.65,0.715999089629071,0.605347714217188,0.753059684149858,0.613279555656185,0.59581139381653,0.609438075810433,0.73132087057533,0.595338514354807,0.640273806202835,0.682075918996348
1.652,0.715998858737695,0.605348077109297,0.753060044186987,0.613279670065449,0.595811708691155,0.609438313205687,0.731321021223632,0.595338668815035,0.640273971781252,0.682075988063292
1.654,0.715998627846319,0.605348440001405,0.753060404224115,0.613279784474714,0.59581202356578,0.609438550600941,0.731321171871934,0.595338823275264,0.640274137359669,0.682076057130236
1.656,0.715998396954943,0.605348802893514,0.753060764261244,0.613279898883978,0.595812338440405,0.609438787996194,0.731321322520236,0.595338977735492,0.640274302938086,0.68207612619718
1.658,0.715998166063567,0.605349165785623,0.753061124298373,0.613280013293243,0.59581265331503,0.609439025391448,0.731321473168539,0.595339132195721,0.640274468516503,0.682076195264124
1.66,0.715997935172191,0.605349528677732,0.753061484335501,0.613280127702507,0.595812968189655,0.609439262786702,0.731321623816841,0.595339286655949,0.64027463409492,0.682076264331068
1.662,0.715997704280815,0.605349891569841,0.75306184437263,0.613280242111772,0.59581328306428,0.609439500181956,0.731321774465143,0.595339441116178,0.640274799673338,0.682076333398012
1.664,0.715997473389439,0.605350254461949,0.753062204409759,0.613280356521036,0.595813597938905,0.60943973757721,0.731321925113445,0.595339595576406,0.640274965251755,0.682076402464955
1.666,0.715997242498063,0.605350617354058,0.753062564446887,0.613280470930301,0.59581391281353,0.609439974972464,0.731322075761747,0.595339750036635,0.640275130830172,0.682076471531899
1.668,0.715997011606687,0.605350980246167,0.753062924484016,0.613280585339565,0.595814227688155,0.609440212367718,0.731322226410049,0.595339904496863,0.640275296408589,0.682076540598843
1.67,0.715996780715311,0.605351343138276,0.753063284521145,0.61328069974883,0.595814528724498,0.609440449762972,0.731322377058352,0.595340058957092,0.640275461987006,0.682076609665787
1.672,0.715996549823935,0.605351706030385,0.753063644558273,0.613280814158094,0.595814757938132,0.609440687158225,0.731322527706654,0.59534021341732,0.640275627565424,0.682076678732731
1.674,0.715996318932559,0.605352068922493,0.753064004595402,0.613280928567359,0.595814987151767,0.609440924553479,0.731322678354956,0.595340309281749,0.640275793143841,0.682076747799675
1.676,0.715996088041183,0.605352431814602,0.75306436463253,0.613281042976623,0.595815216365402,0.609441161948733,0.731322829003258,0.595340397642338,0.640275958722258,0.682076816866619
1.678,0.715995857149807,0.605352794706711,0.753064724669659,0.613281157385888,0.595815445579036,0.609441399343987,0.73132297965156,0.595340486002928,0.640276124300675,0.682076885933563
1.68,0.715995626258431,0.60535315759882,0.753065069643611,0.613281271795152,0.595815674792671,0.609441636739241,0.731323122569607,0.595340574363517,0.640276289879092,0.682076955000507
1.682,0.715995395367055,0.605353520490929,0.753065406759184,0.613281386204417,0.595815904006305,0.609441874134495,0.731323225691587,0.595340662724106,0.640276455457509,0.682077024067451
1.684,0.715995164475679,0.605353883383037,0.753065743874756,0.613281500613681,0.59581613321994,0.609442111529749,0.731323328813568,0.595340751084696,0.640276621035927,0.682077093134395
1.686,0.715994933584303,0.605354246275146,0.753066080990329,0.613281615022946,0.595816362433575,0.609442348925003,0.731323431935549,0.595340839445285,0.640276786614344,0.682077162201339
1.688,0.715994702692927,0.605354595917927,0.753066418105901,0.61328172943221,0.595816591647209,0.609442586320256,0.73132353505753,0.595340927805875,0.640276952192761,0.682077231268283
1.69,0.715994471801551,0.605354866772431,0.753066755221474,0.613281843841474,0.595816820860844,0.60944282371551,0.73132363817951,0.595341016166464,0.640277117771178,0.682077300335227
1.692,0.715994240910174,0.605355137626935,0.753067092337046,0.613281958250739,0.595817050074478,0.609443020024121,0.731323741301491,0.595341104527054,0.640277283349595,0.682077356370076
1.694,0.715994010018798,0.605355408481439,0.753067429452619,0.613282072660003,0.595817279288113,0.609443190991802,0.731323844423471,0.595341192887643,0.640277447218839,0.682077406204107
1.696,0.715993779127422,0.605355679335943,0.753067766568191,0.613282163547269,0.595817508501748,0.609443361959483,0.731323947545452,0.595341281248232,0.640277567544636,0.682077456038139
1.698,0.71599360666846,0.605355950190447,0.753068103683763,0.613282217618697,0.595817737715382,0.609443532927163,0.731324050667433,0.595341369608822,0.640277687870433,0.68207750587217
1.7,0.715993487404884,0.605356221044951,0.753068440799336,0.613282271690124,0.595817966929017,0.609443703894844,0.731324153789414,0.595341457969411,0.640277808196231,0.682077555706202
1.702,0.715993368141308,0.605356491899455,0.753068777914908,0.613282325761552,0.595818196142651,0.609443874862525,0.731324256911394,0.595341546330001,0.640277928522028,0.682077605540234
1.704,0.715993248877731,0.605356762753959,0.753069115030481,0.613282379832979,0.595818425356286,0.609444045830206,0.731324360033375,0.59534163469059,0.640278048847825,0.682077655374265
1.706,0.715993129614155,0.605357033608463,0.753069452146053,0.613282433904407,0.595818654569921,0.609444216797886,0.731324463155355,0.59534172305118,0.640278169173623,0.682077705208297
1.708,0.715993010350579,0.605357304462967,0.753069789261626,0.613282487975834,0.595818883783555,0.609444387765567,0.731324566277336,0.595341811411769,0.64027828949942,0.682077755042328
1.71,0.715992891087003,0.605357575317471,0.753070126377198,0.613282542047262,0.59581911299719,0.609444558733248,0.731324669399317,0.595341899772359,0.640278409825217,0.68207780487636
1.712,0.715992771823427,0.605357846171975,0.753070463492771,0.61328259611869,0.595819342210824,0.609444729700929,0.731324772521297,0.595341988132948,0.640278530151015,0.682077854710392
1.714,0.715992652559851,0.605358117026479,0.753070800608343,0.613282650190117,0.595819571424459,0.609444900668609,0.731324875643278,0.595342076493537,0.640278650476812,0.682077904544423
1.716,0.715992533296275,0.605358387880983,0.753071137723915,0.613282704261545,0.595819800638093,0.60944507163629,0.731324978765259,0.595342164854127,0.640278770802609,0.682077954378455
1.718,0.715992414032699,0.605358658735487,0.753071474839488,0.613282758332972,0.595820029851728,0.609445242603971,0.731325081887239,0.595342253214716,0.640278891128407,0.682078004212487
1.72,0.715992294769122,0.605358929589991,0.75307181195506,0.6132828124044,0.595820248316312,0.609445413571652,0.73132518500922,0.595342341575306,0.640279011454204,0.682078054046518
1.722,0.715992175505546,0.605359200444495,0.753072149070633,0.613282866475827,0.595820410991753,0.609445584539332,0.731325288131201,0.595342429935895,0.640279131780001,0.68207810388055
1.724,0.71599205624197,0.605359471298999,0.753072486186205,0.613282920547255,0.595820573667194,0.609445755507013,0.731325391253181,0.595342481073426,0.640279252105799,0.682078153714581
1.726,0.715991936978394,0.605359742153503,0.753072823301778,0.613282974618683,0.595820736342635,0.609445926474694,0.731325494375162,0.595342527444134,0.640279372431596,0.682078203548613
1.728,0.715991817714818,0.605360013008007,0.75307316041735,0.61328302869011,0.595820899018076,0.609446097442375,0.731325597497143,0.595342573814842,0.640279492757393,0.682078253382645
1.73,0.715991698451242,0.605360283862511,0.753073447753376,0.613283082761538,0.595821061693517,0.609446268410055,0.731325695540789,0.59534262018555,0.640279613083191,0.682078303216676
1.732,0.715991579187665,0.605360554717015,0.753073709119675,0.613283136832965,0.595821224368958,0.609446439377736,0.731325767440704,0.595342666556258,0.640279733408988,0.682078353050708
1.734,0.715991459924089,0.605360825571519,0.753073970485973,0.613283190904393,0.595821387044399,0.609446610345417,0.731325839340619,0.595342712926966,0.640279853734785,0.68207840288474
1.736,0.715991340660513,0.605361096426023,0.753074231852272,0.61328324497582,0.59582154971984,0.609446781313098,0.731325911240535,0.595342759297674,0.640279974060583,0.682078452718771
1.738,0.715991221396937,0.605361357547577,0.753074493218571,0.613283299047248,0.59582171239528,0.609446952280778,0.73132598314045,0.595342805668381,0.64028009438638,0.682078502552803
1.74,0.715991102133361,0.605361560791302,0.753074754584869,0.613283353118676,0.595821875070721,0.609447123248459,0.731326055040365,0.595342852039089,0.640280214712177,0.682078552386834
1.742,0.715990982869785,0.605361764035027,0.753075015951168,0.613283407190103,0.595822037746162,0.609447264000335,0.731326126940281,0.595342898409797,0.640280335037975,0.682078592884907
1.744,0.715990863606209,0.605361967278752,0.753075277317466,0.613283461261531,0.595822200421603,0.609447386116067,0.731326198840196,0.595342944780505,0.640280454123378,0.682078628940825
1.746,0.715990744342633,0.605362170522477,0.753075538683765,0.613283501383959,0.595822363097044,0.609447508231799,0.731326270740111,0.595342991151213,0.640280541608122,0.682078664996744
1.748,0.715990661979409,0.605362373766202,0.753075800050064,0.613283519673885,0.595822525772485,0.609447630347531,0.731326342640026,0.595343037521921,0.640280629092866,0.682078701052663
1.75,0.715990613209331,0.605362577009927,0.753076061416362,0.613283537963812,0.595822688447926,0.609447752463264,0.731326414539942,0.595343083892629,0.640280716577609,0.682078737108581
1.752,0.715990564439253,0.605362780253652,0.753076322782661,0.613283556253738,0.595822851123367,0.609447874578996,0.731326486439857,0.595343130263337,0.640280804062353,0.6820787731645
1.754,0.715990515669175,0.605362983497377,0.75307658414896,0.613283574543664,0.595823013798808,0.609447996694728,0.731326558339772,0.595343176634044,0.640280891547096,0.682078809220418
1.756,0.715990466899097,0.605363186741102,0.753076845515258,0.61328359283359,0.595823176474249,0.60944811881046,0.731326630239687,0.595343223004752,0.64028097903184,0.682078845276336
1.758,0.715990418129019,0.605363389984827,0.753077106881557,0.613283611123516,0.59582333914969,0.609448240926192,0.731326702139602,0.59534326937546,0.640281066516583,0.682078881332255
1.76,0.715990369358941,0.605363593228552,0.753077368247855,0.613283629413442,0.595823501825131,0.609448363041924,0.731326774039518,0.595343315746168,0.640281154001327,0.682078917388174
1.762,0.715990320588863,0.605363796472277,0.753077629614154,0.613283647703369,0.595823664500572,0.609448485157656,0.731326845939433,0.595343362116876,0.64028124148607,0.682078953444092
1.764,0.715990271818784,0.605363999716002,0.753077890980453,0.613283665993295,0.595823827176013,0.609448607273388,0.731326917839348,0.595343408487584,0.640281328970814,0.682078989500011
1.766,0.715990223048707,0.605364202959727,0.753078152346751,0.613283684283221,0.595823989851453,0.60944872938912,0.731326989739263,0.595343454858292,0.640281416455557,0.682079025555929
1.768,0.715990174278628,0.605364406203452,0.75307841371305,0.613283702573147,0.595824152526894,0.609448851504852,0.731327061639179,0.595343501228999,0.640281503940301,0.682079061611848
1.77,0.71599012550855,0.605364609447177,0.753078675079349,0.613283720863073,0.595824308014853,0.609448973620584,0.731327133539094,0.595343547599707,0.640281591425044,0.682079097667766
1.772,0.715990076738472,0.605364812690902,0.753078936445647,0.613283739153,0.59582442619873,0.609449095736317,0.731327205439009,0.595343593970415,0.640281678909788,0.682079133723685
1.774,0.715990027968394,0.605365015934627,0.753079197811946,0.613283757442926,0.595824544382606,0.609449217852049,0.731327277338924,0.595343616771744,0.640281766394531,0.682079169779603
1.776,0.715989979198316,0.605365219178352,0.753079459178244,0.613283775732852,0.595824662566482,0.609449339967781,0.73132734923884,0.595343636554753,0.640281853879275,0.682079205835522
1.778,0.715989930428238,0.605365422422077,0.753079720544543,0.613283794022778,0.595824780750359,0.609449462083513,0.731327421138755,0.595343656337763,0.640281941364019,0.68207924189144
1.78,0.71598988165816,0.605365625665802,0.753079927418522,0.613283812312704,0.595824898934235,0.609449584199245,0.731327489211815,0.595343676120772,0.640282028848762,0.682079277947359
1.782,0.715989832888082,0.605365828909527,0.753080105864144,0.613283830602631,0.595825017118112,0.609449706314977,0.731327537583874,0.595343695903782,0.640282116333506,0.682079314003277
1.784,0.715989784118004,0.605366032153252,0.753080284309767,0.613283848892557,0.595825135301988,0.609449828430709,0.731327585955934,0.595343715686791,0.640282203818249,0.682079350059196
1.786,0.715989735347926,0.605366235396977,0.753080462755389,0.613283867182483,0.595825253485865,0.609449950546441,0.731327634327993,0.5953437354698,0.640282291302993,0.682079386115114
1.788,0.715989686577847,0.60536643129526,0.753080641201012,0.613283885472409,0.595825371669741,0.609450072662173,0.731327682700052,0.59534375525281,0.640282378787736,0.682079422171033
1.79,0.715989637807769,0.605366583513237,0.753080819646634,0.613283903762336,0.595825489853617,0.609450194777905,0.731327731072112,0.595343775035819,0.64028246627248,0.682079458226951
1.792,0.715989589037691,0.605366735731213,0.753080998092256,0.613283922052262,0.595825608037494,0.609450295592686,0.731327779444171,0.595343794818829,0.640282553757223,0.682079487504441
1.794,0.715989540267613,0.60536688794919,0.753081176537879,0.613283940342188,0.59582572622137,0.60945038326972,0.73132782781623,0.595343814601838,0.640282640347519,0.682079513556679
1.796,0.715989491497535,0.605367040167167,0.753081354983501,0.613283950655838,0.595825844405247,0.609450470946753,0.731327876188289,0.595343834384848,0.640282704150585,0.682079539608916
1.798,0.715989464258415,0.605367192385143,0.753081533429124,0.613283948485289,0.595825962589123,0.609450558623787,0.731327924560349,0.595343854167857,0.640282767953651,0.682079565661154
1.8,0.715989456620533,0.60536734460312,0.753081711874746,0.613283946314741,0.595826080772999,0.609450646300821,0.731327972932408,0.595343873950867,0.640282831756717,0.682079591713392
1.802,0.715989448982651,0.605367496821096,0.753081890320368,0.613283944144192,0.595826198956876,0.609450733977855,0.731328021304467,0.595343893733876,0.640282895559783,0.682079617765629
1.804,0.715989441344769,0.605367649039073,0.753082068765991,0.613283941973644,0.595826317140752,0.609450821654888,0.731328069676527,0.595343913516885,0.640282959362849,0.682079643817867
1.806,0.715989433706886,0.60536780125705,0.753082247211613,0.613283939803095,0.595826435324629,0.609450909331922,0.731328118048586,0.595343933299895,0.640283023165915,0.682079669870105
1.808,0.715989426069004,0.605367953475026,0.753082425657235,0.613283937632547,0.595826553508505,0.609450997008956,0.731328166420645,0.595343953082904,0.640283086968981,0.682079695922342
1.81,0.715989418431122,0.605368105693003,0.753082604102858,0.613283935461998,0.595826671692381,0.609451084685989,0.731328214792704,0.595343972865914,0.640283150772047,0.68207972197458
1.812,0.71598941079324,0.60536825791098,0.75308278254848,0.613283933291449,0.595826789876258,0.609451172363023,0.731328263164764,0.595343992648923,0.640283214575113,0.682079748026817
1.814,0.715989403155358,0.605368410128956,0.753082960994103,0.613283931120901,0.595826908060134,0.609451260040057,0.731328311536823,0.595344012431933,0.640283278378179,0.682079774079055
1.816,0.715989395517476,0.605368562346933,0.753083139439725,0.613283928950352,0.595827026244011,0.609451347717091,0.731328359908882,0.595344032214942,0.640283342181245,0.682079800131293
1.818,0.715989387879593,0.605368714564909,0.753083317885348,0.613283926779804,0.595827144427887,0.609451435394124,0.731328408280941,0.595344051997951,0.640283405984311,0.68207982618353
1.82,0.715989380241711,0.605368866782886,0.75308349633097,0.613283924609255,0.595827257237169,0.609451523071158,0.731328456653001,0.595344071780961,0.640283469787376,0.682079852235768
1.822,0.715989372603829,0.605369019000863,0.753083674776592,0.613283922438707,0.595827342151522,0.609451610748192,0.73132850502506,0.595344091563971,0.640283533590442,0.682079878288006
1.824,0.715989364965947,0.605369171218839,0.753083853222215,0.613283920268158,0.595827427065875,0.609451698425225,0.731328553397119,0.595344097698542,0.640283597393508,0.682079904340243
1.826,0.715989357328065,0.605369323436816,0.753084031667837,0.61328391809761,0.595827511980227,0.609451786102259,0.731328601769179,0.595344102085281,0.640283661196574,0.682079930392481
1.828,0.715989349690182,0.605369475654793,0.75308421011346,0.613283915927061,0.59582759689458,0.609451873779293,0.731328650141238,0.595344106472019,0.64028372499964,0.682079956444718
1.83,0.7159893420523,0.605369627872769,0.753084340609833,0.613283913756513,0.595827681808933,0.609451961456327,0.731328695937691,0.595344110858758,0.640283788802706,0.682079982496956
1.832,0.715989334414418,0.605369780090746,0.753084446091335,0.613283911585964,0.595827766723286,0.60945204913336,0.731328728474686,0.595344115245496,0.640283852605772,0.682080008549194
1.834,0.715989326776536,0.605369932308722,0.753084551572837,0.613283909415416,0.595827851637638,0.609452136810394,0.731328761011681,0.595344119632235,0.640283916408838,0.682080034601431
1.836,0.715989319138654,0.605370084526699,0.753084657054339,0.613283907244867,0.595827936551991,0.609452224487428,0.731328793548676,0.595344124018974,0.640283980211904,0.682080060653669
1.838,0.715989311500772,0.60537023139238,0.753084762535841,0.613283905074319,0.595828021466344,0.609452312164461,0.731328826085671,0.595344128405712,0.64028404401497,0.682080086705907
1.84,0.71598930386289,0.60537034643017,0.753084868017343,0.61328390290377,0.595828106380696,0.609452399841495,0.731328858622666,0.595344132792451,0.640284107818036,0.682080112758144
1.842,0.715989296225007,0.605370461467961,0.753084973498845,0.613283900733221,0.595828191295049,0.609452472159851,0.73132889115966,0.595344137179189,0.640284171621102,0.682080133920648
1.844,0.715989288587125,0.605370576505751,0.753085078980347,0.613283898562673,0.595828276209402,0.609452535005464,0.731328923696655,0.595344141565928,0.640284234765918,0.682080152756562
1.846,0.715989280949243,0.605370691543542,0.753085184461849,0.613283892741707,0.595828361123754,0.609452597851077,0.73132895623365,0.595344145952666,0.640284281140961,0.682080171592476
1.848,0.715989284014309,0.605370806581332,0.753085289943352,0.613283881207231,0.595828446038107,0.609452660696691,0.731328988770645,0.595344150339405,0.640284327516003,0.68208019042839
1.85,0.715989296823068,0.605370921619122,0.753085395424854,0.613283869672755,0.59582853095246,0.609452723542304,0.73132902130764,0.595344154726144,0.640284373891046,0.682080209264304
1.852,0.715989309631828,0.605371036656913,0.753085500906356,0.613283858138279,0.595828615866812,0.609452786387917,0.731329053844635,0.595344159112882,0.640284420266089,0.682080228100217
1.854,0.715989322440587,0.605371151694703,0.753085606387858,0.613283846603804,0.595828700781165,0.60945284923353,0.73132908638163,0.595344163499621,0.640284466641131,0.682080246936131
1.856,0.715989335249346,0.605371266732494,0.75308571186936,0.613283835069328,0.595828785695518,0.609452912079144,0.731329118918625,0.595344167886359,0.640284513016174,0.682080265772045
1.858,0.715989348058105,0.605371381770284,0.753085817350862,0.613283823534852,0.595828870609871,0.609452974924757,0.73132915145562,0.595344172273098,0.640284559391216,0.682080284607959
1.86,0.715989360866865,0.605371496808075,0.753085922832364,0.613283812000376,0.595828955524223,0.60945303777037,0.731329183992615,0.595344176659837,0.640284605766259,0.682080303443872
1.862,0.715989373675624,0.605371611845865,0.753086028313866,0.6132838004659,0.595829040438576,0.609453100615984,0.73132921652961,0.595344181046575,0.640284652141302,0.682080322279786
1.864,0.715989386484383,0.605371726883655,0.753086133795368,0.613283788931424,0.595829125352929,0.609453163461597,0.731329249066605,0.595344185433314,0.640284698516344,0.6820803411157
1.866,0.715989399293142,0.605371841921446,0.75308623927687,0.613283777396949,0.595829210267281,0.60945322630721,0.7313292816036,0.595344189820052,0.640284744891387,0.682080359951614
1.868,0.715989412101902,0.605371956959236,0.753086344758372,0.613283765862473,0.595829295181634,0.609453289152823,0.731329314140595,0.595344194206791,0.64028479126643,0.682080378787528
1.87,0.715989424910661,0.605372071997027,0.753086450239874,0.613283754327997,0.59582937624149,0.609453351998437,0.73132934667759,0.595344198593529,0.640284837641472,0.682080397623442
1.872,0.71598943771942,0.605372187034817,0.753086555721377,0.613283742793521,0.595829437295941,0.60945341484405,0.731329379214585,0.595344202980268,0.640284884016515,0.682080416459355
1.874,0.715989450528179,0.605372302072608,0.753086661202879,0.613283731259045,0.595829498350392,0.609453477689663,0.73132941175158,0.595344200268522,0.640284930391557,0.682080435295269
1.876,0.715989463336938,0.605372417110398,0.753086766684381,0.613283719724569,0.595829559404843,0.609453540535277,0.731329444288574,0.595344196647736,0.6402849767666,0.682080454131183
1.878,0.715989476145698,0.605372532148189,0.753086872165883,0.613283708190094,0.595829620459294,0.60945360338089,0.731329476825569,0.59534419302695,0.640285023141643,0.682080472967097
1.88,0.715989488954457,0.605372647185979,0.75308694200071,0.613283696655618,0.595829681513745,0.609453666226503,0.731329507707192,0.595344189406164,0.640285069516685,0.682080491803011
1.882,0.715989501763216,0.605372762223769,0.753086993238854,0.613283685121142,0.595829742568196,0.609453729072116,0.731329530066809,0.595344185785379,0.640285115891728,0.682080510638924
1.884,0.715989514571975,0.60537287726156,0.753087044476998,0.613283673586666,0.595829803622647,0.60945379191773,0.731329552426425,0.595344182164593,0.64028516226677,0.682080529474838
1.886,0.715989527380735,0.60537299229935,0.753087095715142,0.61328366205219,0.595829864677098,0.609453854763343,0.731329574786041,0.595344178543807,0.640285208641813,0.682080548310752
1.888,0.715989540189494,0.605373103234494,0.753087146953286,0.613283650517714,0.595829925731549,0.609453917608956,0.731329597145657,0.595344174923021,0.640285255016856,0.682080567146666
1.89,0.715989552998253,0.605373189772899,0.75308719819143,0.613283638983239,0.595829986786001,0.609453980454569,0.731329619505274,0.595344171302236,0.640285301391898,0.68208058598258
1.892,0.715989565807012,0.605373276311303,0.753087249429574,0.613283627448763,0.595830047840452,0.609454032246839,0.73132964186489,0.59534416768145,0.640285347766941,0.682080601111847
1.894,0.715989578615772,0.605373362849707,0.753087300667717,0.613283615914287,0.595830108894903,0.60945407722176,0.731329664224506,0.595344164060664,0.640285393669045,0.682080614477451
1.896,0.715989591424531,0.605373449388111,0.753087351905861,0.613283602813651,0.595830169949354,0.60945412219668,0.731329686584122,0.595344160439878,0.640285427522417,0.682080627843055
1.898,0.715989608264233,0.605373535926516,0.753087403144005,0.613283587261717,0.595830231003805,0.6094541671716,0.731329708943739,0.595344156819093,0.640285461375788,0.682080641208659
1.9,0.715989628773603,0.60537362246492,0.753087454382149,0.613283571709781,0.595830292058256,0.609454212146521,0.731329731303355,0.595344153198307,0.64028549522916,0.682080654574263
1.902,0.715989649282974,0.605373709003324,0.753087505620293,0.613283556157846,0.595830353112707,0.609454257121441,0.731329753662971,0.595344149577521,0.640285529082531,0.682080667939867
1.904,0.715989669792344,0.605373795541728,0.753087556858437,0.613283540605911,0.595830414167158,0.609454302096361,0.731329776022587,0.595344145956735,0.640285562935903,0.68208068130547
1.906,0.715989690301714,0.605373882080132,0.753087608096581,0.613283525053976,0.595830475221609,0.609454347071282,0.731329798382204,0.59534414233595,0.640285596789275,0.682080694671074
1.908,0.715989710811085,0.605373968618536,0.753087659334725,0.613283509502041,0.595830536276061,0.609454392046202,0.73132982074182,0.595344138715164,0.640285630642646,0.682080708036678
1.91,0.715989731320455,0.605374055156941,0.753087710572869,0.613283493950106,0.595830597330512,0.609454437021123,0.731329843101436,0.595344135094378,0.640285664496018,0.682080721402282
1.912,0.715989751829825,0.605374141695345,0.753087761811013,0.613283478398171,0.595830658384963,0.609454481996043,0.731329865461052,0.595344131473592,0.640285698349389,0.682080734767886
1.914,0.715989772339196,0.605374228233749,0.753087813049157,0.613283462846236,0.595830719439414,0.609454526970963,0.731329887820669,0.595344127852807,0.640285732202761,0.68208074813349
1.916,0.715989792848566,0.605374314772153,0.753087864287301,0.613283447294301,0.595830780493865,0.609454571945884,0.731329910180285,0.595344124232021,0.640285766056133,0.682080761499093
1.918,0.715989813357936,0.605374401310558,0.753087915525445,0.613283431742366,0.595830841548316,0.609454616920804,0.731329932539901,0.595344120611235,0.640285799909504,0.682080774864697
1.92,0.715989833867307,0.605374487848962,0.753087966763589,0.613283416190431,0.595830899792296,0.609454661895724,0.731329954899517,0.595344116990449,0.640285833762876,0.682080788230301
1.922,0.715989854376677,0.605374574387366,0.753088018001733,0.613283400638496,0.595830943449518,0.609454706870645,0.731329977259134,0.595344113369664,0.640285867616247,0.682080801595905
1.924,0.715989874886047,0.60537466092577,0.753088069239877,0.613283385086561,0.595830987106741,0.609454751845565,0.73132999961875,0.595344106308793,0.640285901469619,0.682080814961509
1.926,0.715989895395418,0.605374747464174,0.753088120478021,0.613283369534626,0.595831030763963,0.609454796820485,0.731330021978366,0.59534409880738,0.640285935322991,0.682080828327112
1.928,0.715989915904788,0.605374834002578,0.753088171716165,0.613283353982691,0.595831074421186,0.609454841795406,0.731330044337982,0.595344091305969,0.640285969176362,0.682080841692716
1.93,0.715989936414159,0.605374920540983,0.753088199768785,0.613283338430756,0.595831118078409,0.609454886770326,0.731330065643854,0.595344083804557,0.640286003029734,0.68208085505832
1.932,0.715989956923529,0.605375007079387,0.753088215725639,0.61328332287882,0.595831161735631,0.609454931745247,0.731330081524949,0.595344076303145,0.640286036883105,0.682080868423924
1.934,0.715989977432899,0.605375093617791,0.753088231682494,0.613283307326886,0.595831205392854,0.609454976720167,0.731330097406045,0.595344068801733,0.640286070736477,0.682080881789528
1.936,0.71598999794227,0.605375180156195,0.753088247639348,0.61328329177495,0.595831249050076,0.609455021695087,0.73133011328714,0.595344061300321,0.640286104589849,0.682080895155132
1.938,0.71599001845164,0.605375263518989,0.753088263596203,0.613283276223015,0.595831292707299,0.609455066670008,0.731330129168236,0.595344053798909,0.64028613844322,0.682080908520735
1.94,0.71599003896101,0.605375327997742,0.753088279553057,0.61328326067108,0.595831336364521,0.609455111644928,0.731330145049332,0.595344046297497,0.640286172296592,0.682080921886339
1.942,0.715990059470381,0.605375392476495,0.753088295509911,0.613283245119145,0.595831380021744,0.609455148582235,0.731330160930427,0.595344038796085,0.640286206149963,0.682080932657988
1.944,0.715990079979751,0.605375456955247,0.753088311466766,0.61328322956721,0.595831423678966,0.6094551805622,0.731330176811523,0.595344031294673,0.64028623965502,0.682080942195402
1.946,0.715990100489121,0.605375521434,0.75308832742362,0.613283213938306,0.595831467336189,0.609455212542165,0.731330192692618,0.595344023793261,0.64028626428629,0.682080951732817
1.948,0.715990121071614,0.605375585912753,0.753088343380475,0.613283198188932,0.595831510993411,0.609455244522129,0.731330208573714,0.595344016291849,0.640286288917559,0.682080961270232
1.95,0.715990141720675,0.605375650391506,0.753088359337329,0.613283182439558,0.595831554650634,0.609455276502094,0.731330224454809,0.595344008790437,0.640286313548829,0.682080970807647
1.952,0.715990162369736,0.605375714870258,0.753088375294183,0.613283166690184,0.595831598307857,0.609455308482058,0.731330240335905,0.595344001289025,0.640286338180099,0.682080980345062
1.954,0.715990183018797,0.605375779349011,0.753088391251038,0.61328315094081,0.595831641965079,0.609455340462023,0.731330256217001,0.595343993787613,0.640286362811369,0.682080989882477
1.956,0.715990203667858,0.605375843827764,0.753088407207892,0.613283135191436,0.595831685622302,0.609455372441987,0.731330272098096,0.595343986286201,0.640286387442638,0.682080999419891
1.958,0.715990224316919,0.605375908306516,0.753088423164747,0.613283119442061,0.595831729279524,0.609455404421952,0.731330287979192,0.595343978784789,0.640286412073908,0.682081008957306
1.96,0.71599024496598,0.605375972785269,0.753088439121601,0.613283103692687,0.595831772936747,0.609455436401916,0.731330303860287,0.595343971283377,0.640286436705178,0.682081018494721
1.962,0.715990265615041,0.605376037264022,0.753088455078455,0.613283087943313,0.595831816593969,0.60945546838188,0.731330319741383,0.595343963781965,0.640286461336448,0.682081028032136
1.964,0.715990286264102,0.605376101742775,0.75308847103531,0.613283072193939,0.595831860251192,0.609455500361845,0.731330335622478,0.595343956280553,0.640286485967717,0.682081037569551
1.966,0.715990306913163,0.605376166221527,0.753088486992164,0.613283056444565,0.595831903908414,0.60945553234181,0.731330351503574,0.595343948779141,0.640286510598987,0.682081047106966
1.968,0.715990327562224,0.60537623070028,0.753088502949019,0.613283040695191,0.595831947565637,0.609455564321774,0.731330367384669,0.595343941277729,0.640286535230257,0.682081056644381
1.97,0.715990348211285,0.605376295179033,0.753088518905873,0.613283024945817,0.59583198959808,0.609455596301739,0.731330383265765,0.595343933776317,0.640286559861527,0.682081066181796
1.972,0.715990368860346,0.605376359657785,0.753088534862727,0.613283009196443,0.595832023197683,0.609455628281703,0.731330399146861,0.595343926274905,0.640286584492796,0.68208107571921
1.974,0.715990389509407,0.605376424136538,0.753088550819582,0.613282993447069,0.595832056797285,0.609455660261668,0.731330415027956,0.595343917792503,0.640286609124066,0.682081085256625
1.976,0.715990410158468,0.605376488615291,0.753088566776436,0.613282977697695,0.595832090396888,0.609455692241632,0.731330430909052,0.595343909184475,0.640286633755336,0.68208109479404
1.978,0.715990430807529,0.605376553094044,0.753088582733291,0.613282961948321,0.59583212399649,0.609455724221597,0.731330446790147,0.595343900576447,0.640286658386606,0.682081104331455
1.98,0.71599045145659,0.605376617572796,0.753088588146303,0.613282946198947,0.595832157596093,0.609455756201561,0.731330462128524,0.595343891968418,0.640286683017876,0.68208111386887
1.982,0.715990472105651,0.605376682051549,0.753088588058649,0.613282930449573,0.595832191195695,0.609455788181525,0.731330474672931,0.59534388336039,0.640286707649145,0.682081123406285
1.984,0.715990492754712,0.605376746530302,0.753088587970995,0.613282914700199,0.595832224795298,0.60945582016149,0.731330487217339,0.595343874752362,0.640286732280415,0.682081132943699
1.986,0.715990513403773,0.605376811009054,0.753088587883341,0.613282898950825,0.595832258394901,0.609455852141454,0.731330499761746,0.595343866144334,0.640286756911685,0.682081142481114
1.988,0.715990534052834,0.605376874075843,0.753088587795686,0.613282883201451,0.595832291994503,0.609455884121419,0.731330512306154,0.595343857536305,0.640286781542954,0.682081152018529
1.99,0.715990554701895,0.605376928746261,0.753088587708032,0.613282867452076,0.595832325594106,0.609455916101383,0.731330524850561,0.595343848928277,0.640286806174224,0.682081161555944
1.992,0.715990575350956,0.605376983416679,0.753088587620378,0.613282851702702,0.595832359193708,0.609455944613099,0.731330537394969,0.595343840320249,0.640286830805494,0.682081169748137
1.994,0.715990596000017,0.605377038087098,0.753088587532724,0.613282835953328,0.595832392793311,0.609455970985709,0.731330549939376,0.59534383171222,0.640286855276897,0.682081177300258
1.996,0.715990616649078,0.605377092757516,0.753088587445069,0.613282820233666,0.595832426392913,0.609455997358319,0.731330562483784,0.595343823104192,0.640286875675475,0.682081184852379
1.998,0.715990636981819,0.605377147427934,0.753088587357415,0.613282804560505,0.595832459992516,0.60945602373093,0.731330575028191,0.595343814496164,0.640286896074053,0.6820811924045
2,0.715990657026589,0.605377202098352,0.753088587269761,0.613282788887345,0.595832493592118,0.60945605010354,0.731330587572599,0.595343805888136,0.640286916472631,0.682081199956621
