Tempo,Sim_1,Sim_2,Sim_3,Sim_4,Sim_5,Sim_6,Sim_7,Sim_8,Sim_9,Sim_10
0,0.005,0.005,0.005,0.005,0.005,0.005,0.005,0.005,0.005,0.005
0.01,0.00506318815354091,0.00507677754813181,0.00497740165372035,0.00495228815161807,0.0050355837123161,0.00506621992571561,0.00514604364582212,0.00503445407466426,0.00506428723600837,0.00491646006328179
0.02,0.00532844341607104,0.00540411857328615,0.00507280233848837,0.00492816828803626,0.00523358981329347,0.00537416013123673,0.00562645821691794,0.0052650973795695,0.00536096859348102,0.00482598004538087
0.03,0.0058605204362521,0.00599026279803041,0.0053451387891195,0.00505152324352919,0.00566767324081334,0.00592174866244025,0.00645345585309149,0.00571923657433637,0.00590546350970094,0.00488478739343465
0.04,0.00659870930122555,0.00676605221024285,0.00574874466417173,0.00535086894532019,0.00628963553572779,0.00664435431901911,0.00754272609749952,0.00633828330420405,0.00662950578780812,0.00508906471816042
0.05,0.00747984528368387,0.00767046928668905,0.00623923562627587,0.0057750084745108,0.00704123670990384,0.0074830016562871,0.00882519056991037,0.00706625058414594,0.00747605395214139,0.00540028413339278
0.06,0.00845654540686318,0.00865951966850136,0.00678721792330049,0.00628642910390626,0.00787977521867449,0.00839950424201652,0.0102419194461858,0.00786510817281354,0.00840426858148783,0.0057844139453543
0.07,0.00948627379907165,0.00969287337868609,0.00736824853571554,0.00685227884760678,0.00876336635165069,0.00935268408064064,0.0117401520197633,0.00870429127825317,0.0093750212634867,0.00621725151884006
0.08,0.010533704403834,0.010738649681107,0.00796303836534579,0.0074513470371054,0.00966557259348633,0.0103151005278319,0.0132753238851828,0.00955418190526818,0.0103564754221832,0.00668105818775179
0.09,0.0115715502617385,0.011770858448349,0.008557733494166,0.00806476311836857,0.0105606301520033,0.0112629226168724,0.0148085772920401,0.0103954322609992,0.0113251160345343,0.00716133325125772
0.1,0.0125786209320875,0.0127723112828674,0.00914504202982967,0.00867822536513334,0.0114348059294927,0.0121831423334305,0.0163129388330716,0.0112174214422118,0.0122629682406757,0.00764883500920617
0.11,0.0135409392833612,0.0137284833747412,0.00970898242034637,0.00928559199093786,0.0122591684536898,0.013052875729042,0.0177569880514243,0.0119912190039571,0.0131663242730515,0.00813536565173503
0.12,0.0144537981734586,0.0146114318808032,0.0102471644095331,0.00987036409527949,0.0130401027891334,0.0138624538111663,0.0191228925271921,0.0127266231319152,0.0139998404084497,0.00861167642044416
0.13,0.0152772527074828,0.0154378363075531,0.0107698314859973,0.01043164161112,0.0137828840431567,0.0146332629189361,0.0203988505025883,0.013424052820458,0.0147761336085595,0.00908013587182028
0.14,0.0160370345387857,0.0162033425868665,0.0112391477146102,0.0109760846604708,0.0144312504550892,0.0153096109973507,0.0215767501266044,0.0140400405006071,0.0155065900062903,0.00952693923230454
0.15,0.0167452764681421,0.0168681005549461,0.0116974933159027,0.0114712831664765,0.0150486774931723,0.0159385956926108,0.0226407631125753,0.0146352374934893,0.0161315679691211,0.00995978598710238
0.16,0.0173323570118831,0.0175003957677431,0.0121011995263613,0.0119612585808171,0.015577451144917,0.0164890237192091,0.0235717677565278,0.0151319488227614,0.0167391493795826,0.0103699123013559
0.17,0.017904121708818,0.0180050986276236,0.0125040873665782,0.0123845547663351,0.016071656121917,0.016984590083607,0.0243968404062745,0.0156237999937047,0.0172143180070283,0.0107644387273569
0.18,0.0183326087867979,0.0184868412237597,0.0128316278128335,0.012807850951853,0.0164713161036299,0.0173946867951971,0.0251419103555141,0.01599937541308,0.0176830641049396,0.011127877048885
0.19,0.0187610958647779,0.0188650405247939,0.0131591682590889,0.0131698153404453,0.0168709760853428,0.0177981503878368,0.0257006070047228,0.0163749508324554,0.0180384909453448,0.011491315370413
0.2,0.0190564118484462,0.0191852667915883,0.0134550422614114,0.013515193224694,0.017141857271006,0.0180611861707997,0.0262066811581135,0.0166751500929139,0.0183554470406056,0.0118028254467667
0.21,0.0193323510758068,0.0195027709095787,0.01369474040483,0.0138508272294303,0.0174040291903688,0.0183242219537627,0.0265642408551928,0.0169227529891902,0.0186675741510786,0.012110247614272
0.22,0.019562871404747,0.0196700078181874,0.0139344385482486,0.0141072550285938,0.0176547419750803,0.0185510612475157,0.0268734843364168,0.0171703558854665,0.018839365064892,0.0124176697817773
0.23,0.0196945345021763,0.0198372447267961,0.0141741366916673,0.0143636828277573,0.0177902687677834,0.0186798671004514,0.0270240652138846,0.0173442024192288,0.0190111559787054,0.0126601672431835
0.24,0.0198261975996057,0.0199755618319779,0.0143539012504937,0.0146201106269208,0.0179257955604864,0.018808672953387,0.0271746460913524,0.0174749402542073,0.0191632173788131,0.0129022051287607
0.25,0.0199006746098296,0.0200158372807899,0.0145078623330548,0.0148227873528352,0.0180572367868658,0.0189049574250658,0.0271577805863943,0.0176056780891859,0.0192155588034768,0.0131442430143378
0.26,0.0199130219850276,0.0200561127296019,0.0146618234156159,0.0149895778412428,0.0180924811110567,0.0189264843086041,0.0271179842314348,0.0176940637526535,0.0192679002281404,0.0133746936381402
0.27,0.0199253693602257,0.0200768997777817,0.014815784498177,0.0151563683296503,0.0181277254352477,0.0189480111921425,0.0270188624963241,0.0177322760229251,0.019315978209166,0.013545731323751
0.28,0.0199047693785932,0.0200197523420728,0.0149265961902013,0.0153231588180579,0.0181629697594386,0.018966773899805,0.026822565338993,0.0177704882931967,0.0192771623784097,0.0137167690093619
0.29,0.0198285895833721,0.0199626049063638,0.0150126128870314,0.0154476520203379,0.0181506733367008,0.0189100222928896,0.0266262681816619,0.0178087005634683,0.0192383465476534,0.0138878066949727
0.3,0.019752409788151,0.0199054574706548,0.0150986295838614,0.0155391689558233,0.0181147422143893,0.0188532706859741,0.0263502284381278,0.0177845164997019,0.0191995307168971,0.0140588443805836
0.31,0.0196762299929299,0.0197965251084193,0.0151846462806915,0.0156306858913088,0.0180788110920778,0.0187965190790587,0.0260325039827007,0.0177568103339687,0.0191285458913674,0.0142131736084726
0.32,0.0195549080065264,0.0196750521008652,0.0152669068221631,0.0157222028267943,0.0180428799697663,0.0187256763294231,0.0257147795272736,0.0177291041682355,0.0190303221523822,0.0143219029938768
0.33,0.0194249630160365,0.0195535790933111,0.0153065005768649,0.0158066544153077,0.0179665374583103,0.018622974214957,0.0253724226767695,0.0176976270508919,0.018932098413397,0.0144306323792809
0.34,0.0192950180255467,0.0194275355780238,0.0153460943315667,0.015842546191257,0.017889436544834,0.0185202721004909,0.0249802088696637,0.0176313711918088,0.0188338746744118,0.0145393617646851
0.35,0.0191597229101304,0.0192746085444943,0.0153856880862686,0.0158784379672063,0.0178123356313577,0.0184175699860248,0.0245879950625579,0.0175651153327258,0.0187110986963939,0.0146480911500893
0.36,0.0190074752721684,0.0191216815109648,0.0154252818409704,0.0159143297431556,0.0177303917910019,0.0183035234351317,0.024195781255452,0.0174988594736427,0.018583832731179,0.0147447741249056
0.37,0.0188552276342064,0.0189687544774353,0.0154471833217878,0.0159502215191049,0.0176359914783401,0.0181825200406863,0.0237887332314856,0.0174291642906415,0.018456566765964,0.0148085806706425
0.38,0.0187029799962443,0.0188133051104807,0.0154587048410267,0.0159750244314393,0.0175415911656782,0.0180615166462409,0.0233759566124099,0.0173463098376132,0.0183290391797998,0.0148723872163795
0.39,0.0185506360630918,0.0186542906314782,0.0154702263602656,0.0159751801955719,0.0174471908530164,0.0179405132517955,0.0229631799933342,0.0172634553845849,0.0181953610566161,0.0149361937621164
0.4,0.0183981937975196,0.0184952761524757,0.0154817478795045,0.0159753359597046,0.0173524132972548,0.017819628663978,0.0225533357856136,0.0171806009315566,0.0180616829334325,0.0150000003078534
0.41,0.0182457515319475,0.0183362616734732,0.0154932693987434,0.0159754917238373,0.0172568493214456,0.0176987893342658,0.0221609580150793,0.0170976989524263,0.0179280048102488,0.0150556566498939
0.42,0.0180933092663754,0.0181819372318061,0.0154906250115907,0.01597564748797,0.0171612853456364,0.0175779500045535,0.0217685802445449,0.0170132652214001,0.0177943266870651,0.0150890698854214
0.43,0.0179471360224584,0.0180343373772684,0.0154861137680193,0.0159681038693044,0.0170657213698273,0.0174571106748413,0.0213762024740106,0.016928831490374,0.0176692538618824,0.0151224831209489
0.44,0.0178098220543505,0.0178867375227306,0.0154816025244479,0.015948853326388,0.0169701573940181,0.0173417113539637,0.0210034881419466,0.0168443977593479,0.0175448813962804,0.0151558963564764
0.45,0.0176725080862426,0.0177391376681928,0.0154770912808765,0.0159296027834717,0.0168834590816672,0.0172339049104792,0.0206589437960176,0.0167599640283217,0.0174205089306784,0.0151893095920039
0.46,0.0175351941181348,0.0175915378136551,0.0154725800373052,0.0159103522405553,0.0167977099293047,0.0171260984669947,0.0203143994500885,0.0166784169391862,0.0172961364650765,0.0152174824386168
0.47,0.0173978801500269,0.0174649807304993,0.0154614522623135,0.0158911016976389,0.0167119607769422,0.0170182920235101,0.0199698551041595,0.0166023314716025,0.0171769816943639,0.0152313534919082
0.48,0.0172789379486613,0.0173400660011675,0.0154494525265867,0.015868538211017,0.0166262116245796,0.0169104855800256,0.0196486153223959,0.0165262460040187,0.0170715526908967,0.0152452245451995
0.49,0.017165496196236,0.0172151512718358,0.0154374527908598,0.0158409373880238,0.0165404624722171,0.0168110394191512,0.0193698508293945,0.016450160536435,0.0169661236874295,0.0152590955984909
0.5,0.0170520544438106,0.0170902365425041,0.015425453055133,0.0158133365650305,0.0164682368258943,0.0167225961900105,0.0190910863363931,0.0163740750688513,0.0168606946839624,0.0152729666517822
0.51,0.0169386126913853,0.0169653218131723,0.0154134533194062,0.0157857357420373,0.0163974590092681,0.0166341529608698,0.0188123218433917,0.0163024252264217,0.0167552656804952,0.0152836708902367
0.52,0.01682517093896,0.0168647524531134,0.0153994480638706,0.015758134919044,0.0163266811926419,0.0165457097317292,0.0185335573503904,0.0162391677329069,0.0166558068708631,0.0152857324244904
0.53,0.0167310371401653,0.0167660832092319,0.0153851785105608,0.0157299126964907,0.0162559033760157,0.0164572665025885,0.0183074263881137,0.0161759102393921,0.0165720533664905,0.0152877939587441
0.54,0.0166426840817087,0.0166674139653504,0.0153709089572511,0.0157007456348808,0.0161851255593894,0.0163771737144307,0.0181003921989115,0.0161126527458773,0.016488299862118,0.0152898554929977
0.55,0.016554331023252,0.016568744721469,0.0153566394039413,0.0156715785732709,0.0161279129914135,0.0163080709054835,0.0178933580097092,0.0160493952523625,0.0164045463577455,0.0152919170272514
0.56,0.0164659779647954,0.0164700754775875,0.0153423698506316,0.015642411511661,0.0160721527221077,0.0162389680965362,0.017686323820507,0.01599068164044,0.016320792853373,0.0152922287342326
0.57,0.0163776249063387,0.0163934084292498,0.0153284865399394,0.0156132444500511,0.0160163924528019,0.016169865287589,0.0174792896313048,0.0159405652021793,0.0162424570182237,0.0152877649048159
0.58,0.0163059143672385,0.0163184586162199,0.0153146541302972,0.015584918219731,0.0159606321834961,0.0161007624786418,0.0173185552676708,0.0158904487639187,0.0161783730065993,0.0152833010753992
0.59,0.0162391865458725,0.0162435088031899,0.015300821720655,0.0155578704747746,0.0159048719141903,0.0160388254014215,0.0171746196490592,0.015840332325658,0.0161142889949748,0.0152788372459825
0.6,0.0161724587245066,0.0161685589901599,0.0152869893110128,0.0155308227298182,0.0158607949619468,0.0159863191126912,0.0170306840304475,0.0157902158873973,0.0160502049833504,0.0152743734165658
0.61,0.0161057309031406,0.0160936091771299,0.0152731569013706,0.0155037749848619,0.0158179688283407,0.0159338128239609,0.0168867484118358,0.0157441066441855,0.015986120971726,0.0152690862267771
0.62,0.0160390030817747,0.0160365404341155,0.0152607934092987,0.0154767272399055,0.0157751426947346,0.0158813065352307,0.0167428127932241,0.0157055791460154,0.0159264747163299,0.0152615519652421
0.63,0.0159853992293148,0.0159808672793145,0.0152486234987824,0.0154511931954393,0.0157323165611285,0.0158288002465004,0.0166337320798433,0.0156670516478453,0.0158785025067285,0.015254017703707
0.64,0.0159357246516967,0.0159251941245135,0.015236453588266,0.0154279607350665,0.0156894904275224,0.0157819804271948,0.016537297605591,0.0156285241496752,0.0158305302971271,0.015246483442172
0.65,0.0158860500740787,0.0158695209697124,0.0152242836777496,0.0154047282746937,0.0156559941341203,0.0157426445456701,0.0164408631313387,0.0155899966515051,0.0157825580875258,0.015238949180637
0.66,0.0158363754964607,0.0158138478149114,0.0152121137672333,0.0153814958143209,0.0156234966955766,0.0157033086641455,0.0163444286570864,0.0155547399952869,0.0157345858779244,0.0152311659942089
0.67,0.0157867009188426,0.0157718430072013,0.0152017638559111,0.0153582633539482,0.0155909992570329,0.0156639727826208,0.0162479941828341,0.0155256718797934,0.0156900430531772,0.0152227034550779
0.68,0.0157468722679247,0.0157309049915836,0.0151916537934969,0.0153367400500881,0.0155585018184893,0.0156246369010962,0.0161755943131259,0.0154966037642999,0.0156545216333418,0.0152142409159468
0.69,0.015709991456365,0.0156899669759659,0.0151815437310827,0.015317815521526,0.0155260043799456,0.0155896206662712,0.0161119148044231,0.0154675356488064,0.0156190002135063,0.0152057783768157
0.7,0.0156731106448054,0.0156490289603482,0.0151714336686685,0.015298890992964,0.0155006650491391,0.0155602894997587,0.0160482352957203,0.0154384675333129,0.0155834787936709,0.0151973158376847
0.71,0.0156362298332457,0.0156080909447305,0.0151613236062542,0.0152799664644019,0.015476092067009,0.0155309583332462,0.0159845557870176,0.0154119513235284,0.0155479573738355,0.0151889355026844
0.72,0.015599349021686,0.015577235508252,0.0151530047390014,0.0152610419358399,0.0154515190848789,0.0155016271667337,0.0159208762783148,0.0153902634034131,0.0155149979537982,0.015180779514867
0.73,0.0155696699656231,0.0155471670005532,0.0151449219247121,0.015243755426338,0.0154269461027487,0.0154722960002212,0.0158726634987704,0.0153685754832977,0.015488778179075,0.0151726235270495
0.74,0.0155421470924111,0.0155170984928544,0.0151368391104227,0.0152289595275201,0.0154023731206186,0.0154461717613501,0.0158300624388442,0.0153468875631824,0.0154625584043518,0.015164467539232
0.75,0.0155146242191991,0.0154870299851557,0.0151287562961334,0.0152141636287023,0.0153831868617995,0.0154242681460583,0.015787461378918,0.0153251996430671,0.0154363386296286,0.0151563115514146
0.76,0.0154871013459872,0.0154569614774569,0.0151206734818441,0.0151993677298844,0.0153645773068288,0.0154023645307665,0.0157448603189918,0.0153054490140044,0.0154101188549055,0.0151484070909859
0.77,0.0154595784727752,0.0154341975684768,0.015114178673945,0.0151845718310665,0.0153459677518581,0.0153804609154747,0.0157022592590656,0.0152893638034337,0.0153857793119855,0.0151411890858542
0.78,0.015437282900536,0.0154120037714568,0.0151078931417422,0.0151712125074746,0.0153273581968874,0.0153585573001829,0.0156691302920087,0.0152732785928631,0.0153663859425473,0.0151339710807226
0.79,0.015416552365699,0.0153898099744368,0.0151016076095393,0.0151600374988846,0.0153087486419167,0.0153390142636159,0.0156394380392587,0.0152571933822925,0.0153469925731091,0.0151267530755909
0.8,0.0153958218308621,0.0153676161774168,0.0150953220773365,0.0151488624902945,0.0152941664920845,0.0153225779744848,0.0156097457865087,0.0152411081717218,0.0153275992036709,0.0151195350704592
0.81,0.0153750912960251,0.0153454223803967,0.0150890365451336,0.0151376874817045,0.0152800155171814,0.0153061416853536,0.0155800535337587,0.015226470239781,0.0153082058342328,0.0151126353171742
0.82,0.0153543607611882,0.0153284966567868,0.0150840763421821,0.0151265124731144,0.0152658645422783,0.0152897053962224,0.0155503612810086,0.0152145706066856,0.0152901836515879,0.0151066041200609
0.83,0.0153374437150436,0.0153119820976738,0.0150792907979746,0.0151165253208122,0.0152517135673752,0.0152732691070913,0.0155263579735885,0.0152026709735901,0.0152757685389563,0.0151005729229476
0.84,0.0153216684153697,0.0152954675385609,0.0150745052537671,0.0151083443059559,0.0152375625924721,0.0152585708214013,0.0155044187590859,0.0151907713404947,0.0152613534263248,0.0150945417258343
0.85,0.0153058931156957,0.0152789529794479,0.0150697197095597,0.0151001632910996,0.0152264279811807,0.0152461599145128,0.0154824795445833,0.0151788717073993,0.0152469383136932,0.015088510528721
0.86,0.0152901178160218,0.0152624384203349,0.0150649341653522,0.0150919822762433,0.0152156163024779,0.0152337490076243,0.0154605403300807,0.0151680437401125,0.0152325232010617,0.0150828030572818
0.87,0.0152743425163478,0.015249742124532,0.0150612113751181,0.015083801261387,0.015204804623775,0.0152213381007357,0.0154386011155782,0.0151592433998396,0.0152191094217816,0.0150779790808962
0.88,0.0152613850796037,0.0152373438379236,0.0150576286400998,0.0150765603774123,0.0151939929450722,0.0152089271938472,0.0154201772746865,0.0151504430595667,0.0152083297690284,0.0150731551045106
0.89,0.0152492713021214,0.0152249455513152,0.0150540459050815,0.0150707489639947,0.0151831812663694,0.0151978047430993,0.0154030289000461,0.0151416427192938,0.0151975501162753,0.0150683311281249
0.9,0.015237157524639,0.0152125472647067,0.0150504631700632,0.0150649375505771,0.0151746416117019,0.0151883780238974,0.0153858805254057,0.0151328423790209,0.0151867704635221,0.0150635071517393
0.91,0.0152250437471566,0.0152001489780983,0.0150468804350449,0.0150591261371595,0.0151663452004552,0.0151789513046955,0.0153687321507653,0.0151248324701207,0.0151759908107689,0.0150589791984287
0.92,0.0152129299696742,0.0151905477576174,0.0150441260323103,0.0150533147237419,0.0151580487892085,0.0151695245854936,0.0153515837761248,0.0151183180834169,0.0151659470455638,0.0150552591356975
0.93,0.0152029317287075,0.0151811648435642,0.0150414807914888,0.0150482205819193,0.0151497523779618,0.0151600978662918,0.0153368032853191,0.0151118036967131,0.015157839120115,0.0150515390729664
0.94,0.0151935668726923,0.0151717819295111,0.0150388355506672,0.0150442170527404,0.0151414559667151,0.0151516347403838,0.0153228819225185,0.0151052893100094,0.0151497311946663,0.0150478190102353
0.95,0.0151842020166771,0.015162399015458,0.0150361903098456,0.0150402135235616,0.0151348833926277,0.0151444397954365,0.0153089605597179,0.0150987749233056,0.0151416232692175,0.0150440989475041
0.96,0.0151748371606618,0.0151530161014048,0.0150335450690241,0.0150362099943828,0.0151284953729469,0.0151372448504892,0.0152950391969173,0.0150928431214779,0.0151335153437687,0.0150406319603119
0.97,0.0151654723046466,0.0151457093115165,0.0150315315582375,0.0150322064652039,0.015122107353266,0.0151300499055419,0.0152811178341167,0.0150880135894278,0.0151259529235281,0.0150378556535466
0.98,0.0151577189832174,0.0151385645597172,0.0150296013001027,0.0150287332239609,0.0151157193335852,0.0151228549605946,0.0152689900009018,0.0150831840573778,0.0151198255196458,0.0150350793467813
0.99,0.0151504481501538,0.0151314198079179,0.0150276710419679,0.0150260662863993,0.0151093313139044,0.0151163872662963,0.0152575129054776,0.0150783545253277,0.0151136981157635,0.015032303040016
1,0.0151431773170901,0.0151242750561186,0.015025740783833,0.0150233993488376,0.0151042602547498,0.0151108767034273,0.0152460358100534,0.0150735249932777,0.0151075707118812,0.0150295267332507
1.01,0.0151359064840264,0.0151171303043193,0.0150238105256982,0.015020732411276,0.015099330189695,0.0151053661405583,0.0152345587146291,0.0150691253186277,0.0151014433079989,0.0150269564886757
1.02,0.0151286356509628,0.0151115458901375,0.0150223537995356,0.0150180654737144,0.0150944001246402,0.0150998555776893,0.0152230816192049,0.0150655389483394,0.0150957237719323,0.0150249486181735
1.03,0.0151226069914895,0.0151060832577499,0.0150209594778657,0.0150157788818988,0.0150894700595854,0.0150943450148203,0.0152130986056604,0.0150619525780511,0.0150910771806859,0.0150229407476713
1.04,0.0151169502348661,0.0151006206253624,0.0150195651561958,0.0150140706064178,0.0150845399945306,0.0150893875216941,0.0152036576827227,0.0150583662077627,0.0150864305894395,0.0150209328771691
1.05,0.0151112934782427,0.0150951579929748,0.015018170834526,0.0150123623309367,0.0150806213881944,0.0150851579212611,0.015194216759785,0.0150547798374744,0.0150817839981931,0.0150189250066668
1.06,0.0151056367216193,0.0150896953605872,0.0150167765128561,0.0150106540554557,0.0150768110688634,0.015080928320828,0.0151847758368473,0.015051511311781,0.0150771374069467,0.0150170785090005
1.07,0.0150999799649959,0.0150854173715715,0.0150157322257859,0.0150089457799746,0.0150730007495324,0.015076698720395,0.0151753349139096,0.015048844158532,0.0150727979307701,0.0150156724215754
1.08,0.0150952876207572,0.0150812318420298,0.0150147340680858,0.015007502171838,0.0150691904302014,0.015072469119962,0.0151671936737508,0.015046177005283,0.0150692663573272,0.0150142663341504
1.09,0.0150908840185407,0.0150770463124881,0.0150137359103857,0.0150064609908354,0.0150653801108704,0.0150686625540207,0.0151595239912996,0.0150435098520339,0.0150657347838844,0.0150128602467254
1.1,0.0150864804163241,0.0150728607829464,0.0150127377526856,0.0150054198098328,0.0150623496948794,0.0150654127419419,0.0151518543088485,0.0150408426987849,0.0150622032104416,0.0150114541593003
1.11,0.0150820768141076,0.0150686752534047,0.0150117395949856,0.0150043786288301,0.015059402775521,0.0150621629298631,0.0151441846263974,0.0150384110371366,0.0150586716369987,0.0150101702497938
1.12,0.015077673211891,0.0150653951812073,0.0150109971192435,0.0150033374478275,0.0150564558561626,0.0150589131177842,0.0151365149439463,0.015036424933355,0.0150553726703121,0.0150092197818253
1.13,0.0150740211444544,0.015062185778472,0.0150102883385924,0.0150024744713907,0.0150535089368042,0.0150556633057054,0.0151299764606956,0.0150344388295733,0.0150526856033747,0.0150082693138568
1.14,0.0150705940841574,0.0150589763757366,0.0150095795579414,0.0150018824552904,0.0150505620174459,0.0150527381273807,0.015123848405059,0.0150324527257917,0.0150499985364373,0.0150073188458883
1.15,0.0150671670238604,0.0150557669730013,0.0150088707772903,0.0150012904391901,0.0150482177498854,0.0150502401981337,0.0151177203494224,0.01503046662201,0.0150473114695,0.0150063683779198
1.16,0.0150637399635634,0.0150525575702659,0.0150081619966392,0.0150006984230898,0.0150459380023664,0.0150477422688868,0.0151115922937858,0.0150286553916306,0.0150446244025626,0.0150055074771971
1.17,0.0150603129032663,0.0150500427914858,0.0150076380517671,0.0150001064069895,0.0150436582548474,0.0150452443396398,0.0151054642381492,0.0150271750274891,0.015042114095601,0.0150048910186825
1.18,0.0150574723779289,0.0150475822269671,0.0150071384655099,0.0149996300360616,0.0150413785073284,0.0150427464103929,0.0151002995718648,0.0150256946633477,0.015040068776788,0.015004274560168
1.19,0.0150548074593059,0.0150451216624485,0.0150066388792528,0.0149993295038094,0.0150390987598094,0.0150404981461459,0.0150954844475471,0.0150242142992062,0.015038023457975,0.0150036581016535
1.2,0.0150521425406829,0.0150426610979298,0.0150061392929957,0.0149990289715572,0.015037285244204,0.015038578464924,0.0150906693232294,0.0150227339350648,0.015035978139162,0.015003041643139
1.21,0.0150494776220599,0.0150402005334112,0.0150056397067386,0.0149987284393049,0.0150355216434955,0.0150366587837021,0.0150858541989117,0.0150213836614524,0.015033932820349,0.0150024888250897
1.22,0.015046812703437,0.0150382737151737,0.0150052725395162,0.0149984279070527,0.0150337580427871,0.0150347391024803,0.015081039074594,0.0150202795234066,0.0150320220835929,0.0150021096912451
1.23,0.0150446052107617,0.0150363885549589,0.015004922823159,0.0149981990931767,0.0150319944420786,0.0150328194212584,0.01507702036676,0.0150191753853609,0.0150304653809511,0.0150017305574004
1.24,0.0150425346699706,0.015034503394744,0.0150045731068019,0.0149980793272101,0.0150302308413702,0.0150310917397392,0.0150732906189226,0.0150180712473151,0.0150289086783092,0.0150013514235558
1.25,0.0150404641291794,0.0150326182345292,0.0150042233904448,0.0149979595612435,0.0150288280830521,0.0150296167481973,0.0150695608710852,0.0150169671092694,0.0150273519756674,0.0150009722897111
1.26,0.0150383935883883,0.0150307330743143,0.0150038736740876,0.014997839795277,0.0150274639566042,0.0150281417566553,0.0150658311232478,0.0150159598639516,0.0150257952730255,0.0150006368620835
1.27,0.0150363230475971,0.0150292579609016,0.0150036180603227,0.0149977200293104,0.0150260998301562,0.0150266667651134,0.0150621013754103,0.0150151359428671,0.0150243411320937,0.0150004207151605
1.28,0.0150346087931484,0.0150278148509699,0.0150033748478842,0.0149976420640379,0.0150247357037082,0.0150251917735714,0.0150590106729643,0.0150143120217827,0.0150231567919437,0.0150002045682374
1.29,0.0150330012097054,0.0150263717410382,0.0150031316354457,0.0149976276567898,0.0150233715772603,0.0150238645477753,0.0150561518323117,0.0150134881006982,0.0150219724517938,0.0149999884213144
1.3,0.0150313936262623,0.0150249286311064,0.0150028884230071,0.0149976132495417,0.0150222867898468,0.0150227317958371,0.015053292991659,0.0150126641796137,0.0150207881116438,0.0149997722743914
1.31,0.0150297860428193,0.0150234855211747,0.0150026452105686,0.0149975988422936,0.0150212319085353,0.015021599043899,0.0150504341510063,0.0150119125269185,0.0150196037714939,0.0149995850261443
1.32,0.0150281784593763,0.0150223571788766,0.0150024683507161,0.0149975844350455,0.0150201770272238,0.0150204662919609,0.0150475753103536,0.0150112976083963,0.015018497569193,0.0149994766466411
1.33,0.0150268480635334,0.0150212534036764,0.0150023002351505,0.0149975921886705,0.0150191221459122,0.0150193335400227,0.0150452160469753,0.0150106826898741,0.0150175969178015,0.0149993682671379
1.34,0.0150256006567826,0.0150201496284763,0.015002132119585,0.0149976336379398,0.0150180672646007,0.0150183143761151,0.0150430380428381,0.0150100677713519,0.01501669626641,0.0149992598876348
1.35,0.0150243532500317,0.0150190458532762,0.0150019640040195,0.0149976750872091,0.0150172285016613,0.0150174447049224,0.015040860038701,0.0150094528528297,0.0150157956150186,0.0149991515081316
1.36,0.0150231058432809,0.0150179420780761,0.015001795888454,0.0149977165364783,0.0150164128764049,0.0150165750337297,0.0150386820345639,0.015008891840335,0.0150148949636271,0.0149990613598589
1.37,0.01502185843653,0.0150170795971091,0.0150016742548603,0.0149977579857476,0.0150155972511486,0.015015705362537,0.0150365040304267,0.0150084328198202,0.0150140538060581,0.0149990209673001
1.38,0.0150208262768494,0.0150162359487615,0.0150015587469012,0.0149978092156839,0.0150147816258922,0.0150148356913443,0.0150347089322773,0.0150079737993054,0.0150133691540678,0.0149989805747413
1.39,0.0150198585614617,0.015015392300414,0.0150014432389421,0.0149978753171406,0.0150139660006359,0.0150140533374124,0.0150330527620822,0.0150075147787906,0.0150126845020776,0.0149989401821825
1.4,0.015018890846074,0.0150145486520665,0.015001327730983,0.0149979414185974,0.0150133175562759,0.0150133859013492,0.0150313965918872,0.0150070557582758,0.0150119998500874,0.0149988997896237
1.41,0.0150179231306864,0.015013705003719,0.0150012122230239,0.0149980075200541,0.0150126870103416,0.015012718465286,0.0150297404216922,0.0150066369803213,0.0150113151980972,0.0149988701788752
1.42,0.0150169554152987,0.0150130459806623,0.0150011290618098,0.0149980736215108,0.0150120564644072,0.0150120510292228,0.0150280842514971,0.0150062943426166,0.0150106758314326,0.0149988699932753
1.43,0.0150161548573789,0.015012401367307,0.015001050163417,0.0149981421246204,0.0150114259184729,0.0150113835931596,0.0150267176980675,0.0150059517049118,0.0150101555932053,0.0149988698076754
1.44,0.0150154043458771,0.0150117567539517,0.0150009712650242,0.0149982142794471,0.0150107953725385,0.0150107831738322,0.0150254562249083,0.0150056090672071,0.0150096353549781,0.0149988696220756
1.45,0.0150146538343752,0.0150111121405965,0.0150008923666314,0.0149982864342738,0.0150102941191378,0.0150102709549403,0.0150241947517491,0.0150052664295023,0.0150091151167508,0.0149988694364757
1.46,0.0150139033228734,0.0150104675272412,0.0150008134682386,0.0149983585891005,0.0150098067078258,0.0150097587360484,0.01502293327859,0.0150049538220435,0.0150085948785235,0.0149988750282801
1.47,0.0150131528113715,0.0150099642052751,0.015000756935224,0.0149984307439272,0.0150093192965137,0.0150092465171566,0.0150216718054308,0.0150046980327993,0.0150081090742829,0.0149988963874719
1.48,0.0150125319194917,0.0150094719108705,0.0150007033496346,0.0149985012529626,0.0150088318852017,0.0150087342982647,0.0150206280280895,0.0150044422435551,0.0150077138527415,0.0149989177466636
1.49,0.0150119498353174,0.0150089796164658,0.0150006497640453,0.0149985692595693,0.0150083444738897,0.0150082735411396,0.0150196632362842,0.0150041864543109,0.0150073186312,0.0149989391058554
1.5,0.0150113677511431,0.0150084873220612,0.015000596178456,0.0149986372661761,0.0150079570188178,0.0150078805126228,0.0150186984444788,0.0150039306650667,0.0150069234096586,0.0149989604650472
1.51,0.0150107856669688,0.0150079950276565,0.0150005425928666,0.0149987052727829,0.0150075802650842,0.0150074874841061,0.0150177336526735,0.0150036973070591,0.0150065281881171,0.014998984373368
1.52,0.0150102035827945,0.0150076106101409,0.0150005043852395,0.0149987732793896,0.0150072035113506,0.0150070944555893,0.0150167688608681,0.0150035063896901,0.0150061591393226,0.0149990152386376
1.53,0.0150097219834423,0.0150072346122398,0.0150004682041998,0.0149988377167207,0.015006826757617,0.0150067014270725,0.0150159677773733,0.0150033154723212,0.015005858941053,0.0149990461039072
1.54,0.0150092704689285,0.0150068586143386,0.0150004320231601,0.0149988967269623,0.0150064500038834,0.015006347898744,0.0150152260913844,0.0150031245549522,0.0150055587427834,0.0149990769691768
1.55,0.0150088189544147,0.0150064826164375,0.0150003958421204,0.0149989557372038,0.0150061505174574,0.0150060463564423,0.0150144844053956,0.0150029336375832,0.0150052585445138,0.0149991078344464
1.56,0.0150083674399009,0.0150061066185363,0.0150003596610808,0.0149990147474453,0.0150058593032872,0.0150057448141406,0.0150137427194067,0.0150027594567868,0.0150049583462443,0.014999139279133
1.57,0.0150079159253871,0.0150058130545636,0.0150003339895719,0.0149990737576868,0.0150055680891171,0.0150054432718388,0.0150130010334179,0.0150026169421371,0.0150046780334148,0.0149991723051341
1.58,0.0150075423782351,0.015005525924424,0.0150003097030634,0.014999128565154,0.0150052768749469,0.0150051417295371,0.0150123831167105,0.0150024744274873,0.0150044500316017,0.0149992053311352
1.59,0.015007192174265,0.0150052387942843,0.0150002854165549,0.0149991769822958,0.0150049856607768,0.0150048705010297,0.0150118101066216,0.0150023319128376,0.0150042220297886,0.0149992383571363
1.6,0.0150068419702949,0.0150049516641446,0.0150002611300464,0.0149992253994375,0.0150047541718811,0.0150046391683759,0.0150112370965327,0.0150021893981878,0.0150039940279755,0.0149992713831374
1.61,0.0150064917663248,0.015004664534005,0.0150002368435379,0.0149992738165793,0.0150045290771872,0.015004407835722,0.0150106640864438,0.0150020593834192,0.0150037660261624,0.0149993038789262
1.62,0.0150061415623547,0.0150044403429637,0.0150002196967561,0.0149993222337211,0.0150043039824933,0.0150041765030682,0.0150100910763549,0.0150019530188376,0.0150035531273184,0.0149993349276876
1.63,0.0150058518026093,0.0150042210642159,0.0150002034908843,0.0149993665442656,0.0150040788877994,0.0150039451704143,0.015009612416465,0.015001846654256,0.0150033799586319,0.0149993659764489
1.64,0.0150055801396739,0.015004001785468,0.0150001872850125,0.0149994046107223,0.0150038537931055,0.0150037370855156,0.0150091679892082,0.0150017402896744,0.0150032067899453,0.0149993970252103
1.65,0.0150053084767385,0.0150037825067202,0.0150001710791407,0.0149994426771789,0.0150036748623156,0.0150035595968868,0.0150087235619514,0.0150016339250928,0.0150030336212588,0.0149994280739717
1.66,0.0150050368138031,0.0150035632279724,0.0150001548732689,0.0149994807436356,0.015003500873844,0.015003382108258,0.0150082791346946,0.0150015368917102,0.0150028604525722,0.014999458048378
1.67,0.0150047651508677,0.0150033920059391,0.0150001434918728,0.0149995188100923,0.0150033268853724,0.0150032046196291,0.0150078347074378,0.0150014575132638,0.0150026987541316,0.0149994850907109
1.68,0.0150045403589699,0.0150032245346537,0.0150001327462709,0.0149995532342805,0.0150031528969008,0.0150030271310003,0.0150074628441335,0.0150013781348174,0.0150025672295377,0.0149995121330439
1.69,0.0150043296001127,0.0150030570633682,0.0150001220006691,0.0149995821203936,0.0150029789084292,0.0150028674781593,0.0150071173088622,0.015001298756371,0.0150024357049438,0.0149995391753769
1.7,0.0150041188412555,0.0150028895920828,0.0150001112550673,0.0149996110065067,0.0150028406015823,0.0150027312989216,0.0150067717735909,0.0150012193779245,0.0150023041803499,0.0149995662177098
1.71,0.0150039080823984,0.0150027221207973,0.0150001005094655,0.0149996398926198,0.0150027061148184,0.0150025951196838,0.0150064262383196,0.0150011469624959,0.015002172655756,0.0149995919973253
1.72,0.0150036973235412,0.0150025913199056,0.0150000930038925,0.0149996687787329,0.0150025716280545,0.0150024589404461,0.0150060807030483,0.0150010877213264,0.0150020498439295,0.0149996143307986
1.73,0.0150035229041835,0.015002463381078,0.0150000859253072,0.0149996946302058,0.0150024371412906,0.0150023227612084,0.015005791402821,0.0150010284801568,0.0150019499520743,0.014999636664272
1.74,0.0150033593647572,0.0150023354422503,0.0150000788467219,0.0149997158675031,0.0150023026545267,0.015002200267351,0.0150055225060867,0.0150009692389873,0.015001850060219,0.0149996589977454
1.75,0.015003195825331,0.0150022075034227,0.0150000717681367,0.0149997371048004,0.0150021957470852,0.0150020957847636,0.0150052536093525,0.0150009099978177,0.0150017501683638,0.0149996813312188
1.76,0.0150030322859047,0.0150020795645951,0.0150000646895514,0.0149997583420977,0.0150020917922924,0.0150019913021762,0.0150049847126182,0.0150008559533685,0.0150016502765085,0.0149997024207874
1.77,0.0150028687464784,0.0150019796490598,0.0150000597738593,0.014999779579395,0.0150019878374996,0.0150018868195888,0.0150047158158839,0.0150008117412855,0.0150015570009439,0.014999720115557
1.78,0.0150027334226749,0.0150018819206965,0.0150000551432043,0.0149997984003459,0.0150018838827067,0.0150017823370014,0.0150044907207388,0.0150007675292024,0.0150014811303191,0.0149997378103266
1.79,0.0150026065465398,0.0150017841923332,0.0150000505125494,0.0149998135472378,0.0150017799279139,0.0150016883497852,0.0150042815179155,0.0150007233171193,0.0150014052596944,0.0149997555050961
1.8,0.0150024796704048,0.0150016864639699,0.0150000458818945,0.0149998286941297,0.0150016972907977,0.0150016081754816,0.0150040723150921,0.0150006791050362,0.0150013293890696,0.0149997731998657
1.81,0.0150023527942697,0.0150015887356066,0.0150000412512396,0.0149998438410217,0.015001616935957,0.015001528001178,0.0150038631122688,0.0150006387719165,0.0150012535184448,0.0149997897785185
1.82,0.0150022259181346,0.0150015124109764,0.0150000380556734,0.0149998589879136,0.0150015365811163,0.0150014478268744,0.0150036539094454,0.0150006057779231,0.0150011826732197,0.0149998033111243
1.83,0.0150021209174848,0.0150014377568725,0.0150000350492305,0.0149998722825947,0.0150014562262755,0.0150013676525707,0.0150034789285133,0.0150005727839298,0.0150011250479066,0.0149998168437301
1.84,0.0150020224662861,0.0150013631027686,0.0150000320427877,0.014999882760986,0.0150013758714348,0.0150012955326605,0.015003316364147,0.0150005397899364,0.0150010674225935,0.0149998303763359
1.85,0.0150019240150874,0.0150012884486647,0.0150000290363449,0.0149998932393773,0.0150013119940581,0.0150012340131026,0.0150031537997806,0.015000506795943,0.0150010097972804,0.0149998439089417
1.86,0.0150018255638887,0.0150012137945608,0.0150000260299021,0.0149999037177686,0.0150012498807626,0.0150011724935447,0.0150029912354142,0.0150004766967201,0.0150009521719672,0.0149998564983604
1.87,0.0150017271126901,0.0150011554796041,0.0150000239693341,0.0149999141961599,0.015001187767467,0.0150011109739867,0.0150028286710478,0.015000452074498,0.0150008983618395,0.0149998665136827
1.88,0.0150016456390298,0.015001098439891,0.0150000220334184,0.0149999232988695,0.0150011256541714,0.0150010494544288,0.0150026928478339,0.0150004274522759,0.0150008545880108,0.0149998765290049
1.89,0.015001569248391,0.015001041400178,0.0150000200975028,0.0149999303098528,0.0150010635408759,0.0150009941144738,0.0150025667269848,0.0150004028300539,0.015000810814182,0.0149998865443272
1.9,0.0150014928577522,0.0150009843604649,0.0150000181615871,0.014999937320836,0.0150010141638903,0.0150009469074673,0.0150024406061358,0.0150003782078318,0.0150007670403533,0.0149998965596494
1.91,0.0150014164671133,0.0150009273207518,0.0150000162256714,0.0149999443318193,0.0150009661504571,0.0150008997004609,0.0150023144852867,0.0150003557456732,0.0150007232665246,0.0149999058166495
1.92,0.0150013400764745,0.015000882770106,0.015000014908918,0.0149999513428026,0.0150009181370239,0.0150008524934544,0.0150021883644376,0.0150003373704257,0.0150006823915888,0.0149999130040767
1.93,0.0150012768614023,0.0150008391942114,0.0150000136737611,0.0149999573637147,0.0150008701235906,0.015000805286448,0.0150020830965361,0.0150003189951782,0.0150006491425355,0.0149999201915038
1.94,0.0150012175910532,0.0150007956183168,0.0150000124386041,0.0149999618792219,0.0150008221101574,0.0150007628223993,0.0150019853946101,0.0150003006199308,0.0150006158934823,0.014999927378931
1.95,0.0150011583207041,0.0150007520424223,0.0150000112034471,0.0149999663947291,0.0150007839433794,0.0150007266005367,0.0150018876926841,0.0150002822446833,0.015000582644429,0.0149999345663581
1.96,0.015001099050355,0.0150007084665277,0.0150000099682901,0.0149999709102362,0.0150007468307865,0.0150006903786741,0.0150017899907581,0.0150002654814683,0.0150005493953758,0.0149999411639454
1.97,0.0150010397800059,0.0150006744300781,0.0150000091352713,0.0149999754257434,0.0150007097181937,0.0150006541568115,0.0150016922888321,0.015000251768272,0.0150005183480453,0.0149999461517727
1.98,0.0150009907297608,0.0150006411381665,0.0150000083552483,0.0149999792482394,0.0150006726056008,0.0150006179349489,0.0150016108121748,0.0150002380550756,0.0150004930926086,0.0149999511396
1.99,0.0150009447393826,0.015000607846255,0.0150000075752253,0.0149999820170109,0.015000635493008,0.0150005853507944,0.0150015352224546,0.0150002243418792,0.0150004678371718,0.0149999561274273
2,0.0150008987490044,0.0150005745543434,0.0150000067952023,0.0149999847857824,0.0150006059896963,0.0150005575542117,0.0150014596327343,0.0150002106286829,0.0150004425817351,0.0149999611152546
2.01,0.0150008527586261,0.0150005412624318,0.0150000060151793,0.0149999875545539,0.015000577301036,0.0150005297576291,0.015001384043014,0.0150001981187636,0.0150004173262983,0.0149999656612204
2.02,0.0150008067682479,0.0150005152568428,0.0150000054944498,0.0149999903233254,0.0150005486123757,0.0150005019610465,0.0150013084532937,0.0150001878854841,0.0150003937431076,0.014999969001281
2.03,0.0150007687100746,0.0150004898199393,0.0150000050078913,0.0149999926264147,0.0150005199237154,0.0150004741644639,0.0150012454563006,0.0150001776522046,0.0150003745589589,0.0149999723413417
2.04,0.0150007330267784,0.0150004643830358,0.0150000045213328,0.0149999942214333,0.0150004912350551,0.0150004491599847,0.0150011870282666,0.0150001674189252,0.0150003553748102,0.0149999756814023
2.05,0.0150006973434822,0.0150004389461323,0.0150000040347743,0.0149999958164519,0.0150004684288977,0.0150004278301807,0.0150011286002327,0.0150001571856457,0.0150003361906615,0.014999979021463
2.06,0.0150006616601859,0.0150004135092288,0.0150000035482158,0.0149999974114705,0.0150004462525224,0.0150004065003766,0.0150010701721988,0.0150001478501571,0.0150003170065128,0.0149999820394233
2.07,0.0150006259768897,0.0150003936413663,0.0150000032272501,0.0149999990064891,0.0150004240761471,0.0150003851705726,0.0150010117441648,0.0150001402133182,0.0150002990924985,0.0149999841783241
2.08,0.0150005964473049,0.0150003742081584,0.0150000029281071,0.0150000002947531,0.0150004018997718,0.0150003638407686,0.0150009630600899,0.0150001325764794,0.0150002845197239,0.014999986317225
2.09,0.0150005687601219,0.0150003547749504,0.015000002628964,0.015000001116596,0.0150003797233966,0.0150003446539718,0.0150009179113693,0.0150001249396405,0.0150002699469493,0.0149999884561259
2.1,0.0150005410729389,0.0150003353417425,0.015000002329821,0.0150000019384389,0.0150003620942329,0.0150003282875775,0.0150008727626486,0.0150001173028017,0.0150002553741748,0.0149999905950268
2.11,0.0150005133857559,0.0150003159085345,0.015000002030678,0.0150000027602819,0.0150003449518948,0.0150003119211833,0.015000827613928,0.0150001103358775,0.0150002408014002,0.0149999925072918
2.12,0.0150004856985729,0.015000300730613,0.0150000018361679,0.0150000035821248,0.0150003278095567,0.015000295554789,0.0150007824652073,0.0150001046364538,0.0150002271936472,0.0149999938010342
2.13,0.0150004627859052,0.0150002858848095,0.015000001655447,0.0150000042134283,0.0150003106672185,0.0150002791883947,0.0150007448476539,0.0150000989370301,0.0150002161244983,0.0149999950947765
2.14,0.0150004413027124,0.0150002710390061,0.0150000014747261,0.0150000045550162,0.0150002935248804,0.0150002644660255,0.0150007099625981,0.0150000932376065,0.0150002050553494,0.0149999963885189
2.15,0.0150004198195195,0.0150002561932027,0.0150000012940051,0.015000004896604,0.0150002798972354,0.0150002519073506,0.0150006750775422,0.0150000875381828,0.0150001939862004,0.0149999976822612
2.16,0.0150003983363267,0.0150002413473992,0.0150000011132842,0.0150000052381919,0.0150002666458742,0.0150002393486757,0.0150006401924864,0.0150000823388947,0.0150001829170515,0.0149999988217017
2.17,0.0150003768531338,0.0150002297507502,0.0150000009979743,0.0150000055797798,0.015000253394513,0.0150002267900008,0.0150006053074305,0.0150000780858794,0.0150001725807367,0.0149999995400296
2.18,0.01500035907545,0.0150002184076924,0.0150000008912847,0.015000005809611,0.0150002401431518,0.0150002142313258,0.0150005762366571,0.015000073832864,0.0150001641722291,0.0150000002583576
2.19,0.0150003424071839,0.0150002070646345,0.015000000784595,0.0150000058695162,0.0150002268917906,0.0150002029341714,0.0150005492754521,0.0150000695798487,0.0150001557637215,0.0150000009766855
2.2,0.0150003257389178,0.0150001957215767,0.0150000006779054,0.0150000059294213,0.0150002163580732,0.0150001932972985,0.0150005223142471,0.0150000653268334,0.0150001473552139,0.0150000016950134
2.21,0.0150003090706517,0.0150001843785188,0.0150000005712158,0.0150000059893265,0.0150002061153074,0.0150001836604257,0.015000495353042,0.015000061446934,0.0150001389467063,0.0150000023126485
2.22,0.0150002924023857,0.0150001755199583,0.0150000005047261,0.0150000060492316,0.0150001958725416,0.0150001740235529,0.015000468391837,0.0150000582729823,0.0150001310948729,0.015000002655478
2.23,0.0150002786085936,0.0150001668553087,0.0150000004435343,0.0150000060487739,0.0150001856297757,0.01500016438668,0.0150004459163838,0.0150000550990306,0.0150001247074375,0.0150000029983075
2.24,0.0150002656754099,0.0150001581906591,0.0150000003823424,0.0150000059565346,0.0150001753870099,0.0150001557180299,0.0150004250684746,0.0150000519250789,0.015000118320002,0.015000003341137
2.25,0.0150002527422263,0.0150001495260095,0.0150000003211506,0.0150000058642952,0.01500016724421,0.0150001483236537,0.0150004042205654,0.0150000487511272,0.0150001119325665,0.0150000036839665
2.26,0.0150002398090427,0.0150001408613599,0.0150000002599587,0.0150000057720558,0.0150001593262328,0.0150001409292774,0.0150003833726562,0.0150000458556855,0.015000105545131,0.015000003964017
2.27,0.015000226875859,0.0150001340937592,0.0150000002230346,0.0150000056798165,0.0150001514082557,0.0150001335349012,0.015000362524747,0.0150000434871941,0.0150000995806368,0.0150000040727346
2.28,0.0150002161733994,0.01500012747422,0.0150000001893085,0.0150000055604972,0.0150001434902786,0.015000126140525,0.0150003451400848,0.0150000411187026,0.0150000947287402,0.0150000041814521
2.29,0.0150002061388115,0.0150001208546808,0.0150000001555825,0.0150000054000029,0.0150001355723015,0.0150001194888882,0.015000329011976,0.0150000387502111,0.0150000898768437,0.0150000042901696
2.3,0.0150001961042236,0.0150001142351416,0.0150000001218564,0.0150000052395086,0.0150001292781658,0.0150001138147677,0.0150003128838672,0.0150000363817196,0.0150000850249471,0.0150000043988871
2.31,0.0150001860696357,0.0150001076156024,0.0150000000881304,0.0150000050790143,0.015000123157879,0.0150001081406471,0.0150002967557584,0.0150000342209882,0.0150000801730505,0.0150000044712436
2.32,0.0150001760350479,0.0150001024453151,0.0150000000689813,0.01500000491852,0.0150001170375922,0.0150001024665266,0.0150002806276496,0.0150000324533456,0.0150000756423915,0.0150000044443656
2.33,0.0150001677304695,0.0150000973881394,0.0150000000517533,0.0150000047502092,0.0150001109173054,0.0150000967924061,0.0150002671762356,0.0150000306857031,0.0150000719567863,0.0150000044174875
2.34,0.0150001599438505,0.0150000923309638,0.0150000000345252,0.0150000045700135,0.0150001047970186,0.0150000916882461,0.0150002546959939,0.0150000289180605,0.0150000682711811,0.0150000043906095
2.35,0.0150001521572315,0.0150000872737882,0.0150000000172972,0.0150000043898178,0.0150000999316623,0.0150000873342086,0.0150002422157523,0.0150000271504179,0.0150000645855759,0.0150000043637315
2.36,0.0150001443706125,0.0150000822166125,0.0150000000000691,0.0150000042096221,0.0150000952006592,0.0150000829801711,0.0150002297355107,0.0150000255378734,0.0150000608999707,0.0150000043181198
2.37,0.0150001365839935,0.0150000782663406,0.0149999999910261,0.0150000040294264,0.0150000904696561,0.0150000786261336,0.0150002172552691,0.0150000242187794,0.0150000574584099,0.0150000042213814
2.38,0.0150001301406617,0.0150000744024607,0.0149999999830618,0.0150000038524386,0.015000085738653,0.0150000742720962,0.0150002068428081,0.0150000228996854,0.0150000546588368,0.015000004124643
2.39,0.0150001240995058,0.0150000705385808,0.0149999999750975,0.0150000036803285,0.0150000810076498,0.015000070355414,0.0150001971805902,0.0150000215805914,0.0150000518592636,0.0150000040279046
2.4,0.01500011805835,0.0150000666747009,0.0149999999671331,0.0150000035082183,0.0150000772468654,0.0150000670143331,0.0150001875183723,0.0150000202614974,0.0150000490596905,0.0150000039311662
2.41,0.0150001120171942,0.015000062810821,0.0149999999591688,0.0150000033361082,0.0150000735899529,0.0150000636732523,0.0150001778561544,0.0150000190581384,0.0150000462601174,0.0150000038268398
2.42,0.0150001059760383,0.0150000597928243,0.0149999999557671,0.015000003163998,0.0150000699330404,0.0150000603321715,0.0150001681939365,0.0150000180737538,0.0150000436459025,0.0150000037018046
2.43,0.0150001009766694,0.0150000568408474,0.0149999999529666,0.0150000030004496,0.0150000662761278,0.0150000569910906,0.0150001601314811,0.0150000170893692,0.0150000415192945,0.0150000035767693
2.44,0.0150000962892082,0.0150000538888705,0.0149999999501662,0.0150000028499193,0.0150000626192153,0.0150000539856925,0.01500015264946,0.0150000161049846,0.0150000393926864,0.0150000034517341
2.45,0.015000091601747,0.0150000509368936,0.0149999999473658,0.0150000026993891,0.0150000597121287,0.0150000514220849,0.0150001451674389,0.0150000151206,0.0150000372660784,0.0150000033266989
2.46,0.0150000869142857,0.0150000479849167,0.0149999999445653,0.0150000025488588,0.0150000568853186,0.0150000488584774,0.0150001376854177,0.0150000142225759,0.0150000351394704,0.0150000032007735
2.47,0.0150000822268245,0.0150000456798789,0.0149999999441328,0.0150000023983285,0.0150000540585085,0.0150000462948698,0.0150001302033966,0.0150000134879488,0.0150000331536494,0.0150000030724185
2.48,0.0150000783479512,0.0150000434253337,0.0149999999440122,0.0150000022582445,0.0150000512316984,0.0150000437312622,0.0150001239601407,0.0150000127533217,0.0150000315381854,0.0150000029440635
2.49,0.0150000747111667,0.0150000411707884,0.0149999999438917,0.015000002134044,0.0150000484048883,0.0150000414252314,0.01500011816634,0.0150000120186946,0.0150000299227213,0.0150000028157086
2.5,0.0150000710743821,0.0150000389162432,0.0149999999437712,0.0150000020098436,0.0150000461576544,0.0150000394581961,0.0150001123725393,0.0150000112840674,0.0150000283072573,0.0150000026873536
2.51,0.0150000674375975,0.0150000366616979,0.0149999999436507,0.0150000018856432,0.0150000439724701,0.0150000374911608,0.0150001065787386,0.0150000106138912,0.0150000266917932,0.0150000025618095
2.52,0.0150000638008129,0.0150000349003887,0.0149999999446579,0.0150000017614427,0.0150000417872858,0.0150000355241256,0.015000100784938,0.0150000100656582,0.0150000251833076,0.0150000024439368
2.53,0.0150000607910991,0.0150000331775757,0.0149999999458138,0.0150000016475583,0.0150000396021015,0.0150000335570903,0.0150000959506426,0.0150000095174252,0.0150000239562412,0.0150000023260641
2.54,0.0150000579691283,0.0150000314547627,0.0149999999469697,0.0150000015493594,0.0150000374169172,0.0150000317875677,0.01500009146448,0.0150000089691922,0.0150000227291748,0.0150000022081914
2.55,0.0150000551471575,0.0150000297319497,0.0149999999481256,0.0150000014511606,0.0150000356796922,0.0150000302779906,0.0150000869783174,0.0150000084209592,0.0150000215021084,0.0150000020903186
2.56,0.0150000523251867,0.0150000280091367,0.0149999999492815,0.0150000013529617,0.0150000339904258,0.0150000287684136,0.0150000824921547,0.0150000079208305,0.015000020275042,0.01500000197693
2.57,0.015000049503216,0.0150000266632806,0.014999999950836,0.0150000012547628,0.0150000323011593,0.0150000272588365,0.0150000780059921,0.0150000075117165,0.0150000191292794,0.0150000018757791
2.58,0.0150000471678797,0.0150000253468453,0.014999999952443,0.015000001165885,0.0150000306118929,0.0150000257492594,0.0150000742631671,0.0150000071026026,0.0150000181973961,0.0150000017746282
2.59,0.0150000449782403,0.01500002403041,0.01499999995405,0.01500000109118,0.0150000289226265,0.0150000243914164,0.0150000707900437,0.0150000066934886,0.0150000172655129,0.0150000016734772
2.6,0.0150000427886009,0.0150000227139748,0.014999999955657,0.0150000010164749,0.0150000275798901,0.01500002323327,0.0150000673169202,0.0150000062843747,0.0150000163336296,0.0150000015723263
2.61,0.0150000405989615,0.0150000213975395,0.014999999957264,0.0150000009417698,0.0150000262742532,0.0150000220751235,0.0150000638437968,0.0150000059111171,0.0150000154017463,0.0150000014761411
2.62,0.0150000384093221,0.0150000203694486,0.0149999999589079,0.0150000008670647,0.0150000249686163,0.0150000209169771,0.0150000603706734,0.0150000056057011,0.0150000145314423,0.0150000013935081
2.63,0.0150000365975221,0.0150000193638625,0.0149999999605567,0.0150000008001164,0.0150000236629795,0.0150000197588307,0.0150000574733107,0.0150000053002851,0.0150000138231296,0.0150000013108751
2.64,0.015000034898846,0.0150000183582763,0.0149999999622054,0.0150000007449621,0.0150000223573426,0.0150000187169969,0.0150000547848485,0.0150000049948692,0.0150000131148169,0.0150000012282422
2.65,0.0150000332001699,0.0150000173526902,0.0149999999638542,0.0150000006898078,0.0150000213193728,0.0150000178282419,0.0150000520963863,0.0150000046894532,0.0150000124065042,0.0150000011456092
2.66,0.0150000315014939,0.0150000163471041,0.014999999965503,0.0150000006346535,0.0150000203100596,0.0150000169394868,0.0150000494079241,0.0150000044108843,0.0150000116981915,0.0150000010677226
2.67,0.0150000298028178,0.0150000155616346,0.0149999999670122,0.0150000005794992,0.0150000193007463,0.0150000160507318,0.0150000467194619,0.0150000041831112,0.0150000110368771,0.0150000010027898
2.68,0.0150000283969487,0.0150000147933448,0.0149999999685031,0.0150000005305613,0.015000018291433,0.0150000151619767,0.0150000444770009,0.0150000039553381,0.0150000104991975,0.0150000009378569
2.69,0.0150000270787451,0.015000014025055,0.014999999969994,0.0150000004910754,0.0150000172821198,0.0150000143625027,0.0150000423963602,0.015000003727565,0.0150000099615179,0.015000000872924
2.7,0.0150000257605414,0.0150000132567652,0.0149999999714848,0.0150000004515895,0.0150000164797995,0.0150000136805312,0.0150000403157196,0.0150000034997918,0.0150000094238383,0.0150000008079912
2.71,0.0150000244423378,0.0150000124884754,0.0149999999729757,0.0150000004121036,0.01500001569964,0.0150000129985596,0.015000038235079,0.0150000032919965,0.0150000088861587,0.0150000007472994
2.72,0.0150000231241342,0.0150000118883966,0.0149999999742629,0.0150000003726176,0.0150000149194805,0.015000012316588,0.0150000361544384,0.0150000031219997,0.0150000083840258,0.0150000006981821
2.73,0.0150000220331238,0.0150000113014464,0.0149999999755233,0.0150000003379181,0.0150000141393209,0.0150000116346164,0.0150000344190607,0.015000002952003,0.0150000079754025,0.0150000006490648
2.74,0.0150000210101343,0.0150000107144962,0.0149999999767838,0.0150000003104961,0.0150000133591614,0.01500001102104,0.0150000328089531,0.0150000027820062,0.0150000075667792,0.0150000005999475
2.75,0.0150000199871449,0.015000010127546,0.0149999999780442,0.0150000002830742,0.0150000127389335,0.0150000104974783,0.0150000311988454,0.0150000026120095,0.0150000071581559,0.0150000005508302
2.76,0.0150000189641554,0.0150000095405958,0.0149999999793046,0.0150000002556522,0.015000012135828,0.0150000099739166,0.0150000295887378,0.015000002456912,0.0150000067495326,0.0150000005052246
2.77,0.0150000179411659,0.0150000090821935,0.0149999999803525,0.0150000002282303,0.0150000115327225,0.0150000094503548,0.0150000279786302,0.0150000023300046,0.0150000063680095,0.0150000004692029
2.78,0.0150000170945864,0.0150000086338242,0.0149999999813724,0.0150000002043882,0.0150000109296169,0.0150000089267931,0.0150000266357182,0.0150000022030972,0.015000006057777,0.0150000004331812
2.79,0.0150000163008234,0.0150000081854549,0.0149999999823923,0.0150000001859893,0.0150000103265114,0.0150000084559862,0.0150000253897515,0.0150000020761898,0.0150000057475444,0.0150000003971596
2.8,0.0150000155070605,0.0150000077370855,0.0149999999834123,0.0150000001675904,0.0150000098471081,0.0150000080546099,0.0150000241437848,0.0150000019492824,0.0150000054373119,0.0150000003611379
2.81,0.0150000147132975,0.0150000072887162,0.0149999999844322,0.0150000001491915,0.0150000093809483,0.0150000076532336,0.0150000228978181,0.0150000018335029,0.0150000051270794,0.0150000003279022
2.82,0.0150000139195345,0.0150000069385366,0.0149999999852576,0.0150000001307926,0.0150000089147886,0.0150000072518572,0.0150000216518514,0.0150000017387778,0.0150000048373881,0.0150000003022701
2.83,0.0150000132629303,0.0150000065960205,0.0149999999860573,0.0150000001149625,0.0150000084486288,0.0150000068504809,0.0150000206128582,0.0150000016440527,0.0150000046017333,0.0150000002766379
2.84,0.0150000126473909,0.0150000062535044,0.0149999999868571,0.0150000001030383,0.0150000079824691,0.0150000064893688,0.0150000196489603,0.0150000015493276,0.0150000043660784,0.0150000002510058
2.85,0.0150000120318515,0.0150000059109883,0.0149999999876569,0.015000000091114,0.0150000076119067,0.0150000061812484,0.0150000186850623,0.0150000014546025,0.0150000041304236,0.0150000002253737
2.86,0.0150000114163122,0.0150000055684722,0.0149999999884566,0.0150000000791898,0.015000007251579,0.015000005873128,0.0150000177211644,0.0150000013681928,0.0150000038947687,0.0150000002018889
2.87,0.0150000108007728,0.0150000053009691,0.014999999989092,0.0150000000672655,0.0150000068912513,0.0150000055650076,0.0150000167572664,0.0150000012975159,0.0150000036747244,0.0150000001842644
2.88,0.0150000102912796,0.0150000050393206,0.0149999999897058,0.0150000000571571,0.0150000065309237,0.0150000052568872,0.0150000159528793,0.0150000012268389,0.0150000034957452,0.01500000016664
2.89,0.0150000098135363,0.0150000047776722,0.0149999999903195,0.0150000000498095,0.015000006170596,0.0150000049796946,0.0150000152063667,0.015000001156162,0.015000003316766,0.0150000001490156
2.9,0.015000009335793,0.0150000045160238,0.0149999999909332,0.0150000000424619,0.0150000058840425,0.0150000047432059,0.0150000144598542,0.0150000010854851,0.0150000031377868,0.0150000001313911
2.91,0.0150000088580497,0.0150000042543753,0.014999999991547,0.0150000000351144,0.0150000056053873,0.0150000045067173,0.0150000137133416,0.0150000010210023,0.0150000029588076,0.0150000001153435
2.92,0.0150000083803064,0.0150000040499449,0.0149999999920267,0.0150000000277668,0.0150000053267321,0.0150000042702287,0.015000012966829,0.0150000009682388,0.0150000027916634,0.0150000001035991
2.93,0.0150000079850054,0.0150000038499801,0.0149999999924887,0.0150000000216335,0.015000005048077,0.0150000040337401,0.0150000123447211,0.0150000009154753,0.0150000026556524,0.0150000000918548
2.94,0.0150000076143874,0.0150000036500154,0.0149999999929507,0.0150000000173465,0.0150000047694218,0.015000003821013,0.0150000117677505,0.0150000008627118,0.0150000025196414,0.0150000000801104
2.95,0.0150000072437693,0.0150000034500507,0.0149999999934128,0.0150000000130595,0.0150000045479818,0.0150000036395585,0.0150000111907798,0.0150000008099484,0.0150000023836305,0.015000000068366
2.96,0.0150000068731513,0.015000003250086,0.0149999999938748,0.0150000000087725,0.0150000043326673,0.0150000034581041,0.0150000106138092,0.0150000007618183,0.0150000022476195,0.0150000000577883
2.97,0.0150000065025333,0.0150000030939147,0.0149999999942314,0.0150000000044854,0.0150000041173527,0.0150000032766496,0.0150000100368385,0.0150000007224546,0.015000002120622,0.0150000000503946
2.98,0.0150000061959112,0.0150000029411615,0.0149999999945741,0.0150000000010079,0.0150000039020382,0.0150000030951951,0.0150000095553712,0.0150000006830909,0.0150000020173353,0.015000000043001
2.99,0.0150000059084493,0.0150000027884082,0.0149999999949168,0.0149999999987611,0.0150000036867236,0.015000002931973,0.0150000091085548,0.0150000006437272,0.0150000019140486,0.0150000000356073
3,0.0150000056209873,0.015000002635655,0.0149999999952595,0.0149999999965143,0.0150000035155328,0.0150000027927464,0.0150000086617385,0.0150000006043635,0.0150000018107619,0.0150000000282136
3.01,0.0150000053335254,0.0150000024829017,0.0149999999956022,0.0149999999942675,0.0150000033490658,0.0150000026535198,0.0150000082149222,0.0150000005684605,0.0150000017074752,0.0150000000216268
3.02,0.0150000050460635,0.0150000023636051,0.0149999999958642,0.0149999999920208,0.0150000031825989,0.0150000025142933,0.0150000077681059,0.0150000005391051,0.0150000016110165,0.0150000000172422
3.03,0.0150000048080306,0.0150000022469197,0.0149999999961156,0.0149999999902801,0.0150000030161319,0.0150000023750667,0.015000007395223,0.0150000005097497,0.0150000015325195,0.0150000000128575
3.04,0.0150000045847967,0.0150000021302342,0.0149999999963669,0.0149999999893089,0.0150000028496649,0.0150000022498199,0.015000007049165,0.0150000004803943,0.0150000014540225,0.0150000000084728
3.05,0.0150000043615628,0.0150000020135488,0.0149999999966183,0.0149999999883376,0.0150000027173595,0.0150000021429719,0.015000006703107,0.0150000004510389,0.0150000013755255,0.0150000000040881
3.06,0.0150000041383288,0.0150000018968634,0.0149999999968697,0.0149999999873664,0.0150000025887114,0.0150000020361239,0.015000006357049,0.015000000424256,0.0150000012970285,0.0150000000002465
3.07,0.0150000039150949,0.015000001805739,0.0149999999970597,0.0149999999863952,0.0150000024600633,0.0150000019292758,0.015000006010991,0.0150000004023401,0.0150000012237218,0.0149999999978869
3.08,0.0150000037303964,0.0150000017166096,0.0149999999972418,0.0149999999857234,0.0150000023314152,0.0150000018224278,0.0150000057225041,0.0150000003804243,0.015000001164069,0.0149999999955273
3.09,0.0150000035572353,0.0150000016274803,0.0149999999974238,0.014999999985507,0.0150000022027671,0.0150000017263149,0.0150000054549053,0.0150000003585085,0.0150000011044162,0.0149999999931677
3.1,0.0150000033840743,0.0150000015383509,0.0149999999976058,0.0149999999852905,0.0150000021005087,0.0150000016443306,0.0150000051873066,0.0150000003365927,0.0150000010447634,0.0149999999908081
3.11,0.0150000032109132,0.0150000014492215,0.0149999999977878,0.0149999999850741,0.0150000020010756,0.0150000015623463,0.0150000049197078,0.0150000003166039,0.0150000009851106,0.0149999999887925
3.12,0.0150000030377521,0.0150000013796009,0.0149999999979246,0.0149999999848576,0.0150000019016426,0.015000001480362,0.0150000046521091,0.0150000003002611,0.0150000009294073,0.014999999987716
3.13,0.0150000028944687,0.015000001311503,0.0149999999980554,0.0149999999848061,0.0150000018022095,0.0150000013983777,0.015000004429031,0.0150000002839184,0.0150000008840936,0.0149999999866395
3.14,0.0150000027601307,0.015000001243405,0.0149999999981862,0.0149999999850055,0.0150000017027764,0.0150000013246259,0.0150000042221062,0.0150000002675757,0.01500000083878,0.0149999999855629
3.15,0.0150000026257926,0.015000001175307,0.014999999998317,0.0149999999852049,0.0150000016237319,0.0150000012617088,0.0150000040151814,0.0150000002512329,0.0150000007934663,0.0149999999844864
3.16,0.0150000024914546,0.0150000011072091,0.0149999999984479,0.0149999999854042,0.0150000015468703,0.0150000011987918,0.0150000038082565,0.0150000002363211,0.0150000007481527,0.014999999983633
3.17,0.0150000023571166,0.015000001054008,0.0149999999985455,0.0149999999856036,0.0150000014700087,0.0150000011358747,0.0150000036013317,0.0150000002241166,0.0150000007058408,0.0149999999833883
3.18,0.0150000022459403,0.0150000010019697,0.0149999999986387,0.0149999999858783,0.015000001393147,0.0150000010729576,0.0150000034285865,0.0150000002119121,0.0150000006714253,0.0149999999831437
3.19,0.0150000021416986,0.0150000009499313,0.0149999999987319,0.0149999999862675,0.0150000013162854,0.015000001016364,0.0150000032682425,0.0150000001997076,0.0150000006370099,0.0149999999828991
3.2,0.015000002037457,0.015000000897893,0.0149999999988251,0.0149999999866566,0.0150000012551963,0.0150000009680926,0.0150000031078985,0.0150000001875031,0.0150000006025945,0.0149999999826545
3.21,0.0150000019332153,0.0150000008458546,0.0149999999989183,0.0149999999870458,0.0150000011957958,0.0150000009198213,0.0150000029475545,0.0150000001763693,0.015000000568179,0.0149999999825283
3.22,0.0150000018289736,0.0150000008052317,0.0149999999989874,0.014999999987435,0.0150000011363953,0.0150000008715499,0.0150000027872105,0.0150000001672613,0.015000000536049,0.0149999999827255
3.23,0.0150000017426844,0.0150000007654997,0.0149999999990533,0.0149999999878478,0.0150000010769947,0.0150000008232786,0.0150000026535416,0.0150000001581534,0.0150000005099312,0.0149999999829226
3.24,0.0150000016617702,0.0150000007257677,0.0149999999991192,0.0149999999882966,0.0150000010175942,0.0150000007798546,0.0150000025295512,0.0150000001490454,0.0150000004838134,0.0149999999831198
3.25,0.0150000015808559,0.0150000006860357,0.0149999999991851,0.0149999999887454,0.0150000009703662,0.0150000007428104,0.0150000024055609,0.0150000001399374,0.0150000004576956,0.0149999999833169
3.26,0.0150000014999416,0.0150000006463037,0.014999999999251,0.0149999999891942,0.0150000009244414,0.0150000007057661,0.0150000022815705,0.0150000001316289,0.0150000004315778,0.0149999999835734
3.27,0.0150000014190273,0.0150000006152594,0.0149999999992995,0.014999999989643,0.0150000008785165,0.0150000006687219,0.0150000021575801,0.0150000001248327,0.0150000004071941,0.0149999999839917
3.28,0.0150000013520863,0.0150000005848932,0.0149999999993457,0.0149999999900864,0.0150000008325917,0.0150000006316776,0.0150000020540605,0.0150000001180366,0.0150000003873724,0.01499999998441
3.29,0.0150000012893288,0.015000000554527,0.0149999999993919,0.0149999999905217,0.0150000007866668,0.0150000005983607,0.0150000019579682,0.0150000001112405,0.0150000003675507,0.0149999999848283
3.3,0.0150000012265712,0.0150000005241608,0.0149999999994381,0.014999999990957,0.0150000007501446,0.0150000005699493,0.0150000018618759,0.0150000001044444,0.0150000003477289,0.0149999999852467
3.31,0.0150000011638137,0.0150000004937945,0.0149999999994842,0.0149999999913922,0.0150000007146291,0.0150000005415379,0.0150000017657836,0.0150000000982431,0.0150000003279072,0.0149999999856863
3.32,0.0150000011010562,0.0150000004700684,0.0149999999995181,0.0149999999918275,0.0150000006791135,0.0150000005131265,0.0150000016696913,0.0150000000931674,0.015000000309396,0.0149999999861843
3.33,0.0150000010491055,0.0150000004468605,0.0149999999995503,0.0149999999922424,0.015000000643598,0.0150000004847151,0.015000001589563,0.0150000000880917,0.0150000002943322,0.0149999999866822
3.34,0.0150000010003903,0.0150000004236525,0.0149999999995826,0.0149999999926264,0.0150000006080824,0.0150000004591535,0.0150000015152269,0.015000000083016,0.0150000002792685,0.0149999999871801
3.35,0.0150000009516751,0.0150000004004446,0.0149999999996148,0.0149999999930104,0.0150000005798491,0.0150000004373425,0.0150000014408907,0.0150000000779403,0.0150000002642048,0.014999999987678
3.36,0.0150000009029599,0.0150000003772367,0.0149999999996471,0.0149999999933944,0.0150000005523954,0.0150000004155316,0.0150000013665545,0.0150000000733104,0.015000000249141,0.0149999999881748
3.37,0.0150000008542447,0.0150000003591217,0.0149999999996705,0.0149999999937784,0.0150000005249417,0.0150000003937206,0.0150000012922184,0.0150000000695243,0.0150000002350771,0.0149999999886683
3.38,0.0150000008139418,0.0150000003414041,0.0149999999996928,0.0149999999941366,0.015000000497488,0.0150000003719097,0.015000001230222,0.0150000000657382,0.0150000002236434,0.0149999999891618
3.39,0.0150000007761575,0.0150000003236866,0.014999999999715,0.0149999999944556,0.0150000004700343,0.0150000003522924,0.0150000011727029,0.0150000000619521,0.0150000002122096,0.0149999999896553
3.4,0.0150000007383732,0.0150000003059691,0.0149999999997373,0.0149999999947746,0.0150000004482137,0.0150000003355622,0.0150000011151838,0.0150000000581659,0.0150000002007758,0.0149999999901488
3.41,0.0150000007005889,0.0150000002882515,0.0149999999997595,0.0149999999950936,0.0150000004269962,0.015000000318832,0.0150000010576647,0.0150000000547123,0.0150000001893421,0.0149999999906291
3.42,0.0150000006628047,0.0150000002743919,0.0149999999997758,0.0149999999954126,0.0150000004057786,0.0150000003021018,0.0150000010001456,0.0150000000518879,0.015000000178659,0.0149999999910734
3.43,0.0150000006315299,0.0150000002608334,0.0149999999997913,0.0149999999957055,0.015000000384561,0.0150000002853716,0.0150000009521717,0.0150000000490635,0.0150000001699506,0.0149999999915177
3.44,0.015000000602204,0.0150000002472748,0.0149999999998068,0.0149999999959588,0.0150000003633435,0.0150000002703214,0.0150000009076612,0.015000000046239,0.0150000001612423,0.0149999999919621
3.45,0.0150000005728782,0.0150000002337163,0.0149999999998223,0.0149999999962121,0.0150000003464724,0.0150000002574821,0.0150000008631507,0.0150000000434146,0.015000000152534,0.0149999999924064
3.46,0.0150000005435523,0.0150000002201578,0.0149999999998378,0.0149999999964654,0.0150000003300666,0.0150000002446428,0.0150000008186401,0.0150000000408372,0.0150000001438257,0.0149999999928324
3.47,0.0150000005142265,0.0150000002095844,0.0149999999998489,0.0149999999967187,0.0150000003136608,0.0150000002318035,0.0150000007741296,0.0150000000387273,0.0150000001356944,0.0149999999932083
3.48,0.0150000004899666,0.0150000001992441,0.0149999999998595,0.0149999999969484,0.0150000002972551,0.0150000002189642,0.0150000007370118,0.0150000000366173,0.0150000001290813,0.0149999999935843
3.49,0.0150000004672236,0.0150000001889037,0.01499999999987,0.0149999999971424,0.0150000002808493,0.0150000002074149,0.0150000007025763,0.0150000000345074,0.0150000001224682,0.0149999999939602
3.5,0.0150000004444805,0.0150000001785634,0.0149999999998805,0.0149999999973363,0.0150000002678085,0.0150000001975631,0.0150000006681407,0.0150000000323974,0.015000000115855,0.0149999999943362
3.51,0.0150000004217374,0.015000000168223,0.014999999999891,0.0149999999975302,0.015000000255128,0.0150000001877114,0.0150000006337052,0.0150000000304727,0.0150000001092419,0.0149999999946927
3.52,0.0150000003989943,0.0150000001601418,0.0149999999998986,0.0149999999977241,0.0150000002424474,0.0150000001778597,0.0150000005992697,0.0150000000288984,0.0150000001030671,0.0149999999949963
3.53,0.015000000380169,0.0150000001522369,0.0149999999999057,0.0149999999978981,0.0150000002297669,0.015000000168008,0.0150000005705204,0.0150000000273241,0.0150000000980455,0.0149999999952998
3.54,0.0150000003625167,0.0150000001443319,0.0149999999999128,0.0149999999980418,0.0150000002170863,0.0150000001591466,0.0150000005438341,0.0150000000257498,0.0150000000930239,0.0149999999956033
3.55,0.0150000003448643,0.015000000136427,0.01499999999992,0.0149999999981854,0.015000000207007,0.0150000001515886,0.0150000005171479,0.0150000000241756,0.0150000000880024,0.0149999999959069
3.56,0.0150000003272119,0.0150000001285221,0.0149999999999271,0.0149999999983291,0.0150000001972061,0.0150000001440305,0.0150000004904616,0.0150000000227398,0.0150000000829808,0.0149999999961923
3.57,0.0150000003095596,0.0150000001223474,0.0149999999999322,0.0149999999984728,0.0150000001874052,0.0150000001364725,0.0150000004637754,0.0150000000215659,0.0150000000782915,0.0149999999964283
3.58,0.0150000002949575,0.0150000001163078,0.014999999999937,0.0149999999986003,0.0150000001776043,0.0150000001289144,0.0150000004415026,0.0150000000203921,0.0150000000744763,0.0149999999966642
3.59,0.0150000002812688,0.0150000001102682,0.0149999999999418,0.0149999999987032,0.0150000001678034,0.0150000001221158,0.0150000004208312,0.0150000000192182,0.0150000000706611,0.0149999999969002
3.6,0.01500000026758,0.0150000001042286,0.0149999999999467,0.0149999999988061,0.0150000001600131,0.0150000001163167,0.0150000004001597,0.0150000000180444,0.015000000066846,0.0149999999971362
3.61,0.0150000002538912,0.015000000098189,0.0149999999999515,0.014999999998909,0.015000000152438,0.0150000001105177,0.0150000003794883,0.0150000000169732,0.0150000000630308,0.0149999999973564
3.62,0.0150000002402024,0.0150000000934721,0.0149999999999549,0.0149999999990119,0.0150000001448629,0.0150000001047186,0.0150000003588168,0.0150000000160963,0.0150000000594687,0.0149999999975338
3.63,0.0150000002288718,0.0150000000888585,0.0149999999999582,0.0149999999991025,0.0150000001372878,0.0150000000989195,0.0150000003415845,0.0150000000152193,0.0150000000565722,0.0149999999977111
3.64,0.0150000002182472,0.0150000000842449,0.0149999999999614,0.0149999999991744,0.0150000001297127,0.0150000000937029,0.0150000003256001,0.0150000000143424,0.0150000000536757,0.0149999999978885
3.65,0.0150000002076227,0.0150000000796313,0.0149999999999647,0.0149999999992464,0.0150000001236869,0.0150000000892531,0.0150000003096156,0.0150000000134655,0.0150000000507792,0.0149999999980659
3.66,0.0150000001969981,0.0150000000750177,0.0149999999999679,0.0149999999993183,0.015000000117827,0.0150000000848033,0.0150000002936311,0.0150000000126655,0.0150000000478828,0.0149999999982303
3.67,0.0150000001863736,0.0150000000714062,0.0149999999999702,0.0149999999993902,0.015000000111967,0.0150000000803534,0.0150000002776466,0.0150000000120113,0.0150000000451776,0.0149999999983597
3.68,0.0150000001775797,0.0150000000678729,0.0149999999999724,0.0149999999994529,0.0150000001061071,0.0150000000759036,0.0150000002643187,0.0150000000113571,0.0150000000429758,0.014999999998489
3.69,0.0150000001693338,0.0150000000643397,0.0149999999999746,0.0149999999995014,0.0150000001002471,0.0150000000719014,0.0150000002519546,0.0150000000107028,0.015000000040774,0.0149999999986183
3.7,0.015000000161088,0.0150000000608064,0.0149999999999767,0.0149999999995499,0.0150000000955954,0.0150000000684883,0.0150000002395905,0.0150000000100486,0.0150000000385722,0.0149999999987476
3.71,0.0150000001528422,0.0150000000572731,0.0149999999999789,0.0149999999995985,0.015000000091073,0.0150000000650753,0.0150000002272264,0.0150000000094516,0.0150000000363705,0.0149999999988667
3.72,0.0150000001445963,0.015000000054519,0.0149999999999804,0.014999999999647,0.0150000000865506,0.0150000000616622,0.0150000002148623,0.0150000000089631,0.0150000000343141,0.0149999999989578
3.73,0.0150000001377722,0.0150000000518256,0.0149999999999819,0.0149999999996889,0.0150000000820283,0.0150000000582491,0.0150000002045531,0.0150000000084745,0.0150000000326404,0.0149999999990489
3.74,0.0150000001313737,0.0150000000491323,0.0149999999999833,0.0149999999997205,0.0150000000775059,0.0150000000551784,0.0150000001949894,0.0150000000079859,0.0150000000309667,0.01499999999914
3.75,0.0150000001249753,0.015000000046439,0.0149999999999848,0.0149999999997521,0.0150000000739088,0.0150000000525582,0.0150000001854258,0.0150000000074974,0.0150000000292931,0.0149999999992311
3.76,0.0150000001185768,0.0150000000437456,0.0149999999999862,0.0149999999997837,0.0150000000704108,0.0150000000499379,0.0150000001758622,0.0150000000070517,0.0150000000276194,0.0149999999993144
3.77,0.0150000001121784,0.0150000000416459,0.0149999999999872,0.0149999999998153,0.0150000000669128,0.0150000000473177,0.0150000001662985,0.0150000000066872,0.0150000000260565,0.0149999999993765
3.78,0.0150000001068853,0.0150000000395924,0.0149999999999882,0.0149999999998422,0.0150000000634148,0.0150000000446975,0.0150000001583211,0.0150000000063227,0.0150000000247852,0.0149999999994386
3.79,0.0150000001019231,0.015000000037539,0.0149999999999892,0.0149999999998619,0.0150000000599167,0.015000000042341,0.0150000001509192,0.0150000000059581,0.0150000000235139,0.0149999999995006
3.8,0.0150000000969609,0.0150000000354855,0.0149999999999901,0.0149999999998816,0.0150000000571347,0.0150000000403316,0.0150000001435173,0.0150000000055936,0.0150000000222426,0.0149999999995627
3.81,0.0150000000919987,0.0150000000334321,0.0149999999999911,0.0149999999999012,0.0150000000544293,0.0150000000383223,0.0150000001361153,0.0150000000052612,0.0150000000209713,0.014999999999619
3.82,0.0150000000870365,0.015000000031827,0.0149999999999917,0.0149999999999209,0.0150000000517239,0.0150000000363129,0.0150000001287134,0.0150000000049894,0.0150000000197843,0.0149999999996597
3.83,0.0150000000829329,0.015000000030257,0.0149999999999924,0.0149999999999373,0.0150000000490185,0.0150000000343035,0.0150000001225412,0.0150000000047176,0.0150000000188191,0.0149999999997003
3.84,0.0150000000790864,0.0150000000286869,0.014999999999993,0.0149999999999487,0.0150000000463131,0.0150000000324957,0.0150000001168152,0.0150000000044458,0.0150000000178539,0.014999999999741
3.85,0.0150000000752398,0.0150000000271169,0.0149999999999936,0.0149999999999601,0.0150000000441637,0.015000000030953,0.0150000001110891,0.0150000000041741,0.0150000000168886,0.0149999999997817
3.86,0.0150000000713932,0.0150000000255468,0.0149999999999943,0.0149999999999716,0.0150000000420739,0.0150000000294104,0.0150000001053631,0.0150000000039261,0.0150000000159234,0.0149999999998182
3.87,0.0150000000675467,0.0150000000243195,0.0149999999999947,0.014999999999983,0.0150000000399841,0.0150000000278677,0.015000000099637,0.0150000000037232,0.0150000000150224,0.0149999999998436
3.88,0.0150000000643617,0.0150000000231189,0.0149999999999951,0.0149999999999923,0.0150000000378943,0.0150000000263251,0.0150000000948574,0.0150000000035203,0.0150000000142906,0.014999999999869
3.89,0.0150000000613747,0.0150000000219184,0.0149999999999955,0.0149999999999985,0.0150000000358045,0.0150000000249373,0.0150000000904211,0.0150000000033174,0.0150000000135588,0.0149999999998944
3.9,0.0150000000583878,0.0150000000207178,0.0149999999999959,0.0150000000000046,0.0150000000341415,0.0150000000237533,0.0150000000859848,0.0150000000031145,0.015000000012827,0.0149999999999198
3.91,0.0150000000554009,0.0150000000195172,0.0149999999999963,0.0150000000000108,0.0150000000325242,0.0150000000225693,0.0150000000815484,0.0150000000029294,0.0150000000120951,0.0149999999999423
3.92,0.015000000052414,0.0150000000185801,0.0149999999999966,0.0150000000000169,0.0150000000309069,0.0150000000213854,0.0150000000771121,0.0150000000027781,0.0150000000114117,0.0149999999999571
3.93,0.0150000000499402,0.0150000000176636,0.0149999999999969,0.0150000000000217,0.0150000000292896,0.0150000000202014,0.0150000000734103,0.0150000000026267,0.0150000000108555,0.0149999999999718
3.94,0.0150000000476202,0.0150000000167471,0.0149999999999972,0.0150000000000245,0.0150000000276723,0.0150000000191363,0.0150000000699749,0.0150000000024754,0.0150000000102993,0.0149999999999866
3.95,0.0150000000453001,0.0150000000158305,0.0149999999999974,0.0150000000000272,0.0150000000263877,0.0150000000182275,0.0150000000665395,0.015000000002324,0.0150000000097432,0.0150000000000013
3.96,0.01500000004298,0.015000000014914,0.0149999999999977,0.0150000000000299,0.0150000000251387,0.0150000000173188,0.0150000000631041,0.0150000000021852,0.015000000009187,0.0150000000000143
3.97,0.0150000000406599,0.0150000000141806,0.0149999999999979,0.0150000000000327,0.0150000000238897,0.01500000001641,0.0150000000596687,0.0150000000020702,0.0150000000086622,0.0150000000000223
3.98,0.0150000000386633,0.0150000000134615,0.0149999999999981,0.0150000000000348,0.0150000000226407,0.0150000000155012,0.0150000000566902,0.0150000000019552,0.0150000000082199,0.0150000000000303
3.99,0.0150000000367635,0.0150000000127423,0.0149999999999982,0.0150000000000358,0.0150000000213916,0.0150000000146562,0.0150000000538775,0.0150000000018402,0.0150000000077777,0.0150000000000384
4,0.0150000000348637,0.0150000000120232,0.0149999999999984,0.0150000000000369,0.0150000000203095,0.0150000000138951,0.0150000000510648,0.0150000000017252,0.0150000000073354,0.0150000000000464
4.01,0.0150315811430805,0.0150444629469919,0.0150509128086064,0.0150413844332754,0.0150360178076484,0.0150448258358048,0.0150323271232016,0.0150469148587395,0.0150534795503093,0.0150416277225331
4.02,0.015286580636952,0.0153801061584698,0.0153600990965014,0.0152816263013198,0.0152901707696453,0.0153932746931254,0.0152794267237302,0.0153615499348159,0.0153746722889621,0.0153175215933728
4.03,0.0158316843068537,0.0161202091740601,0.0161794937510354,0.0158602461071611,0.0158617050294525,0.0162140769262772,0.0158670236346198,0.0160835171657631,0.0161131402164646,0.015972308845672
4.04,0.016816356948542,0.0174287361761307,0.0175407441899495,0.0168852712727362,0.0169253939955523,0.0176064307549359,0.0169254790646309,0.017434909438639,0.0173994380907136,0.0171393098161421
4.05,0.0183413857204278,0.0193493637712203,0.0196264994505329,0.0184806635382041,0.0185555415595709,0.0197287973458272,0.0185191613237167,0.0194025982633067,0.0193746292165018,0.0189511559551376
4.06,0.0204545556496203,0.0220613125174334,0.0223694613636621,0.0206549156717051,0.0207545331868681,0.0225908798482543,0.0207377232644242,0.0220402448561794,0.0220464304706374,0.0213927649565696
4.07,0.0231736501450248,0.0254422992050479,0.0257438853905643,0.0233774899453085,0.0235291993804205,0.0261534067811748,0.0235904991250221,0.0254492200931052,0.025329844620823,0.02445613308407
4.08,0.026463059304944,0.0294809610726932,0.0296430752420449,0.0267367630192973,0.0268151102412128,0.0303023625962858,0.0270331858297651,0.0295265530703599,0.02929796116806,0.0280524033006811
4.09,0.0303491283778401,0.0341661203597683,0.0342977742603352,0.0306842998210717,0.0307718624281379,0.0351687838377644,0.0310971096404352,0.0339958276465771,0.0339958179868483,0.0324119622675892
4.1,0.0349887624155554,0.0394442709273372,0.0391956428679054,0.0348870907859407,0.0351583734160548,0.0405515142330084,0.0357229809464428,0.0392281481400696,0.0389157875960292,0.0372180030900199
4.11,0.0398078244701685,0.0452265848061783,0.0447013270789478,0.0398313032448358,0.0399205752006044,0.0464135383543055,0.0409832664544037,0.0449615777275809,0.0445478188264561,0.0424777667488207
4.12,0.0453425118667428,0.051248531682843,0.0505435994832853,0.0447949521384291,0.0449498679710324,0.0524609239317492,0.046653367722326,0.0509722756166713,0.050480356437634,0.0480632862859644
4.13,0.0512285381198753,0.0573331365419116,0.0565750307053108,0.0503416127342934,0.0504304806078878,0.0585183429902034,0.0525660823837895,0.0570566427701967,0.0565189148142862,0.054113697072042
4.14,0.0572637867383991,0.0633386850125015,0.0625907326102888,0.0560563513081255,0.0561219600900386,0.0644480558610402,0.0585803924884325,0.063053932663551,0.0625079193631244,0.0602626524113901
4.15,0.0632866796353047,0.0691568541722137,0.0684522946923216,0.061984376724625,0.0619132123132705,0.0701480306395707,0.064577579699057,0.068843808322033,0.068326765973858,0.066334012112578
4.16,0.0691687932428904,0.0747010545794983,0.0740564324579173,0.0679042927234565,0.0676242740732598,0.0755342674361092,0.0704599489802758,0.0743300250746366,0.0738805675606503,0.0721983483462458
4.17,0.0748174171211383,0.0799094191820379,0.0793407659733102,0.0736818039082127,0.073129904756318,0.0805684694320193,0.0761484096768772,0.0794490183723989,0.0791082824676915,0.077766077347265
4.18,0.080156501941553,0.0847509275014669,0.084251510232224,0.0792153146907089,0.0783433200668991,0.0851994454343625,0.081578926907979,0.0841631168370859,0.0839600365362702,0.0829621475725353
4.19,0.0851410509544357,0.0891853522020258,0.0887724221311244,0.0844338500627042,0.0832090571980811,0.0894088677514937,0.0867084843122508,0.0884514439983079,0.0884092512631181,0.0877646281689888
4.2,0.0897337944478924,0.0931978056704968,0.0929005049139589,0.0892983994987151,0.0876732964216172,0.0931913198082442,0.0914887492349186,0.0923138996789712,0.0924368666985077,0.0921421687970591
4.21,0.0939258186725171,0.0968082430992503,0.096595632452085,0.0937643742128904,0.0917184141215563,0.0965832935480573,0.0959074151214154,0.095719103271165,0.0960386780302088,0.0960984580740081
4.22,0.0977127305174413,0.100001715768352,0.0999332053598675,0.0978102411568689,0.0953331673240997,0.0995360115104676,0.0999446047257785,0.0987203226175884,0.0992521289623132,0.0996221658088031
4.23,0.101065102311576,0.102822788163981,0.10283564373295,0.101463828575042,0.0985497199174271,0.102130506519721,0.103610268852574,0.101313941503534,0.102037598307771,0.102738282495468
4.24,0.104048113403564,0.105225777785647,0.105388260313614,0.104688513696412,0.101346481969919,0.104355669545165,0.106851150131431,0.103542574997494,0.104452019943602,0.105439163368253
4.25,0.106626375019574,0.107282521867418,0.107595297202408,0.107536176247665,0.103779276243324,0.106217253679695,0.109733998452681,0.105398768175619,0.106520374406155,0.107782065600993
4.26,0.108833250128077,0.109009082009066,0.109480242316752,0.110007943133079,0.105822158178377,0.107771191134182,0.11224994260013,0.106950168121824,0.108257824073167,0.109780035215368
4.27,0.110704698560861,0.110427972592724,0.111070192332534,0.112113867899402,0.107550160844839,0.109039153799169,0.114397105931507,0.108215140017855,0.109676600357917,0.111449736385743
4.28,0.112256402855654,0.111562134803378,0.112389323537089,0.113872960081673,0.10897996735463,0.110045652256386,0.116183357216427,0.109214835052003,0.110811176808244,0.112808739871251
4.29,0.113509865371879,0.112436160626777,0.113422928635903,0.115310994245416,0.110120367698412,0.110818908725713,0.117627695504144,0.109969821047983,0.111676097999462,0.113889558436319
4.3,0.114489326603241,0.11308298551953,0.114201084859282,0.116456331170767,0.111001700566698,0.111392012559079,0.118764911624752,0.110505521728284,0.112306358769566,0.114711299080229
4.31,0.115221308567555,0.113536105624192,0.11483475513867,0.117345648451373,0.111664534762076,0.111741123484201,0.119633036123744,0.110852441260767,0.112730813737917,0.115305842760359
4.32,0.11573517617339,0.113749060257117,0.115216635234143,0.118018430063431,0.112123109392152,0.11192162404412,0.120266655898814,0.111040772020637,0.112989236852704,0.11570597805084
4.33,0.116062360988484,0.113812788359357,0.115446736138646,0.118440394171226,0.112387274513514,0.111989393890154,0.120606000079047,0.111111527900885,0.113107899949093,0.115948147892267
4.34,0.116164427334428,0.113776937023155,0.115535811148695,0.118648394122334,0.112505811823847,0.111902497691535,0.120717151353971,0.111043929855101,0.113028608016706,0.116027242621923
4.35,0.116116596582922,0.113552881592516,0.115462474249657,0.118741852202129,0.112517451244771,0.111708744699088,0.120678179378563,0.11086991288934,0.112876901255639,0.115935708191835
4.36,0.115961497074555,0.113253973417015,0.115280917224683,0.118613286615736,0.112378626310151,0.111430102223915,0.120411575022038,0.110629362165015,0.112583837322443,0.115790657459488
4.37,0.115644626705109,0.112861373342961,0.115032400308512,0.118390980647202,0.112154236333584,0.111069575777137,0.119993534691656,0.110288069708481,0.11223341620929,0.115453203558734
4.38,0.115244306460793,0.112370008249062,0.114616168205329,0.118034314623951,0.111845489486428,0.110623186835623,0.119481457739916,0.109903166400704,0.111765831638999,0.11511574965798
4.39,0.114747496289372,0.111833705375534,0.114199936102146,0.117583313436019,0.111469220235465,0.110176797894109,0.118767577027461,0.109466685910174,0.111298247068708,0.114614990508422
4.4,0.114190884463521,0.111250108738759,0.113680389263072,0.117036922438866,0.111012816464892,0.10962350603727,0.118004676888648,0.108965872300728,0.11073403136688,0.114107069003216
4.41,0.113548237612599,0.110601454767149,0.11309009341733,0.116437670722561,0.110556412694319,0.109050192112347,0.117128401202972,0.108465058691283,0.110131539882344,0.113541494082062
4.42,0.112895094207496,0.109952800795538,0.112499797571587,0.115741175056964,0.110009233691737,0.108476878187423,0.11619671098474,0.107949971753784,0.109529048397808,0.112902379318542
4.43,0.112151648889623,0.10926105087029,0.111838443140768,0.115044679391368,0.109440155159683,0.107883647273858,0.115199568646345,0.107380604547863,0.10889346426064,0.112263264555021
4.44,0.11140820357175,0.108550450817142,0.111140146837331,0.114268582882667,0.108871076627629,0.107251185557098,0.114166605390738,0.106811237341941,0.108223794512302,0.11160752227128
4.45,0.110646440335537,0.107839850763995,0.110441850533893,0.113468788418772,0.108300624629402,0.106618723840338,0.113093749466662,0.10624187013602,0.107554124763964,0.110894679708645
4.46,0.109853869866028,0.107129673612949,0.109739745177447,0.112668993954877,0.107683819674721,0.105986262123578,0.112012255053982,0.105672502930098,0.106884455015626,0.110181837146009
4.47,0.109061299396518,0.106425789807949,0.10900365715543,0.11185051713238,0.107067014720039,0.105353800406819,0.110910965492435,0.105105460580957,0.106217367952733,0.109468994583374
4.48,0.108268728927009,0.105721906002949,0.108267569133413,0.111013238899771,0.106450209765358,0.1047393257378,0.109809675930888,0.104539043727331,0.105561814523931,0.108756152020738
4.49,0.107492190846506,0.105018022197949,0.107531481111395,0.110175960667161,0.105833404810677,0.104127364381334,0.108727988865738,0.103972626873705,0.10490626109513,0.108046887850626
4.5,0.106716815140535,0.104314138392949,0.106795393089378,0.109338682434551,0.105228302864815,0.103515403024868,0.107648920639906,0.103406210020079,0.104250707666329,0.107338215121291
4.51,0.105941439434563,0.103637099941779,0.106071310818236,0.10851104158953,0.10463722970254,0.102903441668401,0.10657575375935,0.102839793166453,0.103595154237528,0.106629542391955
4.52,0.105166063728592,0.103007771324518,0.105374540590526,0.107716980298168,0.104046156540265,0.102291480311935,0.105574989927835,0.10231824026638,0.102960483018954,0.105920869662619
4.53,0.104423334345195,0.102378442707257,0.104677770362817,0.106922919006805,0.10345508337799,0.101744915582014,0.104574226096321,0.101808757874023,0.102380903371903,0.105212196933283
4.54,0.103732709603956,0.101749114089996,0.103981000135108,0.106128857715443,0.102864010215715,0.101207488658628,0.103573462264806,0.101299275481667,0.101801323724853,0.10456191882695
4.55,0.103042084862717,0.101119785472734,0.103284229907399,0.10533479642408,0.102305058187014,0.100670061735241,0.102671839623711,0.10078979308931,0.101221744077803,0.103921292250163
4.56,0.102351460121478,0.100529106256727,0.102614894506777,0.104563614439825,0.101784610823091,0.100132634811854,0.101811554000428,0.100280310696953,0.100642164430753,0.103280665673376
4.57,0.101660835380239,0.100007115146906,0.102007970961677,0.103872150835018,0.101264163459168,0.0995952078884678,0.100951268377144,0.0998318905997864,0.100089849809659,0.10264003909659
4.58,0.101016380849842,0.0994851240370862,0.101401047416577,0.103180687230211,0.100743716095245,0.0991390299358214,0.100090982753861,0.0993998991239698,0.0996094659426032,0.101999412519803
4.59,0.100445615547648,0.098963132927266,0.100794123871476,0.102489223625405,0.100223268731322,0.0986942048222275,0.0993204816805869,0.0989679076481532,0.0991290820755478,0.101440960845858
4.6,0.0998748502454548,0.0984411418174458,0.100187200326376,0.101797760020598,0.0997414643941696,0.0982493797086336,0.09865188291343,0.0985359161723366,0.0986486982084923,0.100896091133093
4.61,0.0993040849432612,0.0979583678227181,0.0996128378369375,0.101133630658235,0.0993059827307924,0.0978045545950396,0.0979832841462732,0.09810392469652,0.0981683143414369,0.100351221420329
4.62,0.0987333196410676,0.0975452908809462,0.0991125489290482,0.100564742008402,0.0988705010674153,0.0973597294814456,0.0973146853791164,0.0977338246047617,0.0977148494182964,0.0998063517075649
4.63,0.0982093816053524,0.0971322139391742,0.0986122600211589,0.0999958533585692,0.0984350194040381,0.0969940813659088,0.0966460866119595,0.0973803761981454,0.0973324022134902,0.0992614819948007
4.64,0.0977601814810028,0.0967191369974022,0.0981119711132695,0.0994269647087363,0.097999537740661,0.096639496574712,0.0960692387284636,0.0970269277915291,0.0969499550086839,0.0988023266413914
4.65,0.097310981356653,0.0963060600556302,0.0976116822053801,0.0988580760589033,0.0976016895735232,0.0962849117835153,0.0955965248706143,0.0966734793849128,0.0965675078038776,0.0983573382545515
4.66,0.0968617812323034,0.0959276451891238,0.0971431816877607,0.0983157467042567,0.097248953922536,0.0959303269923185,0.095123811012765,0.0963200309782965,0.0961850605990713,0.0979123498677116
4.67,0.0964125811079537,0.0956108321127958,0.096746997004845,0.0978659579130803,0.0968962182715489,0.0955757422011217,0.0946510971549158,0.096022416740889,0.0958262420879045,0.0974673614808717
4.68,0.0960048638302369,0.0952940190364677,0.0963508123219292,0.0974161691219039,0.0965434826205618,0.0952904410647148,0.0941783832970665,0.0957398245137336,0.0955297609371776,0.0970223730940318
4.69,0.0956633545878806,0.0949772059601396,0.0959546276390134,0.0969663803307275,0.0961907469695746,0.0950148208654893,0.0937810798833173,0.0954572322865781,0.0952332797864507,0.0966564473742953
4.7,0.0953218453455243,0.0946603928838115,0.0955584429560976,0.0965165915395511,0.0958713086591844,0.0947392006662639,0.0934693646710831,0.0951746400594226,0.0949367986357238,0.0963035892218856
4.71,0.0949803361031681,0.0943719991272424,0.0951903961722469,0.0960901477217565,0.0955917849718178,0.0944635804670384,0.0931576494588488,0.0948920478322672,0.0946403174849969,0.0959507310694759
4.72,0.0946388268608118,0.094134112472726,0.094886360671774,0.095745044804607,0.0953122612844512,0.0941879602678129,0.0928459342466146,0.0946568313697924,0.094363275654459,0.0955978729170661
4.73,0.0943313522372673,0.0938962258182096,0.0945823251713011,0.0953999418874575,0.0950327375970847,0.0939694121944615,0.0925342190343804,0.0944343612100353,0.0941375187543459,0.0952450147646564
4.74,0.0940781980239328,0.0936583391636932,0.0942782896708282,0.095054838970308,0.0947532139097181,0.0937588387533242,0.0922782968995407,0.0942118910502783,0.0939117618542327,0.0949602637828389
4.75,0.0938250438105983,0.0934204525091769,0.0939742541703553,0.0947097360531586,0.0945015966869046,0.0935482653121868,0.0920856979450401,0.0939894208905213,0.0936860049541196,0.0946867696314543
4.76,0.0935718895972638,0.0932048086676582,0.0936936529144064,0.0943839456831027,0.0942834318657723,0.0933376918710495,0.0918930989905394,0.0937669507307643,0.0934602480540064,0.0944132754800697
4.77,0.0933187353839293,0.0930286949780062,0.0934663625351333,0.094125446029067,0.0940652670446399,0.0931271184299121,0.0917005000360387,0.0935832319724795,0.0932498570678623,0.0941397813286851
4.78,0.0930921491392,0.0928525812883542,0.0932390721558602,0.0938669463750314,0.0938471022235075,0.0929618142631899,0.091507901081538,0.0934099391587094,0.0930800045275668,0.0938662871773004
4.79,0.0929079662767758,0.0926764675987023,0.0930117817765871,0.0936084467209958,0.0936289374023751,0.0928028355278149,0.091353111846481,0.0932366463449393,0.0929101519872713,0.0936489178152099
4.8,0.0927237834143516,0.0925003539090503,0.0927844913973141,0.0933499470669602,0.0934333775117851,0.0926438567924399,0.0912412353130475,0.0930633535311692,0.0927402994469758,0.0934408248219755
4.81,0.0925396005519273,0.0923411285590401,0.0925758977347576,0.0931067740716437,0.0932649148987822,0.0924848780570649,0.0911293587796141,0.0928900607173991,0.0925704469066803,0.0932327318287411
4.82,0.0923554176895031,0.092211917336779,0.0924098374834276,0.0929170037597957,0.0930964522857794,0.0923258993216899,0.0910174822461807,0.0927477279106822,0.0924124295401198,0.0930246388355067
4.83,0.0921912688419674,0.092082706114518,0.0922437772320976,0.0927272334479478,0.0929279896727766,0.0922019441848863,0.0909056057127473,0.0926137247979493,0.0922856357994715,0.0928165458422723
4.84,0.0920590949641798,0.0919534948922569,0.0920777169807676,0.0925374631360998,0.0927595270597738,0.0920828828611858,0.0908173251139882,0.0924797216852163,0.0921588420588231,0.0926532607895215
4.85,0.0919269210863922,0.0918242836699958,0.0919116567294376,0.0923476928242518,0.0926089646873282,0.0919638215374853,0.0907558250711048,0.0923457185724833,0.0920320483181748,0.092497381644015
4.86,0.0917947472086046,0.0917076415312182,0.0917600295150614,0.0921697151619811,0.092479859925042,0.0918447602137847,0.0906943250282214,0.0922117154597503,0.0919052545775264,0.0923415024985084
4.87,0.091662573330817,0.0916133372945296,0.0916412362097241,0.0920328266336287,0.0923507551627558,0.0917256988900842,0.090632824985338,0.0921020645422097,0.0917874222073563,0.0921856233530018
4.88,0.0915451351118754,0.0915190330578409,0.0915224429043868,0.0918959381052763,0.0922216504004696,0.0916332844495669,0.0905713249424547,0.0919989655073428,0.0916932317782118,0.0920297442074953
4.89,0.0914512155060746,0.0914247288211523,0.0914036495990495,0.091759049576924,0.0920925456381835,0.0915445933519211,0.0905233513540356,0.0918958664724758,0.0915990413490674,0.0919087814589213
4.9,0.0913572959002738,0.0913304245844636,0.0912848562937122,0.0916221610485716,0.0919773971429051,0.0914559022542754,0.0904907298156446,0.0917927674376089,0.0915048509199229,0.0917935897320499
4.91,0.091263376294473,0.0912453558572584,0.0911769073464996,0.0914941258017569,0.0918789784862999,0.0913672111566296,0.0904581082772537,0.0916896684027419,0.0914106604907785,0.0916783980051786
4.92,0.0911694566886722,0.0911767005707671,0.091093628374802,0.0913969380475547,0.0917805598296946,0.0912785200589838,0.0904254867388627,0.091605522028932,0.0913231807736008,0.0915632062783072
4.93,0.0910861824573714,0.0911080452842757,0.0910103494031044,0.0912997502933525,0.0916821411730894,0.0912098739268095,0.0903928652004718,0.0915264748098644,0.0912534052967449,0.0914480145514359
4.94,0.0910198986061562,0.0910393899977844,0.0909270704314067,0.0912025625391504,0.0915837225164842,0.0911440286580152,0.0903672975189169,0.0914474275907968,0.091183629819889,0.0913595055195565
4.95,0.090953614754941,0.090970734711293,0.0908437914597091,0.0911053747849482,0.0914960685708102,0.0910781833892209,0.0903497357167538,0.0913683803717291,0.0911138543430331,0.0912754066337807
4.96,0.0908873309037259,0.0909088137221457,0.0907684721000517,0.0910146986138057,0.0914213186400238,0.0910123381204266,0.0903321739145906,0.0912893331526615,0.0910440788661772,0.0911913077480049
4.97,0.0908210470525107,0.090858860994241,0.0907112601684121,0.0909467107542769,0.0913465687092374,0.0909464928516323,0.0903146121124274,0.0912249300219737,0.0909792937419363,0.0911072088622291
4.98,0.09076235394226,0.0908089082663362,0.0906540482367725,0.0908787228947481,0.091271818778451,0.0908956165636131,0.0902970503102642,0.0911644668378973,0.0909276741957182,0.0910231099764533
4.99,0.0907157759129882,0.0907589555384314,0.0905968363051329,0.0908107350352193,0.0911970688476646,0.0908468318766071,0.0902827776727924,0.0911040036538208,0.0908760546495001,0.0909590714696717
5,0.0906691978837165,0.0907090028105267,0.0905396243734933,0.0907427471756904,0.0911305599390272,0.0907980471896012,0.0902722381215499,0.0910435404697444,0.0908244351032819,0.0908983485650917
5.01,0.0906226198544447,0.0906639418486279,0.090488131215121,0.0906794639163841,0.0910739298160978,0.0907492625025952,0.0902616985703074,0.090983077285668,0.0907728155570638,0.0908376256605116
5.02,0.0905760418251729,0.0906275745826721,0.0904496477706346,0.090632572897626,0.0910172996931684,0.0907004778155892,0.0902511590190649,0.0909338735242794,0.0907248925585514,0.0907769027559316
5.03,0.0905348282867483,0.0905912073167162,0.0904111643261482,0.0905856818788678,0.090960669570239,0.0906628175656922,0.0902406194678224,0.0908876990756833,0.0906867218142363,0.0907161798513515
5.04,0.0905021766583305,0.0905548400507603,0.0903726808816619,0.0905387908601097,0.0909040394473096,0.0906267117224898,0.0902314271461627,0.0908415246270873,0.0906485510699211,0.0906703270111385
5.05,0.0904695250299128,0.0905184727848044,0.0903341974371755,0.0904918998413516,0.0908536857498738,0.0905906058792873,0.0902237638826912,0.0907953501784912,0.090610380325606,0.0906269319120362
5.06,0.0904368734014951,0.0904856543621885,0.0902997407188396,0.0904483536197653,0.0908108558111834,0.0905545000360849,0.0902161006192197,0.0907491757298952,0.0905722095812908,0.0905835368129339
5.07,0.0904042217730773,0.0904591429797925,0.0902744444537452,0.0904164616763819,0.090768025872493,0.0905183941928825,0.0902084373557483,0.0907116298299877,0.0905367712945138,0.0905401417138316
5.08,0.09037533910247,0.0904326315973965,0.0902491481886507,0.0903845697329985,0.0907251959338025,0.0904905323750055,0.0902007740922768,0.0906764054143739,0.0905085417935057,0.0904967466147293
5.09,0.0903524718168289,0.0904061202150005,0.0902238519235563,0.0903526777896151,0.0906823659951121,0.0904638224867075,0.0901936153091955,0.09064118099876,0.0904803122924976,0.0904642371382361
5.1,0.0903296045311877,0.0903796088326045,0.0901985556584619,0.0903207858462317,0.0906442995985646,0.0904371125984095,0.0901870290936121,0.0906059565831461,0.0904520827914895,0.090433526849799
5.11,0.0903067372455465,0.0903556735919307,0.0901760380250197,0.0902912366286453,0.0906119434174723,0.0904104027101116,0.0901804428780288,0.0905707321675322,0.0904238532904813,0.0904028165613619
5.12,0.0902838699599053,0.0903363166963393,0.0901598415379318,0.090269850171546,0.0905795872363801,0.0903836928218136,0.0901738566624454,0.0905421049220442,0.0903976421339425,0.0903721062729248
5.13,0.0902636414365298,0.0903169598007479,0.090143645050844,0.0902484637144468,0.0905472310552878,0.0903630825632244,0.090167270446862,0.0905152526247406,0.0903767557858166,0.0903413959844877
5.14,0.0902476244675578,0.0902976029051566,0.0901274485637561,0.0902270772573475,0.0905148748741956,0.0903433245999164,0.0901609291429422,0.090488400327437,0.0903558694376907,0.0903185640920859
5.15,0.0902316074985857,0.0902782460095652,0.0901112520766683,0.0902056908002482,0.0904861251108202,0.0903235666366083,0.0901548658051456,0.0904615480301334,0.0903349830895648,0.0902970343499199
5.16,0.0902155905296136,0.090260761750185,0.0900969337435956,0.0901859219078616,0.0904616984795947,0.0903038086733003,0.0901488024673491,0.0904346957328298,0.0903140967414388,0.090275504607754
5.17,0.0901995735606415,0.090246605558789,0.0900868880482425,0.0901717890968887,0.0904372718483691,0.0902840507099923,0.0901427391295526,0.0904128799906603,0.0902947013386437,0.090253974865588
5.18,0.0901854011306377,0.0902324493673931,0.0900768423528895,0.0901576562859157,0.0904128452171436,0.0902688031160966,0.0901366757917561,0.0903924193180463,0.0902792393567097,0.0902324451234221
5.19,0.0901741726476179,0.0902182931759971,0.0900667966575364,0.0901435234749427,0.090388418585918,0.0902541857516985,0.0901308531457765,0.0903719586454324,0.0902637773747756,0.0902165578569777
5.2,0.0901629441645981,0.0902041369846012,0.0900567509621834,0.0901293906639697,0.09036671832104,0.0902395683873003,0.0901253036765427,0.0903514979728184,0.0902483153928416,0.0902016031853228
5.21,0.0901517156815782,0.0901913449454716,0.0900479464670681,0.0901163591450634,0.0903482862416398,0.0902249510229022,0.090119754207309,0.0903310373002045,0.0902328534109076,0.0901866485136679
5.22,0.0901404871985584,0.0901809772915251,0.090041965594995,0.0901071648585717,0.0903298541622397,0.0902103336585041,0.0901142047380753,0.0903144180929356,0.0902184934367563,0.0901716938420131
5.23,0.0901305479800863,0.0901706096375786,0.0900359847229218,0.09009797057208,0.0903114220828395,0.0901990506090715,0.0901086552688416,0.090298832420017,0.0902070407861077,0.0901567391703582
5.24,0.0901226664717206,0.0901602419836322,0.0900300038508486,0.0900887762855882,0.0902929900034393,0.0901882334602012,0.0901034146848585,0.0902832467470984,0.0901955881354591,0.0901457853404791
5.25,0.0901147849633549,0.0901498743296857,0.0900240229787754,0.0900795819990965,0.0902766167721712,0.0901774163113309,0.09009852467477,0.0902676610741797,0.0901841354848105,0.0901354927742683
5.26,0.0901069034549892,0.0901405024119975,0.0900188419858166,0.0900711269669071,0.0902627115502269,0.0901665991624606,0.0900936346646815,0.0902520754012611,0.0901726828341619,0.0901252002080575
5.27,0.0900990219466235,0.0901329001268427,0.0900154806485662,0.0900652477187962,0.0902488063282827,0.0901557820135903,0.0900887446545929,0.0902394178046297,0.0901620451737188,0.0901149076418467
5.28,0.09009204213786,0.0901252978416878,0.0900121193113158,0.0900593684706854,0.0902349011063384,0.0901474302680514,0.0900838546445044,0.0902275479978523,0.0901535576252952,0.0901046150756359
5.29,0.0900865014723568,0.0901176955565329,0.0900087579740654,0.0900534892225746,0.0902209958843942,0.0901394230109038,0.0900793289243942,0.0902156781910749,0.0901450700768716,0.0900971327800022
5.3,0.0900809608068536,0.090110093271378,0.090005396636815,0.0900476099744637,0.0902086445622273,0.0901314157537562,0.0900752166605955,0.0902038083842975,0.090136582528448,0.0900901149690781
5.31,0.0900754201413504,0.0901032192633683,0.0900025355225318,0.090042219714789,0.0901981559510974,0.0901234084966085,0.0900711043967969,0.0901919385775201,0.0901280949800243,0.0900830971581541
5.32,0.0900698794758472,0.0900976395568552,0.0900008123721754,0.0900385332377293,0.0901876673399675,0.0901154012394609,0.0900669921329982,0.0901822992286021,0.0901202106868776,0.0900760793472301
5.33,0.0900649703944173,0.090092059850342,0.089999089221819,0.0900348467606696,0.0901771787288376,0.090109217479901,0.0900628798691996,0.0901732599774613,0.090113917905399,0.090069061536306
5.34,0.0900610693426685,0.0900864801438288,0.0899973660714625,0.0900311602836099,0.0901666901177077,0.090103288515872,0.0900591470485729,0.0901642207263205,0.0901076251239204,0.0900639992711577
5.35,0.0900571682909197,0.0900809004373156,0.0899956429211061,0.0900274738065502,0.0901573738167071,0.0900973595518429,0.0900558448825996,0.0901551814751797,0.0901013323424418,0.0900592602208341
5.36,0.0900532672391709,0.0900758541969334,0.0899942205076057,0.0900241057568816,0.0901494628026165,0.0900914305878138,0.0900525427166262,0.090146142224039,0.0900950395609633,0.0900545211705104
5.37,0.090049366187422,0.090071756037946,0.0899934822444061,0.0900218472039064,0.0901415517885259,0.0900855016237848,0.0900492405506529,0.090138802226165,0.0900891936259937,0.0900497821201868
5.38,0.090045908286212,0.0900676578789586,0.0899927439812066,0.0900195886509313,0.0901336407744353,0.0900809219156129,0.0900459383846796,0.0901319194071182,0.0900845265641485,0.0900450430698631
5.39,0.0900431576683474,0.0900635597199712,0.0899920057180071,0.0900173300979562,0.0901257297603447,0.0900765307376396,0.0900429926607717,0.0901250365880715,0.0900798595023032,0.0900416522726947
5.4,0.0900404070504827,0.0900594615609838,0.0899912674548075,0.0900150715449811,0.0901187030164732,0.0900721395596664,0.0900404514860704,0.0901181537690247,0.090075192440458,0.0900384843163377
5.41,0.0900376564326181,0.0900557547547418,0.0899907007806687,0.0900130168357341,0.0901127362765483,0.0900677483816931,0.0900379103113691,0.090111270949978,0.0900705253786127,0.0900353163599805
5.42,0.0900349058147535,0.0900527434645509,0.0899905244567818,0.0900116723792753,0.0901067695366235,0.0900633572037198,0.0900353691366678,0.0901056820973881,0.090066189442277,0.0900321484036235
5.43,0.0900324667100155,0.09004973217436,0.0899903481328949,0.0900103279228166,0.0901008027966987,0.0900599647560542,0.0900328279619665,0.0901004413824648,0.0900627270832347,0.0900289804472664
5.44,0.0900305247908321,0.0900467208841691,0.089990171809008,0.0900089834663579,0.0900948360567738,0.0900567118599955,0.0900305950648536,0.0900952006675415,0.0900592647241923,0.09002673345194
5.45,0.0900285828716486,0.0900437095939781,0.0899899954851212,0.0900076390098991,0.0900895362341751,0.0900534589639369,0.0900287120519601,0.0900899599526182,0.09005580236515,0.0900246386740979
5.46,0.0900266409524652,0.0900409856229178,0.0899899095181804,0.0900064225255171,0.0900850358674243,0.0900502060678783,0.0900268290390665,0.0900847192376949,0.0900523400061077,0.0900225438962557
5.47,0.0900246990332817,0.0900387722783178,0.0899900291054665,0.0900056519342961,0.0900805355006734,0.0900469531718197,0.090024946026173,0.0900804638472905,0.0900491231476601,0.0900204491184135
5.48,0.0900229764595358,0.0900365589337178,0.0899901486927526,0.0900048813430752,0.0900760351339226,0.090044439731226,0.0900230630132794,0.0900764735553954,0.0900465539703455,0.0900183543405713
5.49,0.0900216039685749,0.0900343455891177,0.0899902682800387,0.0900041107518542,0.0900715347671717,0.0900420296140197,0.0900214294149867,0.0900724832635002,0.0900439847930309,0.0900168826012621
5.5,0.0900202314776141,0.0900321322445177,0.0899903878673247,0.0900033401606333,0.0900675373906334,0.0900396194968134,0.0900200788934928,0.0900684929716051,0.0900414156157162,0.0900155138384685
5.51,0.0900188589866533,0.0900301299782298,0.0899905483571226,0.090002648083095,0.0900641429650922,0.0900372093796071,0.090018728371999,0.09006450267971,0.0900388464384016,0.090014145075675
5.52,0.0900174864956925,0.0900285028424495,0.0899908018965924,0.0900022295708149,0.090060748539551,0.0900347992624008,0.0900173778505051,0.0900612626334059,0.0900364593727175,0.0900127763128814
5.53,0.0900162687010887,0.0900268757066692,0.0899910554360621,0.0900018110585348,0.0900573541140098,0.0900329367951355,0.0900160273290112,0.0900582244383537,0.090034552755023,0.0900114075500879
5.54,0.0900152978071368,0.090025248570889,0.0899913089755319,0.0900013925462547,0.0900539596884686,0.0900311508504597,0.0900148675927975,0.0900551862433016,0.0900326461373284,0.0900104560821515
5.55,0.0900143269131848,0.0900236214351087,0.0899915625150017,0.0900009740339745,0.0900509446245347,0.0900293649057839,0.090013924391166,0.0900521480482494,0.0900307395196339,0.0900095735851827
5.56,0.0900133560192329,0.0900221494616278,0.0899918283821986,0.090000602343998,0.0900483843139014,0.0900275789611081,0.0900129811895345,0.0900491098531973,0.0900288329019393,0.0900086910882139
5.57,0.090012385125281,0.0900209532441519,0.089992122293907,0.0900003937969935,0.0900458240032681,0.0900257930164323,0.0900120379879031,0.0900466430579349,0.0900270613995414,0.090007808591245
5.58,0.0900115234885475,0.0900197570266761,0.0899924162056155,0.0900001852499891,0.0900432636926348,0.0900244127320963,0.0900110947862716,0.0900443299960158,0.0900256463591248,0.0900069260942762
5.59,0.0900108362300537,0.0900185608092003,0.0899927101173239,0.0899999767029846,0.0900407033820016,0.0900230891302821,0.0900102908344384,0.0900420169340968,0.0900242313187082,0.0900063201209997
5.6,0.09001014897156,0.0900173645917244,0.0899930040290324,0.0899997681559801,0.0900384291836729,0.0900217655284678,0.0900096449262281,0.0900397038721777,0.0900228162782916,0.0900057598518729
5.61,0.0900094617130662,0.090016282432852,0.0899932948728851,0.0899995865090437,0.0900364979576231,0.0900204419266536,0.0900089990180178,0.0900373908102586,0.0900214012378749,0.0900051995827461
5.62,0.0900087744545724,0.0900154029800811,0.0899935787376317,0.0899994985900256,0.0900345667315732,0.0900191183248394,0.0900083531098075,0.0900355127290945,0.0900200864553741,0.0900046393136193
5.63,0.0900081644415254,0.0900145235273103,0.0899938626023783,0.0899994106710074,0.0900326355055233,0.0900180953308995,0.0900077072015972,0.0900337516781551,0.0900190361739046,0.0900040790444924
5.64,0.090007677714841,0.0900136440745395,0.0899941464671249,0.0899993227519893,0.0900307042794735,0.0900171143406033,0.0900071589071894,0.0900319906272157,0.090017985892435,0.0900036998751846
5.65,0.0900071909881566,0.0900127646217686,0.0899944303318715,0.0899992348329711,0.090028988848353,0.0900161333503071,0.0900067214010139,0.0900302295762762,0.0900169356109655,0.0900033506382604
5.66,0.0900067042614722,0.0900119690357711,0.0899947038341714,0.0899991615762886,0.0900275320977489,0.0900151523600109,0.0900062838948383,0.0900284685253368,0.0900158853294959,0.0900030014013362
5.67,0.0900062175347877,0.09001132249865,0.0899949537628024,0.0899991394075879,0.0900260753471448,0.0900141713697147,0.0900058463886628,0.0900270385554648,0.0900149094537482,0.090002652164412
5.68,0.0900057854650809,0.0900106759615288,0.0899952036914334,0.0899991172388873,0.0900246185965407,0.0900134131282416,0.0900054088824873,0.0900256976619283,0.0900141298756196,0.0900023029274878
5.69,0.0900054406297708,0.0900100294244076,0.0899954536200643,0.0899990950701867,0.0900231618459366,0.0900126860112432,0.0900050376439507,0.0900243567683918,0.0900133502974909,0.0900020707517228
5.7,0.0900050957944607,0.0900093828872865,0.0899957035486953,0.089999072901486,0.0900218678658497,0.0900119588942449,0.0900047416168535,0.0900230158748553,0.0900125707193623,0.090001857923959
5.71,0.0900047509591507,0.0900087980098647,0.0899959405692123,0.0899990580837815,0.0900207690041633,0.0900112317772465,0.0900044455897563,0.0900216749813188,0.0900117911412336,0.0900016450961953
5.72,0.0900044061238406,0.0900083227146832,0.0899961482248876,0.0899990688791558,0.0900196701424768,0.0900105046602481,0.0900041495626591,0.0900205862330993,0.0900110667909417,0.0900014322684315
5.73,0.0900040999940579,0.0900078474195017,0.089996355880563,0.0899990796745301,0.0900185712807904,0.0900099426420706,0.0900038535355619,0.0900195653237961,0.0900104881430579,0.0900012194406678
5.74,0.0900038556396143,0.0900073721243202,0.0899965635362383,0.0899990904699044,0.090017472419104,0.0900094036929895,0.0900036014341293,0.090018544414493,0.0900099094951741,0.0900010811531693
5.75,0.0900036112851707,0.0900068968291387,0.0899967711919137,0.0899991012652787,0.0900164963295772,0.0900088647439084,0.0900033991867809,0.0900175235051898,0.0900093308472903,0.0900009551857704
5.76,0.0900033669307272,0.0900064668698376,0.0899969659995971,0.0899991152007502,0.0900156674110972,0.0900083257948273,0.0900031969394325,0.0900165025958867,0.0900087521994065,0.0900008292183715
5.77,0.0900031225762836,0.0900061174819209,0.0899971315792116,0.0899991400772636,0.0900148384926172,0.0900077868457462,0.0900029946920841,0.090015673667645,0.0900082145442922,0.0900007032509726
5.78,0.0900029056412127,0.0900057680940042,0.0899972971588261,0.0899991649537769,0.0900140095741372,0.0900073702437948,0.0900027924447358,0.0900148963913132,0.0900077850365466,0.0900005772835737
5.79,0.0900027324683938,0.0900054187060875,0.0899974627384405,0.0899991898302903,0.0900131806556572,0.090006970737288,0.090002618955526,0.0900141191149813,0.0900073555288009,0.0900004979530648
5.8,0.0900025592955749,0.0900050693181708,0.089997628318055,0.0899992147068037,0.0900124443503108,0.0900065712307812,0.0900024781057919,0.0900133418386495,0.0900069260210553,0.0900004263307539
5.81,0.0900023861227561,0.0900047532612994,0.0899977823867197,0.0899992404203608,0.0900118190633898,0.0900061717242743,0.0900023372560579,0.0900125645623177,0.0900064965133096,0.090000354708443
5.82,0.0900022129499372,0.090004496440698,0.0899979102689706,0.0899992690504298,0.0900111937764687,0.0900057722177675,0.0900021964063239,0.090011933448733,0.09000609743116,0.0900002830861321
5.83,0.0900020592060216,0.0900042396200966,0.0899980381512215,0.0899992976804987,0.0900105684895476,0.0900054634093195,0.0900020555565898,0.0900113416597826,0.0900057786179993,0.0900002114638212
5.84,0.090001936471297,0.0900039827994952,0.0899981660334724,0.0899993263105677,0.0900099432026266,0.0900051672740223,0.0900019335663662,0.0900107498708323,0.0900054598048386,0.0900001683934614
5.85,0.0900018137365725,0.0900037259788938,0.0899982939157233,0.0899993549406367,0.0900093877672491,0.0900048711387251,0.0900018329810236,0.0900101580818819,0.0900051409916779,0.0900001300422005
5.86,0.0900016910018479,0.0900034936605515,0.0899984121243775,0.0899993832468581,0.0900089160652265,0.090004575003428,0.090001732395681,0.0900095662929316,0.0900048221785172,0.0900000916909395
5.87,0.0900015682671234,0.0900033048878715,0.0899985083264372,0.0899994104246973,0.0900084443632038,0.0900042788681308,0.0900016318103383,0.0900090857833469,0.0900045259487967,0.0900000533396786
5.88,0.09000145930183,0.0900031161151916,0.0899986045284968,0.0899994376025366,0.0900079726611812,0.090004049955566,0.0900015312249957,0.0900086352131309,0.0900042892988431,0.0900000149884177
5.89,0.0900013723130174,0.0900029273425116,0.0899987007305565,0.0899994647803758,0.0900075009591586,0.0900038304359678,0.0900014432383264,0.0900081846429149,0.0900040526488895,0.0899999936374839
5.9,0.0900012853242048,0.0900027385698316,0.0899987969326161,0.0899994919582151,0.0900070819542227,0.0900036109163695,0.0900013695507081,0.0900077340726989,0.0900038159989359,0.0899999750963834
5.91,0.0900011983353922,0.090002567809017,0.0899988853582323,0.0899995183087848,0.0900067261190271,0.0900033913967712,0.0900012958630899,0.0900072835024828,0.0900035793489823,0.0899999565552829
5.92,0.0900011113465796,0.0900024290590712,0.089998956093113,0.0899995417768986,0.0900063702838315,0.090003171877173,0.0900012221754716,0.0900069176560036,0.0900033594636819,0.0899999380141824
5.93,0.0900010341180172,0.0900022903091254,0.0899990268279936,0.0899995652450124,0.0900060144486359,0.0900030021859525,0.0900011484878533,0.0900065746041834,0.0900031838069897,0.089999919473082
5.94,0.0900009724671465,0.0900021515591796,0.0899990975628743,0.0899995887131263,0.0900056586134403,0.0900028394572025,0.0900010834912769,0.0900062315523631,0.0900030081502975,0.0899999106802539
5.95,0.0900009108162757,0.0900020128092338,0.089999168297755,0.0899996121812401,0.090005342528377,0.0900026767284524,0.0900010283587273,0.0900058885005429,0.0900028324936052,0.0899999034986313
5.96,0.0900008491654049,0.0900018872981978,0.0899992329850536,0.0899996346822839,0.0900050740931114,0.0900025139997024,0.0900009732261777,0.0900055454487227,0.090002656836913,0.0899998963170087
5.97,0.0900007875145342,0.0900017853154858,0.0899992839146271,0.0899996538137651,0.0900048056578458,0.0900023512709523,0.0900009180936281,0.0900052669013967,0.0900024936238901,0.0899998891353861
5.98,0.0900007327815605,0.0900016833327739,0.0899993348442006,0.0899996729452463,0.0900045372225802,0.0900022254904528,0.0900008629610785,0.0900050057088051,0.0900023632398298,0.0899998819537635
5.99,0.0900006890897861,0.090001581350062,0.089999385773774,0.0899996920767274,0.0900042687873146,0.0900021048726962,0.0900008140720615,0.0900047445162136,0.0900022328557696,0.0899998800612537
6,0.0900006453980116,0.09000147936735,0.0899994367033475,0.0899997112082086,0.0900040303384078,0.0900019842549396,0.0900007722692346,0.090004483323622,0.0900021024717094,0.0899998790429345
6.01,0.0900006017062372,0.0900013871170129,0.0899994830570083,0.0899997294147823,0.0900038278351406,0.090001863637183,0.0900007304664077,0.0900042221310304,0.0900019720876491,0.0899998780246153
6.02,0.0900005580144627,0.0900013121631505,0.0899995190008643,0.0899997443987005,0.0900036253318735,0.0900017430194264,0.0900006886635808,0.0900040100512875,0.0900018509401205,0.089999877006296
6.03,0.0900005192264606,0.0900012372092881,0.0899995549447202,0.0899997593826186,0.0900034228286063,0.0900016497730383,0.0900006468607539,0.0900038111852043,0.0900017541604645,0.0899998759879768
6.04,0.0900004882650458,0.0900011622554258,0.0899995908885761,0.0899997743665368,0.0900032203253391,0.0900015603512247,0.0900006097130777,0.0900036123191212,0.0900016573808086,0.0899998775887183
6.05,0.0900004573036311,0.0900010873015634,0.089999626832432,0.0899997893504549,0.0900030404436376,0.0900014709294111,0.0900005778488337,0.090003413453038,0.0900015606011527,0.0899998796223411
6.06,0.0900004263422164,0.0900010195001265,0.089999659395101,0.0899998035338468,0.0900028876791546,0.0900013815075975,0.0900005459845897,0.0900032145869549,0.0900014638214968,0.0899998816559639
6.07,0.0900003953808017,0.0900009644100523,0.0899996842658625,0.0899998149279647,0.0900027349146716,0.0900012920857839,0.0900005141203457,0.0900030531177883,0.090001373897427,0.0899998836895867
6.08,0.0900003678946794,0.0900009093199781,0.089999709136624,0.0899998263220825,0.0900025821501887,0.0900012229636849,0.0900004822561017,0.0900029017101462,0.0900013020598053,0.0899998857232095
6.09,0.0900003459552421,0.090000854229904,0.0899997340073856,0.0899998377162004,0.0900024293857057,0.090001156678045,0.0900004539615264,0.0900027503025042,0.0900012302221836,0.0899998888323115
6.1,0.0900003240158049,0.0900007991398298,0.0899997588781471,0.0899998491103183,0.0900022936858772,0.0900010903924052,0.0900004297183995,0.0900025988948621,0.0900011583845619,0.0899998921191698
6.11,0.0900003020763677,0.0900007493069468,0.0899997813019914,0.0899998598482469,0.090002178442014,0.0900010241067654,0.0900004054752726,0.0900024474872201,0.0900010865469403,0.0899998954060282
6.12,0.0900002801369304,0.0900007088171969,0.089999798159311,0.0899998682998149,0.0900020631981509,0.0900009578211256,0.0900003812321457,0.0900023245445324,0.0900010197984035,0.0899998986928866
6.13,0.0900002606603869,0.090000668327447,0.0899998150166306,0.0899998767513829,0.0900019479542878,0.090000906579269,0.0900003569890188,0.0900022092602526,0.0900009664759208,0.089999901979745
6.14,0.0900002451147056,0.0900006278376972,0.0899998318739502,0.0899998852029508,0.0900018327104247,0.0900008574394655,0.0900003355215863,0.0900020939759727,0.0900009131534381,0.0899999054954086
6.15,0.0900002295690242,0.0900005873479473,0.0899998487312698,0.0899998936545188,0.090001730340675,0.0900008082996619,0.0900003172044693,0.0900019786916929,0.0900008598309553,0.0899999090488896
6.16,0.0900002140233429,0.0900005507221106,0.0899998638547816,0.0899999015916214,0.0900016434035508,0.0900007591598584,0.0900002988873523,0.090001863407413,0.0900008065084726,0.0899999126023705
6.17,0.0900001984776616,0.0900005209632595,0.0899998750340308,0.0899999077361724,0.0900015564664267,0.0900007100200548,0.0900002805702353,0.0900017698049712,0.0900007569632224,0.0899999161558514
6.18,0.0900001846772314,0.0900004912044084,0.08999988621328,0.0899999138807234,0.0900014695293025,0.0900006720370116,0.0900002622531183,0.0900016820359607,0.0900007173830895,0.0899999197093323
6.19,0.0900001736622816,0.0900004614455573,0.0899998973925292,0.0899999200252743,0.0900013825921783,0.0900006356128915,0.090000246096742,0.0900015942669502,0.0900006778029566,0.0899999230624347
6.2,0.0900001626473317,0.0900004316867062,0.0899999085717784,0.0899999261698253,0.0900013053657753,0.0900005991887714,0.0900002323927305,0.0900015064979397,0.0900006382228237,0.0899999263824184
6.21,0.0900001516323818,0.0900004047677138,0.0899999185458508,0.0899999319233484,0.0900012397799349,0.0900005627646513,0.090000218688719,0.0900014187289292,0.0900005986426908,0.089999929702402
6.22,0.0900001406174319,0.0900003828957469,0.0899999257782502,0.0899999363144127,0.0900011741940945,0.0900005263405313,0.0900002049847074,0.0900013474646357,0.0900005618665653,0.0899999330223857
6.23,0.0900001308393521,0.09000036102378,0.0899999330106496,0.0899999407054771,0.0900011086082541,0.0900004981804424,0.0900001912806959,0.0900012806408852,0.0900005324879889,0.0899999363423693
6.24,0.0900001230353588,0.0900003391518132,0.089999940243049,0.0899999450965416,0.0900010430224137,0.0900004711750785,0.0900001792457117,0.0900012138171347,0.0900005031094125,0.0899999392771248
6.25,0.0900001152313656,0.0900003172798463,0.0899999474754484,0.0899999494876059,0.0900009847625146,0.0900004441697146,0.0900001691050148,0.0900011469933842,0.0900004737308361,0.0899999421482093
6.26,0.0900001074273724,0.0900002974950891,0.0899999538868145,0.0899999535879235,0.0900009352844638,0.0900004171643507,0.0900001589643179,0.0900010801696336,0.0900004443522597,0.0899999450192938
6.27,0.0900000996233792,0.0900002814197422,0.0899999584304009,0.0899999566751917,0.0900008858064129,0.0900003901589868,0.090000148823621,0.0900010259122693,0.0900004170548969,0.0899999478903783
6.28,0.0900000926956357,0.0900002653443952,0.0899999629739873,0.0899999597624599,0.0900008363283621,0.090000369285944,0.0900001386829241,0.0900009750358522,0.0900003952482044,0.0899999507614628
6.29,0.0900000871664166,0.0900002492690482,0.0899999675175737,0.0899999628497281,0.0900007868503113,0.0900003492697643,0.0900001298149832,0.0900009241594351,0.0900003734415118,0.0899999531980238
6.3,0.0900000816371975,0.0900002331937012,0.08999997206116,0.0899999659369962,0.0900007428992068,0.0900003292535846,0.0900001223915755,0.090000873283018,0.0900003516348193,0.0899999555627663
6.31,0.0900000761079784,0.090000218652394,0.0899999760575454,0.0899999688128643,0.0900007055734357,0.0900003092374049,0.0900001149681679,0.090000822406601,0.0900003298281267,0.0899999579275087
6.32,0.0900000705787593,0.0900002068373975,0.0899999788090958,0.089999970952151,0.0900006682476646,0.0900002892212252,0.0900001075447602,0.0900007810959434,0.0900003095661985,0.0899999602922512
6.33,0.0900000656704386,0.0900001950224011,0.0899999815606463,0.0899999730914377,0.0900006309218935,0.0900002737500387,0.0900001001213526,0.0900007423589239,0.0900002933796771,0.0899999626569936
6.34,0.0900000617530931,0.0900001832074047,0.0899999843121967,0.0899999752307244,0.0900005935961224,0.0900002589139196,0.0900000936535898,0.0900007036219043,0.0900002771931557,0.0899999646087169
6.35,0.0900000578357476,0.0900001713924082,0.0899999870637471,0.0899999773700111,0.0900005604396807,0.0900002440778005,0.0900000882704503,0.0900006648848848,0.0900002610066343,0.0899999664921759
6.36,0.090000053918402,0.0900001607048581,0.0899999894590769,0.0899999793577238,0.090000532281152,0.0900002292416814,0.0900000828873108,0.0900006261478652,0.0900002448201128,0.0899999683756349
6.37,0.0900000500010565,0.0900001520210169,0.0899999910440357,0.0899999808173073,0.0900005041226233,0.0900002144055623,0.0900000775041713,0.090000594696168,0.0900002297802712,0.089999970259094
6.38,0.0900000465236774,0.0900001433371757,0.0899999926289944,0.0899999822768907,0.0900004759640946,0.0900002029355262,0.0900000721210318,0.0900005652045643,0.0900002177656071,0.089999972142553
6.39,0.0900000437484996,0.0900001346533345,0.0899999942139532,0.0899999837364741,0.0900004478055658,0.0900001919358296,0.0900000674441515,0.0900005357129605,0.090000205750943,0.0899999736637262
6.4,0.0900000409733217,0.0900001259694933,0.0899999957989119,0.0899999851960575,0.090000422791371,0.090000180936133,0.0900000635688505,0.0900005062213567,0.0900001937362788,0.0899999751250204
6.41,0.0900000381981439,0.090000118114325,0.0899999971583571,0.0899999865491481,0.0900004015463933,0.0900001699364364,0.0900000596935496,0.090000476729753,0.0900001817216147,0.0899999765863146
6.42,0.0900000354229661,0.0900001117318827,0.0899999980047784,0.0899999875311854,0.0900003803014156,0.0900001589367398,0.0900000558182486,0.0900004527828268,0.090000170558097,0.0899999780476088
6.43,0.0900000329594472,0.0900001053494404,0.0899999988511996,0.0899999885132228,0.0900003590564379,0.0900001504331479,0.0900000519429477,0.090000430327679,0.0900001616400791,0.0899999795089031
6.44,0.0900000309933464,0.0900000989669981,0.0899999996976209,0.0899999894952601,0.0900003378114601,0.0900001422783343,0.0900000485818345,0.0900004078725312,0.0900001527220611,0.0899999806690142
6.45,0.0900000290272457,0.0900000925845558,0.0900000005440421,0.0899999904772975,0.0900003189433585,0.0900001341235207,0.0900000458043062,0.0900003854173833,0.0900001438040431,0.0899999817793455
6.46,0.090000027061145,0.0900000868112152,0.0900000012527108,0.089999991385489,0.0900003029244969,0.0900001259687071,0.090000043026778,0.0900003629622355,0.0900001348860251,0.0899999828896767
6.47,0.0900000250950443,0.0900000821203765,0.0900000016480041,0.0899999920363792,0.0900002869056353,0.0900001178138934,0.0900000402492497,0.0900003447304354,0.0900001265997487,0.089999984000008
6.48,0.0900000233497729,0.0900000774295378,0.0900000020432974,0.0899999926872695,0.0900002708867737,0.0900001115103642,0.0900000374717215,0.090000327634914,0.0900001199801368,0.0899999851103393
6.49,0.0900000219569529,0.0900000727386991,0.0900000024385907,0.0899999933381598,0.0900002548679121,0.090000105465513,0.0900000350642832,0.0900003105393926,0.0900001133605249,0.0899999859804849
6.5,0.0900000205641328,0.0900000680478604,0.0900000028338841,0.08999999398905,0.0900002406362111,0.0900000994206619,0.0900000330768841,0.0900002934438713,0.090000106740913,0.0899999868109323
6.51,0.0900000191713128,0.0900000638046536,0.0900000031487221,0.0899999945894578,0.0900002285468384,0.0900000933758107,0.090000031089485,0.0900002763483499,0.0900001001213012,0.0899999876413797
6.52,0.0900000177784927,0.0900000603569827,0.0900000032805316,0.0899999950139694,0.0900002164574658,0.0900000873309596,0.0900000291020859,0.0900002624669379,0.0900000939706466,0.0899999884718271
6.53,0.0900000165421014,0.0900000569093118,0.0900000034123411,0.089999995438481,0.0900002043680932,0.090000082658774,0.0900000271146868,0.0900002494502722,0.0900000890571979,0.0899999893022745
6.54,0.0900000155553755,0.0900000534616409,0.0900000035441505,0.0899999958629926,0.0900001922787206,0.0900000781783897,0.0900000253911702,0.0900002364336064,0.0900000841437493,0.0899999899455269
6.55,0.0900000145686497,0.0900000500139701,0.09000000367596,0.0899999962875042,0.0900001815387399,0.0900000736980054,0.0900000239671509,0.0900002234169407,0.0900000792303007,0.0899999905578394
6.56,0.0900000135819239,0.0900000468953128,0.0900000037639443,0.0899999966780635,0.09000017241632,0.0900000692176211,0.0900000225431317,0.0900002104002749,0.0900000743168521,0.0899999911701519
6.57,0.0900000125951981,0.0900000443613819,0.0900000037522303,0.0899999969503232,0.0900001632939001,0.0900000647372367,0.0900000211191124,0.0900001998317266,0.0900000697514318,0.0899999917824644
6.58,0.0900000117192421,0.090000041827451,0.0900000037405163,0.089999997222583,0.0900001541714802,0.0900000612737505,0.0900000196950932,0.0900001899218366,0.0900000661041818,0.0899999923947769
6.59,0.0900000110200786,0.0900000392935201,0.0900000037288022,0.0899999974948427,0.0900001450490603,0.0900000579523544,0.0900000184584352,0.0900001800119467,0.0900000624569319,0.0899999928638476
6.6,0.0900000103209151,0.0900000367595892,0.0900000037170882,0.0899999977671024,0.0900001369455122,0.0900000546309583,0.0900000174344257,0.0900001701020568,0.090000058809682,0.0899999933092431
6.61,0.0900000096217516,0.0900000344674712,0.0900000036840689,0.0899999980168575,0.0900001300633194,0.0900000513095622,0.0900000164104161,0.0900001601921669,0.090000055162432,0.0899999937546385
6.62,0.0900000089225882,0.0900000326051055,0.0900000036025819,0.0899999981881999,0.0900001231811267,0.090000047988166,0.0900000153864066,0.0900001521457795,0.0900000517735834,0.089999994200034
6.63,0.0900000083019877,0.0900000307427398,0.0900000035210948,0.0899999983595422,0.0900001162989339,0.0900000454211564,0.0900000143623971,0.0900001446007616,0.0900000490664506,0.0899999946454295
6.64,0.0900000078067766,0.0900000288803742,0.0900000034396078,0.0899999985308845,0.0900001094167411,0.0900000429595564,0.0900000134714083,0.0900001370557438,0.0900000463593179,0.0899999949835601
6.65,0.0900000073115655,0.0900000270180085,0.0900000033581207,0.0899999987022268,0.0900001033037603,0.0900000404979565,0.0900000127313935,0.090000129510726,0.0900000436521851,0.0899999953039617
6.66,0.0900000068163543,0.0900000253333378,0.0900000032686571,0.0899999988588836,0.0900000981128591,0.0900000380363565,0.0900000119913787,0.0900001219657082,0.0900000409450524,0.0899999956243634
6.67,0.0900000063211432,0.0900000239644684,0.0900000031610475,0.0899999989643716,0.090000092921958,0.0900000355747565,0.0900000112513639,0.0900001158394032,0.090000038429694,0.0899999959447651
6.68,0.0900000058815555,0.0900000225955989,0.0900000030534378,0.0899999990698596,0.0900000877310569,0.0900000336718288,0.090000010511349,0.0900001100947984,0.0900000364202762,0.0899999962651667
6.69,0.0900000055307447,0.0900000212267295,0.0900000029458282,0.0899999991753476,0.0900000825401558,0.0900000318469638,0.0900000098657371,0.0900001043501937,0.0900000344108583,0.0899999965065182
6.7,0.0900000051799339,0.09000001985786,0.0900000028382185,0.0899999992808356,0.0900000779292183,0.0900000300220988,0.0900000093272692,0.0900000986055889,0.0900000324014404,0.0899999967348043
6.71,0.0900000048291231,0.0900000186196119,0.0900000027299936,0.0899999993768973,0.0900000740135022,0.0900000281972339,0.0900000087888013,0.0900000928609842,0.0900000303920225,0.0899999969630903
6.72,0.0900000044783123,0.0900000176135052,0.090000002620369,0.0899999994401151,0.0900000700977861,0.0900000263723689,0.0900000082503334,0.0900000881965844,0.0900000285249763,0.0899999971913763
6.73,0.0900000041668771,0.0900000166073984,0.0900000025107444,0.0899999995033329,0.0900000661820701,0.0900000249615494,0.0900000077118655,0.0900000838228105,0.0900000270335361,0.0899999974196623
6.74,0.0900000039182869,0.0900000156012917,0.0900000024011199,0.0899999995665507,0.090000062266354,0.0900000236085841,0.0900000072413061,0.0900000794490365,0.0900000255420958,0.0899999975901807
6.75,0.0900000036696967,0.090000014595185,0.0900000022914953,0.0899999996297685,0.0900000587881314,0.0900000222556188,0.0900000068478205,0.0900000750752626,0.0900000240506555,0.0899999977511511
6.76,0.0900000034211064,0.0900000136850887,0.0900000021849952,0.0899999996870159,0.0900000558343466,0.0900000209026535,0.090000006454335,0.0900000707014886,0.0900000225592153,0.0899999979121215
6.77,0.0900000031725162,0.0900000129456231,0.090000002085603,0.0899999997234605,0.0900000528805618,0.0900000195496881,0.0900000060608494,0.0900000671501617,0.0900000211734221,0.0899999980730919
6.78,0.0900000029518593,0.0900000122061575,0.0900000019862108,0.0899999997599051,0.0900000499267771,0.0900000185039506,0.0900000056673638,0.0900000638201115,0.0900000200663479,0.0899999982340624
6.79,0.0900000027757848,0.0900000114666919,0.0900000018868186,0.0899999997963497,0.0900000469729923,0.0900000175011417,0.0900000053228118,0.0900000604900614,0.0900000189592737,0.0899999983533394
6.8,0.0900000025997104,0.0900000107272264,0.0900000017874265,0.0899999998327943,0.0900000443490203,0.0900000164983328,0.0900000050337976,0.0900000571600112,0.0900000178521995,0.0899999984657253
6.81,0.090000002423636,0.0900000100583121,0.0900000016926779,0.089999999865574,0.090000042120406,0.0900000154955239,0.0900000047447835,0.0900000538299611,0.0900000167451253,0.0899999985781112
6.82,0.0900000022475616,0.0900000095147822,0.0900000016084932,0.0899999998855843,0.0900000398917916,0.0900000144927151,0.0900000044557693,0.090000051126084,0.0900000157164697,0.0899999986904971
6.83,0.0900000020912672,0.0900000089712524,0.0900000015243085,0.0899999999055945,0.0900000376631772,0.0900000137174853,0.0900000041667551,0.0900000485906768,0.0900000148946986,0.089999998802883
6.84,0.0900000019665423,0.0900000084277225,0.0900000014401238,0.0899999999256048,0.0900000354345628,0.0900000129740549,0.0900000039133319,0.0900000460552695,0.0900000140729274,0.0899999988855958
6.85,0.0900000018418174,0.0900000078841927,0.090000001355939,0.089999999945615,0.090000033455296,0.0900000122306246,0.0900000037003032,0.0900000435198623,0.0900000132511563,0.0899999989634042
6.86,0.0900000017170926,0.09000000739254,0.0900000012766765,0.0899999999634236,0.0900000317749303,0.0900000114871942,0.0900000034872746,0.0900000409844551,0.0900000124293852,0.0899999990412127
6.87,0.0900000015923677,0.090000006993084,0.0900000012086117,0.089999999973561,0.0900000300945647,0.0900000107437638,0.0900000032742459,0.0900000389257716,0.0900000116658207,0.0899999991190211
6.88,0.0900000014816452,0.0900000065936279,0.0900000011405469,0.0899999999836983,0.090000028414199,0.0900000101690849,0.0900000030612172,0.0900000369953491,0.0900000110558172,0.0899999991968295
6.89,0.090000001393271,0.0900000061941719,0.090000001072482,0.0899999999938356,0.0900000267338333,0.0900000096179854,0.0900000028743777,0.0900000350649265,0.0900000104458137,0.0899999992536037
6.9,0.0900000013048968,0.0900000057947159,0.0900000010044172,0.0900000000039729,0.0900000252412689,0.0900000090668859,0.0900000027172618,0.090000033134504,0.0900000098358102,0.0899999993069013
6.91,0.0900000012165226,0.0900000054333812,0.0900000009408951,0.0900000000128401,0.0900000239738282,0.0900000085157864,0.090000002560146,0.0900000312040815,0.0900000092258068,0.0899999993601989
6.92,0.0900000011281484,0.0900000051397962,0.0900000008877073,0.0900000000172818,0.0900000227063874,0.0900000079646869,0.0900000024030302,0.0900000296366432,0.0900000086590181,0.0899999994134965
6.93,0.0900000010497004,0.0900000048462111,0.0900000008345195,0.0900000000217234,0.0900000214389466,0.0900000075386975,0.0900000022459144,0.0900000281668646,0.0900000082062391,0.0899999994667941
6.94,0.0900000009870949,0.0900000045526261,0.0900000007813316,0.0900000000261651,0.0900000201715059,0.0900000071301895,0.0900000021081442,0.0900000266970861,0.0900000077534601,0.0899999995053487
6.95,0.0900000009244894,0.090000004259041,0.0900000007281438,0.0900000000306067,0.0900000190452991,0.0900000067216817,0.0900000019923307,0.0900000252273075,0.0900000073006811,0.0899999995414666
6.96,0.0900000008618839,0.0900000039934651,0.0900000006788672,0.090000000034347,0.0900000180883941,0.0900000063131737,0.0900000018765171,0.090000023757529,0.0900000068479021,0.0899999995775845
6.97,0.0900000007992784,0.0900000037776674,0.0900000006384882,0.0900000000356436,0.0900000171314891,0.0900000059046658,0.0900000017607036,0.0900000225641623,0.0900000064271974,0.0899999996137024
6.98,0.0900000007437028,0.0900000035618697,0.0900000005981092,0.0900000000369402,0.0900000161745842,0.0900000055888145,0.0900000016448901,0.0900000214451633,0.0900000060911114,0.0899999996498203
6.99,0.090000000699347,0.090000003346072,0.0900000005577302,0.0900000000382368,0.0900000152176792,0.09000000528591,0.09000000154338,0.0900000203261644,0.0900000057550253,0.0899999996758083
7,0.0900000006549913,0.0900000031302743,0.0900000005173513,0.0900000000395334,0.0900000143677911,0.0900000049830055,0.0900000014581038,0.0900000192071654,0.0900000054189393,0.089999999700122
7.01,0.0900000006106355,0.0900000029350755,0.0900000004801579,0.0900000000404736,0.0900000136461877,0.090000004680101,0.0900000013728277,0.0900000180881664,0.0900000050828532,0.0899999997244356
7.02,0.0900000005662797,0.0900000027764852,0.0900000004502116,0.090000000040172,0.0900000129245842,0.0900000043771965,0.0900000012875515,0.0900000171796244,0.0900000047705806,0.0899999997487493
7.03,0.0900000005269036,0.0900000026178948,0.0900000004202654,0.0900000000398705,0.0900000122029808,0.09000000414304,0.0900000012022754,0.0900000163277052,0.0900000045211328,0.0899999997730629
7.04,0.0900000004954749,0.0900000024593045,0.0900000003903191,0.0900000000395689,0.0900000114813773,0.0900000039184896,0.0900000011276049,0.090000015475786,0.090000004271685,0.0899999997903842
7.05,0.0900000004640463,0.0900000023007142,0.0900000003603728,0.0900000000392674,0.0900000108402451,0.0900000036939392,0.0900000010649715,0.0900000146238668,0.0900000040222371,0.0899999998065498
7.06,0.0900000004326177,0.0900000021572555,0.0900000003329311,0.0900000000388076,0.0900000102955766,0.0900000034693888,0.0900000010023382,0.0900000137719475,0.0900000037727893,0.0899999998227154
7.07,0.0900000004011891,0.0900000020406888,0.0900000003111872,0.0900000000377962,0.090000009750908,0.0900000032448384,0.0900000009397048,0.0900000130802899,0.090000003541018,0.0899999998388809
7.08,0.0900000003732902,0.0900000019241222,0.0900000002894433,0.090000000036785,0.0900000092062394,0.0900000030712504,0.0900000008770715,0.0900000124317501,0.0900000033558811,0.0899999998550465
7.09,0.0900000003510249,0.0900000018075556,0.0900000002676994,0.0900000000357737,0.0900000086615708,0.0900000029047834,0.0900000008223025,0.0900000117832103,0.0900000031707441,0.0899999998664507
7.1,0.0900000003287596,0.090000001690989,0.0900000002459555,0.0900000000347624,0.090000008177674,0.0900000027383164,0.0900000007764595,0.0900000111346705,0.0900000029856072,0.0899999998770679
7.11,0.0900000003064944,0.0900000015855444,0.0900000002261377,0.0900000000337029,0.0900000077666263,0.0900000025718494,0.0900000007306164,0.0900000104861307,0.0900000028004702,0.0899999998876851
7.12,0.0900000002842291,0.090000001499866,0.0900000002107018,0.0900000000324757,0.0900000073555785,0.0900000024053824,0.0900000006847734,0.090000009959293,0.0900000026284443,0.0899999998983023
7.13,0.0900000002644647,0.0900000014141876,0.0900000001952659,0.0900000000312486,0.0900000069445308,0.0900000022767146,0.0900000006389303,0.090000009465199,0.0900000024910081,0.0899999999089195
7.14,0.0900000002486918,0.0900000013285092,0.0900000001798299,0.0900000000300214,0.090000006533483,0.0900000021533286,0.0900000005988857,0.0900000089711049,0.0900000023535719,0.0899999999163487
7.15,0.0900000002329189,0.0900000012428308,0.090000000164394,0.0900000000287942,0.090000006168465,0.0900000020299425,0.0900000005654221,0.0900000084770108,0.0900000022161357,0.0899999999232511
7.16,0.090000000217146,0.0900000011653299,0.0900000001503814,0.0900000000275753,0.0900000058586242,0.0900000019065564,0.0900000005319586,0.0900000079829168,0.0900000020786995,0.0899999999301534
7.17,0.0900000002013731,0.0900000011023623,0.0900000001396069,0.090000000026385,0.0900000055487835,0.0900000017831702,0.090000000498495,0.0900000075818585,0.0900000019510011,0.0899999999370558
7.18,0.0900000001873703,0.0900000010393947,0.0900000001288323,0.0900000000251948,0.0900000052389427,0.0900000016877711,0.0900000004650314,0.0900000072058312,0.090000001848993,0.0899999999439581
7.19,0.0900000001761927,0.090000000976427,0.0900000001180577,0.0900000000240045,0.090000004929102,0.0900000015962825,0.0900000004358272,0.0900000068298039,0.0900000017469849,0.0899999999487268
7.2,0.090000000165015,0.0900000009134594,0.0900000001072832,0.0900000000228142,0.090000004653825,0.0900000015047939,0.0900000004114573,0.0900000064537766,0.0900000016449768,0.0899999999531428
7.21,0.0900000001538374,0.0900000008565007,0.0900000000975516,0.0900000000216574,0.0900000044199808,0.0900000014133054,0.0900000003870873,0.0900000060777494,0.0900000015429688,0.0899999999575588
7.22,0.0900000001426597,0.090000000810221,0.0900000000901926,0.0900000000206171,0.0900000041861366,0.0900000013218168,0.0900000003627174,0.0900000057724652,0.0900000014481872,0.0899999999619747
7.23,0.0900000001327378,0.0900000007639414,0.0900000000828336,0.0900000000195767,0.0900000039522924,0.0900000012511057,0.0900000003383474,0.0900000054862142,0.0900000013724704,0.0899999999663907
7.24,0.0900000001248201,0.0900000007176617,0.0900000000754747,0.0900000000185364,0.0900000037184482,0.0900000011832979,0.0900000003170895,0.0900000051999632,0.0900000012967536,0.0899999999694065
7.25,0.0900000001169024,0.0900000006713821,0.0900000000681157,0.0900000000174961,0.0900000035107263,0.0900000011154901,0.0900000002993637,0.0900000049137122,0.0900000012210369,0.0899999999721909
7.26,0.0900000001089847,0.0900000006295197,0.0900000000615011,0.0900000000164971,0.0900000033343179,0.0900000010476823,0.090000000281638,0.0900000046274613,0.0900000011453201,0.0899999999749752
7.27,0.0900000001010671,0.0900000005955078,0.0900000000565799,0.0900000000156424,0.0900000031579096,0.0900000009798744,0.0900000002639122,0.0900000043950696,0.0900000010749664,0.0899999999777595
7.28,0.0900000000940385,0.0900000005614958,0.0900000000516587,0.0900000000147878,0.0900000029815013,0.0900000009274492,0.0900000002461864,0.0900000041771686,0.0900000010187615,0.0899999999805439
7.29,0.0900000000884289,0.0900000005274839,0.0900000000467375,0.0900000000139331,0.0900000028050929,0.0900000008771733,0.090000000230734,0.0900000039592677,0.0900000009625566,0.0899999999824147
7.3,0.0900000000828194,0.090000000493472,0.0900000000418163,0.0900000000130784,0.0900000026483948,0.0900000008268974,0.0900000002178619,0.0900000037413667,0.0900000009063517,0.0899999999841345
7.31,0.0900000000772098,0.0900000004627044,0.0900000000374152,0.0900000000122641,0.0900000025153238,0.0900000007766215,0.0900000002049898,0.0900000035234658,0.0900000008501468,0.0899999999858544
7.32,0.0900000000716003,0.0900000004377026,0.0900000000341973,0.0900000000115906,0.0900000023822528,0.0900000007263456,0.0900000001921177,0.0900000033464204,0.0900000007979232,0.0899999999875742
7.33,0.0900000000666209,0.0900000004127007,0.0900000000309795,0.0900000000109172,0.0900000022491819,0.090000000687484,0.0900000001792456,0.0900000031803671,0.0900000007562034,0.0899999999892941
7.34,0.0900000000626473,0.0900000003876989,0.0900000000277616,0.0900000000102437,0.0900000021161109,0.0900000006502172,0.0900000001680156,0.0900000030143138,0.0900000007144837,0.0899999999904256
7.35,0.0900000000586737,0.090000000362697,0.0900000000245438,0.0900000000095703,0.0900000019979058,0.0900000006129504,0.0900000001586492,0.0900000028482605,0.0900000006727639,0.0899999999914598
7.36,0.0900000000547001,0.0900000003400809,0.0900000000216834,0.0900000000089323,0.0900000018975207,0.0900000005756837,0.0900000001492828,0.0900000026822072,0.0900000006310441,0.0899999999924941
7.37,0.0900000000507265,0.0900000003217048,0.0900000000196362,0.0900000000084182,0.0900000017971357,0.0900000005384169,0.0900000001399165,0.0900000025474876,0.0900000005922795,0.0899999999935283
7.38,0.090000000047199,0.0900000003033286,0.0900000000175891,0.0900000000079041,0.0900000016967507,0.0900000005096124,0.0900000001305501,0.0900000024211981,0.0900000005613115,0.0899999999945626
7.39,0.0900000000443837,0.0900000002849525,0.0900000000155419,0.0900000000073901,0.0900000015963656,0.0900000004819903,0.0900000001223882,0.0900000022949086,0.0900000005303436,0.0899999999952254
7.4,0.0900000000415684,0.0900000002665763,0.0900000000134948,0.090000000006876,0.0900000015071946,0.0900000004543682,0.0900000001155933,0.0900000021686192,0.0900000004993756,0.0899999999958268
7.41,0.090000000038753,0.0900000002499532,0.0900000000116891,0.0900000000063911,0.0900000014314661,0.0900000004267461,0.0900000001087984,0.0900000020423297,0.0900000004684076,0.0899999999964282
7.42,0.0900000000359377,0.0900000002364458,0.0900000000104326,0.0900000000060082,0.0900000013557376,0.0900000003991241,0.0900000001020035,0.0900000019397498,0.090000000439633,0.0899999999970297
7.43,0.0900000000334386,0.0900000002229383,0.090000000009176,0.0900000000056253,0.0900000012800091,0.0900000003777742,0.0900000000952086,0.0900000018435488,0.0900000004166454,0.0899999999976311
7.44,0.090000000031444,0.0900000002094308,0.0900000000079195,0.0900000000052423,0.0900000012042806,0.0900000003573007,0.0900000000892808,0.0900000017473478,0.0900000003936577,0.089999999998004
7.45,0.0900000000294494,0.0900000001959233,0.090000000006663,0.0900000000048594,0.0900000011370068,0.0900000003368272,0.090000000084337,0.0900000016511468,0.0900000003706701,0.0899999999983392
7.46,0.0900000000274548,0.0900000001837055,0.0900000000055643,0.0900000000044996,0.0900000010798681,0.0900000003163537,0.0900000000793931,0.0900000015549458,0.0900000003476824,0.0899999999986743
7.47,0.0900000000254602,0.0900000001737799,0.0900000000048246,0.0900000000042201,0.0900000010227294,0.0900000002958802,0.0900000000744493,0.0900000014768497,0.0900000003263236,0.0899999999990095
7.48,0.0900000000236896,0.0900000001638543,0.0900000000040849,0.0900000000039406,0.0900000009655906,0.0900000002800503,0.0900000000695055,0.0900000014036247,0.0900000003092619,0.0899999999993446
7.49,0.0900000000222764,0.0900000001539287,0.0900000000033452,0.0900000000036611,0.0900000009084519,0.0900000002648692,0.0900000000651905,0.0900000013303996,0.0900000002922002,0.0899999999995404
7.5,0.0900000000208632,0.0900000001440031,0.0900000000026055,0.0900000000033816,0.0900000008577103,0.0900000002496882,0.0900000000615891,0.0900000012571745,0.0900000002751385,0.089999999999713
7.51,0.0900000000194501,0.0900000001350242,0.090000000001967,0.0900000000031198,0.0900000008146374,0.0900000002345071,0.0900000000579878,0.0900000011839495,0.0900000002580768,0.0899999999998857
7.52,0.0900000000180369,0.0900000001277279,0.0900000000015585,0.0900000000029196,0.0900000007715644,0.0900000002193261,0.0900000000543865,0.0900000011245037,0.0900000002422237,0.0900000000000583
7.53,0.0900000000167824,0.0900000001204316,0.09000000000115,0.0900000000027193,0.0900000007284914,0.0900000002075928,0.0900000000507851,0.0900000010687652,0.0900000002295592,0.090000000000231
7.54,0.0900000000157813,0.0900000001131353,0.0900000000007415,0.0900000000025191,0.0900000006854184,0.0900000001963413,0.0900000000476397,0.0900000010130267,0.0900000002168947,0.0900000000003217
7.55,0.0900000000147802,0.0900000001058389,0.090000000000333,0.0900000000023189,0.0900000006471489,0.0900000001850898,0.0900000000450117,0.0900000009572882,0.0900000002042302,0.0900000000003988
7.56,0.0900000000137791,0.0900000000992391,0.0899999999999874,0.0900000000021319,0.0900000006146374,0.0900000001738383,0.0900000000423838,0.0900000009015497,0.0900000001915657,0.090000000000476
7.57,0.0900000000127779,0.0900000000938771,0.0899999999997849,0.0900000000019908,0.090000000582126,0.0900000001625869,0.0900000000397558,0.0900000008562716,0.0900000001797983,0.0900000000005531
7.58,0.0900000000118893,0.0900000000885151,0.0899999999995824,0.0900000000018497,0.0900000005496146,0.0900000001538883,0.0900000000371278,0.0900000008138077,0.0900000001703974,0.0900000000006303
7.59,0.09000000001118,0.090000000083153,0.08999999999938,0.0900000000017085,0.0900000005171032,0.0900000001455466,0.0900000000348316,0.0900000007713438,0.0900000001609966,0.0900000000006618
7.6,0.0900000000104708,0.090000000077791,0.0899999999991775,0.0900000000015674,0.0900000004882223,0.0900000001372048,0.0900000000329117,0.0900000007288799,0.0900000001515957,0.0900000000006857
7.61,0.0900000000097616,0.0900000000729405,0.0899999999990123,0.0900000000014359,0.0900000004636934,0.090000000128863,0.0900000000309918,0.0900000006864161,0.0900000001421949,0.0900000000007097
7.62,0.0900000000090524,0.090000000068999,0.0899999999989317,0.090000000001338,0.0900000004391646,0.0900000001205213,0.090000000029072,0.090000000651938,0.0900000001334598,0.0900000000007336
7.63,0.0900000000084228,0.0900000000650575,0.0899999999988512,0.0900000000012401,0.0900000004146357,0.0900000001140738,0.0900000000271521,0.0900000006196084,0.090000000126481,0.0900000000007575
7.64,0.0900000000079204,0.0900000000611161,0.0899999999987706,0.0900000000011421,0.0900000003901068,0.0900000001078911,0.0900000000254738,0.0900000005872789,0.0900000001195022,0.0900000000007575
7.65,0.090000000007418,0.0900000000571746,0.0899999999986901,0.0900000000010442,0.0900000003683174,0.0900000001017084,0.0900000000240696,0.0900000005549494,0.0900000001125234,0.0900000000007535
7.66,0.0900000000069155,0.0900000000536093,0.0899999999986304,0.0900000000009531,0.0900000003498119,0.0900000000955257,0.0900000000226654,0.0900000005226199,0.0900000001055447,0.0900000000007495
7.67,0.0900000000064131,0.0900000000507125,0.0899999999986185,0.0900000000008861,0.0900000003313064,0.090000000089343,0.0900000000212612,0.0900000004963522,0.0900000000990605,0.0900000000007455
7.68,0.0900000000059671,0.0900000000478157,0.0899999999986064,0.0900000000008191,0.0900000003128009,0.0900000000845637,0.090000000019857,0.0900000004717155,0.090000000093881,0.0900000000007416
7.69,0.0900000000056111,0.0900000000449189,0.0899999999985945,0.090000000000752,0.0900000002942954,0.0900000000799806,0.0900000000186292,0.0900000004470788,0.0900000000887016,0.0900000000007264
7.7,0.0900000000052552,0.0900000000420221,0.0899999999985825,0.090000000000685,0.0900000002778567,0.0900000000753974,0.0900000000176017,0.0900000004224421,0.0900000000835221,0.0900000000007095
7.71,0.0900000000048992,0.0900000000394017,0.0899999999985812,0.0900000000006229,0.0900000002638957,0.0900000000708143,0.0900000000165741,0.0900000003978054,0.0900000000783427,0.0900000000006925
7.72,0.0900000000045432,0.0900000000372724,0.0899999999986045,0.0900000000005776,0.0900000002499346,0.0900000000662312,0.0900000000155465,0.0900000003778214,0.0900000000735302,0.0900000000006756
7.73,0.0900000000042273,0.0900000000351432,0.0899999999986278,0.0900000000005324,0.0900000002359735,0.0900000000626882,0.090000000014519,0.0900000003590892,0.0900000000696857,0.0900000000006586
7.74,0.0900000000039751,0.0900000000330139,0.0899999999986511,0.0900000000004872,0.0900000002220125,0.0900000000592905,0.0900000000136204,0.090000000340357,0.0900000000658412,0.0900000000006378
7.75,0.090000000003723,0.0900000000308847,0.0899999999986743,0.090000000000442,0.0900000002096113,0.0900000000558929,0.0900000000128683,0.0900000003216248,0.0900000000619967,0.0900000000006164
7.76,0.0900000000034708,0.0900000000289587,0.0899999999987022,0.0900000000004002,0.0900000001990799,0.0900000000524953,0.0900000000121161,0.0900000003028926,0.0900000000581523,0.090000000000595
7.77,0.0900000000032187,0.0900000000273939,0.0899999999987404,0.0900000000003701,0.0900000001885485,0.0900000000490976,0.090000000011364,0.0900000002876736,0.09000000005458,0.0900000000005735
7.78,0.0900000000029949,0.0900000000258292,0.0899999999987785,0.0900000000003401,0.0900000001780171,0.0900000000464707,0.0900000000106118,0.0900000002733999,0.0900000000517262,0.0900000000005521
7.79,0.0900000000028162,0.0900000000242644,0.0899999999988167,0.09000000000031,0.0900000001674857,0.0900000000439515,0.0900000000099541,0.0900000002591261,0.0900000000488724,0.0900000000005307
7.8,0.0900000000026375,0.0900000000226996,0.0899999999988549,0.09000000000028,0.0900000001581307,0.0900000000414324,0.0900000000094037,0.0900000002448524,0.0900000000460186,0.0900000000005093
7.81,0.0900000000024589,0.0900000000212842,0.0899999999988942,0.0900000000002522,0.0900000001501859,0.0900000000389132,0.0900000000088533,0.0900000002305786,0.0900000000431648,0.0900000000004879
7.82,0.0900000000022802,0.0900000000201341,0.0899999999989359,0.0900000000002326,0.0900000001422411,0.090000000036394,0.0900000000083029,0.0900000002189924,0.0900000000405131,0.0900000000004665
7.83,0.0900000000021216,0.0900000000189841,0.0899999999989777,0.0900000000002129,0.0900000001342963,0.0900000000344468,0.0900000000077525,0.0900000002081293,0.0900000000383947,0.0900000000004451
7.84,0.0900000000019951,0.090000000017834,0.0899999999990194,0.0900000000001933,0.0900000001263515,0.0900000000325796,0.0900000000072714,0.0900000001972663,0.0900000000362763,0.0900000000004255
7.85,0.0900000000018685,0.0900000000166839,0.0899999999990611,0.0900000000001736,0.0900000001192945,0.0900000000307124,0.0900000000068688,0.0900000001864032,0.0900000000341579,0.0900000000004063
7.86,0.0900000000017419,0.0900000000156436,0.0899999999991021,0.0900000000001555,0.0900000001133018,0.0900000000288452,0.0900000000064662,0.0900000001755401,0.0900000000320395,0.0900000000003871
7.87,0.0900000000016153,0.0900000000147984,0.0899999999991413,0.0900000000001429,0.0900000001073092,0.090000000026978,0.0900000000060637,0.0900000001667224,0.0900000000300712,0.0900000000003679
7.88,0.090000000001503,0.0900000000139531,0.0899999999991805,0.0900000000001302,0.0900000001013165,0.0900000000255347,0.0900000000056611,0.0900000001584551,0.0900000000284989,0.0900000000003486
7.89,0.0900000000014134,0.0900000000131078,0.0899999999992196,0.0900000000001176,0.0900000000953239,0.0900000000241507,0.0900000000053092,0.0900000001501877,0.0900000000269266,0.090000000000332
7.9,0.0900000000013237,0.0900000000122625,0.0899999999992588,0.0900000000001049,0.09000000009,0.0900000000227667,0.0900000000050149,0.0900000001419203,0.0900000000253543,0.0900000000003158
7.91,0.0900000000012341,0.0900000000114979,0.0899999999992964,0.0900000000000933,0.0900000000854779,0.0900000000213828,0.0900000000047206,0.090000000133653,0.0900000000237819,0.0900000000002995
7.92,0.0900000000011444,0.0900000000108766,0.0899999999993304,0.0900000000000853,0.0900000000809559,0.0900000000199987,0.0900000000044263,0.0900000001269376,0.090000000022321,0.0900000000002833
7.93,0.0900000000010648,0.0900000000102553,0.0899999999993643,0.0900000000000773,0.0900000000764338,0.090000000018929,0.090000000004132,0.0900000001206397,0.0900000000211539,0.0900000000002671
7.94,0.0900000000010013,0.090000000009634,0.0899999999993982,0.0900000000000693,0.0900000000719117,0.0900000000179031,0.0900000000038748,0.0900000001143419,0.0900000000199868,0.0900000000002535
7.95,0.0900000000009378,0.0900000000090127,0.0899999999994322,0.0900000000000613,0.0900000000678957,0.0900000000168772,0.0900000000036598,0.090000000108044,0.0900000000188197,0.0900000000002404
7.96,0.0900000000008743,0.0900000000084507,0.0899999999994643,0.090000000000054,0.0900000000644863,0.0900000000158513,0.0900000000034448,0.0900000001017462,0.0900000000176526,0.0900000000002272
7.97,0.0900000000008108,0.090000000007994,0.0899999999994922,0.0900000000000491,0.0900000000610768,0.0900000000148254,0.0900000000032298,0.0900000000966352,0.0900000000165681,0.0900000000002141
7.98,0.0900000000007544,0.0900000000075374,0.08999999999952,0.0900000000000442,0.0900000000576674,0.0900000000140323,0.0900000000030148,0.0900000000918435,0.0900000000157018,0.090000000000201
7.99,0.0900000000007094,0.0900000000070808,0.0899999999995479,0.0900000000000392,0.090000000054258,0.0900000000132717,0.090000000002827,0.0900000000870518,0.0900000000148355,0.0900000000001902
8,0.0900000000006644,0.0900000000066242,0.0899999999995758,0.0900000000000343,0.0900000000512289,0.0900000000125112,0.0900000000026701,0.0900000000822602,0.0900000000139692,0.0900000000001799
8.01,0.0900000000006194,0.0900000000062112,0.0899999999996019,0.0900000000000298,0.0900000000486557,0.0900000000117506,0.0900000000025131,0.0900000000774685,0.0900000000131029,0.0900000000001696
8.02,0.0900000000005744,0.0900000000058755,0.0899999999996239,0.0900000000000268,0.0900000000460824,0.09000000001099,0.0900000000023562,0.0900000000735763,0.0900000000122979,0.0900000000001592
8.03,0.0900000000005345,0.0900000000055399,0.0899999999996459,0.0900000000000239,0.0900000000435092,0.090000000010402,0.0900000000021992,0.0900000000699261,0.0900000000116549,0.0900000000001489
8.04,0.0900000000005026,0.0900000000052043,0.089999999999668,0.0900000000000209,0.0900000000409359,0.0900000000098381,0.0900000000020621,0.090000000066276,0.0900000000110118,0.0900000000001406
8.05,0.0900000000004707,0.0900000000048687,0.08999999999969,0.0900000000000179,0.0900000000386498,0.0900000000092742,0.0900000000019476,0.0900000000626258,0.0900000000103688,0.0900000000001327
8.06,0.0900000000004388,0.0900000000045651,0.0899999999997105,0.0900000000000152,0.090000000036708,0.0900000000087103,0.090000000001833,0.0900000000589757,0.0900000000097257,0.0900000000001248
8.07,0.0900000000004069,0.0900000000043184,0.0899999999997274,0.0900000000000135,0.0900000000347661,0.0900000000081464,0.0900000000017184,0.0900000000560134,0.0900000000091282,0.0900000000001168
8.08,0.0900000000003786,0.0900000000040717,0.0899999999997443,0.0900000000000118,0.0900000000328243,0.0900000000077106,0.0900000000016039,0.0900000000532361,0.090000000008651,0.0900000000001089
8.09,0.0900000000003561,0.090000000003825,0.0899999999997612,0.0900000000000101,0.0900000000308824,0.0900000000072926,0.0900000000015039,0.0900000000504588,0.0900000000081737,0.0900000000001027
8.1,0.0900000000003335,0.0900000000035783,0.0899999999997781,0.0900000000000083,0.0900000000291573,0.0900000000068747,0.0900000000014205,0.0900000000476816,0.0900000000076965,0.0900000000000967
8.11,0.0900000000003109,0.0900000000033552,0.0899999999997937,0.0900000000000068,0.0900000000276921,0.0900000000064567,0.090000000001337,0.0900000000449044,0.0900000000072192,0.0900000000000907
8.12,0.0900000000002883,0.0900000000031739,0.0899999999998063,0.0900000000000058,0.0900000000262269,0.0900000000060388,0.0900000000012536,0.0900000000426485,0.0900000000067757,0.0900000000000847
8.13,0.0900000000002683,0.0900000000029926,0.089999999999819,0.0900000000000049,0.0900000000247617,0.0900000000057158,0.0900000000011701,0.0900000000405329,0.0900000000064214,0.0900000000000787
8.14,0.0900000000002523,0.0900000000028113,0.0899999999998316,0.0900000000000039,0.0900000000232964,0.090000000005406,0.0900000000010972,0.0900000000384173,0.0900000000060672,0.090000000000074
8.15,0.0900000000002363,0.09000000000263,0.0899999999998443,0.090000000000003,0.0900000000219951,0.0900000000050962,0.0900000000010364,0.0900000000363018,0.0900000000057129,0.0900000000000696
8.16,0.0900000000002203,0.0900000000024659,0.0899999999998559,0.0900000000000021,0.0900000000208902,0.0900000000047864,0.0900000000009755,0.0900000000341862,0.0900000000053586,0.0900000000000652
8.17,0.0900000000002042,0.0900000000023327,0.0899999999998651,0.0900000000000016,0.0900000000197853,0.0900000000044766,0.0900000000009147,0.0900000000324693,0.0900000000050295,0.0900000000000607
8.18,0.09000000000019,0.0900000000021994,0.0899999999998744,0.0900000000000011,0.0900000000186804,0.0900000000042371,0.0900000000008538,0.0900000000308596,0.0900000000047665,0.0900000000000563
8.19,0.0900000000001787,0.0900000000020662,0.0899999999998836,0.0900000000000006,0.0900000000175755,0.0900000000040074,0.0900000000008006,0.0900000000292499,0.0900000000045035,0.0900000000000529
8.2,0.0900000000001674,0.0900000000019329,0.0899999999998929,0.0900000000000001,0.0900000000165942,0.0900000000037778,0.0900000000007563,0.0900000000276402,0.0900000000042406,0.0900000000000496
8.21,0.090000000000156,0.0900000000018124,0.0899999999999013,0.0899999999999997,0.090000000015761,0.0900000000035481,0.0900000000007119,0.0900000000260305,0.0900000000039776,0.0900000000000463
8.22,0.0900000000001447,0.0900000000017145,0.0899999999999079,0.0899999999999995,0.0900000000149278,0.0900000000033185,0.0900000000006675,0.0900000000247229,0.0900000000037333,0.0900000000000431
8.23,0.0900000000001346,0.0900000000016165,0.0899999999999146,0.0899999999999992,0.0900000000140945,0.0900000000031409,0.0900000000006231,0.0900000000234965,0.0900000000035381,0.0900000000000398
8.24,0.0900000000001266,0.0900000000015186,0.0899999999999212,0.089999999999999,0.0900000000132613,0.0900000000029707,0.0900000000005843,0.0900000000222702,0.0900000000033429,0.0900000000000373
8.25,0.0900000000001186,0.0900000000014207,0.0899999999999278,0.0899999999999988,0.090000000012521,0.0900000000028004,0.0900000000005519,0.0900000000210439,0.0900000000031477,0.090000000000035
8.26,0.0900000000001105,0.0900000000013321,0.0899999999999338,0.0899999999999986,0.090000000011892,0.0900000000026302,0.0900000000005195,0.0900000000198176,0.0900000000029525,0.0900000000000326
8.27,0.0900000000001025,0.0900000000012601,0.0899999999999385,0.0899999999999985,0.090000000011263,0.0900000000024599,0.0900000000004871,0.0900000000188222,0.0900000000027711,0.0900000000000303
8.28,0.0900000000000954,0.0900000000011881,0.0899999999999431,0.0899999999999985,0.090000000010634,0.0900000000023283,0.0900000000004547,0.0900000000178889,0.0900000000026262,0.0900000000000279
8.29,0.0900000000000897,0.0900000000011161,0.0899999999999478,0.0899999999999984,0.090000000010005,0.0900000000022021,0.0900000000004264,0.0900000000169556,0.0900000000024813,0.0900000000000261
8.3,0.090000000000084,0.0900000000010442,0.0899999999999525,0.0899999999999983,0.0900000000094462,0.0900000000020759,0.0900000000004028,0.0900000000160223,0.0900000000023364,0.0900000000000244
8.31,0.0900000000000783,0.0900000000009791,0.0899999999999567,0.0899999999999983,0.0900000000089716,0.0900000000019498,0.0900000000003792,0.090000000015089,0.0900000000021915,0.0900000000000228
8.32,0.0900000000000726,0.0900000000009261,0.0899999999999599,0.0899999999999983,0.0900000000084969,0.0900000000018236,0.0900000000003556,0.0900000000143312,0.0900000000020568,0.0900000000000211
8.33,0.0900000000000676,0.0900000000008732,0.0899999999999631,0.0899999999999983,0.0900000000080223,0.090000000001726,0.090000000000332,0.0900000000136207,0.0900000000019493,0.0900000000000194
8.34,0.0900000000000636,0.0900000000008203,0.0899999999999663,0.0899999999999983,0.0900000000075476,0.0900000000016324,0.0900000000003114,0.0900000000129101,0.0900000000018417,0.0900000000000181
8.35,0.0900000000000595,0.0900000000007674,0.0899999999999695,0.0899999999999983,0.090000000007126,0.0900000000015389,0.0900000000002941,0.0900000000121995,0.0900000000017342,0.0900000000000169
8.36,0.0900000000000555,0.0900000000007196,0.0899999999999724,0.0899999999999983,0.0900000000067679,0.0900000000014453,0.0900000000002769,0.090000000011489,0.0900000000016266,0.0900000000000157
8.37,0.0900000000000515,0.0900000000006807,0.0899999999999745,0.0899999999999983,0.0900000000064098,0.0900000000013518,0.0900000000002597,0.0900000000109121,0.0900000000015267,0.0900000000000145
8.38,0.0900000000000479,0.0900000000006418,0.0899999999999767,0.0899999999999984,0.0900000000060517,0.0900000000012794,0.0900000000002424,0.0900000000103711,0.0900000000014469,0.0900000000000133
8.39,0.090000000000045,0.0900000000006029,0.0899999999999788,0.0899999999999984,0.0900000000056937,0.0900000000012101,0.0900000000002274,0.0900000000098301,0.0900000000013671,0.0900000000000124
8.4,0.0900000000000422,0.0900000000005641,0.089999999999981,0.0899999999999985,0.0900000000053756,0.0900000000011408,0.0900000000002148,0.0900000000092891,0.0900000000012872,0.0900000000000116
8.41,0.0900000000000393,0.0900000000005289,0.0899999999999829,0.0899999999999985,0.0900000000051055,0.0900000000010714,0.0900000000002022,0.0900000000087481,0.0900000000012074,0.0900000000000108
8.42,0.0900000000000365,0.0900000000005003,0.0899999999999844,0.0899999999999986,0.0900000000048353,0.0900000000010021,0.0900000000001896,0.0900000000083088,0.0900000000011333,0.0900000000000099
8.43,0.0900000000000339,0.0900000000004717,0.0899999999999858,0.0899999999999986,0.0900000000045652,0.0900000000009485,0.090000000000177,0.0900000000078969,0.090000000001074,0.0900000000000091
8.44,0.0900000000000319,0.0900000000004432,0.0899999999999872,0.0899999999999987,0.0900000000042951,0.0900000000008971,0.090000000000166,0.090000000007485,0.0900000000010147,0.0900000000000085
8.45,0.0900000000000299,0.0900000000004146,0.0899999999999887,0.0899999999999987,0.0900000000040551,0.0900000000008457,0.0900000000001568,0.0900000000070731,0.0900000000009555,0.0900000000000079
8.46,0.0900000000000279,0.0900000000003887,0.0899999999999899,0.0899999999999988,0.0900000000038513,0.0900000000007943,0.0900000000001476,0.0900000000066613,0.0900000000008962,0.0900000000000073
8.47,0.0900000000000258,0.0900000000003677,0.0899999999999909,0.0899999999999988,0.0900000000036475,0.0900000000007429,0.0900000000001384,0.0900000000063266,0.0900000000008412,0.0900000000000067
8.48,0.090000000000024,0.0900000000003467,0.0899999999999918,0.0899999999999989,0.0900000000034437,0.0900000000007031,0.0900000000001293,0.0900000000060128,0.0900000000007972,0.0900000000000061
8.49,0.0900000000000226,0.0900000000003257,0.0899999999999927,0.0899999999999989,0.0900000000032399,0.090000000000665,0.0900000000001212,0.0900000000056989,0.0900000000007532,0.0900000000000057
8.5,0.0900000000000212,0.0900000000003047,0.0899999999999936,0.089999999999999,0.0900000000030589,0.0900000000006269,0.0900000000001145,0.0900000000053851,0.0900000000007092,0.0900000000000053
8.51,0.0900000000000197,0.0900000000002857,0.0899999999999944,0.089999999999999,0.0900000000029053,0.0900000000005888,0.0900000000001078,0.0900000000050713,0.0900000000006652,0.0900000000000049
8.52,0.0900000000000183,0.0900000000002703,0.089999999999995,0.0899999999999991,0.0900000000027516,0.0900000000005507,0.0900000000001011,0.0900000000048165,0.0900000000006244,0.0900000000000045
8.53,0.090000000000017,0.0900000000002548,0.0899999999999955,0.0899999999999991,0.090000000002598,0.0900000000005212,0.0900000000000944,0.0900000000045777,0.0900000000005917,0.0900000000000041
8.54,0.090000000000016,0.0900000000002394,0.0899999999999961,0.0899999999999992,0.0900000000024444,0.090000000000493,0.0900000000000885,0.0900000000043388,0.0900000000005591,0.0900000000000038
8.55,0.090000000000015,0.0900000000002239,0.0899999999999967,0.0899999999999992,0.0900000000023079,0.0900000000004647,0.0900000000000836,0.0900000000040999,0.0900000000005264,0.0900000000000035
8.56,0.090000000000014,0.09000000000021,0.0899999999999972,0.0899999999999993,0.0900000000021919,0.0900000000004365,0.0900000000000787,0.0900000000038611,0.0900000000004938,0.0900000000000032
8.57,0.090000000000013,0.0900000000001986,0.0899999999999975,0.0899999999999993,0.0900000000020759,0.0900000000004082,0.0900000000000738,0.0900000000036672,0.0900000000004634,0.090000000000003
8.58,0.0900000000000121,0.0900000000001873,0.0899999999999979,0.0899999999999993,0.09000000000196,0.0900000000003864,0.0900000000000689,0.0900000000034853,0.0900000000004392,0.0900000000000027
8.59,0.0900000000000113,0.0900000000001759,0.0899999999999982,0.0899999999999994,0.090000000001844,0.0900000000003654,0.0900000000000646,0.0900000000033035,0.090000000000415,0.0900000000000025
8.6,0.0900000000000106,0.0900000000001646,0.0899999999999985,0.0899999999999994,0.090000000001741,0.0900000000003445,0.0900000000000611,0.0900000000031217,0.0900000000003907,0.0900000000000023
8.61,0.0900000000000099,0.0900000000001543,0.0899999999999988,0.0899999999999994,0.0900000000016536,0.0900000000003235,0.0900000000000575,0.0900000000029399,0.0900000000003665,0.0900000000000021
8.62,0.0900000000000092,0.090000000000146,0.089999999999999,0.0899999999999995,0.0900000000015661,0.0900000000003026,0.0900000000000539,0.0900000000027922,0.090000000000344,0.0900000000000019
8.63,0.0900000000000085,0.0900000000001376,0.0899999999999992,0.0899999999999995,0.0900000000014786,0.0900000000002864,0.0900000000000503,0.0900000000026537,0.090000000000326,0.0900000000000018
8.64,0.090000000000008,0.0900000000001293,0.0899999999999994,0.0899999999999995,0.0900000000013912,0.0900000000002709,0.0900000000000472,0.0900000000025152,0.090000000000308,0.0900000000000016
8.65,0.0900000000000075,0.090000000000121,0.0899999999999996,0.0899999999999996,0.0900000000013135,0.0900000000002554,0.0900000000000446,0.0900000000023767,0.09000000000029,0.0900000000000015
8.66,0.090000000000007,0.0900000000001134,0.0899999999999998,0.0899999999999996,0.0900000000012475,0.0900000000002398,0.090000000000042,0.0900000000022382,0.090000000000272,0.0900000000000014
8.67,0.0900000000000065,0.0900000000001073,0.0899999999999999,0.0899999999999996,0.0900000000011816,0.0900000000002243,0.0900000000000394,0.0900000000021258,0.0900000000002553,0.0900000000000012
8.68,0.090000000000006,0.0900000000001012,0.09,0.0899999999999996,0.0900000000011156,0.0900000000002123,0.0900000000000367,0.0900000000020204,0.090000000000242,0.0900000000000011
8.69,0.0900000000000057,0.090000000000095,0.0900000000000001,0.0899999999999997,0.0900000000010496,0.0900000000002008,0.0900000000000345,0.090000000001915,0.0900000000002286,0.090000000000001
8.7,0.0900000000000053,0.0900000000000889,0.0900000000000002,0.0899999999999997,0.090000000000991,0.0900000000001893,0.0900000000000325,0.0900000000018096,0.0900000000002153,0.090000000000001
8.71,0.090000000000005,0.0900000000000834,0.0900000000000003,0.0899999999999997,0.0900000000009412,0.0900000000001778,0.0900000000000306,0.0900000000017042,0.0900000000002019,0.0900000000000009
8.72,0.0900000000000046,0.0900000000000789,0.0900000000000003,0.0899999999999997,0.0900000000008915,0.0900000000001663,0.0900000000000287,0.0900000000016186,0.0900000000001895,0.0900000000000008
8.73,0.0900000000000043,0.0900000000000744,0.0900000000000004,0.0899999999999997,0.0900000000008416,0.0900000000001574,0.0900000000000268,0.0900000000015383,0.0900000000001796,0.0900000000000007
8.74,0.090000000000004,0.0900000000000698,0.0900000000000004,0.0899999999999997,0.0900000000007918,0.0900000000001489,0.0900000000000251,0.090000000001458,0.0900000000001697,0.0900000000000007
8.75,0.0900000000000038,0.0900000000000653,0.0900000000000004,0.0899999999999998,0.0900000000007476,0.0900000000001403,0.0900000000000238,0.0900000000013778,0.0900000000001598,0.0900000000000006
8.76,0.0900000000000035,0.0900000000000613,0.0900000000000005,0.0899999999999998,0.0900000000007101,0.0900000000001318,0.0900000000000224,0.0900000000012975,0.0900000000001499,0.0900000000000006
8.77,0.0900000000000033,0.090000000000058,0.0900000000000005,0.0899999999999998,0.0900000000006725,0.0900000000001233,0.090000000000021,0.0900000000012323,0.0900000000001407,0.0900000000000005
8.78,0.090000000000003,0.0900000000000546,0.0900000000000005,0.0899999999999998,0.0900000000006349,0.0900000000001167,0.0900000000000196,0.0900000000011712,0.0900000000001333,0.0900000000000004
8.79,0.0900000000000029,0.0900000000000513,0.0900000000000005,0.0899999999999998,0.0900000000005974,0.0900000000001104,0.0900000000000184,0.09000000000111,0.090000000000126,0.0900000000000004
8.8,0.0900000000000027,0.090000000000048,0.0900000000000005,0.0899999999999998,0.090000000000564,0.090000000000104,0.0900000000000173,0.0900000000010489,0.0900000000001186,0.0900000000000004
8.81,0.0900000000000025,0.090000000000045,0.0900000000000005,0.0899999999999999,0.0900000000005356,0.0900000000000977,0.0900000000000163,0.0900000000009878,0.0900000000001113,0.0900000000000003
8.82,0.0900000000000023,0.0900000000000426,0.0900000000000005,0.0899999999999999,0.0900000000005073,0.0900000000000914,0.0900000000000153,0.0900000000009382,0.0900000000001044,0.0900000000000003
8.83,0.0900000000000021,0.0900000000000402,0.0900000000000005,0.0899999999999999,0.0900000000004789,0.0900000000000865,0.0900000000000143,0.0900000000008916,0.090000000000099,0.0900000000000003
8.84,0.090000000000002,0.0900000000000377,0.0900000000000005,0.0899999999999999,0.0900000000004506,0.0900000000000818,0.0900000000000134,0.0900000000008451,0.0900000000000935,0.0900000000000003
8.85,0.0900000000000019,0.0900000000000353,0.0900000000000005,0.0899999999999999,0.0900000000004254,0.0900000000000771,0.0900000000000127,0.0900000000007986,0.090000000000088,0.0900000000000002
8.86,0.0900000000000018,0.0900000000000331,0.0900000000000005,0.0899999999999999,0.0900000000004041,0.0900000000000724,0.0900000000000119,0.0900000000007521,0.0900000000000826,0.0900000000000002
8.87,0.0900000000000016,0.0900000000000313,0.0900000000000005,0.0899999999999999,0.0900000000003827,0.0900000000000677,0.0900000000000112,0.0900000000007143,0.0900000000000775,0.0900000000000002
8.88,0.0900000000000015,0.0900000000000295,0.0900000000000005,0.0899999999999999,0.0900000000003613,0.0900000000000641,0.0900000000000104,0.0900000000006789,0.0900000000000735,0.0900000000000002
8.89,0.0900000000000014,0.0900000000000277,0.0900000000000005,0.0899999999999999,0.0900000000003399,0.0900000000000606,0.0900000000000098,0.0900000000006435,0.0900000000000694,0.0900000000000001
8.9,0.0900000000000014,0.0900000000000259,0.0900000000000004,0.0899999999999999,0.0900000000003209,0.0900000000000572,0.0900000000000092,0.0900000000006081,0.0900000000000654,0.0900000000000001
8.91,0.0900000000000013,0.0900000000000243,0.0900000000000004,0.0899999999999999,0.0900000000003048,0.0900000000000537,0.0900000000000087,0.0900000000005727,0.0900000000000613,0.0900000000000001
8.92,0.0900000000000012,0.090000000000023,0.0900000000000004,0.0899999999999999,0.0900000000002887,0.0900000000000502,0.0900000000000081,0.0900000000005439,0.0900000000000575,0.0900000000000001
8.93,0.0900000000000011,0.0900000000000217,0.0900000000000004,0.0899999999999999,0.0900000000002726,0.0900000000000475,0.0900000000000076,0.0900000000005169,0.0900000000000545,0.0900000000000001
8.94,0.090000000000001,0.0900000000000204,0.0900000000000004,0.0899999999999999,0.0900000000002564,0.090000000000045,0.0900000000000071,0.09000000000049,0.0900000000000515,0.0900000000000001
8.95,0.090000000000001,0.0900000000000191,0.0900000000000004,0.0899999999999999,0.0900000000002421,0.0900000000000424,0.0900000000000067,0.090000000000463,0.0900000000000485,0.0900000000000001
8.96,0.0900000000000009,0.0900000000000179,0.0900000000000004,0.0899999999999999,0.0900000000002299,0.0900000000000398,0.0900000000000063,0.090000000000436,0.0900000000000455,0.0900000000000001
8.97,0.0900000000000008,0.0900000000000169,0.0900000000000004,0.0899999999999999,0.0900000000002178,0.0900000000000372,0.0900000000000059,0.0900000000004141,0.0900000000000427,0.0900000000000001
8.98,0.0900000000000008,0.0900000000000159,0.0900000000000003,0.0899999999999999,0.0900000000002056,0.0900000000000352,0.0900000000000055,0.0900000000003936,0.0900000000000405,0.0900000000000001
8.99,0.0900000000000007,0.090000000000015,0.0900000000000003,0.09,0.0900000000001935,0.0900000000000333,0.0900000000000052,0.090000000000373,0.0900000000000382,0.0900000000000001
9,0.0900000000000007,0.090000000000014,0.0900000000000003,0.09,0.0900000000001826,0.0900000000000314,0.0900000000000049,0.0900000000003525,0.090000000000036,0.0900000000000001
9.01,0.0900000000000006,0.0900000000000131,0.0900000000000003,0.09,0.0900000000001735,0.0900000000000295,0.0900000000000046,0.090000000000332,0.0900000000000338,0.09
9.02,0.0900000000000006,0.0900000000000124,0.0900000000000003,0.09,0.0900000000001643,0.0900000000000276,0.0900000000000043,0.0900000000003153,0.0900000000000317,0.09
9.03,0.0900000000000005,0.0900000000000117,0.0900000000000003,0.09,0.0900000000001551,0.0900000000000261,0.090000000000004,0.0900000000002996,0.09000000000003,0.09
9.04,0.0900000000000005,0.090000000000011,0.0900000000000002,0.09,0.0900000000001459,0.0900000000000247,0.0900000000000038,0.090000000000284,0.0900000000000284,0.09
9.05,0.0900000000000005,0.0900000000000103,0.0900000000000002,0.09,0.0900000000001378,0.0900000000000233,0.0900000000000036,0.0900000000002684,0.0900000000000267,0.09
9.06,0.0900000000000004,0.0900000000000096,0.0900000000000002,0.09,0.0900000000001309,0.0900000000000219,0.0900000000000034,0.0900000000002527,0.0900000000000251,0.09
9.07,0.0900000000000004,0.0900000000000091,0.0900000000000002,0.09,0.090000000000124,0.0900000000000205,0.0900000000000032,0.09000000000024,0.0900000000000235,0.09
9.08,0.0900000000000004,0.0900000000000086,0.0900000000000002,0.09,0.090000000000117,0.0900000000000194,0.090000000000003,0.0900000000002281,0.0900000000000223,0.09
9.09,0.0900000000000004,0.0900000000000081,0.0900000000000002,0.09,0.0900000000001101,0.0900000000000183,0.0900000000000028,0.0900000000002162,0.0900000000000211,0.09
9.1,0.0900000000000003,0.0900000000000076,0.0900000000000002,0.09,0.090000000000104,0.0900000000000173,0.0900000000000026,0.0900000000002043,0.0900000000000198,0.09
9.11,0.0900000000000003,0.0900000000000071,0.0900000000000002,0.09,0.0900000000000987,0.0900000000000162,0.0900000000000025,0.0900000000001924,0.0900000000000186,0.09
9.12,0.0900000000000003,0.0900000000000067,0.0900000000000002,0.09,0.0900000000000935,0.0900000000000152,0.0900000000000023,0.0900000000001828,0.0900000000000175,0.09
9.13,0.0900000000000003,0.0900000000000063,0.0900000000000001,0.09,0.0900000000000883,0.0900000000000143,0.0900000000000022,0.0900000000001737,0.0900000000000166,0.09
9.14,0.0900000000000002,0.0900000000000059,0.0900000000000001,0.09,0.0900000000000831,0.0900000000000136,0.090000000000002,0.0900000000001646,0.0900000000000156,0.09
9.15,0.0900000000000002,0.0900000000000055,0.0900000000000001,0.09,0.0900000000000784,0.0900000000000128,0.0900000000000019,0.0900000000001556,0.0900000000000147,0.09
9.16,0.0900000000000002,0.0900000000000052,0.0900000000000001,0.09,0.0900000000000745,0.090000000000012,0.0900000000000018,0.0900000000001465,0.0900000000000138,0.09
9.17,0.0900000000000002,0.0900000000000049,0.0900000000000001,0.09,0.0900000000000706,0.0900000000000112,0.0900000000000017,0.0900000000001392,0.090000000000013,0.09
9.18,0.0900000000000002,0.0900000000000046,0.0900000000000001,0.09,0.0900000000000666,0.0900000000000106,0.0900000000000016,0.0900000000001323,0.0900000000000123,0.09
9.19,0.0900000000000002,0.0900000000000044,0.0900000000000001,0.09,0.0900000000000627,0.0900000000000101,0.0900000000000015,0.0900000000001254,0.0900000000000116,0.09
9.2,0.0900000000000002,0.0900000000000041,0.0900000000000001,0.09,0.0900000000000592,0.0900000000000095,0.0900000000000014,0.0900000000001185,0.0900000000000109,0.09
9.21,0.0900000000000001,0.0900000000000038,0.0900000000000001,0.09,0.0900000000000562,0.0900000000000089,0.0900000000000013,0.0900000000001115,0.0900000000000103,0.09
9.22,0.0900000000000001,0.0900000000000036,0.0900000000000001,0.09,0.0900000000000532,0.0900000000000083,0.0900000000000012,0.090000000000106,0.0900000000000096,0.09
9.23,0.0900000000000001,0.0900000000000034,0.0900000000000001,0.09,0.0900000000000503,0.0900000000000079,0.0900000000000011,0.0900000000001007,0.0900000000000091,0.09
9.24,0.0900000000000001,0.0900000000000032,0.0900000000000001,0.09,0.0900000000000473,0.0900000000000074,0.0900000000000011,0.0900000000000954,0.0900000000000086,0.09
9.25,0.0900000000000001,0.090000000000003,0.0900000000000001,0.09,0.0900000000000446,0.090000000000007,0.090000000000001,0.0900000000000902,0.0900000000000081,0.09
9.26,0.0900000000000001,0.0900000000000028,0.0900000000000001,0.09,0.0900000000000424,0.0900000000000066,0.090000000000001,0.0900000000000849,0.0900000000000076,0.09
9.27,0.0900000000000001,0.0900000000000027,0.0900000000000001,0.09,0.0900000000000402,0.0900000000000062,0.0900000000000009,0.0900000000000807,0.0900000000000071,0.09
9.28,0.0900000000000001,0.0900000000000025,0.0900000000000001,0.09,0.0900000000000379,0.0900000000000058,0.0900000000000008,0.0900000000000767,0.0900000000000068,0.09
9.29,0.0900000000000001,0.0900000000000024,0.09,0.09,0.0900000000000357,0.0900000000000055,0.0900000000000008,0.0900000000000727,0.0900000000000064,0.09
9.3,0.0900000000000001,0.0900000000000022,0.09,0.09,0.0900000000000337,0.0900000000000052,0.0900000000000007,0.0900000000000687,0.090000000000006,0.09
9.31,0.0900000000000001,0.0900000000000021,0.09,0.09,0.090000000000032,0.0900000000000049,0.0900000000000007,0.0900000000000647,0.0900000000000056,0.09
9.32,0.0900000000000001,0.090000000000002,0.09,0.09,0.0900000000000303,0.0900000000000046,0.0900000000000006,0.0900000000000614,0.0900000000000053,0.09
9.33,0.0900000000000001,0.0900000000000019,0.09,0.09,0.0900000000000286,0.0900000000000043,0.0900000000000006,0.0900000000000584,0.090000000000005,0.09
9.34,0.0900000000000001,0.0900000000000017,0.09,0.09,0.0900000000000269,0.0900000000000041,0.0900000000000006,0.0900000000000553,0.0900000000000047,0.09
9.35,0.0900000000000001,0.0900000000000016,0.09,0.09,0.0900000000000254,0.0900000000000039,0.0900000000000005,0.0900000000000523,0.0900000000000045,0.09
9.36,0.0900000000000001,0.0900000000000015,0.09,0.09,0.0900000000000241,0.0900000000000036,0.0900000000000005,0.0900000000000492,0.0900000000000042,0.09
9.37,0.0900000000000001,0.0900000000000014,0.09,0.09,0.0900000000000228,0.0900000000000034,0.0900000000000005,0.0900000000000468,0.0900000000000039,0.09
9.38,0.0900000000000001,0.0900000000000014,0.09,0.09,0.0900000000000216,0.0900000000000032,0.0900000000000004,0.0900000000000444,0.0900000000000037,0.09
9.39,0.0900000000000001,0.0900000000000013,0.09,0.09,0.0900000000000203,0.090000000000003,0.0900000000000004,0.0900000000000421,0.0900000000000035,0.09
9.4,0.0900000000000001,0.0900000000000012,0.09,0.09,0.0900000000000192,0.0900000000000029,0.0900000000000004,0.0900000000000398,0.0900000000000033,0.09
9.41,0.09,0.0900000000000011,0.09,0.09,0.0900000000000182,0.0900000000000027,0.0900000000000004,0.0900000000000375,0.0900000000000031,0.09
9.42,0.09,0.0900000000000011,0.09,0.09,0.0900000000000172,0.0900000000000025,0.0900000000000004,0.0900000000000356,0.0900000000000029,0.09
9.43,0.09,0.090000000000001,0.09,0.09,0.0900000000000163,0.0900000000000024,0.0900000000000003,0.0900000000000338,0.0900000000000027,0.09
9.44,0.09,0.0900000000000009,0.09,0.09,0.0900000000000153,0.0900000000000022,0.0900000000000003,0.0900000000000321,0.0900000000000026,0.09
9.45,0.09,0.0900000000000009,0.09,0.09,0.0900000000000145,0.0900000000000021,0.0900000000000003,0.0900000000000303,0.0900000000000025,0.09
9.46,0.09,0.0900000000000008,0.09,0.09,0.0900000000000137,0.090000000000002,0.0900000000000003,0.0900000000000285,0.0900000000000023,0.09
9.47,0.09,0.0900000000000008,0.09,0.09,0.090000000000013,0.0900000000000019,0.0900000000000003,0.0900000000000271,0.0900000000000022,0.09
9.48,0.09,0.0900000000000007,0.09,0.09,0.0900000000000123,0.0900000000000017,0.0900000000000002,0.0900000000000258,0.090000000000002,0.09
9.49,0.09,0.0900000000000007,0.09,0.09,0.0900000000000115,0.0900000000000017,0.0900000000000002,0.0900000000000244,0.0900000000000019,0.09
9.5,0.09,0.0900000000000006,0.09,0.09,0.0900000000000109,0.0900000000000016,0.0900000000000002,0.0900000000000231,0.0900000000000018,0.09
9.51,0.09,0.0900000000000006,0.09,0.09,0.0900000000000103,0.0900000000000015,0.0900000000000002,0.0900000000000217,0.0900000000000017,0.09
9.52,0.09,0.0900000000000006,0.09,0.09,0.0900000000000098,0.0900000000000014,0.0900000000000002,0.0900000000000206,0.0900000000000016,0.09
9.53,0.09,0.0900000000000005,0.09,0.09,0.0900000000000093,0.0900000000000013,0.0900000000000002,0.0900000000000196,0.0900000000000015,0.09
9.54,0.09,0.0900000000000005,0.09,0.09,0.0900000000000087,0.0900000000000012,0.0900000000000001,0.0900000000000186,0.0900000000000014,0.09
9.55,0.09,0.0900000000000005,0.09,0.09,0.0900000000000082,0.0900000000000012,0.0900000000000001,0.0900000000000176,0.0900000000000013,0.09
9.56,0.09,0.0900000000000005,0.09,0.09,0.0900000000000078,0.0900000000000011,0.0900000000000001,0.0900000000000166,0.0900000000000013,0.09
9.57,0.09,0.0900000000000004,0.09,0.09,0.0900000000000074,0.090000000000001,0.0900000000000001,0.0900000000000157,0.0900000000000012,0.09
9.58,0.09,0.0900000000000004,0.09,0.09,0.090000000000007,0.090000000000001,0.0900000000000001,0.0900000000000149,0.0900000000000011,0.09
9.59,0.09,0.0900000000000004,0.09,0.09,0.0900000000000066,0.0900000000000009,0.0900000000000001,0.0900000000000142,0.0900000000000011,0.09
9.6,0.09,0.0900000000000003,0.09,0.09,0.0900000000000062,0.0900000000000009,0.0900000000000001,0.0900000000000134,0.090000000000001,0.09
9.61,0.09,0.0900000000000003,0.09,0.09,0.0900000000000059,0.0900000000000008,0.0900000000000001,0.0900000000000126,0.0900000000000009,0.09
9.62,0.09,0.0900000000000003,0.09,0.09,0.0900000000000056,0.0900000000000007,0.0900000000000001,0.090000000000012,0.0900000000000009,0.09
9.63,0.09,0.0900000000000003,0.09,0.09,0.0900000000000053,0.0900000000000007,0.0900000000000001,0.0900000000000114,0.0900000000000008,0.09
9.64,0.09,0.0900000000000003,0.09,0.09,0.090000000000005,0.0900000000000007,0.0900000000000001,0.0900000000000108,0.0900000000000008,0.09
9.65,0.09,0.0900000000000002,0.09,0.09,0.0900000000000047,0.0900000000000006,0.0900000000000001,0.0900000000000102,0.0900000000000008,0.09
9.66,0.09,0.0900000000000002,0.09,0.09,0.0900000000000044,0.0900000000000006,0.0900000000000001,0.0900000000000096,0.0900000000000007,0.09
9.67,0.09,0.0900000000000002,0.09,0.09,0.0900000000000042,0.0900000000000006,0.0900000000000001,0.0900000000000091,0.0900000000000007,0.09
9.68,0.09,0.0900000000000002,0.09,0.09,0.090000000000004,0.0900000000000005,0.0900000000000001,0.0900000000000087,0.0900000000000006,0.09
9.69,0.09,0.0900000000000002,0.09,0.09,0.0900000000000037,0.0900000000000005,0.0900000000000001,0.0900000000000082,0.0900000000000006,0.09
9.7,0.09,0.0900000000000002,0.09,0.09,0.0900000000000035,0.0900000000000005,0.0900000000000001,0.0900000000000078,0.0900000000000006,0.09
9.71,0.09,0.0900000000000002,0.09,0.09,0.0900000000000034,0.0900000000000004,0.0900000000000001,0.0900000000000073,0.0900000000000005,0.09
9.72,0.09,0.0900000000000002,0.09,0.09,0.0900000000000032,0.0900000000000004,0.0900000000000001,0.0900000000000069,0.0900000000000005,0.09
9.73,0.09,0.0900000000000001,0.09,0.09,0.090000000000003,0.0900000000000004,0.0900000000000001,0.0900000000000066,0.0900000000000005,0.09
9.74,0.09,0.0900000000000001,0.09,0.09,0.0900000000000028,0.0900000000000004,0.09,0.0900000000000062,0.0900000000000004,0.09
9.75,0.09,0.0900000000000001,0.09,0.09,0.0900000000000027,0.0900000000000004,0.0900000000000001,0.0900000000000059,0.0900000000000004,0.09
9.76,0.09,0.0900000000000001,0.09,0.09,0.0900000000000025,0.0900000000000003,0.0900000000000001,0.0900000000000055,0.0900000000000004,0.09
9.77,0.09,0.0900000000000001,0.09,0.09,0.0900000000000024,0.0900000000000003,0.09,0.0900000000000053,0.0900000000000004,0.09
9.78,0.09,0.0900000000000001,0.09,0.09,0.0900000000000023,0.0900000000000003,0.09,0.090000000000005,0.0900000000000003,0.09
9.79,0.09,0.0900000000000001,0.09,0.09,0.0900000000000021,0.0900000000000003,0.09,0.0900000000000047,0.0900000000000003,0.09
9.8,0.09,0.0900000000000001,0.09,0.09,0.090000000000002,0.0900000000000002,0.0900000000000001,0.0900000000000045,0.0900000000000003,0.09
9.81,0.09,0.0900000000000001,0.09,0.09,0.0900000000000019,0.0900000000000002,0.09,0.0900000000000042,0.0900000000000003,0.09
9.82,0.09,0.0900000000000001,0.09,0.09,0.0900000000000018,0.0900000000000002,0.09,0.090000000000004,0.0900000000000003,0.09
9.83,0.09,0.0900000000000001,0.09,0.09,0.0900000000000017,0.0900000000000002,0.09,0.0900000000000038,0.0900000000000002,0.09
9.84,0.09,0.0900000000000001,0.09,0.09,0.0900000000000016,0.0900000000000002,0.09,0.0900000000000036,0.0900000000000002,0.09
9.85,0.09,0.0900000000000001,0.09,0.09,0.0900000000000015,0.0900000000000002,0.09,0.0900000000000034,0.0900000000000002,0.09
9.86,0.09,0.0900000000000001,0.09,0.09,0.0900000000000014,0.0900000000000002,0.09,0.0900000000000032,0.0900000000000002,0.09
9.87,0.09,0.0900000000000001,0.09,0.09,0.0900000000000014,0.0900000000000002,0.09,0.090000000000003,0.0900000000000002,0.09
9.88,0.09,0.0900000000000001,0.09,0.09,0.0900000000000013,0.0900000000000001,0.09,0.0900000000000029,0.0900000000000002,0.09
9.89,0.09,0.0900000000000001,0.09,0.09,0.0900000000000012,0.0900000000000001,0.09,0.0900000000000028,0.0900000000000002,0.09
9.9,0.09,0.0900000000000001,0.09,0.09,0.0900000000000011,0.0900000000000001,0.09,0.0900000000000026,0.0900000000000002,0.09
9.91,0.09,0.0900000000000001,0.09,0.09,0.0900000000000011,0.0900000000000001,0.09,0.0900000000000025,0.0900000000000002,0.09
9.92,0.09,0.0900000000000001,0.09,0.09,0.090000000000001,0.0900000000000001,0.09,0.0900000000000023,0.0900000000000001,0.09
9.93,0.09,0.09,0.09,0.09,0.090000000000001,0.0900000000000001,0.09,0.0900000000000022,0.0900000000000001,0.09
9.94,0.09,0.0900000000000001,0.09,0.09,0.0900000000000009,0.0900000000000001,0.09,0.0900000000000021,0.0900000000000001,0.09
9.95,0.09,0.09,0.09,0.09,0.0900000000000009,0.0900000000000001,0.09,0.090000000000002,0.0900000000000001,0.09
9.96,0.09,0.09,0.09,0.09,0.0900000000000008,0.0900000000000001,0.09,0.0900000000000019,0.0900000000000001,0.09
9.97,0.09,0.09,0.09,0.09,0.0900000000000008,0.0900000000000001,0.09,0.0900000000000018,0.0900000000000001,0.09
9.98,0.09,0.09,0.09,0.09,0.0900000000000007,0.0900000000000001,0.09,0.0900000000000017,0.0900000000000001,0.09
9.99,0.09,0.09,0.09,0.09,0.0900000000000007,0.0900000000000001,0.09,0.0900000000000016,0.0900000000000001,0.09
10,0.09,0.09,0.09,0.09,0.0900000000000006,0.0900000000000001,0.09,0.0900000000000015,0.0900000000000001,0.09
