Tempo,Sim_1,Sim_2,Sim_3,Sim_4,Sim_5,Sim_6,Sim_7,Sim_8,Sim_9,Sim_10
0,0,0,0,0,0,0,0,0,0,0
0.002,0.190721376906106,0.189223360753767,0.190657469034426,0.185253404033322,0.18802294565313,0.188294020888607,0.191908942865505,0.183222385321422,0.18921802575037,0.189084289033208
0.004,0.216368456437687,0.212271187199573,0.216156472274055,0.201159165642304,0.20890355798427,0.209641580775368,0.219558628925635,0.195207373595784,0.212210890006588,0.211765596084338
0.006,0.219221731362517,0.213616614926992,0.219895301934054,0.195747462692968,0.20804978159279,0.209037280039976,0.224868525790761,0.187719182271173,0.213636769374999,0.212231194402789
0.008,0.220449268109521,0.213676432987523,0.222378687113346,0.189418208264846,0.205945059281091,0.207108501501259,0.228729731599983,0.180239423000994,0.213874563092343,0.211329898244767
0.01,0.222099199370787,0.214239361436485,0.225398850948758,0.183730306107178,0.204364197229352,0.205690411106669,0.233086190382194,0.173517425499657,0.214660999889622,0.210964356148391
0.012,0.224522548728875,0.216479853371863,0.230119000554456,0.180506708096916,0.204483888581786,0.205852446559724,0.238603235135563,0.171303717155624,0.217341417437147,0.212034231214834
0.014,0.228369767394873,0.219687547485701,0.235690535227315,0.178299201931104,0.205616606323574,0.207153808224612,0.245145991427218,0.169090008811592,0.220932262416272,0.214386370433531
0.016,0.23221698606087,0.222895241599539,0.241262069900175,0.176091695765292,0.206749324065363,0.2084551698895,0.251688747718873,0.168048084417034,0.224523107395397,0.216738509652227
0.018,0.236064204726868,0.227655138022232,0.249165021210003,0.17620115946615,0.209836765995127,0.210760312913771,0.259704671359806,0.170340487587924,0.229983635213906,0.219269472734275
0.02,0.241526836528173,0.233942451938929,0.257930384532202,0.177834349720516,0.214071445669315,0.215214654148048,0.268945930523863,0.172632890758815,0.236853744250319,0.224761232304838
0.022,0.247999546213426,0.240229765855626,0.2666957478544,0.179467539974883,0.218306125343503,0.219668995382325,0.278187189687921,0.178237891352339,0.243723853286731,0.230252991875401
0.024,0.254472255898679,0.246606440599299,0.275861660630589,0.182265858596187,0.22342299150051,0.224123336616601,0.287428448851978,0.184579810479945,0.250932882900593,0.235744751445964
0.026,0.260944965583932,0.255870225605435,0.288200468124441,0.187270566479218,0.230619320642696,0.230751627809895,0.29960024209989,0.19092172960755,0.261016654340709,0.242291769202447
0.028,0.268723549580105,0.265134010611571,0.300539275618294,0.192275274362249,0.237815649784882,0.238183604042435,0.31193102045906,0.201054965330723,0.271100425780825,0.250753462747874
0.03,0.277720681450229,0.274397795617707,0.312878083112146,0.197298942823403,0.245011978927068,0.245615580274976,0.324261798818229,0.211708671605964,0.281184197220941,0.2592151562933
0.032,0.286717813320352,0.284315822901069,0.325216890605999,0.205516692152365,0.254018110268614,0.253047556507516,0.336592577177399,0.222362377881204,0.292174017849899,0.267676849838726
0.034,0.295714945190476,0.296434397935215,0.340305882654229,0.213734441481327,0.264062597779094,0.2627785433205,0.350111290359604,0.235534874839645,0.305367593777147,0.276953963432244
0.036,0.3047120770606,0.30855297296936,0.356302293705557,0.221952190810289,0.274107085289574,0.273053925353373,0.365766043272624,0.250391635939922,0.318561169704395,0.288381407542532
0.038,0.316018263003093,0.320671548003505,0.372298704756886,0.230885070919021,0.284151572800054,0.283329307386245,0.381420796185645,0.265248397040198,0.331754745631643,0.299808851652821
0.04,0.327430976888375,0.333056935390248,0.388295115808214,0.242333820610563,0.295964450748194,0.293604689419118,0.397075549098666,0.281673835829262,0.345307310291488,0.31123629576311
0.042,0.338843690773657,0.347744042955785,0.404305284166444,0.253782570302105,0.308691952089038,0.305399640631579,0.412730302011686,0.299787298967782,0.361244244718175,0.322663739873399
0.044,0.35025640465894,0.362431150521323,0.423012231435948,0.265231319993648,0.321419453429882,0.318335896380035,0.428966907206187,0.317900762106303,0.377181179144861,0.335871683530926
0.046,0.361669118544222,0.37711825808686,0.441719178705452,0.277028338402888,0.334146954770726,0.331272152128491,0.447285236446926,0.337494412141978,0.393118113571548,0.350214786480479
0.048,0.375159846131953,0.391805365652397,0.460426125974956,0.291530849628888,0.347705861576163,0.344208407876948,0.465603565687664,0.357683585146904,0.409055047998235,0.364557889430032
0.05,0.388769158872373,0.407688612821069,0.47913307324446,0.306033360854889,0.362725416794722,0.357166925587697,0.483921894928402,0.377872758151829,0.42609387266446,0.378900992379584
0.052,0.402378471612792,0.424314174125809,0.498997796544102,0.320535872080889,0.377744972013281,0.372349780611127,0.50224022416914,0.399031539632762,0.443930480779796,0.393244095329137
0.054,0.415987784353211,0.440939735430549,0.51912945959474,0.335038383306889,0.392764527231839,0.387532635634558,0.521229191638739,0.42027149713041,0.461767088895133,0.408546702455535
0.056,0.42959709709363,0.457565296735289,0.539261122645379,0.351196046988037,0.407784082450398,0.402715490657989,0.541063266726543,0.441511454628059,0.479603697010469,0.425248224968643
0.058,0.444104007148054,0.474190858040029,0.559392785696017,0.368037467289464,0.423891175448229,0.41789834568142,0.560897341814347,0.462675396180333,0.497440305125806,0.441949747481751
0.06,0.459453973372707,0.491481636139321,0.579524448746655,0.384878887590892,0.44047888798084,0.433177614736636,0.58073141690215,0.483809542486472,0.515816331369656,0.458651269994859
0.062,0.47480393959736,0.509112032063181,0.600102566028059,0.401720307892319,0.457066600513451,0.449860969678425,0.600565491989954,0.504943688792611,0.534461991284057,0.475352792507967
0.064,0.490153905822013,0.526742427987041,0.620692487634619,0.419233653636277,0.473654313046063,0.466544324620214,0.620506677818941,0.52607783509875,0.553107651198458,0.492235580056853
0.066,0.505503872046666,0.5443728239109,0.64128240924118,0.437384670660649,0.490242025578674,0.483227679562003,0.640896159491909,0.547211981404889,0.571753311112858,0.510323120476614
0.068,0.520853838271318,0.56200321983476,0.66187233084774,0.455535687685021,0.507150255954028,0.499911034503792,0.661285641164876,0.567644397612048,0.590398971027259,0.528410660896375
0.07,0.53680072224788,0.579633393661982,0.6824622524543,0.473686704709393,0.524353990797012,0.516594389445581,0.681675122837844,0.587613887029888,0.60904463094166,0.546498201316136
0.072,0.553189337569548,0.597243737284177,0.70305217406086,0.491837721733764,0.541557725639996,0.533594420516043,0.702064604510811,0.607583376447729,0.627489633299002,0.564585741735898
0.074,0.569577952891217,0.614854080906373,0.723408558017647,0.510249761705359,0.55876146048298,0.550817683011296,0.722454086183779,0.62755286586557,0.64589212803858,0.582673282155659
0.076,0.585966568212886,0.632464424528568,0.743629030967319,0.528723029810035,0.575965195325965,0.56804094550655,0.742843567856746,0.64752235528341,0.664294622778159,0.600858384068674
0.078,0.602355183534554,0.650074768150764,0.76384950391699,0.547196297914711,0.593168930168949,0.585264208001803,0.7631727811159,0.667108025857168,0.682697117517738,0.619328452771864
0.08,0.618743798856223,0.667685111772959,0.784069976866661,0.565669566019387,0.610149316352378,0.602487470497057,0.783185351758746,0.685857603258765,0.701099612257317,0.637798521475054
0.082,0.635132414177892,0.685295455395155,0.804290449816332,0.584142834124063,0.626966710004085,0.61971073299231,0.803197922401593,0.704607180660362,0.719502106996895,0.656268590178245
0.084,0.651690109289644,0.70269122099449,0.824510922766004,0.60261610222874,0.643784103655791,0.636802629841899,0.823210493044439,0.723356758061959,0.737904601736474,0.674738658881435
0.086,0.668261733305886,0.719180920071584,0.844731395715675,0.620533577678014,0.660601497307497,0.653561072591064,0.843223063687286,0.742106335463556,0.755544038389031,0.693208727584625
0.088,0.684833357322127,0.735670619148677,0.864590815877104,0.638322540835971,0.677418890959204,0.670319515340229,0.863235634330132,0.760855912865153,0.772726086309536,0.711678796287815
0.09,0.701404981338369,0.752160318225771,0.88383177758572,0.656111503993928,0.69423628461091,0.687077958089395,0.883248204972979,0.778853603429954,0.789908134230041,0.730121553047236
0.092,0.717976605354611,0.768650017302865,0.903072739294337,0.673900467151885,0.711053678262616,0.70383640083856,0.903260775615825,0.79612626765271,0.807090182150547,0.74799894494131
0.094,0.734548229370853,0.785139716379958,0.922313701002953,0.691689430309842,0.727407896967637,0.720594843587725,0.923103575096542,0.813398931875466,0.824272230071052,0.765876336835384
0.096,0.751119853387095,0.801629415457052,0.94155466271157,0.7094783934678,0.742762208386863,0.737353286336891,0.941939880374554,0.830671596098222,0.841454277991557,0.783753728729458
0.098,0.767543674950058,0.818119114534146,0.960795624420186,0.727267356625757,0.758116519806089,0.754111729086056,0.960776185652566,0.847944260320978,0.858636325912062,0.801631120623532
0.1,0.783294383193057,0.834608813611239,0.980036586128803,0.744469098834255,0.773470831225315,0.770042750279901,0.979612490930578,0.865216924543735,0.875818373832567,0.819508512517606
0.102,0.799045091436055,0.849564311653223,0.999277547837419,0.760821356026354,0.788825142644541,0.785274761243697,0.99844879620859,0.882489588766491,0.892375275219056,0.837385904411679
0.104,0.814795799679054,0.863776278228202,1.01851850954604,0.777173613218454,0.804179454063767,0.800506772207493,1.0172851014866,0.899762252989247,0.907299680086117,0.855263296305753
0.106,0.830546507922052,0.87798824480318,1.03737621747435,0.793525870410554,0.819533765482993,0.815738783171289,1.03612140676461,0.915292814296012,0.922224084953178,0.873140688199827
0.108,0.846297216165051,0.892200211378159,1.05575316044538,0.809878127602654,0.834888076902218,0.830970794135086,1.05495771204263,0.930490736293377,0.937148489820239,0.89061602676196
0.11,0.862047924408049,0.906412177953138,1.07389605355215,0.826230384794754,0.850242388321444,0.846202805098882,1.07379401732064,0.945688658290742,0.9520728946873,0.906982962184204
0.112,0.877798632651048,0.920624144528116,1.09182785832733,0.842582641986853,0.864319959110064,0.861434816062678,1.09263032259865,0.960886580288108,0.966997299554362,0.923349897606448
0.114,0.893549340894046,0.934836111103095,1.10954870740666,0.858934899178953,0.877161286943711,0.876666827026474,1.11117693312888,0.976084502285473,0.981921704421423,0.939716833028693
0.116,0.909300049137045,0.949048077678074,1.12705622606981,0.875287156371053,0.890002614777357,0.891898837990271,1.1289268484105,0.991282424282839,0.996846109288484,0.956083768450937
0.118,0.924038798058536,0.963260044253052,1.1443359923419,0.889627363420184,0.902843942611004,0.906280529746597,1.33519176705093,1.0064803462802,1.01177051415554,0.972450703873182
0.12,0.93789482962613,0.975368000704636,1.34207897000946,0.903854972508861,0.915685270444651,0.918982487848653,1.82209893873253,1.02167826827757,1.02652541941003,0.988817639295426
0.122,0.951750861193724,0.986364398016177,1.66704921275297,0.918082581597538,0.928526598278298,0.931684445950709,1.61372969822153,1.03687619027494,1.03825453074097,1.00518457471767
0.124,0.965606892761317,0.997360795327718,1.6029988056272,0.932310190686216,0.941367926111944,0.944386404052765,1.72236403036581,1.05124889445107,1.0499836420719,1.02155151013991
0.126,0.979462924328911,1.00835719263926,1.60186698661514,0.946537799774893,0.954209253945591,0.957088362154821,1.69701945710928,1.06482982264291,1.06171275340284,1.03791844556216
0.128,0.993318955896505,1.0193535899508,1.63952243366896,0.96076540886357,0.967050581779238,0.969790320256877,1.72501347117557,1.07822473311823,1.07344186473377,1.05427692060765
0.13,1.0071749874641,1.03034998726234,1.64653888347389,0.974993017952247,0.978727543670566,0.982492278358933,1.73352708298106,1.09130322332929,1.08517097606471,1.06943203717231
0.132,1.02103101903169,1.04134638457388,1.66645454837566,0.989220627040924,0.988282169528903,0.995194236460989,1.74896763256556,1.10412312484795,1.09690008739564,1.08436762643365
0.134,1.03488705059929,1.05234278188542,1.68115920885567,1.0034482361296,0.997836795387239,1.00789619456305,1.7617699190874,1.11665446020325,1.10862919872658,1.09906590648433
0.136,1.04874308216688,1.06333917919696,1.69647282890951,1.01647858402834,1.00739142124558,1.0205981526651,1.77417654656901,1.62291460329807,1.12035831005751,1.11353048418034
0.138,1.06159231939938,1.0743355765085,1.71083434626922,1.02793804332873,1.01694604710391,1.03094736546759,1.78596579979714,1.43481366632427,1.13208742138845,1.12769907888388
0.14,1.07264786057562,1.08170096326904,1.72397091971796,1.03939750262911,1.02650067296225,1.04039018705824,1.79685016828018,1.54873930908139,1.14359815138649,1.14173207121095
0.142,1.08370340175187,1.08903882511614,1.73656298130682,1.05085696192949,1.03605529882058,1.04983300864889,1.80693857402121,1.52928377673902,1.1532412166073,1.1553725055783
0.144,1.09475894292811,1.09637668696324,1.74802506785227,1.06231642122988,1.04560992467892,1.05927583023953,1.81611384369863,1.53718553653467,1.16253356476211,1.16876841855064
0.146,1.10581448410435,1.10371454881034,1.758710850887,1.07377588053026,1.05516455053726,1.06871865183018,1.82434614489187,1.54915241748856,1.17154946564104,1.18196622481242
0.148,1.1168700252806,1.11105241065744,1.76836341802378,1.08523533983065,1.06471917639559,1.07816147342083,1.83168166612266,1.55193471751744,1.1801661503456,1.71315675780928
0.15,1.12792556645684,1.11839027250454,1.77722597154124,1.09669479913103,1.07247985297546,1.08760429501148,1.83816618091757,1.55930905804917,1.18844132797299,1.54191015625082
0.152,1.13898110763309,1.12572813435164,1.78508557826659,1.10815425843142,1.07843799285149,1.09704711660213,1.84363314259132,1.56330849961289,1.20760480070578,1.63915893163474
0.154,1.15003664880933,1.13306599619874,1.79209756196575,1.1196137177318,1.08439613272752,1.10648993819277,1.84822203467514,1.56799396569732,1.47966506239981,1.60207434699117
0.156,1.16109218998557,1.14040385804584,1.79826061529513,1.13090196331109,1.09035427260355,1.11593275978342,1.85194877760847,1.5709095224998,1.45049411714472,1.62189833967312
0.158,1.17214773116182,1.14774171989293,1.80360892605516,1.14053036274298,1.09631241247959,1.12467818283274,1.85481732643095,1.57341854029669,1.43762659028449,1.61850313804096
0.16,1.18107374951103,1.15334882448016,1.80814786074575,1.14996809076392,1.10227055235562,1.1320577340621,1.85684629528111,1.57470910410429,1.45752068114518,1.62510776775531
0.162,1.18867035830231,1.15837532420533,1.8119040026289,1.15915702913448,1.10822869223165,1.13903089817592,1.85805345485063,1.57550346590084,1.45512886063514,1.62713954762621
0.164,1.19626696709359,1.16310994780419,1.81489446725909,1.16806330146624,1.11418683210768,1.14507517028064,1.85846034634988,1.57530021186301,1.46194388322903,1.63071287255793
0.166,1.20386357588487,1.16749559298413,1.81714973136125,1.62999150615446,1.12014497198371,1.15076311809802,1.85810459007387,1.57450490118806,1.46356534901453,1.6324825766602
0.168,1.21146018467615,1.17155277812823,1.81869106711258,1.44116387687271,1.12610311185974,1.15645106591541,1.85701693925601,1.57294380127377,1.46639441047554,1.63433971728065
0.17,1.21905679346743,1.17550194300828,1.81956743182636,1.51012178825766,1.13144553249485,1.1621390137328,1.8552280142684,1.57075317407988,1.46721006293859,1.63517835634537
0.172,1.2266534022587,1.41325057710055,1.81980756040075,1.49261756520975,1.1353895757352,1.16782696155019,1.85277910372271,1.56782832808605,1.46820018617923,1.63561955175808
0.174,1.23425001104998,1.37631283427444,1.81943927055753,1.49572849714724,1.13898024480355,1.17351490936758,1.84958665728338,1.5643437953895,1.46774125843389,1.63520958248267
0.176,1.24184661984126,1.36142433345803,1.81850447731678,1.49579601227512,1.14158587277456,1.1789978590845,1.84572658780128,1.56035865450356,1.46691764734348,1.63426911097494
0.178,1.24944322863254,1.37704728311283,1.81689570259686,1.49479459867968,1.14409202670462,1.48129138291648,1.84131389791601,1.55593912560554,1.46520852618583,1.63267467035907
0.18,1.25703983742382,1.37154015879301,1.8147373461281,1.49368585415649,1.14659818063468,1.3602123511883,1.83639922359114,1.55083287088925,1.46290724375271,1.63048237331103
0.182,1.2646364462151,1.37351134228492,1.81211027690509,1.49190904992425,1.14910433456474,1.41534840942251,1.83082354305859,1.54539180505454,1.45987541817364,1.62768571929219
0.184,1.28274221643032,1.3711286069101,1.80905862789265,1.48950212717153,1.1516104884948,1.39823082913913,1.82469740297523,1.53960713767574,1.45616491625339,1.62430218099133
0.186,1.52984268745467,1.36929160917417,1.8053689341067,1.4868094856319,1.15411664242486,1.39997486952333,1.81819523124007,1.53328216409996,1.45188463992792,1.62036268987032
0.188,1.45168722437133,1.36633014529145,1.80127123041798,1.48334300709096,1.18177179334879,1.39773069511651,1.8111203109436,1.52679325787703,1.44711471634073,1.61589139902375
0.19,1.47272705797863,1.36250870193994,1.79686385960534,1.47944905736373,1.34639730956549,1.39529175197617,1.80357369060489,1.5198016410917,1.44182856420555,1.61092444108278
0.192,1.46814593183788,1.35830967359914,1.79186320004765,1.47496461510714,1.33078619905822,1.3920557890578,1.79578410338357,1.51266650631144,1.43586053298198,1.60550252176849
0.194,1.46946143641256,1.35318279600714,1.78656862480048,1.47001182121444,1.31325826209074,1.3884805722343,1.78730695437021,1.50515609685587,1.42954954023215,1.59952496583918
0.196,1.46723231769015,1.34739732502314,1.78093636791178,1.46457919345374,1.32217521674797,1.38352293390417,1.77866953107824,1.49751474432274,1.42282290419888,1.59309160205421
0.198,1.46728947790529,1.34117127256859,1.7748398150499,1.45869607921161,1.31311211424355,1.37869876228151,1.76953527021451,1.48954012899289,1.41551569458741,1.58629091336381
0.2,1.46467687759019,1.33423701660723,1.76860829318851,1.45244655582297,1.31193962266999,1.37281930809714,1.76016668801717,1.48151432780204,1.40804183866073,1.57916043786719
0.202,1.46316620959638,1.32664375332619,1.76180751474064,1.44566210152534,1.30617382881255,1.36654978331808,1.750416207081,1.47315410690117,1.39998142508572,1.57148491373214
0.204,1.46056754528876,1.3187858649385,1.75494502233455,1.43855195183686,1.30151806066271,1.3598176713447,1.74043436444619,1.4647938860003,1.39176932749303,1.56355160709196
0.206,1.45772825224085,1.31028183513758,1.74758404675132,1.43117355775518,1.2958465906195,1.35252068512682,1.73011494544702,1.45617390229903,1.38308926750745,1.55534324171669
0.208,1.45465811901951,1.30155040839089,1.74017910700498,1.42340661630962,1.28961898028772,1.34476088429188,1.71963637165519,1.44749985921713,1.37428349201616,1.54667959238535
0.21,1.45095205776616,1.29206388256388,1.73229791176227,1.41532801556022,1.28286977669639,1.33655576918923,1.70879132830419,1.43874735040952,1.36508043639634,1.53786817497528
0.212,1.44721947553571,1.2825613896489,1.72441671651956,1.40709673117453,1.2757491557103,1.32801533685136,1.69792350848303,1.42984579544852,1.35581078124368,1.5286652695423
0.214,1.44284571676285,1.2724724051126,1.71609345729977,1.39846748826329,1.26824158641579,1.31895526752197,1.68662329067727,1.42094424048752,1.34610368723266,1.51929593026808
0.216,1.43831114888847,1.26238342057629,1.70773201536942,1.38972610829021,1.26039951282419,1.30966938345966,1.67532307287151,1.41194737299689,1.33639659322164,1.50964470723379
0.218,1.43341570296839,1.25164376618308,1.69910056887224,1.38070723394883,1.25181410035503,1.30006126879597,1.66377449236515,1.40290419221348,1.32638512131055,1.49981891397742
0.22,1.42824003648854,1.24087991349062,1.69029655833897,1.37157213272952,1.24322868788587,1.29006955322576,1.65208397441078,1.39386101143007,1.31630417892645,1.48976822741029
0.222,1.42286768585796,1.22983597391324,1.68144386530259,1.36223901894325,1.23424481732135,1.27987923907678,1.64037747069012,1.38477764873427,1.3061094961928,1.4795809939033
0.224,1.4171256297581,1.21862693649795,1.67223754743027,1.35280768496647,1.22519084011033,1.26943280270381,1.62836926918037,1.37568396250467,1.29571605603504,1.46917163190751
0.226,1.41115981955003,1.20734164246471,1.66303122955794,1.3431849352009,1.21539810736491,1.25882207809094,1.61636106767063,1.36659027627506,1.28532261587728,1.45870818019899
0.228,1.40502539217537,1.19574186518992,1.65368339715342,1.33354041517406,1.20560537461948,1.24797887306453,1.60429940783655,1.35752460886688,1.27477487885674,1.44799195088976
0.23,1.39861713078928,1.18414208791513,1.64412617761759,1.32372053724166,1.19563694930487,1.23692944840534,1.59206927335309,1.34847115315592,1.26417578233544,1.43727572158053
0.232,1.39199890789743,1.17242840960573,1.63456895808176,1.31390065930927,1.1855237558549,1.2258356148116,1.57983913886964,1.33941769744496,1.25357668581415,1.42636342214088
0.234,1.38527310694105,1.16062128091786,1.62489544273783,1.30397007460763,1.1753034691682,1.21452275195472,1.5675857020175,1.33041108992842,1.24289221695226,1.41539967814066
0.236,1.37825283608328,1.14881415223,1.61505160898116,1.29399825232771,1.16472321434188,1.20320988909784,1.55523801357721,1.32148965467211,1.23220128769031,1.40440145118715
0.238,1.37115753997923,1.13694584612323,1.60520777522448,1.2840188877582,1.15414295951556,1.1917422002065,1.54289032513692,1.31256821941579,1.22151035842836,1.39326708172826
0.24,1.36384243547812,1.12505808318814,1.59534273442482,1.27398724493114,1.14346912191193,1.18021048598946,1.53054263669663,1.30364678415948,1.21083113426232,1.38213271226937
0.242,1.35643869005708,1.11317032025305,1.58527914335549,1.26395560210409,1.13271964731723,1.16867808678983,1.51817978840271,1.29489036558532,1.20015282594221,1.37096027418245
0.244,1.34887332688763,1.10134579950975,1.57521555228616,1.25392814015186,1.12197017272254,1.15708654576282,1.5058153398083,1.28618892434257,1.1894745176221,1.35973136454137
0.246,1.34121950043245,1.08953390496985,1.56515196121683,1.24391014277578,1.11111674140067,1.14549500473582,1.49345089121389,1.27748748309981,1.17889094742564,1.3485024549003
0.248,1.33340533512688,1.07772201042996,1.5550358364386,1.23389214539969,1.10023484125612,1.13390929133986,1.48112220792945,1.26878604185705,1.16834318333941,1.33727358497405
0.25,1.32555783025969,1.06606852613838,1.54484070001493,1.22389836961413,1.08935294111156,1.12235464114513,1.46888124636574,1.26034765948079,1.15779541925319,1.32604478055707
0.252,1.31754601260662,1.05446039423637,1.53464556359126,1.21398494641377,1.07850829696315,1.11079999095039,1.45664028480204,1.25195208220329,1.14732285369335,1.31481597614009
0.254,1.30953419495355,1.04285226233436,1.52445042716759,1.20407152321341,1.06767177572761,1.09926560717766,1.44439932323833,1.2435565049258,1.13701821596635,1.30359774763196
0.256,1.30136835881917,1.03143549332287,1.51425075810768,1.19415810001306,1.05683525449206,1.08788368349624,1.43224283882114,1.2351609276483,1.12671357823936,1.29246857105294
0.258,1.2931700435421,1.02015528943078,1.50403451024593,1.18441566119441,1.04610641913659,1.07650175981482,1.42025896386264,1.22701818887474,1.11640894051237,1.28133939447392
0.26,1.28493950790053,1.00887508553869,1.49381826238417,1.17469658697197,1.0354350275393,1.0651198361334,1.40827508890413,1.21900450057489,1.10634591221971,1.2702102178949
0.262,1.27660959712624,0.997699995181134,1.48360201452241,1.16497751274952,1.02476363594202,1.05399474900615,1.39629121394563,1.21099081227504,1.09638596261591,1.2591898694429
0.264,1.26827968635194,0.986878078428681,1.47338576666066,1.15532184650361,1.01419099913338,1.04289733238292,1.38432958935559,1.20297712397519,1.0864260130121,1.24825264465418
0.266,1.25990633124082,0.976056161676228,1.46317452996557,1.14588915270668,1.00380476830219,1.03179991575968,1.37273494146119,1.1950198393724,1.0764660634083,1.23731541986547
0.268,1.25147435888212,0.965234244923775,1.4529688927803,1.13645645890975,0.99341853747101,1.02091082736898,1.3611402935668,1.18746060918967,1.06690801334232,1.22637819507676
0.27,1.24304238652343,0.954836655031477,1.44276325559503,1.12702376511282,0.983032306639826,1.01020532679439,1.34954564567241,1.17990137900694,1.05739449985118,1.2156567935894
0.272,1.23459761416396,0.94452784049173,1.43255761840976,1.11767663937564,0.972990287913586,0.999499826219808,1.33795099777802,1.17234214882422,1.04788098636003,1.20504545100683
0.274,1.22612090290468,0.934219025951983,1.42235198122449,1.10862148988423,0.96300505184579,0.988794684607691,1.3265761280032,1.16478291864149,1.03836747286888,1.19443410842426
0.276,1.21764419164541,0.924110671064405,1.41198809539811,1.09956634039282,0.953019815777994,0.978574636964097,1.31552239254027,1.15733268469153,1.02934343674381,1.18382276584169
0.278,1.20916748038613,0.914397404279459,1.39701420765086,1.09051119090142,0.943154844329971,0.968354589320504,1.30446865707733,1.15028856315672,1.02033956135925,1.17339651664065
0.28,1.20070105494151,0.904684137494514,1.38224480129385,1.08145604141001,0.93365144407009,0.95813454167691,1.29341492161439,1.14324444162191,1.01133568597469,1.16321639445501
0.282,1.19223791611484,0.89497087070957,1.37179156907594,1.07280141784373,0.92414804381021,0.948102587074733,1.28236118615146,1.13620032008709,1.00233181059013,1.15303627226938
0.284,1.18377477728816,0.885711180856495,1.36132805603492,1.06421198637961,0.914644643550329,0.938441604666511,1.27163314225431,1.12915619855228,0.99382062599377,1.14285615008374
0.286,1.17531163846148,0.876645918546155,1.3506953319744,1.05562255491549,0.905422367776302,0.928780622258288,1.26121660605284,1.12211207701747,0.985396088661866,1.1326760278981
0.288,1.16691319785464,0.867580656235814,1.34006260791388,1.04703312345137,0.896476539123364,0.919119639850066,1.25080006985137,1.11558277048771,0.976971551329963,1.12299584484865
0.29,1.15853607475479,0.858532122966229,1.32942988385336,1.03850146019209,0.887530710470426,0.90979358432102,1.24038353364989,1.1091016461964,0.968547013998059,1.11333847891833
0.292,1.15015895165494,0.850134929915521,1.31944855290668,1.03045490718447,0.878584881817488,0.900748003843138,1.22996699744842,1.1026205219051,0.960440497631579,1.10368111298801
0.294,1.14178182855509,0.841737736864814,1.30964415307905,1.02240835417684,0.870026357984298,0.891702423365256,1.21986071656429,1.0961393976138,0.952650549845445,1.09402374705769
0.296,1.13342757890933,0.833340543814106,1.29983975325142,1.01436180116921,0.861683320790072,0.882656842887374,1.21017682268812,1.0896582733225,0.94486060205931,1.08446075237629
0.298,1.12522743301194,0.825105093507964,1.29003535342378,1.00631524816159,0.853340283595846,0.874021998819247,1.20049292881196,1.083281852498,0.937070654273175,1.07542827044812
0.3,1.11702728711456,0.817393537772703,1.28023095359615,0.99826869515396,0.84499724640162,0.865631127241438,1.19080903493579,1.07740372018674,0.92928070648704,1.06639578851995
0.302,1.10882714121717,0.809681982037441,1.27042655376852,0.990799526089121,0.837076679717412,0.857240255663627,1.18112514105963,1.07152558787548,0.922143762690133,1.05736330659178
0.304,1.10062699531979,0.80197042630218,1.26110126127032,0.983362778115488,0.82936979607785,0.848849384085817,1.17152677792352,1.06564745556422,0.915015350979024,1.04833082466361
0.306,1.0924268494224,0.794469239979418,1.25261589906205,0.975926030141856,0.821662912438289,0.840846308056654,1.16263713323877,1.05976932325295,0.907886939267916,1.03938066476748
0.308,1.08443444453848,0.787464656621912,1.24413053685379,0.968489282168222,0.813956028798728,0.833137820590222,1.15374748855401,1.05389119094169,0.900758527556807,1.03103629697644
0.31,1.07652174216204,0.780460073264405,1.23564517464552,0.96105253419459,0.806605567404223,0.825429333123789,1.14485784386925,1.04801305863043,0.893829909079215,1.0226919291854
0.312,1.06860903978561,0.773455489906899,1.22715981243726,0.953863743098542,0.799556170035326,0.817720845657356,1.1359681991845,1.04273353769045,0.887382162674179,1.01434756139436
0.314,1.06069633740917,0.766555412377584,1.21867445022899,0.947085644718059,0.792506772666428,0.810264886798545,1.12707855449974,1.03748338447867,0.880934416269143,1.00600319360332
0.316,1.05278363503274,0.760258772792929,1.21018908802073,0.940307546337576,0.78545737529753,0.803249976190449,1.11869556286046,1.03223323126689,0.874486669864107,0.997658825812285
0.318,1.04487093265631,0.753962133208275,1.20170372581246,0.933529447957094,0.778594351872745,0.796235065582353,1.11064561773255,1.02698307805511,0.868038923459071,0.990002163387727
0.32,1.03711022104024,0.74766549362362,1.1932183636042,0.926751349576611,0.772204890471345,0.789220154974257,1.10259567260464,1.02173292484333,0.861881152828205,0.982367532139252
0.322,1.02961381002603,0.741368854038965,1.18501107775558,0.919973251196128,0.765815429069946,0.782205244366162,1.09454572747673,1.01648277163155,0.85611682458571,0.974732900890777
0.324,1.02211739901181,0.735624245252342,1.17809493428399,0.913473260368768,0.759425967668546,0.775883281631133,1.08649578234882,1.01136186089104,0.850352496343215,0.967098269642303
0.326,1.0146209879976,0.730030798474343,1.1711787908124,0.90738493887535,0.753036506267147,0.769564655310025,1.0784458372209,1.00675428455917,0.84458816810072,0.959463638393828
0.328,1.00712457698339,0.724437351696344,1.16426264734081,0.901296617381932,0.747201281761147,0.763246028988918,1.07114401313903,1.0021467082273,0.838823839858225,0.952259772012665
0.33,0.999628165969171,0.718843904918345,1.15734650386922,0.895208295888514,0.741474033602352,0.756927402667811,1.06396483270375,0.997539131895424,0.833246753716555,0.945384841665022
0.332,0.992131754954957,0.713270193381648,1.15043036039763,0.889119974395097,0.735746785443558,0.750907368249845,1.05678565226848,0.992931555563551,0.828172207212734,0.938509911317378
0.334,0.984635343940742,0.708393810251944,1.14351421692604,0.883031652901679,0.730019537284763,0.74527934752592,1.0496064718332,0.988323979231679,0.823097660708913,0.931634980969734
0.336,0.977663214486823,0.703517427122239,1.13659807345445,0.876953135106001,0.724392595899425,0.739651326801995,1.04242729139792,0.983716402899806,0.818023114205093,0.92476005062209
0.338,0.970714317774026,0.698641043992535,1.12968192998286,0.871569117813244,0.719320598188018,0.73402330607807,1.03532933197074,0.979108826567934,0.812948567701272,0.917885120274447
0.34,0.963765421061229,0.693764660862831,1.12276578651126,0.866185100520486,0.714248600476611,0.728395285354144,1.0289851425642,0.975036721648829,0.807874021197451,0.911710713905772
0.342,0.956816524348432,0.688901098656323,1.11588781568652,0.860801083227729,0.709176602765204,0.723202019322472,1.02264095315766,0.971075673178125,0.803265560005323,0.905600205322682
0.344,0.949867627635635,0.684699065220088,1.11046119720128,0.855417065934972,0.704104605053797,0.718250269343218,1.01629676375112,0.967114624707421,0.798901575150143,0.899489696739591
0.346,0.942918730922838,0.680497031783852,1.10503457871604,0.850033048642215,0.699157992037218,0.713298519363964,1.00995257434459,0.963153576236717,0.794537590294964,0.893379188156501
0.348,0.935969834210041,0.676294998347617,1.0996079602308,0.844649031349458,0.694727961001829,0.70834676938471,1.00360838493805,0.959192527766013,0.790173605439785,0.88726867957341
0.35,0.929020937497244,0.672092964911381,1.09418134174556,0.839411739943368,0.69029792996644,0.703395019405456,0.997396583815325,0.955231479295309,0.785809620584605,0.881327329807205
0.352,0.9224832413723,0.667890931475145,1.08875472326032,0.834729124291382,0.685867898931051,0.698810496165633,0.99188981548192,0.951270430824605,0.781445635729426,0.87592347817444
0.354,0.916187654234653,0.664165707332282,1.08332810477508,0.830046508639397,0.681437867895663,0.694522096615388,0.986383047148516,0.947309382353901,0.777437254360928,0.870519626541676
0.356,0.909892067097006,0.660636479369822,1.07790148628984,0.825363892987411,0.677007836860274,0.690233697065143,0.980876278815112,0.94380906746637,0.77376511716137,0.865115774908911
0.358,0.903596479959359,0.657107251407361,1.0724748678046,0.820681277335425,0.673127893755868,0.685945297514898,0.975369510481707,0.940490516588473,0.770092979961811,0.859711923276147
0.36,0.897300892821712,0.653578023444901,1.06704824931936,0.815998661683439,0.669324249770973,0.681656897964653,0.969862742148303,0.937171965710576,0.766420842762253,0.854308071643382
0.362,0.891005305684064,0.650048795482441,1.06162163083412,0.811316046031453,0.665520605786078,0.677425794303218,0.964355973814898,0.933853414832678,0.762748705562695,0.849130671845901
0.364,0.884709718546417,0.646519567519981,1.05619501234888,0.806633430379467,0.661716961801183,0.673782154397893,0.959620137596957,0.930534863954781,0.759076568363136,0.844466872245042
0.366,0.87841413140877,0.643455214331981,1.05167809258016,0.802616210132302,0.657913317816288,0.670138514492569,0.954929247136588,0.927216313076883,0.755404431163578,0.839803072644184
0.368,0.872118544271123,0.6406126886826,1.04752333660135,0.798618598042426,0.654177489655982,0.666494874587244,0.950238356676218,0.923897762198986,0.752117743336988,0.835139273043325
0.37,0.866369025481516,0.637770163033218,1.04336858062254,0.794620985952549,0.650976653332148,0.66285123468192,0.945547466215849,0.920579211321089,0.74915761809381,0.830475473442467
0.372,0.860782494886493,0.634927637383837,1.03921382464373,0.790623373862673,0.647775817008314,0.659207594776595,0.94085657575548,0.917260660443191,0.746197492850632,0.825811673841608
0.374,0.855195964291472,0.632085111734455,1.03505906866492,0.786625761772797,0.64457498068448,0.655667453995684,0.93616568529511,0.914383402794638,0.743237367607454,0.821571741199706
0.376,0.84960943369645,0.629242586085074,1.03090431268611,0.78262814968292,0.641374144360646,0.652643489662618,0.932026420971211,0.911692955498795,0.740277242364276,0.817517660935418
0.378,0.844022903101428,0.626400060435693,1.0267495567073,0.778630537593044,0.638173308036812,0.649619525329551,0.928082414693144,0.909002508202951,0.737317117121099,0.813463580671129
0.38,0.838436372506406,0.623557534786311,1.02259480072849,0.774803597851556,0.634972471712978,0.646595560996485,0.924138408415077,0.906312060907108,0.734356991877921,0.809409500406841
0.382,0.832849841911384,0.620840965225867,1.01844004474969,0.771465250629738,0.632227554311118,0.643571596663418,0.920194402137009,0.903621613611265,0.731396866634743,0.805355420142552
0.384,0.827263311316362,0.618814961253674,1.01428528877088,0.76812690340792,0.629608461502643,0.640547632330352,0.916250395858942,0.900931166315421,0.728858188043343,0.801615140646854
0.386,0.82167678072134,0.616788957281482,1.01013053279207,0.764788556186101,0.626989368694169,0.637523667997285,0.912306389580875,0.898240719019578,0.72656028601626,0.798085038758644
0.388,0.816649579476238,0.614762953309289,1.00597577681326,0.761450208964283,0.624370275885695,0.634810930368065,0.908649363678326,0.895550271723735,0.724262383989177,0.794554936870434
0.39,0.81178242625424,0.612736949337097,1.00238501855627,0.758111861742464,0.621751183077221,0.632397530231012,0.905412967290155,0.892859824427891,0.721964481962093,0.791024834982224
0.392,0.806915273032242,0.610710945364904,0.999293302442653,0.754773514520646,0.619132090268747,0.629984130093959,0.902176570901983,0.890169377132048,0.71966657993501,0.787494733094014
0.394,0.802048119810243,0.608684941392712,0.996201586329034,0.751435167298827,0.616512997460273,0.627570729956906,0.898940174513811,0.887794417058763,0.717368677907927,0.783964631205804
0.396,0.797180966588245,0.606658937420519,0.993109870215416,0.748096820077009,0.614393261138461,0.625157329819853,0.89570377812564,0.885713347408615,0.715070775880843,0.780942431475426
0.398,0.792313813366247,0.604632933448327,0.990018154101797,0.745381128117182,0.612306115749323,0.6227439296828,0.892467381737468,0.883632277758467,0.71277287385376,0.777995533138269
0.4,0.787446660144248,0.602606929476134,0.986926437988178,0.742667457760581,0.610218970360186,0.620330529545747,0.889230985349297,0.881551208108319,0.710725997835671,0.775048634801113
0.402,0.78257950692225,0.600580925503942,0.983834721874559,0.739953787403979,0.608131824971048,0.617917129408694,0.886489289358485,0.87947013845817,0.709008401220416,0.772101736463957
0.404,0.777712353700251,0.598554921531749,0.980743005760941,0.737240117047378,0.60604467958191,0.616009050278798,0.883927481499144,0.877389068808022,0.707290804605162,0.769154838126801
0.406,0.773461372586371,0.597142967391237,0.977651289647322,0.734526446690777,0.603957534192772,0.614177595475677,0.881365673639804,0.875307999157874,0.705573207989907,0.766207939789644
0.408,0.769291330054973,0.595835998002112,0.974559573533703,0.731812776334176,0.601870388803635,0.612346140672557,0.878803865780463,0.873226929507726,0.703855611374653,0.763563216255429
0.41,0.765121287523574,0.594529028612987,0.971467857420084,0.729099105977574,0.600015321718482,0.610514685869436,0.876242057921122,0.871145859857577,0.702138014759398,0.761168867582526
0.412,0.760951244992176,0.593222059223863,0.968376141306466,0.726385435620973,0.598430108685899,0.608683231066315,0.873680250061782,0.869064790207429,0.700420418144144,0.758774518909624
0.414,0.756781202460777,0.591915089834738,0.965284425192847,0.723672321693281,0.596844895653315,0.606851776263194,0.871118442202441,0.866983720557281,0.698702821528889,0.756380170236722
0.416,0.752611159929379,0.590608120445613,0.962192709079228,0.721550125445277,0.595259682620731,0.605020321460073,0.868992188643412,0.864902650907132,0.696985224913635,0.75398582156382
0.418,0.748441117397981,0.589301151056489,0.95931399531112,0.719427929197273,0.593674469588148,0.603188866656952,0.867057393269912,0.86323246837606,0.695398699340671,0.751591472890918
0.42,0.744271074866582,0.587994181667364,0.957103684928453,0.717305732949269,0.592089256555564,0.601456614596148,0.865122597896411,0.861732025680055,0.694224749534369,0.749197124218015
0.422,0.740277743419412,0.586687212278239,0.954893374545785,0.715183536701265,0.59050404352298,0.600162470520859,0.863187802522911,0.860231582984051,0.693050799728067,0.747196406881787
0.424,0.736758348853612,0.585380242889114,0.952683064163118,0.713061340453261,0.588918830490397,0.598868326445569,0.86125300714941,0.858731140288047,0.691876849921766,0.745331129760345
0.426,0.733238954287812,0.58407327349999,0.95047275378045,0.710939144205257,0.587333617457813,0.597574182370279,0.85931821177591,0.857230697592043,0.690702900115464,0.743465852638904
0.428,0.729719559722012,0.582880769992322,0.948262443397783,0.708816947957253,0.58595516452965,0.59628003829499,0.857383416402409,0.855730254896038,0.689528950309162,0.741600575517462
0.43,0.726200165156213,0.582120254632161,0.946052133015115,0.706694751709249,0.584868985274991,0.5949858942197,0.855533461093772,0.854229812200034,0.68835500050286,0.73973529839602
0.432,0.722680770590413,0.581359739272,0.943841822632448,0.704572555461246,0.583782806020333,0.59369175014441,0.854186229315763,0.85272936950403,0.687181050696558,0.737870021274579
0.434,0.719161376024613,0.580599223911839,0.94163151224978,0.702463986518665,0.582696626765674,0.592397606069121,0.852838997537755,0.851228926808025,0.686007100890256,0.736004744153137
0.436,0.715641981458813,0.579838708551678,0.939421201867112,0.70089164948662,0.581610447511015,0.591103461993831,0.851491765759746,0.849728484112021,0.684833151083954,0.73423810927692
0.438,0.712122586893014,0.579078193191517,0.937210891484445,0.699319312454576,0.580524268256357,0.589809317918541,0.850144533981738,0.848228041416017,0.683659201277652,0.7328769648669
0.44,0.709174301325534,0.578317677831356,0.935000581101777,0.697746975422532,0.579438089001698,0.588515173843252,0.84879730220373,0.846727598720013,0.682638840838063,0.731515820456879
0.442,0.706253998929122,0.577557162471195,0.93279027071911,0.696174638390488,0.57835190974704,0.587692102003765,0.847450070425721,0.845227156024008,0.681962153639672,0.730154676046859
0.444,0.703333696532711,0.576796647111034,0.930579960336442,0.694602301358444,0.577265730492381,0.58689330609004,0.846102838647713,0.843726713328004,0.681285466441281,0.728793531636839
0.446,0.700413394136299,0.576036131750873,0.928369649953775,0.6930299643264,0.576179551237722,0.586094510176315,0.844755606869704,0.842645996041515,0.68060877924289,0.727432387226819
0.448,0.697493091739887,0.575275616390712,0.926159339571107,0.691457627294355,0.575093371983064,0.58529571426259,0.843840529344701,0.841680972589252,0.679932092044499,0.726071242816798
0.45,0.694572789343476,0.574515101030551,0.92394902918844,0.689885290262311,0.574007192728405,0.584496918348865,0.843040437038414,0.840715949136989,0.679255404846108,0.724710098406778
0.452,0.691652486947064,0.57375458567039,0.921738718805772,0.688312953230267,0.573356048587142,0.58369812243514,0.842240344732127,0.839750925684726,0.678578717647718,0.723348953996758
0.454,0.688732184550653,0.572998985655605,0.919528408423104,0.686740616198223,0.572741939425764,0.582899326521416,0.84144025242584,0.838785902232463,0.677902030449327,0.72237032702625
0.456,0.686291188275736,0.572700302139896,0.918001917243798,0.685168279166178,0.572127830264385,0.582100530607691,0.840640160119554,0.8378208787802,0.677225343250936,0.721474448311908
0.458,0.683917652848983,0.572401618624187,0.916487040563045,0.684053331698292,0.571513721103007,0.581301734693966,0.839840067813267,0.836855855327937,0.676548656052545,0.720578569597567
0.46,0.681544117422229,0.572102935108478,0.914972163882292,0.682979219416223,0.570899611941628,0.580502938780241,0.83903997550698,0.835890831875674,0.675871968854154,0.719682690883225
0.462,0.679170581995476,0.57180425159277,0.913457287201539,0.681905107134154,0.570285502780249,0.579704142866516,0.838239883200693,0.834925808423411,0.675195281655763,0.718786812168884
0.464,0.676797046568723,0.571505568077061,0.911942410520786,0.680830994852085,0.569671393618871,0.578905346952791,0.837439790894406,0.833960784971148,0.674518594457372,0.717890933454542
0.466,0.674423511141969,0.571206884561352,0.910427533840034,0.679756882570016,0.569057284457492,0.578255096367351,0.836870500776182,0.832995761518885,0.673854965882323,0.716995054740201
0.468,0.672049975715216,0.570908201045644,0.908912657159281,0.678682770287947,0.568443175296114,0.577896743656742,0.836562452433975,0.832030738066622,0.673607839401262,0.716099176025859
0.47,0.669676440288463,0.570609517529935,0.907397780478528,0.677608658005878,0.567829066134735,0.577538390946132,0.836254404091769,0.831065714614359,0.673360712920202,0.715203297311517
0.472,0.667788097492327,0.570310834014226,0.905882903797775,0.676534545723809,0.567214956973357,0.577180038235523,0.835946355749563,0.830100691162096,0.673113586439142,0.714434552812271
0.474,0.665910472347103,0.570012150498517,0.904368027117022,0.67546043344174,0.566600847811978,0.576821685524913,0.835638307407357,0.829135667709833,0.672866459958082,0.713964089500379
0.476,0.664032847201879,0.569713466982809,0.90285315043627,0.674386321159671,0.5659867386506,0.576463332814304,0.835330259065151,0.82817064425757,0.672619333477022,0.713493626188487
0.478,0.662155222056655,0.5694147834671,0.901338273755517,0.673312208877602,0.565372629489221,0.576104980103695,0.835022210722944,0.827205620805307,0.672372206995962,0.713023162876595
0.48,0.660277596911431,0.569116099951391,0.899823397074764,0.672238096595533,0.564800612293932,0.575746627393085,0.834714162380738,0.826620942997619,0.672125080514902,0.712552699564702
0.482,0.658399971766207,0.568817416435683,0.898308520394011,0.671265691639241,0.564600093844709,0.575388274682476,0.834406114038532,0.826131608060042,0.671877954033842,0.71208223625281
0.484,0.656522346620983,0.568518732919974,0.896793643713258,0.670635860524673,0.564399575395485,0.575029921971866,0.834098065696326,0.825642273122465,0.671630827552782,0.711611772940918
0.486,0.654710407170803,0.568220049404265,0.895278767032505,0.670006029410105,0.564199056946262,0.574671569261257,0.83379001735412,0.825152938184888,0.671383701071722,0.711141309629026
0.488,0.653283520738432,0.567921365888556,0.893763890351753,0.669376198295537,0.563998538497039,0.574313216550647,0.833848797534882,0.824663603247311,0.671136574590662,0.710670846317134
0.49,0.651856634306061,0.567661842604221,0.892249013671,0.668746367180969,0.563798020047816,0.573954863840038,0.833969095468396,0.824174268309734,0.670889448109601,0.710200383005242
0.492,0.65042974787369,0.567729842268558,0.890734136990247,0.668116536066401,0.563597501598592,0.573596511129429,0.834089393401909,0.823684933372156,0.670642321628541,0.70972991969335
0.494,0.649002861441319,0.567797841932895,0.889219260309494,0.667486704951833,0.563396983149369,0.573238158418819,0.834209691335423,0.823195598434579,0.670395195147481,0.709335291285969
0.496,0.647575975008948,0.567865841597232,0.887704383628741,0.666856873837265,0.563196464700146,0.57287980570821,0.834329989268936,0.822706263497002,0.670148068666421,0.709236862050478
0.498,0.646149088576577,0.567933841261569,0.886189506947988,0.666227042722697,0.562995946250923,0.572588954124992,0.83445028720245,0.822216928559425,0.669900942185361,0.709138432814986
0.5,0.644722202144207,0.568001840925906,0.884784253039374,0.665597211608129,0.5627954278017,0.572591520506185,0.834570585135963,0.821727593621848,0.669763267106908,0.709040003579495
0.502,0.643390569923693,0.568069840590244,0.883557790327226,0.664967380493561,0.562594909352476,0.572594086887379,0.834690883069477,0.821238258684271,0.66985559267023,0.708941574344004
0.504,0.642374281367983,0.568137840254581,0.882331327615079,0.664337549378992,0.562394390903253,0.572596653268572,0.83481118100299,0.820748923746694,0.669947918233551,0.708843145108512
0.506,0.641357992812273,0.568205839918918,0.881104864902931,0.663707718264424,0.56219387245403,0.572599219649765,0.834931478936503,0.820259588809116,0.670040243796873,0.708744715873021
0.508,0.640341704256563,0.568273839583255,0.879928108091543,0.663077887149856,0.561993354004807,0.572601786030959,0.835051776870017,0.819770253871539,0.670132569360194,0.70864628663753
0.51,0.639325415700853,0.568341839247592,0.878806398329223,0.662448056035288,0.561792835555584,0.572604352412152,0.835172074803531,0.819280918933962,0.670224894923516,0.708547857402038
0.512,0.638309127145143,0.568409838911929,0.877684688566903,0.661903187196379,0.56159231710636,0.572606918793346,0.835405599944595,0.818791583996385,0.670317220486837,0.708449428166547
0.514,0.637292838589433,0.568477838576266,0.876562978804583,0.661654538072639,0.561391798657137,0.572609485174539,0.835875262106594,0.818302249058808,0.670409546050159,0.708350998931056
0.516,0.636276550033723,0.568545838240603,0.875463962198266,0.6614058889489,0.561191280207914,0.572612051555732,0.836344924268594,0.817812914121231,0.67050187161348,0.708252569695564
0.518,0.63529014015076,0.56861383790494,0.874382140311018,0.66115723982516,0.560990761758691,0.572614617936926,0.836814586430593,0.817323579183654,0.670594197176801,0.708154140460073
0.52,0.634647448972861,0.568681837569277,0.873322643633553,0.66090859070142,0.560839935030095,0.572617184318119,0.837284248592592,0.816834244246077,0.670686522740123,0.708078800197407
0.522,0.634004757794962,0.568749837233615,0.872274897904522,0.66065994157768,0.560947015596525,0.572619750699312,0.837753910754591,0.816344909308499,0.670778848303444,0.70828196275787
0.524,0.633362066617063,0.568817836897952,0.871244478403104,0.660411292453941,0.561054096162956,0.572622317080506,0.83822357291659,0.816179982263103,0.670871173866766,0.708485125318332
0.526,0.632719375439164,0.568885836562289,0.870226811805293,0.660162643330201,0.561161176729386,0.572624883461699,0.838693235078589,0.816056599229692,0.670963499430087,0.708688287878795
0.528,0.632076684261265,0.568953836226626,0.829464063174712,0.659913994206462,0.561268257295816,0.572627449842892,0.839162897240589,0.81593321619628,0.671055824993409,0.708891450439257
0.53,0.631433993083366,0.569021835890963,0.843602583428245,0.659665345082722,0.561375337862246,0.572630016224086,0.839632559402588,0.815809833162868,0.67114815055673,0.70909461299972
0.532,0.630791301905467,0.5690898355553,0.832401701799229,0.659416695958982,0.561482418428676,0.572632582605279,0.840102221564587,0.815686450129457,0.671240476120052,0.709297775560183
0.534,0.630148610727568,0.569157835219637,0.834955137280053,0.659168046835242,0.561589498995106,0.572635148986473,0.840571883726586,0.815563067096045,0.671332801683373,0.709500938120645
0.536,0.62967243552888,0.569225834883974,0.832521093409395,0.658919397711503,0.561696579561536,0.572637715367666,0.841041545888585,0.815439684062633,0.671425127246695,0.709704100681108
0.538,0.629368645713122,0.569324308040402,0.831837260172423,0.658670748587763,0.561803660127966,0.572640281748859,0.841511208050584,0.815316301029222,0.671517452810016,0.70990726324157
0.54,0.629064855897363,0.5696039944527,0.830654283850783,0.658422099464023,0.561910740694396,0.572642848130053,0.841980870212583,0.81519291799581,0.671609778373338,0.710110425802033
0.542,0.628761066081605,0.569883680864998,0.829356123343089,0.658173450340284,0.562017821260826,0.572792104948224,0.842458676388241,0.815069534962398,0.671702103936659,0.710313588362495
0.544,0.628457276265846,0.570163367277296,0.828528006278392,0.657924801216544,0.562124901827256,0.573031835746781,0.8431682538406,0.814946151928987,0.67180226138655,0.710516750922958
0.546,0.628153486450088,0.570443053689593,0.827699889213695,0.657676152092804,0.562231982393686,0.573271566545338,0.843877831292959,0.814822768895575,0.672101946447245,0.71071991348342
0.548,0.627849696634329,0.570722740101891,0.826952686685326,0.657427502969065,0.562339062960116,0.573511297343895,0.844587408745318,0.814699385862163,0.67240163150794,0.710923076043883
0.55,0.627545906818571,0.571002426514189,0.826210449362243,0.657430624932188,0.562446143526546,0.573751028142452,0.845296986197677,0.814576002828752,0.672701316568635,0.711126238604345
0.552,0.627242117002813,0.571282112926487,0.825468212039159,0.657483293149435,0.562553224092977,0.573990758941009,0.846006563650036,0.81445261979534,0.67300100162933,0.711373041483025
0.554,0.627008712168511,0.571561799338784,0.825001051301379,0.657535961366681,0.562660304659407,0.574230489739566,0.846716141102394,0.814329236761928,0.673300686690025,0.711788603328948
0.556,0.627007889327055,0.571841485751082,0.824562224487318,0.657588629583927,0.562767385225837,0.574470220538123,0.847425718554753,0.814205853728517,0.673600371750719,0.712204165174872
0.558,0.627007066485598,0.57212117216338,0.824123397673257,0.657641297801173,0.562874465792267,0.57470995133668,0.848135296007112,0.814082470695105,0.673900056811414,0.712619727020796
0.56,0.627006243644141,0.572400858575678,0.823684570859197,0.657693966018419,0.562981546358697,0.574949682135237,0.848844873459471,0.813959087661693,0.674199741872109,0.713035288866719
0.562,0.627005420802685,0.572680544987975,0.823245744045136,0.657746634235665,0.563088626925127,0.575189412933794,0.84955445091183,0.813835704628282,0.674499426932804,0.713450850712643
0.564,0.627004597961228,0.572960231400273,0.822806917231076,0.657799302452911,0.563195707491557,0.575429143732351,0.850264028364188,0.81371232159487,0.674799111993499,0.713866412558566
0.566,0.627003775119771,0.573239917812571,0.822737908212348,0.657851970670157,0.563302788057987,0.575668874530908,0.850973605816547,0.813588938561458,0.675098797054194,0.71428197440449
0.568,0.627002952278315,0.573519604224869,0.822703419915551,0.657904638887403,0.563409868624417,0.575908605329465,0.851683183268906,0.813465555528047,0.675398482114889,0.714697536250413
0.57,0.627002129436858,0.573799290637167,0.822668931618754,0.65795730710465,0.563543558662965,0.576148336128022,0.852392760721265,0.813342172494635,0.675698167175584,0.715113098096337
0.572,0.627001306595402,0.574078977049464,0.822634443321957,0.658009975321896,0.563815355752128,0.576388066926579,0.853102338173624,0.813218789461223,0.675997852236278,0.71552865994226
0.574,0.627004901330933,0.574358663461762,0.822599955025161,0.658062643539142,0.564087152841291,0.576627797725136,0.853811915625983,0.813288682079957,0.676297537296973,0.715944221788184
0.576,0.627266829722007,0.57463834987406,0.822565466728364,0.658115311756388,0.564358949930454,0.576867528523693,0.854521493078341,0.813383325779668,0.676597222357668,0.716359783634108
0.578,0.62752875811308,0.574918036286358,0.822530978431567,0.658167979973634,0.564630747019617,0.57710725932225,0.8552310705307,0.813477969479378,0.676896907418363,0.716775345480031
0.58,0.627790686504153,0.575197722698655,0.82284105552075,0.65822064819088,0.56490254410878,0.577346990120807,0.855940647983059,0.813572613179089,0.677196592479058,0.717190907325955
0.582,0.628052614895227,0.575477409110953,0.823166503727179,0.658273316408126,0.565174341197943,0.577586720919364,0.856733335913861,0.8136672568788,0.677496277539753,0.717606469171878
0.584,0.6283145432863,0.575757095523251,0.823491951933608,0.658325984625372,0.565446138287106,0.577826451717921,0.857536288840517,0.813761900578511,0.677795962600447,0.718022031017802
0.586,0.628576471677373,0.576036781935549,0.823817400140037,0.658378652842619,0.565717935376269,0.578066182516478,0.858339241767173,0.813856544278222,0.678095647661142,0.718437592863725
0.588,0.628838400068447,0.576327111847206,0.824142848346466,0.658431321059865,0.565989732465432,0.578305913315035,0.859142194693829,0.813951187977932,0.678395332721837,0.718853154709649
0.59,0.62910032845952,0.576680734248189,0.824468296552895,0.658483989277111,0.566261529554595,0.578545644113592,0.859945147620484,0.814045831677643,0.678695017782532,0.719268716555572
0.592,0.629362256850593,0.577034356649172,0.824793744759324,0.658536657494357,0.566533326643758,0.578849336136674,0.86074810054714,0.814140475377354,0.678994702843227,0.719740761604391
0.594,0.629624185241667,0.577387979050154,0.825119192965753,0.658589325711603,0.566805123732921,0.579192477401931,0.861551053473796,0.814235119077065,0.679297127794654,0.720261763580732
0.596,0.62988611363274,0.577741601451137,0.825644369312621,0.658715678326706,0.567076920822084,0.579535618667188,0.862354006400452,0.814329762776776,0.679669355065978,0.720782765557073
0.598,0.630243953343836,0.578095223852119,0.826317228091681,0.658957359271727,0.567348717911247,0.579878759932445,0.863156959327108,0.814424406476487,0.680041582337302,0.721303767533413
0.6,0.630720641272385,0.578448846253102,0.826990086870741,0.659199040216748,0.56762051500041,0.580221901197702,0.863959912253763,0.814519050176197,0.680413809608625,0.721824769509754
0.602,0.631197329200934,0.578802468654084,0.827662945649801,0.65944072116177,0.567892312089573,0.58056504246296,0.864762865180419,0.814613693875908,0.680786036879949,0.722345771486094
0.604,0.631674017129484,0.579156091055067,0.828335804428861,0.659682402106791,0.568164109178736,0.580908183728217,0.865565818107075,0.814708337575619,0.681158264151272,0.722866773462435
0.606,0.632150705058033,0.57950971345605,0.829008663207921,0.659924083051812,0.568435906267899,0.581251324993474,0.866368771033731,0.81480298127533,0.681530491422596,0.723387775438776
0.608,0.632627392986583,0.579863335857032,0.829681521986981,0.660165763996833,0.568707703357062,0.581594466258731,0.867171723960387,0.81489762497504,0.681902718693919,0.723908777415116
0.61,0.633104080915132,0.580216958258015,0.830354380766041,0.660407444941855,0.568979500446225,0.581937607523988,0.867974676887042,0.814992268674751,0.682274945965243,0.724429779391457
0.612,0.633580768843681,0.580570580658997,0.831027239545101,0.660649125886876,0.569251297535388,0.582280748789246,0.868777629813698,0.815086912374462,0.682647173236567,0.724950781367797
0.614,0.634057456772231,0.58092420305998,0.831700098324161,0.660890806831897,0.569523094624551,0.582623890054503,0.869580582740354,0.815181556074173,0.68301940050789,0.725471783344138
0.616,0.63453414470078,0.581277825460963,0.832372957103221,0.661132487776918,0.569794891713714,0.58296703131976,0.87038353566701,0.815276199773884,0.683391627779214,0.725992785320479
0.618,0.63501083262933,0.581631447861945,0.833327176179131,0.66137416872194,0.570066688802877,0.583310172585017,0.871186488593666,0.815370843473595,0.683763855050537,0.726513787296819
0.62,0.635487520557879,0.581985070262928,0.834294222366072,0.661615849666961,0.570347025064994,0.583653313850274,0.871989441520321,0.815465487173305,0.684136082321861,0.72703478927316
0.622,0.635964208486428,0.58233869266391,0.835261268553012,0.661857530611982,0.570671680883182,0.583996455115531,0.872792394446977,0.815560130873016,0.684508309593185,0.727555791249501
0.624,0.636440896414978,0.582692315064893,0.836228314739953,0.662099211557003,0.570996336701368,0.584339596380789,0.873595347373633,0.815745033002915,0.684880536864508,0.728076793225841
0.626,0.637065158811074,0.583045937465876,0.837195360926893,0.662340892502025,0.571320992519555,0.584682737646046,0.874398300300289,0.815941493721233,0.685252764135832,0.728597795202182
0.628,0.637695888989926,0.583399559866858,0.838162407113834,0.662582573447046,0.571645648337742,0.585025878911303,0.875201253226945,0.816137954439551,0.685624991407155,0.729118797178522
0.63,0.638326619168778,0.583753182267841,0.839129453300774,0.662824254392067,0.571970304155929,0.58536902017656,0.875995299967087,0.816334415157868,0.685997218678479,0.729639799154863
0.632,0.63895734934763,0.584106804668823,0.840096499487715,0.663065935337088,0.572294959974116,0.585712161441817,0.876743496841136,0.816530875876186,0.686369445949803,0.730160801131204
0.634,0.639588079526482,0.584460427069806,0.841063545674655,0.66330761628211,0.572619615792303,0.586055302707075,0.877491693715185,0.816727336594504,0.686741673221126,0.730681803107544
0.636,0.640218809705334,0.584814049470789,0.842030591861596,0.663549297227131,0.57294427161049,0.586398443972332,0.878239890589233,0.816923797312821,0.68711390049245,0.731202805083885
0.638,0.640849539884186,0.585167593736141,0.842997638048536,0.663790978172152,0.573268927428677,0.586741585237589,0.878988087463282,0.817120258031139,0.687486127763774,0.731723807060225
0.64,0.641480270063038,0.585520673361211,0.843964684235477,0.664032659117173,0.573593583246864,0.587084726502846,0.879736284337331,0.817316718749457,0.687858355035097,0.732244809036566
0.642,0.64211100024189,0.585873752986281,0.844931730422417,0.664274340062195,0.573918239065051,0.587437096886369,0.88048448121138,0.817513179467774,0.688230582306421,0.732765805063603
0.644,0.642741730420742,0.586226832611351,0.845986575069374,0.664516021007216,0.574242894883238,0.587795159495521,0.881232678085429,0.817709640186092,0.688602470548522,0.733286798259896
0.646,0.643372460599594,0.586579912236422,0.847142150901602,0.664787438817703,0.574567550701425,0.588153222104673,0.881980874959478,0.81790610090441,0.688965721575283,0.733807791456188
0.648,0.644003190778446,0.586932991861492,0.84829772673383,0.665105399765283,0.574892206519612,0.588511284713825,0.882729071833527,0.818102561622727,0.689328972602045,0.73432878465248
0.65,0.644633920957298,0.587286071486562,0.849453302566057,0.665423360712863,0.575216862337799,0.588869347322978,0.883477268707575,0.818299022341045,0.689692223628807,0.734849777848772
0.652,0.64526465113615,0.587639151111632,0.850608878398285,0.665741321660444,0.575541518155986,0.58922740993213,0.884225465581624,0.818495483059362,0.690055474655569,0.735370771045065
0.654,0.645895381315002,0.587992230736702,0.851764454230513,0.666059282608024,0.575866173974173,0.589585472541282,0.884973662455673,0.81869194377768,0.690418725682331,0.735891764241357
0.656,0.646526111493854,0.588345310361773,0.852920030062741,0.666377243555604,0.57619082979236,0.589943535150434,0.885721859329722,0.818888404495998,0.690781976709092,0.736412757437649
0.658,0.647211961753972,0.588698389986843,0.854075605894969,0.666695204503185,0.576515485610547,0.590301597759586,0.886470056203771,0.819084865214315,0.691145227735854,0.736933750633941
0.66,0.647918066316815,0.589051469611913,0.855231181727197,0.667013165450765,0.576840141428734,0.590659660368739,0.88721825307782,0.819281325932633,0.691508478762616,0.737454743830234
0.662,0.648624170879659,0.589404549236983,0.856386757559425,0.667331126398345,0.577164797246921,0.591017722977891,0.887966449951869,0.819477786650951,0.691871729789378,0.737975737026526
0.664,0.649330275442503,0.589757628862053,0.857542333391653,0.667649087345926,0.577489453065108,0.591375785587043,0.888714646825917,0.819674247369268,0.69223498081614,0.738496730222818
0.666,0.650036380005346,0.590110708487124,0.858697909223881,0.667967048293506,0.577814108883295,0.591733848196195,0.889462843699966,0.819870708087586,0.692598231842901,0.73901772341911
0.668,0.65074248456819,0.590463788112194,0.859853485056109,0.668285009241087,0.578138764701482,0.592091910805348,0.890211040574015,0.820067168805904,0.692961482869663,0.739538716615403
0.67,0.651448589131034,0.590816867737264,0.861009060888337,0.668602970188667,0.578462622546335,0.5924499734145,0.890959237448064,0.820263629524221,0.693324733896425,0.740059709811695
0.672,0.652154693693878,0.591169947362334,0.862164636720564,0.668920931136247,0.57878233879292,0.592808036023652,0.891707434322113,0.820460090242539,0.693687984923187,0.740580703007987
0.674,0.652860798256721,0.591523026987404,0.863320212552792,0.669238892083828,0.579102055039506,0.593166098632804,0.892455631196162,0.820685947281474,0.694051235949949,0.741101696204279
0.676,0.653566902819565,0.591876106612475,0.86447578838502,0.669556853031408,0.579421771286091,0.593524161241956,0.893203828070211,0.820915568843794,0.69441448697671,0.741622689400572
0.678,0.654273007382409,0.592229186237545,0.865631364217248,0.669874813978988,0.579741487532676,0.593882223851109,0.89395202494426,0.821145190406113,0.694777738003472,0.742143682596864
0.68,0.654979111945252,0.592582265862615,0.866795835554371,0.670192774926569,0.580061203779262,0.594240286460261,0.89467658063665,0.821374811968433,0.695140989030234,0.742664675793156
0.682,0.655685216508096,0.592935345487685,0.867964947629622,0.670510735874149,0.580380920025847,0.594598349069413,0.895279429354719,0.821604433530752,0.695504240056996,0.743185668989448
0.684,0.65639132107094,0.593288425112755,0.869134059704872,0.670828696821729,0.580700636272432,0.594956411678565,0.895882278072789,0.821834055093071,0.695867491083758,0.743706662185741
0.686,0.657097425633783,0.593641504737826,0.870303171780123,0.67114665776931,0.581020352519017,0.595314474287717,0.896485126790858,0.82206367665539,0.696230742110519,0.744227655382033
0.688,0.657803530196627,0.593989491566209,0.871472283855373,0.67146461871689,0.581340068765603,0.595672536896869,0.897087975508927,0.82229329821771,0.696593993137281,0.744748648578325
0.69,0.658509634759471,0.594307193638705,0.872641395930623,0.671782579664471,0.581659785012188,0.596030599506022,0.897690824226997,0.822522919780029,0.696957244164043,0.745269641774617
0.692,0.659215739322314,0.594624895711201,0.873810508005874,0.672100540612051,0.581979501258773,0.596371354103261,0.898293672945066,0.822752541342349,0.697320495190805,0.745743947972355
0.694,0.659921843885158,0.594942597783697,0.874979620081124,0.672418501559631,0.582299217505359,0.596701433671081,0.898896521663135,0.822982162904668,0.697682049521113,0.746196039971091
0.696,0.660627948448002,0.595260299856193,0.876148732156375,0.672738978202438,0.582618933751944,0.597031513238901,0.899499370381205,0.823211784466987,0.698000378277771,0.746648131969827
0.698,0.661322956162079,0.595578001928688,0.877317844231625,0.673063392326415,0.582938649998529,0.597361592806721,0.900102219099274,0.823441406029306,0.698318707034429,0.747100223968564
0.7,0.662007861586566,0.595895704001184,0.878486956306876,0.673387806450392,0.583258366245115,0.597691672374541,0.900705067817344,0.823671027591626,0.698637035791087,0.7475523159673
0.702,0.662692767011052,0.59621340607368,0.879656068382126,0.673712220574369,0.5835780824917,0.598021751942361,0.901307916535413,0.823900649153945,0.698955364547746,0.748004407966036
0.704,0.663377672435539,0.596531108146176,0.880825180457376,0.674036634698346,0.583897798738285,0.598351831510181,0.901910765253482,0.824130270716265,0.699273693304404,0.748456499964773
0.706,0.664062577860025,0.596848810218672,0.881994292532627,0.674361048822323,0.584217514984871,0.598681911078001,0.902513613971552,0.824359892278584,0.699592022061062,0.748908591963509
0.708,0.664747483284512,0.597166512291167,0.883163404607877,0.674685462946299,0.584537231231456,0.59901199064582,0.903116462689621,0.824589513840903,0.69991035081772,0.749360683962245
0.71,0.665432388708998,0.597484214363663,0.884332516683128,0.675009877070276,0.584856947478041,0.59934207021364,0.90371931140769,0.824819135403222,0.700228679574379,0.749812775960981
0.712,0.666117294133485,0.597801916436159,0.885501628758378,0.675334291194253,0.585176663724627,0.59967214978146,0.90432216012576,0.825048756965542,0.700547008331037,0.750264867959718
0.714,0.666802199557972,0.598119618508655,0.886670740833629,0.67565870531823,0.585496379971212,0.60000222934928,0.904925008843829,0.825278378527861,0.700865337087695,0.750716959958454
0.716,0.667487104982458,0.598437320581151,0.887839852908879,0.675983119442207,0.585816096217797,0.6003323089171,0.905527857561898,0.825508000090181,0.701183665844354,0.75116905195719
0.718,0.668172010406945,0.598755022653647,0.88900896498413,0.676307533566184,0.586135812464383,0.60066238848492,0.906130706279968,0.8257376216525,0.701501994601012,0.751621143955926
0.72,0.668856915831431,0.599072724726142,0.89017807705938,0.676631947690161,0.586450224923214,0.60099246805274,0.906733554998037,0.825967243214819,0.70182032335767,0.752073235954663
0.722,0.669541821255918,0.599390426798638,0.89134718913463,0.676956361814137,0.586737109948185,0.60132254762056,0.907336403716106,0.826196864777139,0.702138652114328,0.752525327953399
0.724,0.670226726680404,0.599708128871134,0.892516301209881,0.677280775938114,0.587023994973156,0.60165262718838,0.907939252434176,0.826421725160722,0.702456980870987,0.752977419952135
0.726,0.670911632104891,0.60002583094363,0.893685413285131,0.677605190062091,0.587310879998127,0.6019827067562,0.908542101152245,0.826645975822805,0.702775309627645,0.753429511950871
0.728,0.671596537529378,0.600343533016126,0.894854525360382,0.677929604186068,0.587597765023098,0.60231278632402,0.909144949870314,0.826870226484889,0.703093638384303,0.753881603949608
0.73,0.672281442953864,0.600661235088621,0.895908904054511,0.678254018310045,0.587884650048069,0.602642865891839,0.909721306900159,0.827094477146972,0.703411967140962,0.754333695948344
0.732,0.672966348378351,0.600978937161117,0.896903426947027,0.678578432434022,0.58817153507304,0.602972945459659,0.910161282286092,0.827318727809055,0.70373029589762,0.75478578794708
0.734,0.673651253802837,0.601296639233613,0.897897949839543,0.678902846557998,0.588458420098011,0.603303025027479,0.910601257672025,0.827542978471139,0.704048624654278,0.755237879945817
0.736,0.674336159227324,0.601614341306109,0.898892472732059,0.679227260681975,0.588745305122982,0.603633104595299,0.911041233057958,0.827767229133222,0.704366953410936,0.755689971944553
0.738,0.67502106465181,0.601925105880097,0.899886995624575,0.679551674805952,0.589032190147953,0.603963184163119,0.911481208443892,0.827991479795306,0.704685282167595,0.756142063943289
0.74,0.675705970076297,0.6021946160193,0.900881518517091,0.679876088929929,0.589319075172924,0.604293263730939,0.911921183829825,0.828215730457389,0.705003610924253,0.756594155942025
0.742,0.676390875500783,0.602464126158502,0.901876041409607,0.680200503053906,0.589605960197895,0.604594812492404,0.912361159215758,0.828439981119473,0.705321939680911,0.756985189889059
0.744,0.67707578092527,0.602733636297705,0.902870564302123,0.680524917177883,0.589892845222866,0.604878764362976,0.912801134601692,0.828664231781556,0.705638129649387,0.757347171728372
0.746,0.677760686349757,0.603003146436907,0.903865087194639,0.680837824009716,0.590179730247837,0.605162716233548,0.913241109987625,0.82888848244364,0.705899831175999,0.757709153567685
0.748,0.678392178206333,0.60327265657611,0.904859610087155,0.68113272001669,0.590466615272808,0.60544666810412,0.913681085373558,0.829112733105723,0.706161532702611,0.758071135406998
0.75,0.678975043705782,0.603542166715312,0.905854132979671,0.681427616023663,0.590753500297778,0.605730619974691,0.914121060759491,0.829336983767807,0.706423234229224,0.758433117246312
0.752,0.67955790920523,0.603811676854515,0.906848655872187,0.681722512030636,0.591040385322749,0.606014571845263,0.914561036145425,0.82956123442989,0.706684935755836,0.758795099085625
0.754,0.680140774704678,0.604081186993717,0.907843178764703,0.682017408037609,0.59132727034772,0.606298523715835,0.915001011531358,0.829785485091973,0.706946637282448,0.759157080924938
0.756,0.680723640204126,0.60435069713292,0.908837701657219,0.682312304044583,0.591614155372691,0.606582475586407,0.915440986917291,0.830009735754057,0.70720833880906,0.759519062764251
0.758,0.681306505703574,0.604620207272123,0.909832224549735,0.682607200051556,0.591901040397662,0.606866427456979,0.915880962303224,0.83023398641614,0.707470040335672,0.759881044603564
0.76,0.681889371203023,0.604889717411325,0.910826747442251,0.682902096058529,0.592187925422633,0.607150379327551,0.916320937689158,0.830458237078224,0.707731741862284,0.760243026442877
0.762,0.682472236702471,0.605159227550528,0.911821270334767,0.683196992065502,0.592474810447604,0.607434331198123,0.916760913075091,0.830682487740307,0.707993443388896,0.76060500828219
0.764,0.683055102201919,0.60542873768973,0.912815793227283,0.683491888072475,0.592761695472575,0.607718283068694,0.917200888461024,0.830906738402391,0.708255144915508,0.760966990121503
0.766,0.683637967701367,0.605698247828933,0.913810316119799,0.683786784079449,0.593048580497546,0.608002234939266,0.917640863846957,0.831130989064474,0.70851684644212,0.761328971960816
0.768,0.684220833200815,0.605967757968136,0.914804839012315,0.684081680086422,0.593335465522517,0.608286186809838,0.918080839232891,0.831355239726558,0.708778547968732,0.761690953800129
0.77,0.684803698700263,0.606237268107338,0.915799361904831,0.684376576093395,0.593615327524795,0.60857013868041,0.918520814618824,0.831579490388641,0.709040249495344,0.762052935639442
0.772,0.685386564199712,0.606506778246541,0.916793884797347,0.684671472100368,0.593858739012527,0.608854090550982,0.918960790004757,0.831803741050725,0.709301951021956,0.762414917478755
0.774,0.68596942969916,0.606776288385743,0.917788407689864,0.684966368107341,0.594102150500259,0.609138042421554,0.919400765390691,0.832006126100122,0.709563652548568,0.762776899318068
0.776,0.686552295198608,0.607045798524946,0.91878293058238,0.685261264114315,0.594345561987991,0.609421994292126,0.919840740776624,0.832205711016424,0.709825354075181,0.763138881157381
0.778,0.687135160698056,0.607315308664148,0.919777453474896,0.685556160121288,0.594588973475723,0.609705946162697,0.920280716162557,0.832405295932726,0.710087055601793,0.763500862996695
0.78,0.687718026197504,0.607584818803351,0.920594268722059,0.685851056128261,0.594832384963455,0.609989898033269,0.920697309710303,0.832604880849028,0.710348757128405,0.763862844836008
0.782,0.688300891696953,0.607854328942553,0.921318374825106,0.686145952135234,0.595075796451187,0.610273849903841,0.920993531407733,0.83280446576533,0.710610458655017,0.764224826675321
0.784,0.688883757196401,0.608123839081756,0.922042480928153,0.686440848142208,0.595319207938919,0.610557801774413,0.921289753105163,0.833004050681631,0.710872160181629,0.764586808514634
0.786,0.689466622695849,0.608393349220959,0.922766587031201,0.686735744149181,0.595562619426651,0.610841753644985,0.921585974802592,0.833203635597933,0.711133861708241,0.764948790353947
0.788,0.690049488195297,0.608655767686023,0.923490693134248,0.687030640156154,0.595806030914383,0.611125705515557,0.921882196500022,0.833403220514235,0.711395563234853,0.76531077219326
0.79,0.690632353694745,0.608876014897582,0.924214799237295,0.687325536163127,0.596049442402115,0.611409657386129,0.922178418197452,0.833602805430537,0.711657264761465,0.765672754032573
0.792,0.691215219194193,0.609096262109141,0.924938905340342,0.687620432170101,0.596292853889847,0.611662464247785,0.922474639894882,0.833802390346839,0.711918966288077,0.765975000825128
0.794,0.691798084693642,0.6093165093207,0.925663011443389,0.687915328177074,0.596536265377579,0.611896061861833,0.922770861592312,0.83400197526314,0.712178580748956,0.766248825010596
0.796,0.69238095019309,0.609536756532259,0.926387117546437,0.688192676208558,0.596779676865311,0.61212965947588,0.923067083289741,0.834201560179442,0.712385024465384,0.766522649196064
0.798,0.692892204238133,0.609757003743819,0.927111223649484,0.688442558741709,0.597023088353043,0.612363257089928,0.923363304987171,0.834401145095744,0.712591468181812,0.766796473381531
0.8,0.69333826503186,0.609977250955378,0.927835329752531,0.68869244127486,0.597266499840775,0.612596854703976,0.923659526684601,0.834600730012046,0.712797911898239,0.767070297566999
0.802,0.693784325825588,0.610197498166937,0.928559435855578,0.688942323808011,0.597509911328507,0.612830452318024,0.923955748382031,0.834800314928348,0.713004355614667,0.767344121752466
0.804,0.694230386619315,0.610417745378496,0.929283541958626,0.689192206341162,0.597753322816239,0.613064049932071,0.924251970079461,0.83499989984465,0.713210799331095,0.767617945937934
0.806,0.694676447413042,0.610637992590055,0.930007648061673,0.689442088874313,0.597996734303971,0.613297647546119,0.924548191776891,0.835199484760951,0.713417243047522,0.767891770123401
0.808,0.69512250820677,0.610858239801614,0.93073175416472,0.689691971407464,0.598240145791703,0.613531245160167,0.92484441347432,0.835399069677253,0.71362368676395,0.768165594308869
0.81,0.695568569000497,0.611078487013173,0.931455860267767,0.689941853940615,0.598483557279435,0.613764842774215,0.92514063517175,0.835598654593555,0.713830130480378,0.768439418494336
0.812,0.696014629794225,0.611298734224732,0.932179966370814,0.690191736473766,0.598726968767167,0.613998440388262,0.92543685686918,0.835798239509857,0.714036574196806,0.768713242679804
0.814,0.696460690587952,0.611518981436292,0.932904072473862,0.690441619006917,0.598970380254899,0.61423203800231,0.92573307856661,0.835997824426158,0.714243017913233,0.768987066865271
0.816,0.696906751381679,0.611739228647851,0.933628178576909,0.690691501540068,0.599213791742631,0.614465635616358,0.92602930026404,0.83619740934246,0.714449461629661,0.769260891050739
0.818,0.697352812175407,0.61195947585941,0.934352284679956,0.690941384073219,0.599457203230363,0.614699233230405,0.92632552196147,0.836396994258762,0.714655905346089,0.769534715236206
0.82,0.697798872969134,0.612179723070969,0.935076390783003,0.69119126660637,0.599693419509013,0.614932830844453,0.926621743658899,0.836596579175064,0.714862349062517,0.769808539421674
0.822,0.698244933762862,0.612399970282528,0.93580049688605,0.69144114913952,0.599892291600584,0.615166428458501,0.926917965356329,0.836796164091366,0.715068792778944,0.770082363607141
0.824,0.698690994556589,0.612620217494087,0.936524602989098,0.691691031672671,0.600091163692154,0.615400026072549,0.927214187053759,0.83696722263636,0.715275236495372,0.770356187792609
0.826,0.699137055350316,0.612840464705646,0.937248709092145,0.691940914205822,0.600290035783725,0.615633623686596,0.927510408751189,0.837134628064584,0.7154816802118,0.770630011978076
0.828,0.699583116144044,0.613060711917205,0.937972815195192,0.692190796738973,0.600488907875295,0.615867221300644,0.927806630448619,0.837302033492808,0.715688123928227,0.770903836163544
0.83,0.700029176937771,0.613280959128764,0.938523294726534,0.692440679272124,0.600687779966866,0.616100818914692,0.92808499068619,0.837469438921032,0.715894567644655,0.771177660349011
0.832,0.700475237731498,0.613501206340324,0.938983194188423,0.692690561805275,0.600886652058436,0.616334416528739,0.928271398488062,0.837636844349256,0.716101011361083,0.771451484534479
0.834,0.700921298525226,0.613721453551883,0.939443093650311,0.692940444338426,0.601085524150007,0.616568014142787,0.928457806289934,0.837804249777479,0.716307455077511,0.771725308719946
0.836,0.701367359318953,0.613941700763442,0.939902993112199,0.693190326871577,0.601284396241577,0.616801611756835,0.928644214091806,0.837971655205703,0.716513898793938,0.771999132905414
0.838,0.701813420112681,0.614155484144741,0.940362892574088,0.693440209404728,0.601483268333148,0.617035209370883,0.928830621893678,0.838139060633927,0.716720342510366,0.772272957090881
0.84,0.702259480906408,0.614330829800445,0.940822792035976,0.693690091937879,0.601682140424719,0.61726880698493,0.92901702969555,0.838306466062151,0.716926786226794,0.772546781276349
0.842,0.702705541700135,0.614506175456148,0.941282691497864,0.69393997447103,0.601881012516289,0.617473114700248,0.929203437497422,0.838473871490375,0.717133229943221,0.77276968930335
0.844,0.703151602493863,0.614681521111852,0.941742590959753,0.694189857004181,0.60207988460786,0.617659357340721,0.929389845299294,0.838641276918599,0.717337852361364,0.772968370849499
0.846,0.70359766328759,0.614856866767556,0.942202490421641,0.694420887693387,0.60227875669943,0.617845599981193,0.929576253101166,0.838808682346823,0.717496074810328,0.773167052395649
0.848,0.703974541234223,0.615032212423261,0.942662389883529,0.694622412113406,0.602477628791001,0.618031842621666,0.929762660903038,0.838976087775047,0.717654297259292,0.773365733941798
0.85,0.704288436872023,0.615207558078965,0.943122289345418,0.694823936533426,0.602676500882571,0.618218085262138,0.92994906870491,0.83914349320327,0.717812519708256,0.773564415487947
0.852,0.704602332509823,0.615382903734668,0.943582188807306,0.695025460953445,0.602875372974142,0.61840432790261,0.930135476506782,0.839310898631494,0.71797074215722,0.773763097034096
0.854,0.704916228147622,0.615558249390372,0.944042088269194,0.695226985373465,0.603074245065712,0.618590570543083,0.930321884308654,0.839478304059718,0.718128964606184,0.773961778580245
0.856,0.705230123785422,0.615733595046076,0.944501987731083,0.695428509793484,0.603273117157283,0.618776813183555,0.930508292110525,0.839645709487942,0.718287187055148,0.774160460126394
0.858,0.705544019423221,0.61590894070178,0.944961887192971,0.695630034213503,0.603471989248854,0.618963055824028,0.930694699912397,0.839813114916166,0.718445409504112,0.774359141672543
0.86,0.705857915061021,0.616084286357484,0.945421786654859,0.695831558633523,0.603670861340424,0.6191492984645,0.930881107714269,0.83998052034439,0.718603631953076,0.774557823218692
0.862,0.706171810698821,0.616259632013188,0.945881686116748,0.696033083053542,0.603869733431995,0.619335541104972,0.931067515516141,0.840147925772613,0.718761854402041,0.774756504764841
0.864,0.70648570633662,0.616434977668892,0.946341585578636,0.696234607473562,0.604068605523565,0.619521783745445,0.931253923318013,0.840315331200837,0.718920076851005,0.77495518631099
0.866,0.70679960197442,0.616610323324596,0.946801485040524,0.696436131893581,0.604267477615136,0.619708026385917,0.931440331119885,0.840482736629061,0.719078299299969,0.775153867857139
0.868,0.70711349761222,0.6167856689803,0.947261384502413,0.696637656313601,0.604466349706706,0.619894269026389,0.931626738921757,0.840650142057285,0.719236521748933,0.775352549403288
0.87,0.707427393250019,0.616961014636004,0.947721283964301,0.69683918073362,0.604658641074482,0.620080511666862,0.931813146723629,0.840817547485509,0.719394744197897,0.775551230949437
0.872,0.707741288887819,0.617136360291708,0.948181183426189,0.697040705153639,0.604816777523656,0.620266754307334,0.931999554525501,0.840984952913733,0.719552966646861,0.775749912495586
0.874,0.708055184525618,0.617311705947412,0.948641082888078,0.697242229573659,0.60497491397283,0.620452996947807,0.932185962327373,0.841123210869496,0.719711189095825,0.775948594041735
0.876,0.708369080163418,0.617487051603116,0.949100982349966,0.697443753993678,0.605133050422004,0.620639239588279,0.932372370129245,0.841257736169629,0.719869411544789,0.776147275587884
0.878,0.708682975801217,0.61766239725882,0.949560881811854,0.697645278413698,0.605291186871178,0.620825482228751,0.932558777931117,0.841392261469763,0.720027633993753,0.776345957134033
0.88,0.708996871439017,0.617837742914524,0.949881470190712,0.697846802833717,0.605449323320352,0.621011724869224,0.932732879006673,0.841526786769896,0.720185856442717,0.776544638680183
0.882,0.709310767076817,0.618013088570228,0.950129380710112,0.698048327253736,0.605607459769525,0.621197967509696,0.932843623924937,0.841661312070029,0.720344078891681,0.776743320226332
0.884,0.709624662714616,0.618188434225932,0.950377291229512,0.698249851673756,0.605765596218699,0.621384210150168,0.932954368843201,0.841795837370163,0.720502301340645,0.776942001772481
0.886,0.709938558352416,0.618363779881636,0.950625201748912,0.698451376093775,0.605923732667873,0.621570452790641,0.933065113761465,0.841930362670296,0.720660523789609,0.77714068331863
0.888,0.710252453990216,0.618533615806216,0.950873112268311,0.698652900513794,0.606081869117047,0.621756695431113,0.933175858679729,0.842064887970429,0.720818746238573,0.777339364864779
0.89,0.710566349628015,0.618670687638222,0.951121022787711,0.698854424933814,0.606240005566221,0.621942938071586,0.933286603597993,0.842199413270563,0.720976968687537,0.777538046410928
0.892,0.710880245265815,0.618807759470227,0.951368933307111,0.699055949353833,0.606398142015395,0.622103717266447,0.933397348516257,0.842333938570696,0.721135191136501,0.777696752582377
0.894,0.711194140903614,0.618944831302232,0.951616843826511,0.699257473773853,0.606556278464569,0.622248791420639,0.933508093434521,0.842468463870829,0.721291926803753,0.777836438020941
0.896,0.711508036541414,0.619081903134237,0.95186475434591,0.699441396769573,0.606714414913743,0.62239386557483,0.933618838352785,0.842602989170963,0.721410784751457,0.777976123459505
0.898,0.711764237271748,0.619218974966242,0.95211266486531,0.699597770610688,0.606872551362917,0.622538939729021,0.933729583271049,0.842737514471096,0.721529642699162,0.778115808898069
0.9,0.711967914022039,0.619356046798247,0.95236057538471,0.699754144451802,0.60703068781209,0.622684013883212,0.933840328189313,0.842872039771229,0.721648500646867,0.778255494336633
0.902,0.71217159077233,0.619493118630252,0.95260848590411,0.699910518292917,0.607188824261264,0.622829088037404,0.933951073107577,0.843006565071363,0.721767358594572,0.778395179775197
0.904,0.712375267522621,0.619630190462258,0.952856396423509,0.700066892134032,0.607346960710438,0.622974162191595,0.934061818025841,0.843141090371496,0.721886216542277,0.778534865213761
0.906,0.712578944272912,0.619767262294263,0.953104306942909,0.700223265975146,0.607505097159612,0.623119236345786,0.934172562944105,0.843275615671629,0.722005074489982,0.778674550652325
0.908,0.712782621023203,0.619904334126268,0.953352217462309,0.700379639816261,0.607663233608786,0.623264310499978,0.934283307862368,0.843410140971762,0.722123932437686,0.778814236090889
0.91,0.712986297773494,0.620041405958273,0.953600127981709,0.700536013657376,0.60782137005796,0.623409384654169,0.934394052780632,0.843544666271896,0.722242790385391,0.778953921529453
0.912,0.713189974523785,0.620178477790278,0.953848038501108,0.70069238749849,0.607979506507134,0.62355445880836,0.934504797698896,0.843679191572029,0.722361648333096,0.779093606968017
0.914,0.713393651274076,0.620315549622283,0.954095949020508,0.700848761339605,0.608137642956308,0.623699532962551,0.934615542617161,0.843813716872162,0.722480506280801,0.779233292406581
0.916,0.713597328024367,0.620452621454288,0.954343859539908,0.701005135180719,0.608295779405482,0.623844607116742,0.934726287535425,0.843948242172296,0.722599364228506,0.779372977845145
0.918,0.713801004774658,0.620589693286294,0.954591770059308,0.701161509021834,0.608453915854655,0.623989681270934,0.934837032453689,0.844082767472429,0.722718222176211,0.779512663283709
0.92,0.714004681524949,0.620726765118299,0.954839680578707,0.701317882862949,0.608606405925466,0.624134755425125,0.934947777371952,0.844217292772562,0.722837080123915,0.779652348722273
0.922,0.71420835827524,0.620863836950304,0.955087591098107,0.701474256704063,0.608729590467065,0.624279829579316,0.935058522290216,0.844351818072696,0.72295593807162,0.779792034160837
0.924,0.714412035025531,0.621000908782309,0.955335501617507,0.701630630545178,0.608852775008664,0.624424903733508,0.93516926720848,0.84445971709286,0.723074796019325,0.779931719599401
0.926,0.714615711775822,0.621137980614314,0.955583412136907,0.701787004386293,0.608975959550263,0.624569977887699,0.935280012126744,0.844564206323927,0.72319365396703,0.780071405037965
0.928,0.714819388526113,0.621275052446319,0.955831322656306,0.701943378227407,0.609099144091862,0.62471505204189,0.935390757045009,0.844668695554993,0.723312511914735,0.780211090476529
0.93,0.715023065276404,0.621412124278324,0.955982190099327,0.702099752068522,0.609222328633461,0.624860126196081,0.935493813236168,0.844773184786059,0.72343136986244,0.780350775915093
0.932,0.715226742026694,0.62154919611033,0.956082430679695,0.702256125909636,0.60934551317506,0.625005200350273,0.935557287154084,0.844877674017126,0.723550227810145,0.780490461353657
0.934,0.715430418776986,0.621686267942335,0.956182671260063,0.702412499750751,0.609468697716659,0.625150274504464,0.935620761071999,0.844982163248192,0.723669085757849,0.780630146792221
0.936,0.715634095527276,0.62182333977434,0.956282911840431,0.702568873591866,0.609591882258258,0.625295348658655,0.935684234989915,0.845086652479259,0.723787943705554,0.780769832230785
0.938,0.715837772277567,0.621955896832387,0.956383152420799,0.70272524743298,0.609715066799857,0.625440422812847,0.93574770890783,0.845191141710325,0.723906801653259,0.780909517669349
0.94,0.716041449027858,0.622061606396685,0.956483393001168,0.702881621274095,0.609838251341457,0.625585496967038,0.935811182825745,0.845295630941391,0.724025659600964,0.781049203107913
0.942,0.716245125778149,0.622167315960983,0.956583633581536,0.70303799511521,0.609961435883056,0.625709499753533,0.935874656743661,0.845400120172458,0.724144517548669,0.781159215017969
0.944,0.71644880252844,0.622273025525281,0.956683874161904,0.703194368956324,0.610084620424655,0.625820506392856,0.935938130661576,0.845504609403524,0.724262210966278,0.781255107929423
0.946,0.716652479278731,0.622378735089579,0.956784114742272,0.703335599104767,0.610207804966254,0.625931513032179,0.936001604579492,0.84560909863459,0.724350236448122,0.781351000840877
0.948,0.716812805726336,0.622484444653877,0.95688435532264,0.703453126857106,0.610330989507853,0.626042519671503,0.936065078497407,0.845713587865657,0.724438261929967,0.781446893752331
0.95,0.716933667158168,0.622590154218175,0.956984595903008,0.703570654609445,0.610454174049452,0.626153526310826,0.936128552415323,0.845818077096723,0.724526287411811,0.781542786663785
0.952,0.71705452859,0.622695863782473,0.957084836483376,0.703688182361784,0.610577358591051,0.626264532950149,0.936192026333238,0.84592256632779,0.724614312893656,0.781638679575239
0.954,0.717175390021831,0.622801573346771,0.957185077063745,0.703805710114123,0.61070054313265,0.626375539589473,0.936255500251153,0.846027055558856,0.7247023383755,0.781734572486693
0.956,0.717296251453663,0.622907282911069,0.957285317644113,0.703923237866462,0.610823727674249,0.626486546228796,0.936318974169069,0.846131544789922,0.724790363857345,0.781830465398146
0.958,0.717417112885495,0.623012992475367,0.957385558224481,0.704040765618801,0.610946912215848,0.62659755286812,0.936382448086984,0.846236034020989,0.724878389339189,0.7819263583096
0.96,0.717537974317327,0.623118702039665,0.957485798804849,0.70415829337114,0.611070096757447,0.626708559507443,0.9364459220049,0.846340523252055,0.724966414821033,0.782022251221054
0.962,0.717658835749158,0.623224411603963,0.957586039385217,0.704275821123479,0.611193281299046,0.626819566146766,0.936509395922815,0.846445012483122,0.725054440302878,0.782118144132508
0.964,0.71777969718099,0.623330121168261,0.957686279965585,0.704393348875818,0.611316465840645,0.62693057278609,0.936572869840731,0.846549501714188,0.725142465784722,0.782214037043962
0.966,0.717900558612822,0.623435830732559,0.957786520545954,0.704510876628157,0.611439650382244,0.627041579425413,0.936636343758646,0.846653990945254,0.725230491266567,0.782309929955416
0.968,0.718021420044654,0.623541540296857,0.957886761126322,0.704628404380496,0.611562834923844,0.627152586064736,0.936699817676562,0.846758480176321,0.725318516748411,0.78240582286687
0.97,0.718142281476485,0.623647249861155,0.95798700170669,0.704745932132834,0.611681381206991,0.62726359270406,0.936763291594477,0.846862969407387,0.725406542230256,0.782501715778323
0.972,0.718263142908317,0.623752959425453,0.958087242287058,0.704863459885174,0.611775854250658,0.627374599343383,0.936826765512392,0.846967458638453,0.7254945677121,0.782597608689777
0.974,0.718384004340149,0.623858668989751,0.958187482867426,0.704980987637512,0.611870327294324,0.627485605982706,0.936890239430308,0.847049212248863,0.725582593193944,0.782693501601231
0.976,0.718504865771981,0.623964378554049,0.958287723447795,0.705098515389851,0.61196480033799,0.62759661262203,0.936953713348223,0.847128054312051,0.725670618675789,0.782789394512685
0.978,0.718625727203812,0.624070088118347,0.958387964028163,0.70521604314219,0.612059273381657,0.627707619261353,0.937017187266139,0.847206896375239,0.725758644157633,0.782885287424139
0.98,0.718746588635644,0.624175797682645,0.95842989314535,0.705333570894529,0.612153746425323,0.627818625900676,0.937076254113039,0.847285738438427,0.725846669639478,0.782981180335593
0.982,0.718867450067476,0.624281507246943,0.958441401478824,0.705451098646868,0.61224821946899,0.62792963254,0.937112632953622,0.847364580501616,0.725934695121322,0.783077073247047
0.984,0.718988311499308,0.624387216811241,0.958452909812298,0.705568626399207,0.612342692512656,0.628040639179323,0.937149011794205,0.847443422564804,0.726022720603167,0.7831729661585
0.986,0.71910917293114,0.624492926375539,0.958464418145771,0.705686154151546,0.612437165556323,0.628151645818646,0.937185390634787,0.847522264627992,0.726110746085011,0.783268859069954
0.988,0.719230034362971,0.624595048606439,0.958475926479245,0.705803681903885,0.612531638599989,0.62826265245797,0.93722176947537,0.84760110669118,0.726198771566855,0.783364751981408
0.99,0.719350895794803,0.624675838449076,0.958487434812718,0.705921209656224,0.612626111643656,0.628373659097293,0.937258148315953,0.847679948754368,0.7262867970487,0.783460644892862
0.992,0.719471757226635,0.624756628291713,0.958498943146192,0.706038737408563,0.612720584687323,0.628467860933364,0.937294527156535,0.847758790817556,0.726374822530544,0.783535415828868
0.994,0.719592618658466,0.624837418134351,0.958510451479666,0.706156265160902,0.612815057730989,0.628551698103059,0.937330905997118,0.847837632880745,0.72646196351445,0.783600136691395
0.996,0.719713480090298,0.624918207976988,0.958521959813139,0.706261431338513,0.612909530774655,0.628635535272754,0.937367284837701,0.847916474943933,0.726526570750086,0.783664857553924
0.998,0.719804449713886,0.624998997819625,0.958533468146613,0.706347249597026,0.613004003818322,0.628719372442449,0.937403663678283,0.847995317007121,0.726591177985722,0.783729578416452
1,0.719868206593599,0.625079787662263,0.958544976480087,0.706433067855539,0.613098476861989,0.628803209612144,0.937440042518866,0.848074159070309,0.726655785221359,0.78379429927898
1.002,0.719931963473313,0.6251605775049,0.95855648481356,0.706518886114052,0.613192949905655,0.628887046781839,0.937476421359449,0.848153001133497,0.726720392456995,0.783859020141508
1.004,0.719995720353026,0.625241367347537,0.958567993147034,0.706604704372566,0.613287422949322,0.628970883951534,0.937512800200031,0.848231843196686,0.726784999692631,0.783923741004036
1.006,0.72005947723274,0.625322157190175,0.958579501480507,0.706690522631079,0.613381895992988,0.629054721121229,0.937549179040614,0.848310685259874,0.726849606928267,0.783988461866564
1.008,0.720123234112453,0.625402947032812,0.958591009813981,0.706776340889592,0.613476369036655,0.629138558290924,0.937585557881197,0.848389527323062,0.726914214163903,0.784053182729092
1.01,0.720186990992167,0.625483736875449,0.958602518147455,0.706862159148105,0.613570842080321,0.629222395460619,0.937621936721779,0.84846836938625,0.726978821399539,0.78411790359162
1.012,0.720250747871881,0.625564526718087,0.958614026480928,0.706947977406618,0.613665315123988,0.629306232630314,0.937658315562362,0.848547211449438,0.727043428635176,0.784182624454148
1.014,0.720314504751594,0.625645316560724,0.958625534814402,0.707033795665131,0.613759788167654,0.629390069800009,0.937694694402945,0.848626053512626,0.727108035870812,0.784247345316676
1.016,0.720378261631308,0.625726106403361,0.958637043147875,0.707119613923644,0.613854261211321,0.629473906969704,0.937731073243527,0.848704895575815,0.727172643106448,0.784312066179204
1.018,0.720442018511022,0.625806896245999,0.958648551481349,0.707205432182157,0.613948734254987,0.629557744139399,0.93776745208411,0.848783737639003,0.727237250342084,0.784376787041732
1.02,0.720505775390735,0.625887686088636,0.958660059814823,0.70729125044067,0.614039505946141,0.629641581309094,0.937803830924693,0.848862579702191,0.72730185757772,0.78444150790426
1.022,0.720569532270449,0.625968475931273,0.958671568148296,0.707377068699183,0.614111067076614,0.629725418478789,0.937840209765275,0.848941421765379,0.727366464813356,0.784506228766789
1.024,0.720633289150162,0.626049265773911,0.95868307648177,0.707462886957696,0.614182628207087,0.629809255648484,0.937876588605858,0.849001899923881,0.727431072048992,0.784570949629317
1.026,0.720697046029876,0.626130055616548,0.958694584815244,0.707548705216209,0.61425418933756,0.629893092818179,0.937912967446441,0.849060026381653,0.727495679284629,0.784635670491845
1.028,0.72076080290959,0.626210845459185,0.958706093148717,0.707634523474722,0.614325750468033,0.629976929987873,0.937949346287023,0.849118152839426,0.727560286520265,0.784700391354373
1.03,0.720824559789303,0.626291635301823,0.958688768242122,0.707720341733235,0.614397311598506,0.630060767157568,0.937983410448828,0.849176279297199,0.727624893755901,0.784765112216901
1.032,0.720888316669017,0.62637242514446,0.958656401185801,0.707806159991748,0.614468872728979,0.630144604327263,0.938005558431712,0.849234405754972,0.727689500991537,0.784829833079429
1.034,0.72095207354873,0.626453214987097,0.95862403412948,0.707891978250261,0.614540433859452,0.630228441496958,0.938027706414596,0.849292532212745,0.727754108227173,0.784894553941957
1.036,0.721015830428444,0.626534004829735,0.958591667073159,0.707977796508774,0.614611994989925,0.630312278666653,0.93804985439748,0.849350658670518,0.727818715462809,0.784959274804485
1.038,0.721079587308157,0.626612009579498,0.958559300016838,0.708063614767287,0.614683556120398,0.630396115836348,0.938072002380364,0.849408785128291,0.727883322698446,0.785023995667013
1.04,0.721143344187871,0.626673452533647,0.958526932960517,0.7081494330258,0.614755117250872,0.630479953006043,0.938094150363248,0.849466911586064,0.727947929934082,0.785088716529541
1.042,0.721207101067585,0.626734895487795,0.958494565904196,0.708235251284314,0.614826678381345,0.630550691321077,0.938116298346132,0.849525038043837,0.728012537169718,0.785138875937075
1.044,0.721270857947298,0.626796338441944,0.958462198847875,0.708321069542827,0.614898239511818,0.630613350680562,0.938138446329016,0.849583164501609,0.728076484848659,0.785182106840549
1.046,0.721334614827012,0.626857781396093,0.958429831791554,0.708397205739795,0.614969800642291,0.630676010040048,0.9381605943119,0.849641290959382,0.728123629453344,0.785225337744023
1.048,0.721379396769789,0.626919224350242,0.958397464735233,0.708458187901164,0.615041361772764,0.630738669399533,0.938182742294784,0.849699417417155,0.728170774058029,0.785268568647497
1.05,0.721406904411372,0.626980667304391,0.958365097678912,0.708519170062534,0.615112922903237,0.630801328759018,0.938204890277668,0.849757543874928,0.728217918662714,0.785311799550971
1.052,0.721434412052955,0.62704211025854,0.958332730622591,0.708580152223904,0.61518448403371,0.630863988118504,0.938227038260552,0.849815670332701,0.728265063267399,0.785355030454445
1.054,0.721461919694537,0.627103553212689,0.958300363566269,0.708641134385274,0.615256045164183,0.630926647477989,0.938249186243436,0.849873796790474,0.728312207872084,0.785398261357919
1.056,0.72148942733612,0.627164996166838,0.958267996509948,0.708702116546644,0.615327606294656,0.630989306837474,0.938271334226319,0.849931923248247,0.728359352476769,0.785441492261393
1.058,0.721516934977703,0.627226439120987,0.958235629453627,0.708763098708013,0.615399167425129,0.63105196619696,0.938293482209203,0.84999004970602,0.728406497081454,0.785484723164867
1.06,0.721544442619286,0.627287882075135,0.958203262397306,0.708824080869383,0.615470728555602,0.631114625556445,0.938315630192087,0.850048176163792,0.728453641686139,0.785527954068341
1.062,0.721571950260868,0.627349325029284,0.958170895340985,0.708885063030753,0.615542289686075,0.631177284915931,0.938337778174971,0.850106302621565,0.728500786290824,0.785571184971815
1.064,0.721599457902451,0.627410767983433,0.958138528284664,0.708946045192123,0.615613850816548,0.631239944275416,0.938359926157855,0.850164429079338,0.728547930895509,0.785614415875289
1.066,0.721626965544034,0.627472210937582,0.958106161228343,0.709007027353492,0.615685411947021,0.631302603634901,0.938382074140739,0.850222555537111,0.728595075500194,0.785657646778763
1.068,0.721654473185617,0.627533653891731,0.958073794172022,0.709068009514862,0.615756973077494,0.631365262994387,0.938404222123623,0.850280681994884,0.728642220104879,0.785700877682237
1.07,0.721681980827199,0.62759509684588,0.958041427115701,0.709128991676232,0.615825635323853,0.631427922353872,0.938426370106507,0.850338808452657,0.728689364709564,0.785744108585711
1.072,0.721709488468782,0.627656539800029,0.95800906005938,0.709189973837602,0.61587925193784,0.631490581713357,0.938448518089391,0.85039693491043,0.728736509314249,0.785787339489185
1.074,0.721736996110365,0.627717982754177,0.957976693003059,0.709250955998971,0.615932868551827,0.631553241072843,0.938470666072275,0.850440582145227,0.728783653918934,0.785830570392659
1.076,0.721764503751948,0.627779425708326,0.957944325946738,0.709311938160341,0.615986485165815,0.631615900432328,0.938492814055159,0.850482375155675,0.728830798523619,0.785873801296133
1.078,0.72179201139353,0.627840868662475,0.957911958890417,0.709372920321711,0.616040101779802,0.631678559791814,0.938514962038043,0.850524168166122,0.728877943128304,0.785917032199607
1.08,0.721819519035113,0.627902311616624,0.957869836119741,0.709433902483081,0.616093718393789,0.631741219151299,0.938535952080754,0.85056596117657,0.728925087732989,0.785960263103081
1.082,0.721847026676696,0.627963754570773,0.957822623844186,0.70949488464445,0.616147335007776,0.631803878510784,0.938550980941116,0.850607754187018,0.728972232337674,0.786003494006555
1.084,0.721874534318279,0.628025197524922,0.957775411568631,0.70955586680582,0.616200951621763,0.63186653787027,0.938566009801478,0.850649547197465,0.729019376942359,0.786046724910029
1.086,0.721902041959861,0.628086640479071,0.957728199293076,0.70961684896719,0.61625456823575,0.631929197229755,0.93858103866184,0.850691340207913,0.729066521547044,0.786089955813503
1.088,0.721929549601444,0.62814593462389,0.957680987017521,0.70967783112856,0.616308184849738,0.631991856589241,0.938596067522202,0.850733133218361,0.729113666151729,0.786133186716977
1.09,0.721957057243027,0.628192450688213,0.957633774741966,0.709738813289929,0.616361801463725,0.632054515948726,0.938611096382564,0.850774926228808,0.729160810756414,0.786176417620451
1.092,0.721984564884609,0.628238966752536,0.957586562466411,0.709799795451299,0.616415418077712,0.632107096818473,0.938626125242926,0.850816719239256,0.729207955361099,0.786209835108424
1.094,0.722012072526192,0.628285482816859,0.957539350190855,0.709860777612669,0.616469034691699,0.632153461597371,0.938641154103288,0.850858512249704,0.729254612431648,0.786238583262931
1.096,0.722039580167775,0.628331998881182,0.957492137915301,0.709914439744217,0.616522651305686,0.632199826376268,0.93865618296365,0.850900305260152,0.729288848928886,0.786267331417437
1.098,0.722056131717914,0.628378514945506,0.957444925639745,0.709956644812414,0.616576267919673,0.632246191155166,0.938671211824012,0.850942098270599,0.729323085426124,0.786296079571943
1.1,0.722062709120357,0.628425031009829,0.95739771336419,0.709998849880611,0.616629884533661,0.632292555934064,0.938686240684375,0.850983891281047,0.729357321923362,0.78632482772645
1.102,0.722069286522801,0.628471547074152,0.957350501088636,0.710041054948808,0.616683501147648,0.632338920712962,0.938701269544737,0.851025684291495,0.7293915584206,0.786353575880956
1.104,0.722075863925244,0.628518063138475,0.95730328881308,0.710083260017005,0.616737117761635,0.63238528549186,0.938716298405099,0.851067477301942,0.729425794917838,0.786382324035462
1.106,0.722082441327688,0.628564579202798,0.957256076537525,0.710125465085202,0.616790734375622,0.632431650270758,0.938731327265461,0.85110927031239,0.729460031415076,0.786411072189968
1.108,0.722089018730131,0.628611095267121,0.95720886426197,0.710167670153399,0.616844350989609,0.632478015049656,0.938746356125823,0.851151063322838,0.729494267912314,0.786439820344475
1.11,0.722095596132574,0.628657611331445,0.957161651986415,0.710209875221596,0.616897967603597,0.632524379828554,0.938761384986185,0.851192856333286,0.729528504409552,0.786468568498981
1.112,0.722102173535018,0.628704127395768,0.95711443971086,0.710252080289793,0.616951584217584,0.632570744607451,0.938776413846547,0.851234649343733,0.72956274090679,0.786497316653487
1.114,0.722108750937461,0.628750643460091,0.957067227435305,0.71029428535799,0.617005200831571,0.632617109386349,0.938791442706909,0.851276442354181,0.729596977404028,0.786526064807993
1.116,0.722115328339905,0.628797159524414,0.95702001515975,0.710336490426187,0.617058817445558,0.632663474165247,0.938806471567271,0.851318235364629,0.729631213901266,0.7865548129625
1.118,0.722121905742348,0.628843675588737,0.956972802884195,0.710378695494384,0.617112434059545,0.632709838944145,0.938821500427633,0.851360028375076,0.729665450398504,0.786583561117006
1.12,0.722128483144792,0.62889019165306,0.95692559060864,0.710420900562581,0.617163837552111,0.632756203723043,0.938836529287995,0.851401821385524,0.729699686895742,0.786612309271512
1.122,0.722135060547235,0.628936707717384,0.956878378333085,0.710463105630778,0.617203754620941,0.632802568501941,0.938851558148357,0.851443614395972,0.72973392339298,0.786641057426019
1.124,0.722141637949678,0.628983223781707,0.95683116605753,0.710505310698974,0.617243671689771,0.632848933280839,0.938866587008719,0.851474307640252,0.729768159890218,0.786669805580525
1.126,0.722148215352122,0.62902973984603,0.956783953781975,0.710547515767171,0.617283588758601,0.632895298059736,0.938881615869081,0.851503579436935,0.729802396387456,0.786698553735031
1.128,0.722154792754565,0.629076255910353,0.95673674150642,0.710589720835368,0.61732350582743,0.632941662838634,0.938896644729443,0.851532851233618,0.729836632884694,0.786727301889537
1.13,0.722161370157009,0.629122771974676,0.956690728085407,0.710631925903565,0.61736342289626,0.632988027617532,0.938911116476551,0.851562123030302,0.729870869381932,0.786756050044044
1.132,0.722167947559452,0.629169288038999,0.956645340100504,0.710674130971762,0.61740333996509,0.63303439239643,0.938922720153462,0.851591394826985,0.72990510587917,0.78678479819855
1.134,0.722174524961895,0.629215804103323,0.956599952115601,0.710716336039959,0.61744325703392,0.633080757175328,0.938934323830373,0.851620666623668,0.729939342376408,0.786813546353056
1.136,0.722181102364339,0.629262320167646,0.956554564130698,0.710758541108156,0.61748317410275,0.633127121954226,0.938945927507285,0.851649938420352,0.729973578873646,0.786842294507563
1.138,0.722187679766782,0.629307183053699,0.956509176145795,0.710800746176353,0.617523091171579,0.633173486733124,0.938957531184196,0.851679210217035,0.730007815370884,0.786871042662069
1.14,0.722194257169226,0.629342215172218,0.956463788160892,0.71084295124455,0.617563008240409,0.633219851512022,0.938969134861107,0.851708482013718,0.730042051868122,0.786899790816575
1.142,0.722200834571669,0.629377247290736,0.956418400175989,0.710885156312747,0.617602925309239,0.633258620454204,0.938980738538018,0.851737753810402,0.73007628836536,0.786921961610036
1.144,0.722207411974113,0.629412279409254,0.956373012191086,0.710927361380944,0.617642842378069,0.633292704526697,0.938992342214929,0.851767025607085,0.730110170199232,0.786941002821136
1.146,0.722213989376556,0.629447311527772,0.956327624206183,0.710964178290866,0.617682759446899,0.633326788599189,0.939003945891841,0.851796297403768,0.730135016517399,0.786960044032236
1.148,0.722215023049745,0.62948234364629,0.95628223622128,0.710992561837509,0.617722676515728,0.633360872671682,0.939015549568752,0.851825569200452,0.730159862835566,0.786979085243336
1.15,0.722211009852466,0.629517375764809,0.956236848236377,0.711020945384152,0.617762593584558,0.633394956744175,0.939027153245663,0.851854840997135,0.730184709153732,0.786998126454436
1.152,0.722206996655186,0.629552407883327,0.956191460251474,0.711049328930795,0.617802510653388,0.633429040816667,0.939038756922574,0.851884112793818,0.730209555471899,0.787017167665536
1.154,0.722202983457907,0.629587440001845,0.956146072266571,0.711077712477437,0.617842427722218,0.63346312488916,0.939050360599486,0.851913384590502,0.730234401790066,0.787036208876636
1.156,0.722198970260627,0.629622472120363,0.956100684281668,0.71110609602408,0.617882344791048,0.633497208961653,0.939061964276397,0.851942656387185,0.730259248108233,0.787055250087736
1.158,0.722194957063348,0.629657504238881,0.956055296296765,0.711134479570723,0.617922261859878,0.633531293034145,0.939073567953308,0.851971928183868,0.730284094426399,0.787074291298836
1.16,0.722190943866068,0.6296925363574,0.956009908311862,0.711162863117365,0.617962178928707,0.633565377106638,0.939085171630219,0.852001199980552,0.730308940744566,0.787093332509936
1.162,0.722186930668788,0.629727568475918,0.955964520326959,0.711191246664008,0.618002095997537,0.63359946117913,0.939096775307131,0.852030471777235,0.730333787062733,0.787112373721036
1.164,0.722182917471509,0.629762600594436,0.955919132342056,0.711219630210651,0.618042013066367,0.633633545251623,0.939108378984042,0.852059743573918,0.7303586333809,0.787131414932136
1.166,0.722178904274229,0.629797632712954,0.955873744357153,0.711248013757294,0.618081930135197,0.633667629324116,0.939119982660953,0.852089015370602,0.730383479699066,0.787150456143235
1.168,0.72217489107695,0.629832664831472,0.955828356372251,0.711276397303937,0.618121847204027,0.633701713396609,0.939131586337864,0.852118287167285,0.730408326017233,0.787169497354335
1.17,0.72217087787967,0.629867696949991,0.955782968387348,0.711304780850579,0.618160084914825,0.633735797469101,0.939143190014775,0.852147558963968,0.7304331723354,0.787188538565435
1.172,0.72216686468239,0.629902729068509,0.955737580402445,0.711333164397222,0.618189606511917,0.633769881541594,0.939154793691687,0.852176830760651,0.730458018653567,0.787207579776535
1.174,0.722162851485111,0.629937761187027,0.955692192417542,0.711361547943865,0.618219128109009,0.633803965614086,0.939166397368598,0.852197959766159,0.730482864971733,0.787226620987635
1.176,0.722158838287831,0.629972793305545,0.955646804432639,0.711389931490507,0.618248649706101,0.633838049686579,0.939178001045509,0.852218045997362,0.7305077112899,0.787245662198735
1.178,0.722154825090552,0.630007825424063,0.955601416447736,0.71141831503715,0.618278171303193,0.633872133759072,0.93918960472242,0.852238132228565,0.730532557608067,0.787264703409835
1.18,0.722150811893272,0.630042857542582,0.955562224574417,0.711446698583793,0.618307692900284,0.633906217831564,0.939200922142098,0.852258218459768,0.730557403926234,0.787283744620935
1.182,0.722146798695993,0.6300778896611,0.955526265179929,0.711475082130436,0.618337214497376,0.633940301904057,0.939210765883248,0.852278304690971,0.7305822502444,0.787302785832035
1.184,0.722142785498713,0.630112921779618,0.955490305785441,0.711503465677078,0.618366736094468,0.63397438597655,0.939220609624397,0.852298390922174,0.730607096562567,0.787321827043135
1.186,0.722138772301433,0.630147953898136,0.955454346390953,0.711531849223721,0.61839625769156,0.634008470049042,0.939230453365547,0.852318477153377,0.730631942880734,0.787340868254235
1.188,0.722134759104154,0.630181740144777,0.955418386996466,0.711560232770364,0.618425779288652,0.634042554121535,0.939240297106696,0.85233856338458,0.730656789198901,0.787359909465335
1.19,0.722130745906874,0.630208117706567,0.955382427601978,0.711588616317007,0.618455300885744,0.634076638194027,0.939250140847846,0.852358649615784,0.730681635517067,0.787378950676435
1.192,0.722126732709595,0.630234495268358,0.95534646820749,0.711616999863649,0.618484822482836,0.634105072759635,0.939259984588996,0.852378735846987,0.730706481835234,0.787393703517055
1.194,0.722122719512315,0.630260872830148,0.955310508813002,0.711645383410292,0.618514344079928,0.634130022889683,0.939269828330145,0.85239882207819,0.730731069290806,0.78740641590277
1.196,0.722118706315036,0.630287250391938,0.955274549418515,0.711669918185192,0.61854386567702,0.63415497301973,0.939279672071295,0.852418908309393,0.730749061881331,0.787419128288486
1.198,0.722112507540573,0.630313627953728,0.955238590024027,0.711688428992601,0.618573387274112,0.634179923149777,0.939289515812444,0.852438994540596,0.730767054471856,0.787431840674201
1.2,0.72210431907209,0.630340005515518,0.955202630629539,0.711706939800009,0.618602908871204,0.634204873279824,0.939299359553594,0.852459080771799,0.730785047062381,0.787444553059916
1.202,0.722096130603608,0.630366383077308,0.955166671235052,0.711725450607418,0.618632430468296,0.634229823409871,0.939309203294744,0.852479167003002,0.730803039652906,0.787457265445631
1.204,0.722087942135125,0.630392760639098,0.955130711840564,0.711743961414827,0.618661952065387,0.634254773539918,0.939319047035893,0.852499253234205,0.730821032243431,0.787469977831346
1.206,0.722079753666642,0.630419138200888,0.955094752446076,0.711762472222235,0.618691473662479,0.634279723669966,0.939328890777043,0.852519339465408,0.730839024833956,0.787482690217061
1.208,0.72207156519816,0.630445515762678,0.955058793051588,0.711780983029644,0.618720995259571,0.634304673800013,0.939338734518192,0.852539425696611,0.730857017424481,0.787495402602776
1.21,0.722063376729677,0.630471893324468,0.9550228336571,0.711799493837052,0.618750516856663,0.63432962393006,0.939348578259342,0.852559511927814,0.730875010015006,0.787508114988491
1.212,0.722055188261195,0.630498270886258,0.954986874262613,0.711818004644461,0.618780038453755,0.634354574060107,0.939358422000492,0.852579598159017,0.730893002605531,0.787520827374206
1.214,0.722046999792712,0.630524648448048,0.954950914868125,0.711836515451869,0.618809560050847,0.634379524190154,0.939368265741641,0.85259968439022,0.730910995196056,0.787533539759921
1.216,0.722038811324229,0.630551026009838,0.954914955473637,0.711855026259278,0.618839081647939,0.634404474320201,0.939378109482791,0.852619770621423,0.73092898778658,0.787546252145636
1.218,0.722030622855747,0.630577403571629,0.954878996079149,0.711873537066686,0.618868603245031,0.634429424450248,0.93938795322394,0.852639856852626,0.730946980377105,0.787558964531351
1.22,0.722022434387264,0.630603781133419,0.954843036684662,0.711892047874095,0.618896855527652,0.634454374580296,0.93939779696509,0.852659943083829,0.73096497296763,0.787571676917066
1.222,0.722014245918782,0.630630158695209,0.954807077290174,0.711910558681503,0.618918519882593,0.634479324710343,0.93940764070624,0.852680029315032,0.730982965558155,0.787584389302781
1.224,0.722006057450299,0.630656536256999,0.954771117895686,0.711929069488912,0.618940184237534,0.63450427484039,0.939417484447389,0.852694192241917,0.73100095814868,0.787597101688497
1.226,0.721997868981817,0.630682913818789,0.954735158501198,0.71194758029632,0.618961848592475,0.634529224970437,0.939427328188539,0.852707596624292,0.731018950739205,0.787609814074212
1.228,0.721989680513334,0.630709291380579,0.954699199106711,0.711966091103729,0.618983512947416,0.634554175100484,0.939437171929688,0.852721001006667,0.73103694332973,0.787622526459927
1.23,0.721981492044851,0.630735668942369,0.954670564092714,0.711984601911138,0.619005177302357,0.634579125230531,0.939446813676918,0.852734405389042,0.731054935920255,0.787635238845642
1.232,0.721973303576369,0.630762046504159,0.954645750169504,0.712003112718546,0.619026841657298,0.634604075360579,0.9394554155409,0.852747809771417,0.73107292851078,0.787647951231357
1.234,0.721965115107886,0.630788424065949,0.954620936246294,0.712021623525955,0.619048506012239,0.634629025490626,0.939464017404882,0.852761214153792,0.731090921101305,0.787660663617072
1.236,0.721956926639403,0.630814801627739,0.954596122323084,0.712040134333363,0.61907017036718,0.634653975620673,0.939472619268863,0.852774618536167,0.73110891369183,0.787673376002787
1.238,0.721948738170921,0.630840241492208,0.954571308399874,0.712058645140772,0.619091834722121,0.63467892575072,0.939481221132844,0.852788022918542,0.731126906282354,0.787686088388502
1.24,0.721940549702438,0.630860105258469,0.954546494476664,0.71207715594818,0.619113499077062,0.634703875880767,0.939489822996826,0.852801427300917,0.731144898872879,0.787698800774217
1.242,0.721932361233956,0.63087996902473,0.954521680553454,0.712095666755589,0.619135163432003,0.634724624025613,0.939498424860807,0.852814831683292,0.731162891463404,0.787708695803277
1.244,0.721924172765473,0.630899832790991,0.954496866630244,0.712114177562997,0.619156827786945,0.63474278052008,0.939507026724789,0.852828236065667,0.731180696384924,0.787717250302354
1.246,0.72191598429699,0.630919696557252,0.954472052707034,0.712130004680882,0.619178492141886,0.634760937014546,0.93951562858877,0.852841640448041,0.731193720191715,0.78772580480143
1.248,0.721907492210264,0.630939560323514,0.954447238783824,0.712141631378597,0.619200156496827,0.634779093509013,0.939524230452752,0.852855044830416,0.731206743998506,0.787734359300507
1.25,0.721898723717191,0.630959424089775,0.954422424860614,0.712153258076313,0.619221820851768,0.634797250003479,0.939532832316734,0.852868449212791,0.731219767805297,0.787742913799583
1.252,0.721889955224118,0.630979287856036,0.954397610937404,0.712164884774029,0.619243485206709,0.634815406497946,0.939541434180715,0.852881853595166,0.731232791612088,0.78775146829866
1.254,0.721881186731046,0.630999151622297,0.954372797014194,0.712176511471745,0.61926514956165,0.634833562992412,0.939550036044697,0.852895257977541,0.731245815418879,0.787760022797736
1.256,0.721872418237973,0.631019015388558,0.954347983090984,0.712188138169461,0.619286813916591,0.634851719486879,0.939558637908678,0.852908662359916,0.73125883922567,0.787768577296813
1.258,0.7218636497449,0.631038879154819,0.954323169167774,0.712199764867177,0.619308478271532,0.634869875981345,0.93956723977266,0.852922066742291,0.731271863032461,0.787777131795889
1.26,0.721854881251827,0.631058742921081,0.954298355244564,0.712211391564893,0.619330142626473,0.634888032475812,0.939575841636641,0.852935471124666,0.731284886839252,0.787785686294966
1.262,0.721846112758754,0.631078606687342,0.954273541321354,0.712223018262608,0.619351806981414,0.634906188970279,0.939584443500623,0.852948875507041,0.731297910646043,0.787794240794043
1.264,0.721837344265681,0.631098470453603,0.954248727398144,0.712234644960324,0.619373471336355,0.634924345464745,0.939593045364604,0.852962279889416,0.731310934452834,0.787802795293119
1.266,0.721828575772608,0.631118334219864,0.954223913474934,0.71224627165804,0.619395135691297,0.634942501959211,0.939601647228586,0.852975684271791,0.731323958259625,0.787811349792196
1.268,0.721819807279536,0.631138197986125,0.954199099551725,0.712257898355756,0.619416800046238,0.634960658453678,0.939610249092567,0.852989088654166,0.731336982066416,0.787819904291272
1.27,0.721811038786463,0.631158061752386,0.954174285628515,0.712269525053472,0.61943753036934,0.634978814948145,0.939618850956549,0.853002493036541,0.731350005873207,0.787828458790349
1.272,0.72180227029339,0.631177925518647,0.954149471705305,0.712281151751188,0.619453412930645,0.634996971442611,0.93962745282053,0.853015897418916,0.731363029679998,0.787837013289425
1.274,0.721793501800317,0.631197789284909,0.954124657782095,0.712292778448903,0.619469295491949,0.635015127937077,0.939636054684512,0.853025120906477,0.731376053486788,0.787845567788502
1.276,0.721784733307244,0.63121765305117,0.954099843858885,0.712304405146619,0.619485178053254,0.635033284431544,0.939644656548493,0.853033808984301,0.731389077293579,0.787854122287578
1.278,0.721775964814171,0.631237516817431,0.954075029935675,0.712316031844335,0.619501060614558,0.635051440926011,0.939653258412475,0.853042497062125,0.73140210110037,0.787862676786655
1.28,0.721767196321098,0.631257380583692,0.954056795682863,0.712327658542051,0.619516943175863,0.635069597420477,0.939661667970667,0.853051185139948,0.731415124907161,0.787871231285732
1.282,0.721758427828026,0.631277244349953,0.954041994009499,0.712339285239767,0.619532825737167,0.635087753914944,0.939669087520995,0.853059873217772,0.731428148713952,0.787879785784808
1.284,0.721749659334953,0.631297108116214,0.954027192336135,0.712350911937483,0.619548708298471,0.63510591040941,0.939676507071323,0.853068561295596,0.731441172520743,0.787888340283885
1.286,0.72174089084188,0.631316971882476,0.95401239066277,0.712362538635199,0.619564590859776,0.635124066903877,0.939683926621652,0.85307724937342,0.731454196327534,0.787896894782961
1.288,0.721732122348807,0.631336121104384,0.953997588989406,0.712374165332915,0.61958047342108,0.635142223398343,0.93969134617198,0.853085937451244,0.731467220134325,0.787905449282038
1.29,0.721723353855734,0.631351021226507,0.953982787316042,0.71238579203063,0.619596355982385,0.63516037989281,0.939698765722308,0.853094625529068,0.731480243941116,0.787914003781114
1.292,0.721714585362661,0.63136592134863,0.953967985642678,0.712397418728346,0.61961223854369,0.635175451500165,0.939706185272636,0.853103313606892,0.731493267747907,0.787920697112292
1.294,0.721705816869588,0.631380821470753,0.953953183969314,0.712409045426062,0.619628121104994,0.635188620447593,0.939713604822965,0.853112001684716,0.731506156044987,0.787926504878851
1.296,0.721697048376515,0.631395721592876,0.95393838229595,0.712418853479739,0.619644003666298,0.635201789395021,0.939721024373293,0.853120689762539,0.731515592053947,0.78793231264541
1.298,0.721688886861333,0.631410621715,0.953923580622586,0.712425815053215,0.619659886227603,0.635214958342449,0.939728443923621,0.853129377840363,0.731525028062908,0.787938120411969
1.3,0.721681277923422,0.631425521837123,0.953908778949222,0.71243277662669,0.619675768788907,0.635228127289877,0.939735863473949,0.853138065918187,0.731534464071869,0.787943928178529
1.302,0.721673668985511,0.631440421959246,0.953893977275857,0.712439738200166,0.619691651350212,0.635241296237306,0.939743283024278,0.853146753996011,0.73154390008083,0.787949735945088
1.304,0.7216660600476,0.631455322081369,0.953879175602493,0.712446699773641,0.619707533911516,0.635254465184734,0.939750702574606,0.853155442073835,0.731553336089791,0.787955543711647
1.306,0.721658451109689,0.631470222203493,0.953864373929129,0.712453661347116,0.619723416472821,0.635267634132162,0.939758122124934,0.853164130151659,0.731562772098751,0.787961351478206
1.308,0.721650842171778,0.631485122325616,0.953849572255765,0.712460622920592,0.619739299034125,0.63528080307959,0.939765541675262,0.853172818229483,0.731572208107712,0.787967159244765
1.31,0.721643233233867,0.631500022447739,0.953834770582401,0.712467584494067,0.61975518159543,0.635293972027018,0.93977296122559,0.853181506307306,0.731581644116673,0.787972967011324
1.312,0.721635624295956,0.631514922569862,0.953819968909037,0.712474546067543,0.619771064156734,0.635307140974447,0.939780380775919,0.85319019438513,0.731591080125634,0.787978774777883
1.314,0.721628015358045,0.631529822691986,0.953805167235673,0.712481507641018,0.619786946718039,0.635320309921875,0.939787800326247,0.853198882462954,0.731600516134594,0.787984582544442
1.316,0.721620406420134,0.631544722814109,0.953790365562308,0.712488469214494,0.619802829279343,0.635333478869303,0.939795219876575,0.853207570540778,0.731609952143555,0.787990390311001
1.318,0.721612797482223,0.631559622936232,0.953775563888944,0.712495430787969,0.619818711840647,0.635346647816731,0.939802639426903,0.853216258618602,0.731619388152516,0.78799619807756
1.32,0.721605188544312,0.631574523058355,0.95376076221558,0.712502392361444,0.619833902305792,0.635359816764159,0.939810058977232,0.853224946696426,0.731628824161477,0.78800200584412
1.322,0.721597579606401,0.631589423180478,0.953745960542216,0.71250935393492,0.619845500690682,0.635372985711588,0.93981747852756,0.85323363477425,0.731638260170437,0.788007813610679
1.324,0.72158997066849,0.631604323302602,0.953731158868852,0.712516315508395,0.619857099075572,0.635386154659016,0.939824898077888,0.853239437803719,0.731647696179398,0.788013621377238
1.326,0.721582361730579,0.631619223424725,0.953716357195488,0.712523277081871,0.619868697460462,0.635399323606444,0.939832317628216,0.853244871370896,0.731657132188359,0.788019429143797
1.328,0.721574752792668,0.631634123546848,0.953701555522124,0.712530238655346,0.619880295845352,0.635412492553872,0.939839737178545,0.853250304938073,0.73166656819732,0.788025236910356
1.33,0.721567143854758,0.631649023668971,0.953691744341687,0.712537200228821,0.619891894230242,0.635425661501301,0.939846958063089,0.853255738505249,0.73167600420628,0.788031044676915
1.332,0.721559534916847,0.631663923791094,0.953684536675168,0.712544161802297,0.619903492615132,0.635438830448729,0.939853156197937,0.853261172072426,0.731685440215241,0.788036852443474
1.334,0.721551925978936,0.631678823913218,0.95367732900865,0.712551123375772,0.619915091000022,0.635451999396157,0.939859354332785,0.853266605639603,0.731694876224202,0.788042660210033
1.336,0.721544317041025,0.631693724035341,0.953670121342131,0.712558084949248,0.619926689384912,0.635465168343585,0.939865552467633,0.85327203920678,0.731704312233163,0.788048467976592
1.338,0.721536708103114,0.63170808853723,0.953662913675613,0.712565046522723,0.619938287769802,0.635478337291013,0.939871750602481,0.853277472773957,0.731713748242123,0.788054275743151
1.34,0.721529099165203,0.631719267927079,0.953655706009094,0.712572008096199,0.619949886154692,0.635491506238442,0.939877948737328,0.853282906341134,0.731723184251084,0.78806008350971
1.342,0.721521490227292,0.631730447316928,0.953648498342576,0.712578969669674,0.619961484539582,0.635502429040204,0.939884146872176,0.853288339908311,0.731732620260045,0.788064672803892
1.344,0.721513881289381,0.631741626706777,0.953641290676057,0.712585931243149,0.619973082924472,0.635511966490999,0.939890345007024,0.853293773475488,0.73174195861675,0.788068682335212
1.346,0.72150627235147,0.631752806096626,0.953634083009539,0.712591695549809,0.619984681309362,0.635521503941794,0.939896543141872,0.853299207042665,0.731748809153819,0.788072691866532
1.348,0.721499591060744,0.631763985486475,0.95362687534302,0.712595585934901,0.619996279694252,0.635531041392589,0.93990274127672,0.853304640609842,0.731755659690888,0.788076701397852
1.35,0.72149375427648,0.631775164876324,0.953619667676501,0.712599476319993,0.620007878079142,0.635540578843384,0.939908939411568,0.853310074177019,0.731762510227957,0.788080710929172
1.352,0.721487917492216,0.631786344266173,0.953612460009983,0.712603366705085,0.620019476464032,0.635550116294179,0.939915137546415,0.853315507744195,0.731769360765026,0.788084720460492
1.354,0.721482080707952,0.631797523656022,0.953605252343464,0.712607257090177,0.620031074848922,0.635559653744974,0.939921335681263,0.853320941311372,0.731776211302096,0.788088729991813
1.356,0.721476243923689,0.631808703045871,0.953598044676946,0.712611147475269,0.620042673233812,0.635569191195769,0.939927533816111,0.853326374878549,0.731783061839165,0.788092739523133
1.358,0.721470407139425,0.63181988243572,0.953590837010427,0.712615037860361,0.620054271618702,0.635578728646564,0.939933731950959,0.853331808445726,0.731789912376233,0.788096749054453
1.36,0.721464570355161,0.631831061825569,0.953583629343909,0.712618928245453,0.620065870003592,0.635588266097359,0.939939930085806,0.853337242012903,0.731796762913303,0.788100758585773
1.362,0.721458733570897,0.631842241215418,0.95357642167739,0.712622818630545,0.620077468388482,0.635597803548154,0.939946128220654,0.85334267558008,0.731803613450372,0.788104768117093
1.364,0.721452896786634,0.631853420605267,0.953569214010871,0.712626709015637,0.620089066773372,0.635607340998949,0.939952326355502,0.853348109147257,0.731810463987441,0.788108777648413
1.366,0.72144706000237,0.631864599995116,0.953562006344353,0.712630599400729,0.620100665158262,0.635616878449744,0.93995852449035,0.853353542714434,0.73181731452451,0.788112787179733
1.368,0.721441223218106,0.631875779384965,0.953554798677834,0.712634489785821,0.620112263543152,0.635626415900539,0.939964722625198,0.853358976281611,0.731824165061579,0.788116796711053
1.37,0.721435386433842,0.631886958774814,0.953547591011316,0.712638380170913,0.620123351235639,0.635635953351334,0.939970920760046,0.853364409848788,0.731831015598648,0.788120806242374
1.372,0.721429549649579,0.631898138164663,0.953540383344797,0.712642270556005,0.620131788359891,0.635645490802129,0.939977118894893,0.853369843415964,0.731837866135717,0.788124815773694
1.374,0.721423712865315,0.631909317554513,0.953533175678279,0.712646160941097,0.620140225484143,0.635655028252924,0.939983317029741,0.85337331063175,0.731844716672786,0.788128825305014
1.376,0.721417876081051,0.631920496944362,0.95352596801176,0.712650051326189,0.620148662608395,0.635664565703719,0.939989515164589,0.853376526034532,0.731851567209855,0.788132834836334
1.378,0.721412039296787,0.631931676334211,0.953518760345242,0.712653941711281,0.620157099732647,0.635674103154514,0.939995713299437,0.853379741437314,0.731858417746924,0.788136844367654
1.38,0.721406202512524,0.63194285572406,0.9535147729559,0.712657832096373,0.620165536856899,0.635683640605309,0.940001725222653,0.853382956840096,0.731865268283993,0.788140853898974
1.382,0.72140036572826,0.631954035113909,0.953512465568229,0.712661722481465,0.620173973981151,0.635693178056104,0.940006778511288,0.853386172242879,0.731872118821062,0.788144863430294
1.384,0.721394528943996,0.631965214503758,0.953510158180558,0.712665612866557,0.620182411105403,0.635702715506899,0.940011831799923,0.853389387645661,0.731878969358131,0.788148872961615
1.386,0.721388692159732,0.631976393893607,0.953507850792886,0.712669503251649,0.620190848229655,0.635712252957694,0.940016885088559,0.853392603048443,0.7318858198952,0.788152882492934
1.388,0.721382855375469,0.631987175656011,0.953505543405215,0.712673393636741,0.620199285353907,0.635721790408489,0.940021938377194,0.853395818451225,0.731892670432269,0.788156892024255
1.39,0.721377018591205,0.631995592892433,0.953503236017543,0.712677284021833,0.620207722478159,0.635731327859283,0.940026991665829,0.853399033854007,0.731899520969338,0.788160901555575
1.392,0.721371181806941,0.632004010128854,0.953500928629872,0.712681174406925,0.620216159602411,0.635739218286894,0.940032044954464,0.853402249256789,0.731906371506407,0.788164062629252
1.394,0.721365345022677,0.632012427365276,0.9534986212422,0.712685064792017,0.620224596726663,0.635746092883163,0.9400370982431,0.853405464659571,0.731913151206385,0.788166819997241
1.396,0.721359508238414,0.632020844601697,0.953496313854529,0.712688196821844,0.620233033850915,0.635752967479432,0.940042151531735,0.853408680062353,0.731918126238301,0.78816957736523
1.398,0.721354594381494,0.632029261838119,0.953494006466857,0.712690141899632,0.620241470975167,0.635759842075701,0.94004720482037,0.853411895465135,0.731923101270216,0.788172334733218
1.4,0.721350520734214,0.63203767907454,0.953491699079186,0.712692086977421,0.620249908099419,0.63576671667197,0.940052258109005,0.853415110867917,0.731928076302132,0.788175092101207
1.402,0.721346447086934,0.632046096310962,0.953489391691514,0.71269403205521,0.620258345223671,0.635773591268239,0.940057311397641,0.853418326270699,0.731933051334048,0.788177849469195
1.404,0.721342373439654,0.632054513547383,0.953487084303843,0.712695977132998,0.620266782347923,0.635780465864508,0.940062364686276,0.853421541673481,0.731938026365964,0.788180606837184
1.406,0.721338299792374,0.632062930783804,0.953484776916171,0.712697922210787,0.620275219472175,0.635787340460777,0.940067417974911,0.853424757076263,0.731943001397879,0.788183364205173
1.408,0.721334226145094,0.632071348020226,0.9534824695285,0.712699867288576,0.620283656596427,0.635794215057046,0.940072471263546,0.853427972479045,0.731947976429795,0.788186121573161
1.41,0.721330152497814,0.632079765256647,0.953480162140828,0.712701812366365,0.620292093720679,0.635801089653315,0.940077524552182,0.853431187881827,0.731952951461711,0.78818887894115
1.412,0.721326078850534,0.632088182493069,0.953477854753157,0.712703757444153,0.620300530844931,0.635807964249584,0.940082577840817,0.853434403284609,0.731957926493626,0.788191636309139
1.414,0.721322005203255,0.63209659972949,0.953475547365485,0.712705702521942,0.620308967969183,0.635814838845853,0.940087631129452,0.853437618687391,0.731962901525542,0.788194393677127
1.416,0.721317931555975,0.632105016965912,0.953473239977814,0.712707647599731,0.620317405093435,0.635821713442122,0.940092684418087,0.853440834090173,0.731967876557458,0.788197151045116
1.418,0.721313857908695,0.632113434202333,0.953470932590143,0.71270959267752,0.620325842217686,0.635828588038391,0.940097737706723,0.853444049492955,0.731972851589374,0.788199908413104
1.42,0.721309784261415,0.632121851438755,0.953468625202471,0.712711537755308,0.620333896365407,0.63583546263466,0.940102790995358,0.853447264895737,0.731977826621289,0.788202665781093
1.422,0.721305710614135,0.632130268675176,0.9534663178148,0.712713482833097,0.620339962808937,0.635842337230929,0.940107844283993,0.853450480298519,0.731982801653205,0.788205423149082
1.424,0.721301636966855,0.632138685911598,0.953464010427128,0.712715427910886,0.620346029252467,0.635849211827199,0.940112897572629,0.853452425112063,0.731987776685121,0.78820818051707
1.426,0.721297563319575,0.632147103148019,0.953461703039457,0.712717372988674,0.620352095695998,0.635856086423468,0.940117950861264,0.853454207212627,0.731992751717036,0.788210937885059
1.428,0.721293489672295,0.632155520384441,0.953459395651785,0.712719318066463,0.620358162139528,0.635862961019737,0.940123004149899,0.853455989313191,0.731997726748952,0.788213695253047
1.43,0.721289416025015,0.632163937620862,0.95345890033357,0.712721263144252,0.620364228583058,0.635869835616006,0.940127873706149,0.853457771413755,0.732002701780868,0.788216452621036
1.432,0.721285342377735,0.632172354857284,0.95345935036246,0.712723208222041,0.620370295026588,0.635876710212275,0.940131797391209,0.853459553514319,0.732007676812783,0.788219209989025
1.434,0.721281268730455,0.632180772093705,0.953459800391351,0.712725153299829,0.620376361470119,0.635883584808544,0.940135721076268,0.853461335614883,0.732012651844699,0.788221967357013
1.436,0.721277195083175,0.632189189330126,0.953460250420241,0.712727098377618,0.620382427913649,0.635890459404813,0.940139644761327,0.853463117715447,0.732017626876615,0.788224724725002
1.438,0.721273121435895,0.632197305418939,0.953460700449132,0.712729043455407,0.620388494357179,0.635897334001082,0.940143568446386,0.853464899816011,0.73202260190853,0.78822748209299
1.44,0.721269047788615,0.632203630707456,0.953461150478023,0.712730988533195,0.620394560800709,0.635904208597351,0.940147492131445,0.853466681916575,0.732027576940446,0.788230239460979
1.442,0.721264974141336,0.632209955995972,0.953461600506913,0.712732933610984,0.620400627244239,0.635909892942829,0.940151415816505,0.853468464017139,0.732032551972362,0.788232439674809
1.444,0.721260900494056,0.632216281284488,0.953462050535804,0.712734878688773,0.62040669368777,0.635914843179603,0.940155339501564,0.853470246117704,0.732037475319796,0.788234374788423
1.446,0.721256826846776,0.632222606573005,0.953462500564695,0.712736363636697,0.6204127601313,0.635919793416377,0.940159263186623,0.853472028218268,0.732041081937079,0.788236309902037
1.448,0.721253526292472,0.632228931861522,0.953462950593585,0.712737128404901,0.62041882657483,0.63592474365315,0.940163186871682,0.853473810318832,0.732044688554363,0.788238245015652
1.45,0.721250929542399,0.632235257150038,0.953463400622476,0.712737893173107,0.62042489301836,0.635929693889924,0.940167110556741,0.853475592419396,0.732048295171646,0.788240180129266
1.452,0.721248332792327,0.632241582438554,0.953463850651367,0.712738657941312,0.620430959461891,0.635934644126697,0.9401710342418,0.85347737451996,0.73205190178893,0.788242115242881
1.454,0.721245736042255,0.632247907727071,0.953464300680257,0.712739422709517,0.620437025905421,0.635939594363471,0.94017495792686,0.853479156620524,0.732055508406213,0.788244050356495
1.456,0.721243139292183,0.632254233015587,0.953464750709148,0.712740187477722,0.620443092348951,0.635944544600245,0.940178881611919,0.853480938721088,0.732059115023497,0.788245985470109
1.458,0.72124054254211,0.632260558304104,0.953465200738038,0.712740952245927,0.620449158792481,0.635949494837018,0.940182805296978,0.853482720821652,0.73206272164078,0.788247920583724
1.46,0.721237945792038,0.63226688359262,0.953465650766929,0.712741717014132,0.620455225236011,0.635954445073792,0.940186728982037,0.853484502922216,0.732066328258063,0.788249855697338
1.462,0.721235349041966,0.632273208881137,0.95346610079582,0.712742481782337,0.620461291679542,0.635959395310566,0.940190652667096,0.85348628502278,0.732069934875347,0.788251790810953
1.464,0.721232752291894,0.632279534169653,0.95346655082471,0.712743246550542,0.620467358123072,0.635964345547339,0.940194576352156,0.853488067123344,0.73207354149263,0.788253725924567
1.466,0.721230155541821,0.63228585945817,0.953467000853601,0.712744011318747,0.620473424566602,0.635969295784113,0.940198500037215,0.853489849223909,0.732077148109914,0.788255661038182
1.468,0.721227558791749,0.632292184746686,0.953467450882492,0.712744776086952,0.620479491010132,0.635974246020886,0.940202423722274,0.853491631324473,0.732080754727197,0.788257596151796
1.47,0.721224962041677,0.632298510035202,0.953467900911382,0.712745540855157,0.620485292654524,0.63597919625766,0.940206347407333,0.853493413425037,0.732084361344481,0.78825953126541
1.472,0.721222365291605,0.632304835323719,0.953468350940273,0.712746305623362,0.620489719952675,0.635984146494434,0.940210271092392,0.853495195525601,0.732087967961764,0.788261466379025
1.474,0.721219768541532,0.632311160612235,0.953468800969164,0.712747070391567,0.620494147250826,0.635989096731207,0.940214194777451,0.853496174352345,0.732091574579048,0.788263401492639
1.476,0.72121717179146,0.632317485900752,0.953469250998054,0.712747835159772,0.620498574548977,0.635994046967981,0.94021811846251,0.853497050311008,0.732095181196331,0.788265336606254
1.478,0.721214575041388,0.632323811189268,0.953469701026945,0.712748599927977,0.620503001847128,0.635998997204754,0.94022204214757,0.853497926269672,0.732098787813615,0.788267271719868
1.48,0.721211978291316,0.632330136477785,0.953470990634234,0.712749364696182,0.620507429145279,0.636003947441528,0.940225813111403,0.853498802228335,0.732102394430898,0.788269206833483
1.482,0.721209381541244,0.632336461766301,0.953472718245158,0.712750129464387,0.62051185644343,0.636008897678302,0.940228797852343,0.853499678186999,0.732106001048182,0.788271141947097
1.484,0.721206784791171,0.632342787054817,0.953474445856082,0.712750894232592,0.620516283741581,0.636013847915075,0.940231782593282,0.853500554145662,0.732109607665465,0.788273077060711
1.486,0.721204188041099,0.632349112343334,0.953476173467006,0.712751659000797,0.620520711039732,0.636018798151849,0.940234767334221,0.853501430104326,0.732113214282749,0.788275012174326
1.488,0.721201591291027,0.632355206313644,0.95347790107793,0.712752423769002,0.620525138337883,0.636023748388623,0.94023775207516,0.853502306062989,0.732116820900032,0.78827694728794
1.49,0.721198994540955,0.632359924730235,0.953479628688854,0.712753188537207,0.620529565636034,0.636028698625396,0.9402407368161,0.853503182021653,0.732120427517315,0.788278882401555
1.492,0.721196397790883,0.632364643146827,0.953481356299778,0.712753953305412,0.620533992934185,0.636032785734243,0.940243721557039,0.853504057980316,0.732124034134599,0.788280445084586
1.494,0.72119380104081,0.632369361563418,0.953483083910703,0.712754718073617,0.620538420232336,0.63603634049333,0.940246706297978,0.853504933938979,0.732127603659373,0.788281830560958
1.496,0.721191204290738,0.632374079980009,0.953484811521627,0.71275522058556,0.620542847530486,0.636039895252416,0.940249691038917,0.853505809897643,0.732130228203676,0.78828321603733
1.498,0.721189186171406,0.632378798396601,0.953486539132551,0.712755312622863,0.620547274828637,0.636043450011503,0.940252675779857,0.853506685856306,0.73213285274798,0.788284601513702
1.5,0.721187694822821,0.632383516813192,0.953488266743475,0.712755404660167,0.620551702126788,0.636047004770589,0.940255660520796,0.85350756181497,0.732135477292283,0.788285986990074
1.502,0.721186203474235,0.632388235229784,0.953489994354399,0.71275549669747,0.620556129424939,0.636050559529675,0.940258645261735,0.853508437773633,0.732138101836587,0.788287372466445
1.504,0.72118471212565,0.632392953646375,0.953491721965323,0.712755588734773,0.62056055672309,0.636054114288761,0.940261630002674,0.853509313732297,0.732140726380891,0.788288757942817
1.506,0.721183220777064,0.632397672062967,0.953493449576248,0.712755680772077,0.620564984021241,0.636057669047848,0.940264614743614,0.85351018969096,0.732143350925194,0.788290143419189
1.508,0.721181729428479,0.632402390479558,0.953495177187172,0.71275577280938,0.620569411319392,0.636061223806934,0.940267599484553,0.853511065649623,0.732145975469498,0.788291528895561
1.51,0.721180238079893,0.63240710889615,0.953496904798096,0.712755864846683,0.620573838617543,0.636064778566021,0.940270584225492,0.853511941608287,0.732148600013801,0.788292914371932
1.512,0.721178746731308,0.632411827312741,0.95349863240902,0.712755956883986,0.620578265915694,0.636068333325107,0.940273568966431,0.85351281756695,0.732151224558105,0.788294299848304
1.514,0.721177255382722,0.632416545729332,0.953500360019944,0.71275604892129,0.620582693213845,0.636071888084193,0.940276553707371,0.853513693525614,0.732153849102409,0.788295685324676
1.516,0.721175764034137,0.632421264145924,0.953502087630868,0.712756140958593,0.620587120511996,0.63607544284328,0.94027953844831,0.853514569484277,0.732156473646712,0.788297070801048
1.518,0.721174272685551,0.632425982562515,0.953503815241793,0.712756232995896,0.620591547810147,0.636078997602366,0.940282523189249,0.853515445442941,0.732159098191016,0.788298456277419
1.52,0.721172781336966,0.632430700979107,0.953505542852717,0.712756325033199,0.620595781126574,0.636082552361452,0.940285507930189,0.853516321401604,0.73216172273532,0.788299841753791
1.522,0.72117128998838,0.632435419395698,0.953507270463641,0.712756417070503,0.620599007649495,0.636086107120538,0.940288492671128,0.853517197360268,0.732164347279623,0.788301227230163
1.524,0.721169798639795,0.632440137812289,0.953508998074565,0.712756509107806,0.620602234172416,0.636089661879625,0.940291477412067,0.853517586179117,0.732166971823927,0.788302612706535
1.526,0.721168307291209,0.632444856228881,0.953510725685489,0.712756601145109,0.620605460695337,0.636093216638711,0.940294462153006,0.853517912614335,0.73216959636823,0.788303998182906
1.528,0.721166815942624,0.632449574645472,0.953512453296413,0.712756693182412,0.620608687218257,0.636096771397798,0.940297446893946,0.853518239049553,0.732172220912534,0.788305383659278
1.53,0.721165324594038,0.632454293062064,0.953514376545839,0.712756785219716,0.620611913741178,0.636100326156884,0.940300311819792,0.853518565484772,0.732174845456838,0.78830676913565
1.532,0.721163833245453,0.632459011478655,0.953516401858842,0.712756877257019,0.620615140264099,0.63610388091597,0.940302559926541,0.85351889191999,0.732177470001141,0.788308154612022
1.534,0.721162341896867,0.632463729895247,0.953518427171846,0.712756969294322,0.62061836678702,0.636107435675057,0.940304808033289,0.853519218355208,0.732180094545445,0.788309540088393
1.536,0.721160850548282,0.632468448311838,0.953520452484849,0.712757061331625,0.620621593309941,0.636110990434143,0.940307056140037,0.853519544790427,0.732182719089748,0.788310925564765
1.538,0.721159359199697,0.632473001000175,0.953522477797852,0.712757153368929,0.620624819832862,0.636114545193229,0.940309304246785,0.853519871225645,0.732185343634052,0.788312311041137
1.54,0.721157867851111,0.632476568171114,0.953524503110856,0.712757245406232,0.620628046355783,0.636118099952315,0.940311552353533,0.853520197660863,0.732187968178356,0.788313696517509
1.542,0.721156376502526,0.632480135342054,0.953526528423859,0.712757337443535,0.620631272878704,0.636121037414102,0.940313800460282,0.853520524096081,0.732190592722659,0.788314804674941
1.544,0.72115488515394,0.632483702512993,0.953528553736862,0.712757429480838,0.620634499401625,0.636123594146613,0.94031604856703,0.8535208505313,0.732193190201676,0.788315780880902
1.546,0.721153393805354,0.632487269683933,0.953530579049865,0.712757384281004,0.620637725924546,0.636126150879125,0.940318296673778,0.853521176966518,0.732195098156924,0.788316757086864
1.548,0.721152299153362,0.632490836854872,0.953532604362869,0.712757124282238,0.620640952447467,0.636128707611636,0.940320544780526,0.853521503401736,0.732197006112171,0.788317733292825
1.55,0.721151565643885,0.632494404025812,0.953534629675872,0.712756864283472,0.620644178970387,0.636131264344147,0.940322792887274,0.853521829836955,0.732198914067418,0.788318709498787
1.552,0.721150832134407,0.632497971196751,0.953536654988875,0.712756604284706,0.620647405493308,0.636133821076659,0.940325040994022,0.853522156272173,0.732200822022666,0.788319685704748
1.554,0.721150098624929,0.632501538367691,0.953538680301879,0.712756344285939,0.620650632016229,0.63613637780917,0.940327289100771,0.853522482707391,0.732202729977913,0.78832066191071
1.556,0.721149365115452,0.63250510553863,0.953540705614882,0.712756084287173,0.62065385853915,0.636138934541681,0.940329537207519,0.85352280914261,0.732204637933161,0.788321638116671
1.558,0.721148631605974,0.63250867270957,0.953542730927885,0.712755824288407,0.620657085062071,0.636141491274193,0.940331785314267,0.853523135577828,0.732206545888408,0.788322614322633
1.56,0.721147898096496,0.632512239880509,0.953544756240889,0.712755564289641,0.620660311584992,0.636144048006704,0.940334033421015,0.853523462013046,0.732208453843655,0.788323590528594
1.562,0.721147164587019,0.632515807051448,0.953546781553892,0.712755304290875,0.620663538107913,0.636146604739215,0.940336281527763,0.853523788448265,0.732210361798903,0.788324566734556
1.564,0.721146431077541,0.632519374222388,0.953548806866895,0.712755044292109,0.620666764630834,0.636149161471726,0.940338529634512,0.853524114883483,0.73221226975415,0.788325542940517
1.566,0.721145697568063,0.632522941393328,0.953550832179898,0.712754784293343,0.620669991153755,0.636151718204238,0.94034077774126,0.853524441318701,0.732214177709398,0.788326519146479
1.568,0.721144964058586,0.632526508564267,0.953552857492902,0.712754524294577,0.620673217676676,0.636154274936749,0.940343025848008,0.853524767753919,0.732216085664645,0.78832749535244
1.57,0.721144230549108,0.632530075735206,0.953554882805905,0.712754264295811,0.620676292475281,0.63615683166926,0.940345273954756,0.853525094189138,0.732217993619892,0.788328471558402
1.572,0.72114349703963,0.632533642906146,0.953556908118908,0.712754004297045,0.620678579802504,0.636159388401771,0.940347522061504,0.853525420624356,0.73221990157514,0.788329447764363
1.574,0.721142763530152,0.632537210077085,0.953558933431911,0.712753744298279,0.620680867129727,0.636161945134283,0.940349770168252,0.853525471857152,0.732221809530387,0.788330423970325
1.576,0.721142030020675,0.632540777248025,0.953560958744915,0.712753484299513,0.62068315445695,0.636164501866794,0.940352018275001,0.85352548784724,0.732223717485634,0.788331400176286
1.578,0.721141296511197,0.632544344418964,0.953562984057918,0.712753224300747,0.620685441784173,0.636167058599305,0.940354266381749,0.853525503837328,0.732225625440882,0.788332376382248
1.58,0.721140563001719,0.632547911589904,0.953564860094753,0.71275296430198,0.620687729111396,0.636169615331816,0.940356416114926,0.853525519827415,0.732227533396129,0.788333352588209
1.582,0.721139829492242,0.632551478760843,0.953566658254997,0.712752704303214,0.620690016438619,0.636172172064328,0.940358059411924,0.853525535817503,0.732229441351376,0.788334328794171
1.584,0.721139095982764,0.632555045931783,0.95356845641524,0.712752444304448,0.620692303765842,0.636174728796839,0.940359702708922,0.853525551807591,0.732231349306624,0.788335305000132
1.586,0.721138362473286,0.632558613102722,0.953570254575483,0.712752184305682,0.620694591093065,0.63617728552935,0.940361346005921,0.853525567797678,0.732233257261871,0.788336281206094
1.588,0.721137628963809,0.632562052371431,0.953572052735727,0.712751924306916,0.620696878420288,0.636179842261862,0.940362989302919,0.853525583787766,0.732235165217119,0.788337257412056
1.59,0.721136895454331,0.632564731058466,0.95357385089597,0.71275166430815,0.620699165747511,0.636182398994373,0.940364632599917,0.853525599777854,0.732237073172366,0.788338233618017
1.592,0.721136161944853,0.632567409745501,0.953575649056214,0.712751404309384,0.620701453074735,0.636184508915112,0.940366275896915,0.853525615767941,0.732238981127613,0.788339016298571
1.594,0.721135428435376,0.632570088432536,0.953577447216457,0.712751144310618,0.620703740401958,0.636186343256607,0.940367919193913,0.853525631758029,0.732240869466391,0.788339706897559
1.596,0.721134694925898,0.632572767119571,0.9535792453767,0.712750826936413,0.620706027729181,0.636188177598103,0.940369562490912,0.853525647748117,0.732242258049793,0.788340397496547
1.598,0.721134208916458,0.632575445806606,0.953581043536944,0.71275041976011,0.620708315056404,0.636190011939599,0.94037120578791,0.853525663738205,0.732243646633195,0.788341088095535
1.6,0.721133948224774,0.63257812449364,0.953582841697187,0.712750012583807,0.620710602383627,0.636191846281095,0.940372849084908,0.853525679728292,0.732245035216597,0.788341778694523
1.602,0.72113368753309,0.632580803180675,0.95358463985743,0.712749605407505,0.62071288971085,0.636193680622591,0.940374492381906,0.85352569571838,0.7322464238,0.788342469293511
1.604,0.721133426841405,0.63258348186771,0.953586438017674,0.712749198231202,0.620715177038073,0.636195514964086,0.940376135678905,0.853525711708468,0.732247812383402,0.7883431598925
1.606,0.721133166149721,0.632586160554745,0.953588236177917,0.712748791054899,0.620717464365296,0.636197349305582,0.940377778975903,0.853525727698555,0.732249200966804,0.788343850491488
1.608,0.721132905458037,0.63258883924178,0.95359003433816,0.712748383878596,0.620719751692519,0.636199183647078,0.940379422272901,0.853525743688643,0.732250589550206,0.788344541090476
1.61,0.721132644766352,0.632591517928815,0.953591832498404,0.712747976702293,0.620722039019742,0.636201017988574,0.940381065569899,0.853525759678731,0.732251978133608,0.788345231689464
1.612,0.721132384074668,0.63259419661585,0.953593630658647,0.71274756952599,0.620724326346965,0.63620285233007,0.940382708866897,0.853525775668818,0.732253366717011,0.788345922288452
1.614,0.721132123382983,0.632596875302885,0.953595428818891,0.712747162349687,0.620726613674188,0.636204686671565,0.940384352163896,0.853525791658906,0.732254755300413,0.78834661288744
1.616,0.721131862691299,0.632599553989919,0.953597226979134,0.712746755173384,0.620728901001412,0.636206521013061,0.940385995460894,0.853525807648994,0.732256143883815,0.788347303486429
1.618,0.721131601999615,0.632602232676954,0.953599025139377,0.712746347997081,0.620731188328635,0.636208355354557,0.940387638757892,0.853525823639082,0.732257532467217,0.788347994085417
1.62,0.721131341307931,0.632604911363989,0.953600823299621,0.712745940820779,0.620733372343778,0.636210189696053,0.94038928205489,0.853525839629169,0.73225892105062,0.788348684684405
1.622,0.721131080616246,0.632607590051024,0.953602621459864,0.712745533644476,0.620735020154125,0.636212024037549,0.940390925351889,0.853525855619257,0.732260309634022,0.788349375283393
1.624,0.721130819924562,0.632610268738059,0.953604419620107,0.712745126468173,0.620736667964472,0.636213858379044,0.940392568648887,0.853525729538372,0.732261698217424,0.788350065882381
1.626,0.721130559232878,0.632612947425094,0.953606217780351,0.71274471929187,0.620738315774819,0.63621569272054,0.940394211945885,0.853525585263731,0.732263086800826,0.788350756481369
1.628,0.721130298541193,0.632615626112129,0.953608015940594,0.712744312115567,0.620739963585166,0.636217527062036,0.940395855242883,0.853525440989089,0.732264475384229,0.788351447080357
1.63,0.721130037849509,0.632618304799164,0.953609517941549,0.712743904939264,0.620741611395513,0.636219361403532,0.940397428648648,0.853525296714448,0.732265863967631,0.788352137679346
1.632,0.721129777157825,0.632620983486199,0.953610865437759,0.712743497762961,0.62074325920586,0.636221195745028,0.940398642247926,0.853525152439807,0.732267252551033,0.788352828278334
1.634,0.72112951646614,0.632623662173233,0.95361221293397,0.712743090586659,0.620744907016207,0.636223030086523,0.940399855847205,0.853525008165165,0.732268641134435,0.788353518877322
1.636,0.721129255774456,0.632626340860268,0.953613560430181,0.712742683410356,0.620746554826554,0.636224864428019,0.940401069446483,0.853524863890524,0.732270029717838,0.78835420947631
1.638,0.721128995082772,0.63262892282853,0.953614907926392,0.712742276234053,0.620748202636901,0.636226698769515,0.940402283045761,0.853524719615882,0.73227141830124,0.788354900075298
1.64,0.721128734391087,0.632630929650242,0.953616255422603,0.71274186905775,0.620749850447248,0.636228533111011,0.94040349664504,0.853524575341241,0.732272806884642,0.788355590674286
1.642,0.721128473699403,0.632632936471954,0.953617602918814,0.712741461881447,0.620751498257595,0.636230042774311,0.940404710244318,0.8535244310666,0.732274195468044,0.788356149298379
1.644,0.721128213007719,0.632634943293666,0.953618950415024,0.712741054705144,0.620753146067942,0.636231352186462,0.940405923843596,0.853524286791958,0.732275569822594,0.788356645127332
1.646,0.721127952316034,0.632636950115379,0.953620297911235,0.712740634518425,0.620754793878289,0.636232661598612,0.940407137442874,0.853524142517317,0.732276581678414,0.788357140956285
1.648,0.721127829337073,0.632638956937091,0.953621645407446,0.712740193968242,0.620756441688636,0.636233971010763,0.940408351042153,0.853523998242675,0.732277593534234,0.788357636785239
1.65,0.721127831728282,0.632640963758803,0.953622992903657,0.71273975341806,0.620758089498983,0.636235280422913,0.940409564641431,0.853523853968034,0.732278605390054,0.788358132614192
1.652,0.721127834119491,0.632642970580515,0.953624340399868,0.712739312867877,0.62075973730933,0.636236589835064,0.940410778240709,0.853523709693393,0.732279617245874,0.788358628443145
1.654,0.7211278365107,0.632644977402227,0.953625687896079,0.712738872317694,0.620761385119677,0.636237899247214,0.940411991839988,0.853523565418751,0.732280629101694,0.788359124272098
1.656,0.721127838901908,0.63264698422394,0.953627035392289,0.712738431767511,0.620763032930025,0.636239208659365,0.940413205439266,0.85352342114411,0.732281640957514,0.788359620101051
1.658,0.721127841293117,0.632648991045652,0.9536283828885,0.712737991217328,0.620764680740371,0.636240518071515,0.940414419038544,0.853523276869469,0.732282652813334,0.788360115930004
1.66,0.721127843684326,0.632650997867364,0.953629730384711,0.712737550667145,0.620766328550719,0.636241827483666,0.940415632637822,0.853523132594827,0.732283664669154,0.788360611758957
1.662,0.721127846075535,0.632653004689076,0.953631077880922,0.712737110116963,0.620767976361066,0.636243136895816,0.940416846237101,0.853522988320186,0.732284676524974,0.78836110758791
1.664,0.721127848466743,0.632655011510788,0.953632425377133,0.71273666956678,0.620769624171413,0.636244446307967,0.940418059836379,0.853522844045544,0.732285688380794,0.788361603416864
1.666,0.721127850857952,0.632657018332501,0.953633772873343,0.712736229016597,0.62077127198176,0.636245755720117,0.940419273435657,0.853522699770903,0.732286700236614,0.788362099245817
1.668,0.721127853249161,0.632659025154213,0.953635120369554,0.712735788466414,0.620772919792107,0.636247065132268,0.940420487034935,0.853522555496262,0.732287712092434,0.78836259507477
1.67,0.72112785564037,0.632661031975925,0.953636467865765,0.712735347916231,0.62077449583589,0.636248374544419,0.940421700634214,0.85352241122162,0.732288723948254,0.788363090903723
1.672,0.721127858031578,0.632663038797637,0.953637815361976,0.712734907366049,0.620775699400718,0.636249683956569,0.940422914233492,0.853522266946979,0.732289735804074,0.788363586732676
1.674,0.721127860422787,0.632665045619349,0.953639162858187,0.712734466815866,0.620776902965546,0.63625099336872,0.94042412783277,0.853522062169747,0.732290747659894,0.788364082561629
1.676,0.721127862813996,0.632667052441062,0.953640510354398,0.712734026265683,0.620778106530374,0.63625230278087,0.940425341432048,0.853521849644491,0.732291759515714,0.788364578390582
1.678,0.721127865205204,0.632669059262774,0.953641857850609,0.7127335857155,0.620779310095202,0.636253612193021,0.940426555031327,0.853521637119234,0.732292771371534,0.788365074219535
1.68,0.721127867596413,0.632671066084486,0.953642906864101,0.712733145165317,0.62078051366003,0.636254921605171,0.940427712741157,0.853521424593978,0.732293783227354,0.788365570048489
1.682,0.721127869987622,0.632673072906198,0.95364380016073,0.712732704615135,0.620781717224857,0.636256231017322,0.940428582726974,0.853521212068721,0.732294795083174,0.788366065877442
1.684,0.721127872378831,0.63267507972791,0.953644693457358,0.712732264064952,0.620782920789685,0.636257540429472,0.940429452712791,0.853520999543465,0.732295806938994,0.788366561706395
1.686,0.721127874770039,0.632677086549623,0.953645586753987,0.712731823514769,0.620784124354513,0.636258849841623,0.940430322698607,0.853520787018208,0.732296818794814,0.788367057535348
1.688,0.721127877161248,0.632679022756773,0.953646480050615,0.712731382964586,0.620785327919341,0.636260159253773,0.940431192684424,0.853520574492952,0.732297830650634,0.788367553364301
1.69,0.721127879552457,0.632680539048328,0.953647373347244,0.712730942414403,0.620786531484169,0.636261468665924,0.940432062670241,0.853520361967695,0.732298842506454,0.788368049193254
1.692,0.721127881943666,0.632682055339883,0.953648266643872,0.71273050186422,0.620787735048997,0.636262549235198,0.940432932656058,0.853520149442439,0.732299854362274,0.788368447834228
1.694,0.721127884334874,0.632683571631438,0.953649159940501,0.712730061314038,0.620788938613825,0.636263488661489,0.940433802641875,0.853519936917182,0.73230085580061,0.788368800232067
1.696,0.721127886726083,0.632685087922992,0.953650053237129,0.712729631993718,0.620790142178652,0.63626442808778,0.940434672627692,0.853519724391926,0.732301591839851,0.788369152629907
1.698,0.721127955072935,0.632686604214547,0.953650946533758,0.712729220250001,0.62079134574348,0.636265367514071,0.940435542613509,0.85351951186667,0.732302327879091,0.788369505027747
1.7,0.721128083464131,0.632688120506102,0.953651839830386,0.712728808506284,0.620792549308308,0.636266306940363,0.940436412599326,0.853519299341413,0.732303063918331,0.788369857425587
1.702,0.721128211855327,0.632689636797657,0.953652733127015,0.712728396762568,0.620793752873136,0.636267246366654,0.940437282585143,0.853519086816157,0.732303799957572,0.788370209823427
1.704,0.721128340246524,0.632691153089211,0.953653626423643,0.712727985018851,0.620794956437964,0.636268185792945,0.94043815257096,0.8535188742909,0.732304535996812,0.788370562221266
1.706,0.72112846863772,0.632692669380766,0.953654519720271,0.712727573275134,0.620796160002792,0.636269125219236,0.940439022556777,0.853518661765644,0.732305272036053,0.788370914619106
1.708,0.721128597028916,0.632694185672321,0.9536554130169,0.712727161531417,0.620797363567619,0.636270064645527,0.940439892542594,0.853518449240387,0.732306008075293,0.788371267016946
1.71,0.721128725420113,0.632695701963876,0.953656306313528,0.7127267497877,0.620798567132447,0.636271004071818,0.940440762528411,0.853518236715131,0.732306744114533,0.788371619414786
1.712,0.721128853811309,0.63269721825543,0.953657199610157,0.712726338043983,0.620799770697275,0.636271943498109,0.940441632514228,0.853518024189874,0.732307480153774,0.788371971812625
1.714,0.721128982202505,0.632698734546985,0.953658092906785,0.712725926300266,0.620800974262103,0.6362728829244,0.940442502500045,0.853517811664618,0.732308216193014,0.788372324210465
1.716,0.721129110593701,0.63270025083854,0.953658986203414,0.712725514556549,0.620802177826931,0.636273822350692,0.940443372485862,0.853517599139361,0.732308952232254,0.788372676608305
1.718,0.721129238984898,0.632701767130095,0.953659879500042,0.712725102812832,0.620803381391759,0.636274761776983,0.940444242471679,0.853517386614105,0.732309688271495,0.788373029006144
1.72,0.721129367376094,0.632703283421649,0.953660772796671,0.712724691069115,0.62080452922257,0.636275701203274,0.940445112457496,0.853517174088849,0.732310424310735,0.788373381403984
1.722,0.72112949576729,0.632704799713204,0.953661666093299,0.712724279325399,0.62080538778569,0.636276640629565,0.940445982443313,0.853516961563592,0.732311160349975,0.788373733801824
1.724,0.721129624158486,0.632706316004759,0.953662559389928,0.712723867581682,0.62080624634881,0.636277580055856,0.94044685242913,0.853516739345292,0.732311896389216,0.788374086199664
1.726,0.721129752549682,0.632707832296314,0.953663452686556,0.712723455837965,0.62080710491193,0.636278519482147,0.940447722414947,0.853516515885691,0.732312632428456,0.788374438597504
1.728,0.721129880940879,0.632709348587868,0.953664345983185,0.712723044094248,0.620807963475049,0.636279458908438,0.940448592400764,0.85351629242609,0.732313368467696,0.788374790995343
1.73,0.721130009332075,0.632710864879423,0.953664989257083,0.712722632350531,0.620808822038169,0.636280398334729,0.940449422722027,0.853516068966489,0.732314104506937,0.788375143393183
1.732,0.721130137723271,0.632712381170978,0.953665502095439,0.712722220606814,0.620809680601289,0.636281337761021,0.940450048846525,0.853515845506888,0.732314840546177,0.788375495791023
1.734,0.721130266114467,0.632713897462532,0.953666014933794,0.712721808863097,0.620810539164409,0.636282277187312,0.940450674971024,0.853515622047287,0.732315576585417,0.788375848188863
1.736,0.721130394505664,0.632715413754087,0.95366652777215,0.71272139711938,0.620811397727528,0.636283216613603,0.940451301095522,0.853515398587686,0.732316312624658,0.788376200586702
1.738,0.72113052289686,0.632716874657661,0.953667040610505,0.712720985375663,0.620812256290648,0.636284156039894,0.94045192722002,0.853515175128085,0.732317048663898,0.788376552984542
1.74,0.721130651288056,0.632718006191819,0.95366755344886,0.712720573631946,0.620813114853768,0.636285095466185,0.940452553344518,0.853514951668484,0.732317784703138,0.788376905382382
1.742,0.721130779679252,0.632719137725976,0.953668066287216,0.71272016188823,0.620813973416888,0.636285868996055,0.940453179469017,0.853514728208883,0.732318520742379,0.788377188079439
1.744,0.721130908070449,0.632720269260134,0.953668579125571,0.712719750144513,0.620814831980007,0.636286540206307,0.940453805593515,0.853514504749282,0.732319249197526,0.788377437612079
1.746,0.721131036461645,0.632721400794292,0.953669091963927,0.712719360880449,0.620815690543127,0.636287211416559,0.940454431718013,0.853514281289681,0.732319784437937,0.78837768714472
1.748,0.721131184595666,0.632722532328449,0.953669604802282,0.71271900680078,0.620816549106247,0.636287882626811,0.940455057842511,0.85351405783008,0.732320319678348,0.78837793667736
1.75,0.721131350703054,0.632723663862607,0.953670117640637,0.712718652721111,0.620817407669367,0.636288553837063,0.94045568396701,0.853513834370479,0.73232085491876,0.788378186210001
1.752,0.721131516810443,0.632724795396764,0.953670630478993,0.712718298641441,0.620818266232486,0.636289225047315,0.940456310091508,0.853513610910878,0.73232139015917,0.788378435742642
1.754,0.721131682917831,0.632725926930922,0.953671143317348,0.712717944561772,0.620819124795606,0.636289896257567,0.940456936216006,0.853513387451277,0.732321925399582,0.788378685275282
1.756,0.721131849025219,0.632727058465079,0.953671656155704,0.712717590482103,0.620819983358726,0.636290567467819,0.940457562340504,0.853513163991676,0.732322460639992,0.788378934807923
1.758,0.721132015132607,0.632728189999237,0.953672168994059,0.712717236402433,0.620820841921846,0.636291238678071,0.940458188465003,0.853512940532075,0.732322995880403,0.788379184340563
1.76,0.721132181239996,0.632729321533394,0.953672681832415,0.712716882322764,0.620821700484965,0.636291909888323,0.940458814589501,0.853512717072474,0.732323531120814,0.788379433873204
1.762,0.721132347347384,0.632730453067552,0.95367319467077,0.712716528243095,0.620822559048085,0.636292581098575,0.940459440713999,0.853512493612873,0.732324066361225,0.788379683405844
1.764,0.721132513454772,0.632731584601709,0.953673707509125,0.712716174163425,0.620823417611205,0.636293252308827,0.940460066838497,0.853512270153272,0.732324601601636,0.788379932938485
1.766,0.721132679562161,0.632732716135867,0.953674220347481,0.712715820083756,0.620824276174324,0.636293923519079,0.940460692962996,0.853512046693671,0.732325136842047,0.788380182471126
1.768,0.721132845669549,0.632733847670025,0.953674733185836,0.712715466004087,0.620825134737444,0.636294594729331,0.940461319087494,0.85351182323407,0.732325672082458,0.788380432003766
1.77,0.721133011776937,0.632734979204182,0.953675246024192,0.712715111924417,0.620825952886971,0.636295265939583,0.940461945211992,0.853511599774469,0.732326207322869,0.788380681536407
1.772,0.721133177884326,0.63273611073834,0.953675758862547,0.712714757844748,0.620826561284044,0.636295937149835,0.94046257133649,0.853511376314868,0.73232674256328,0.788380931069047
1.774,0.721133343991714,0.632737242272497,0.953676271700902,0.712714403765079,0.620827169681116,0.636296608360087,0.940463197460988,0.85351116560669,0.732327277803692,0.788381180601688
1.776,0.721133510099102,0.632738373806655,0.953676784539258,0.71271404968541,0.620827778078189,0.636297279570339,0.940463823585487,0.853510956531473,0.732327813044102,0.788381430134328
1.778,0.72113367620649,0.632739505340812,0.953677297377613,0.71271369560574,0.620828386475261,0.636297950780591,0.940464449709985,0.853510747456256,0.732328348284514,0.788381679666969
1.78,0.721133842313879,0.63274063687497,0.953677628172221,0.712713341526071,0.620828994872334,0.636298621990843,0.940465049598836,0.853510538381038,0.732328883524924,0.788381929199609
1.782,0.721134008421267,0.632741768409127,0.953677863995563,0.712712987446402,0.620829603269407,0.636299293201095,0.940465514424165,0.853510329305821,0.732329418765336,0.78838217873225
1.784,0.721134174528655,0.632742899943285,0.953678099818905,0.712712633366732,0.620830211666479,0.636299964411347,0.940465979249495,0.853510120230604,0.732329954005746,0.788382428264891
1.786,0.721134340636044,0.632744031477443,0.953678335642247,0.712712279287063,0.620830820063552,0.636300635621599,0.940466444074824,0.853509911155386,0.732330489246158,0.788382677797531
1.788,0.721134506743432,0.632745121904563,0.953678571465589,0.712711925207394,0.620831428460624,0.63630130683185,0.940466908900153,0.853509702080169,0.732331024486568,0.788382927330172
1.79,0.72113467285082,0.632745967885132,0.953678807288931,0.712711571127724,0.620832036857697,0.636301978042103,0.940467373725483,0.853509493004951,0.732331559726979,0.788383176862812
1.792,0.721134838958209,0.632746813865701,0.953679043112272,0.712711217048055,0.620832645254769,0.636302529948947,0.940467838550812,0.853509283929734,0.73233209496739,0.788383377208753
1.794,0.721135005065597,0.63274765984627,0.953679278935614,0.712710862968386,0.620833253651842,0.636303008273256,0.940468303376142,0.853509074854517,0.732332624732213,0.788383554151109
1.796,0.721135171172985,0.63274850582684,0.953679514758956,0.712710533234373,0.620833862048914,0.636303486597565,0.940468768201471,0.853508865779299,0.732333014999226,0.788383731093466
1.798,0.721135333044939,0.632749351807409,0.953679750582298,0.712710241605361,0.620834470445987,0.636303964921874,0.9404692330268,0.853508656704082,0.732333405266239,0.788383908035822
1.8,0.721135491061062,0.632750197787978,0.95367998640564,0.712709949976348,0.620835078843059,0.636304443246184,0.94046969785213,0.853508447628865,0.732333795533252,0.788384084978178
1.802,0.721135649077185,0.632751043768547,0.953680222228982,0.712709658347335,0.620835687240132,0.636304921570493,0.940470162677459,0.853508238553647,0.732334185800264,0.788384261920534
1.804,0.721135807093307,0.632751889749116,0.953680458052324,0.712709366718323,0.620836295637204,0.636305399894802,0.940470627502789,0.85350802947843,0.732334576067277,0.78838443886289
1.806,0.72113596510943,0.632752735729685,0.953680693875666,0.71270907508931,0.620836904034277,0.636305878219112,0.940471092328118,0.853507820403212,0.73233496633429,0.788384615805246
1.808,0.721136123125553,0.632753581710255,0.953680929699008,0.712708783460297,0.620837512431349,0.636306356543421,0.940471557153447,0.853507611327995,0.732335356601303,0.788384792747602
1.81,0.721136281141675,0.632754427690824,0.95368116552235,0.712708491831285,0.620838120828422,0.63630683486773,0.940472021978777,0.853507402252778,0.732335746868315,0.788384969689959
1.812,0.721136439157798,0.632755273671393,0.953681401345692,0.712708200202272,0.620838729225495,0.636307313192039,0.940472486804106,0.853507193177561,0.732336137135328,0.788385146632315
1.814,0.72113659717392,0.632756119651962,0.953681637169034,0.712707908573259,0.620839337622567,0.636307791516349,0.940472951629436,0.853506984102343,0.732336527402341,0.788385323574671
1.816,0.721136755190043,0.632756965632531,0.953681872992376,0.712707616944247,0.62083994601964,0.636308269840658,0.940473416454765,0.853506775027126,0.732336917669354,0.788385500517027
1.818,0.721136913206166,0.6327578116131,0.953682108815717,0.712707325315234,0.620840554416712,0.636308748164967,0.940473881280094,0.853506565951908,0.732337307936367,0.788385677459383
1.82,0.721137071222288,0.63275865759367,0.953682344639059,0.712707033686221,0.620841135684771,0.636309226489276,0.940474346105424,0.853506356876691,0.732337698203379,0.788385854401739
1.822,0.721137229238411,0.632759503574239,0.953682580462401,0.712706742057209,0.62084157614928,0.636309704813586,0.940474810930753,0.853506147801474,0.732338088470392,0.788386031344095
1.824,0.721137387254533,0.632760349554808,0.953682816285743,0.712706450428196,0.62084201661379,0.636310183137895,0.940475275756083,0.853505961286857,0.732338478737405,0.788386208286452
1.826,0.721137545270656,0.632761195535377,0.953683052109085,0.712706158799183,0.620842457078299,0.636310661462204,0.940475740581412,0.853505777661374,0.732338869004418,0.788386385228808
1.828,0.721137703286779,0.632762041515946,0.953683287932427,0.71270586717017,0.620842897542809,0.636311139786514,0.940476205406741,0.853505594035891,0.732339259271431,0.788386562171164
1.83,0.721137861302901,0.632762887496515,0.953683411396585,0.712705575541158,0.620843338007318,0.636311618110823,0.940476650282622,0.853505410410408,0.732339649538443,0.78838673911352
1.832,0.721138019319024,0.632763733477084,0.953683476243548,0.712705283912145,0.620843778471828,0.636312096435132,0.940476992456907,0.853505226784926,0.732340039805456,0.788386916055876
1.834,0.721138177335147,0.632764579457654,0.95368354109051,0.712704992283132,0.620844218936337,0.636312574759441,0.940477334631192,0.853505043159443,0.732340430072469,0.788387092998232
1.836,0.721138335351269,0.632765425438223,0.953683605937473,0.71270470065412,0.620844659400847,0.636313053083751,0.940477676805477,0.85350485953396,0.732340820339482,0.788387269940588
1.838,0.721138493367392,0.632766241509096,0.953683670784436,0.712704409025107,0.620845099865356,0.63631353140806,0.940478018979762,0.853504675908477,0.732341210606494,0.788387446882944
1.84,0.721138651383515,0.632766879719378,0.953683735631399,0.712704117396094,0.620845540329866,0.636314009732369,0.940478361154047,0.853504492282994,0.732341600873507,0.788387623825301
1.842,0.721138809399637,0.632767517929659,0.953683800478361,0.712703825767082,0.620845980794375,0.63631440443302,0.940478703328332,0.853504308657511,0.73234199114052,0.788387765963553
1.844,0.72113896741576,0.63276815613994,0.953683865325324,0.712703534138069,0.620846421258885,0.636314747557266,0.940479045502618,0.853504125032029,0.732342377398073,0.788387891541622
1.846,0.721139125431882,0.632768794350221,0.953683930172287,0.712703267335847,0.620846861723394,0.636315090681513,0.940479387676903,0.853503941406546,0.732342661509364,0.788388017119691
1.848,0.721139269616634,0.632769432560502,0.953683995019249,0.712703039391679,0.620847302187904,0.636315433805759,0.940479729851188,0.853503757781063,0.732342945620654,0.78838814269776
1.85,0.721139401209658,0.632770070770784,0.953684059866212,0.712702811447511,0.620847742652413,0.636315776930006,0.940480072025473,0.85350357415558,0.732343229731945,0.788388268275829
1.852,0.721139532802681,0.632770708981065,0.953684124713175,0.712702583503343,0.620848183116923,0.636316120054252,0.940480414199758,0.853503390530097,0.732343513843235,0.788388393853898
1.854,0.721139664395704,0.632771347191346,0.953684189560138,0.712702355559175,0.620848623581432,0.636316463178499,0.940480756374043,0.853503206904614,0.732343797954526,0.788388519431967
1.856,0.721139795988727,0.632771985401627,0.9536842544071,0.712702127615006,0.620849064045942,0.636316806302745,0.940481098548328,0.853503023279132,0.732344082065817,0.788388645010036
1.858,0.72113992758175,0.632772623611908,0.953684319254063,0.712701899670838,0.620849504510451,0.636317149426991,0.940481440722613,0.853502839653649,0.732344366177108,0.788388770588105
1.86,0.721140059174774,0.63277326182219,0.953684384101026,0.71270167172667,0.620849944974961,0.636317492551238,0.940481782896898,0.853502656028166,0.732344650288398,0.788388896166174
1.862,0.721140190767797,0.632773900032471,0.953684448947989,0.712701443782502,0.62085038543947,0.636317835675484,0.940482125071184,0.853502472402683,0.732344934399689,0.788389021744243
1.864,0.72114032236082,0.632774538242752,0.953684513794951,0.712701215838334,0.62085082590398,0.636318178799731,0.940482467245469,0.8535022887772,0.73234521851098,0.788389147322312
1.866,0.721140453953843,0.632775176453033,0.953684578641914,0.712700987894166,0.620851266368489,0.636318521923977,0.940482809419754,0.853502105151718,0.73234550262227,0.788389272900381
1.868,0.721140585546867,0.632775814663315,0.953684643488877,0.712700759949998,0.620851706832999,0.636318865048224,0.940483151594039,0.853501921526235,0.732345786733561,0.78838939847845
1.87,0.72114071713989,0.632776452873596,0.953684708335839,0.71270053200583,0.620852127118111,0.63631920817247,0.940483493768324,0.853501737900752,0.732346070844851,0.788389524056519
1.872,0.721140848732913,0.632777091083877,0.953684773182802,0.712700304061661,0.6208524426692,0.636319551296717,0.940483835942609,0.853501554275269,0.732346354956142,0.788389649634588
1.874,0.721140980325936,0.632777729294158,0.953684838029765,0.712700076117493,0.620852758220289,0.636319894420963,0.940484178116894,0.853501399999028,0.732346639067433,0.788389775212657
1.876,0.721141111918959,0.632778367504439,0.953684902876728,0.712699848173325,0.620853073771379,0.63632023754521,0.940484520291179,0.853501249481281,0.732346923178724,0.788389900790726
1.878,0.721141243511983,0.632779005714721,0.95368496772369,0.712699620229157,0.620853389322468,0.636320580669456,0.940484862465464,0.853501098963535,0.732347207290014,0.788390026368795
1.88,0.721141375105006,0.632779643925002,0.953684970235747,0.712699392284989,0.620853704873557,0.636320923793703,0.940485190410717,0.853500948445788,0.732347491401305,0.788390151946864
1.882,0.721141506698029,0.632780282135283,0.95368494022801,0.712699164340821,0.620854020424647,0.636321266917949,0.940485445103601,0.853500797928041,0.732347775512596,0.788390277524933
1.884,0.721141638291052,0.632780920345564,0.953684910220274,0.712698936396653,0.620854335975736,0.636321610042196,0.940485699796486,0.853500647410294,0.732348059623886,0.788390403103002
1.886,0.721141769884076,0.632781558555846,0.953684880212538,0.712698708452485,0.620854651526825,0.636321953166442,0.940485954489371,0.853500496892548,0.732348343735177,0.788390528681071
1.888,0.721141901477099,0.632782174460855,0.953684850204801,0.712698480508317,0.620854967077915,0.636322296290689,0.940486209182255,0.853500346374801,0.732348627846468,0.78839065425914
1.89,0.721142033070122,0.632782657725639,0.953684820197065,0.712698252564148,0.620855282629004,0.636322639414935,0.94048646387514,0.853500195857054,0.732348911957758,0.788390779837209
1.892,0.721142164663145,0.632783140990423,0.953684790189328,0.71269802461998,0.620855598180094,0.636322922220879,0.940486718568024,0.853500045339307,0.732349196069049,0.78839087998832
1.894,0.721142296256168,0.632783624255207,0.953684760181592,0.712697796675812,0.620855913731183,0.63632316782442,0.940486973260909,0.853499894821561,0.732349477277003,0.788390968040998
1.896,0.721142427849192,0.632784107519991,0.953684730173855,0.712697590599195,0.620856229282272,0.63632341342796,0.940487227953793,0.853499744303814,0.73234968451865,0.788391056093676
1.898,0.721142542448114,0.632784590784775,0.953684700166119,0.71269741874893,0.620856544833362,0.636323659031501,0.940487482646678,0.853499593786067,0.732349891760296,0.788391144146355
1.9,0.721142641576037,0.632785074049559,0.953684670158383,0.712697246898665,0.620856860384451,0.636323904635041,0.940487737339563,0.853499443268321,0.732350099001943,0.788391232199033
1.902,0.72114274070396,0.632785557314343,0.953684640150646,0.7126970750484,0.62085717593554,0.636324150238582,0.940487992032447,0.853499292750574,0.732350306243589,0.788391320251711
1.904,0.721142839831883,0.632786040579126,0.95368461014291,0.712696903198135,0.62085749148663,0.636324395842122,0.940488246725332,0.853499142232827,0.732350513485235,0.788391408304389
1.906,0.721142938959806,0.63278652384391,0.953684580135173,0.71269673134787,0.620857807037719,0.636324641445663,0.940488501418216,0.85349899171508,0.732350720726882,0.788391496357068
1.908,0.721143038087729,0.632787007108694,0.953684550127437,0.712696559497605,0.620858122588808,0.636324887049203,0.940488756111101,0.853498841197334,0.732350927968528,0.788391584409746
1.91,0.721143137215652,0.632787490373478,0.953684520119701,0.71269638764734,0.620858438139898,0.636325132652744,0.940489010803986,0.853498690679587,0.732351135210174,0.788391672462424
1.912,0.721143236343575,0.632787973638262,0.953684490111964,0.712696215797075,0.620858753690987,0.636325378256284,0.94048926549687,0.85349854016184,0.732351342451821,0.788391760515103
1.914,0.721143335471498,0.632788456903046,0.953684460104228,0.71269604394681,0.620859069242076,0.636325623859825,0.940489520189755,0.853498389644093,0.732351549693467,0.788391848567781
1.916,0.721143434599421,0.63278894016783,0.953684430096492,0.712695872096545,0.620859384793166,0.636325869463365,0.94048977488264,0.853498239126347,0.732351756935114,0.788391936620459
1.918,0.721143533727344,0.632789423432614,0.953684400088755,0.712695700246279,0.620859700344255,0.636326115066906,0.940490029575524,0.8534980886086,0.73235196417676,0.788392024673137
1.92,0.721143632855267,0.632789906697398,0.953684370081019,0.712695528396014,0.62086000124142,0.636326360670446,0.940490284268409,0.853497938090853,0.732352171418406,0.788392112725816
1.922,0.72114373198319,0.632790389962182,0.953684340073282,0.712695356545749,0.620860226082575,0.636326606273987,0.940490538961293,0.853497787573106,0.732352378660053,0.788392200778494
1.924,0.721143831111113,0.632790873226966,0.953684310065546,0.712695184695484,0.62086045092373,0.636326851877527,0.940490793654178,0.853497665640589,0.732352585901699,0.788392288831172
1.926,0.721143930239036,0.63279135649175,0.95368428005781,0.712695012845219,0.620860675764885,0.636327097481068,0.940491048347063,0.853497547368726,0.732352793143346,0.78839237688385
1.928,0.721144029366959,0.632791839756533,0.953684250050073,0.712694840994954,0.62086090060604,0.636327343084608,0.940491303039947,0.853497429096863,0.732353000384992,0.788392464936529
1.93,0.721144128494882,0.632792323021317,0.953684194360621,0.712694669144689,0.620861125447196,0.636327588688149,0.940491547546076,0.853497310825,0.732353207626638,0.788392552989207
1.932,0.721144227622805,0.632792806286101,0.953684125273152,0.712694497294424,0.620861350288351,0.636327834291689,0.940491739609853,0.853497192553136,0.732353414868285,0.788392641041885
1.934,0.721144326750728,0.632793289550885,0.953684056185683,0.712694325444159,0.620861575129506,0.63632807989523,0.94049193167363,0.853497074281273,0.732353622109931,0.788392729094563
1.936,0.721144425878651,0.632793772815669,0.953683987098214,0.712694153593894,0.620861799970661,0.63632832549877,0.940492123737407,0.85349695600941,0.732353829351577,0.788392817147242
1.938,0.721144525006574,0.632794238492637,0.953683918010745,0.712693981743629,0.620862024811816,0.636328571102311,0.940492315801184,0.853496837737547,0.732354036593224,0.78839290519992
1.94,0.721144624134497,0.632794599582138,0.953683848923276,0.712693809893364,0.620862249652971,0.636328816705851,0.940492507864961,0.853496719465684,0.73235424383487,0.788392993252598
1.942,0.72114472326242,0.632794960671638,0.953683779835808,0.712693638043099,0.620862474494126,0.636329018257424,0.940492699928738,0.853496601193821,0.732354451076517,0.788393063213635
1.944,0.721144822390343,0.632795321761139,0.953683710748339,0.712693466192834,0.620862699335281,0.63632919263915,0.940492891992515,0.853496482921958,0.732354656199393,0.788393124566465
1.946,0.721144921518266,0.632795682850639,0.95368364166087,0.712693311826286,0.620862924176437,0.636329367020875,0.940493084056292,0.853496364650094,0.732354807343807,0.788393185919295
1.948,0.72114500387138,0.63279604394014,0.953683572573401,0.712693184824663,0.620863149017592,0.636329541402601,0.940493276120069,0.853496246378231,0.732354958488221,0.788393247272125
1.95,0.721145070953132,0.63279640502964,0.953683503485932,0.71269305782304,0.620863373858747,0.636329715784326,0.940493468183846,0.853496128106368,0.732355109632635,0.788393308624955
1.952,0.721145138034885,0.63279676611914,0.953683434398463,0.712692930821416,0.620863598699902,0.636329890166052,0.940493660247623,0.853496009834505,0.732355260777049,0.788393369977785
1.954,0.721145205116637,0.632797127208641,0.953683365310994,0.712692803819793,0.620863823541057,0.636330064547777,0.940493852311399,0.853495891562642,0.732355411921463,0.788393431330615
1.956,0.72114527219839,0.632797488298142,0.953683296223526,0.71269267681817,0.620864048382212,0.636330238929502,0.940494044375176,0.853495773290779,0.732355563065878,0.788393492683445
1.958,0.721145339280142,0.632797849387642,0.953683227136057,0.712692549816546,0.620864273223367,0.636330413311228,0.940494236438953,0.853495655018916,0.732355714210292,0.788393554036275
1.96,0.721145406361895,0.632798210477143,0.953683158048588,0.712692422814923,0.620864498064522,0.636330587692953,0.94049442850273,0.853495536747052,0.732355865354706,0.788393615389105
1.962,0.721145473443647,0.632798571566643,0.953683088961119,0.7126922958133,0.620864722905678,0.636330762074679,0.940494620566507,0.853495418475189,0.73235601649912,0.788393676741935
1.964,0.721145540525399,0.632798932656143,0.95368301987365,0.712692168811676,0.620864947746833,0.636330936456404,0.940494812630284,0.853495300203326,0.732356167643534,0.788393738094765
1.966,0.721145607607152,0.632799293745644,0.953682950786181,0.712692041810053,0.620865172587988,0.63633111083813,0.940495004694061,0.853495181931463,0.732356318787949,0.788393799447595
1.968,0.721145674688904,0.632799654835144,0.953682881698712,0.71269191480843,0.620865397429143,0.636331285219855,0.940495196757838,0.8534950636596,0.732356469932363,0.788393860800425
1.97,0.721145741770657,0.632800015924645,0.953682812611244,0.712691787806806,0.620865613533003,0.636331459601581,0.940495388821615,0.853494945387737,0.732356621076777,0.788393922153255
1.972,0.721145808852409,0.632800377014145,0.953682743523775,0.712691660805183,0.620865784289023,0.636331633983306,0.940495580885392,0.853494827115874,0.732356772221191,0.788393983506085
1.974,0.721145875934162,0.632800738103646,0.953682674436306,0.71269153380356,0.620865955045044,0.636331808365031,0.940495772949169,0.853494728198269,0.732356923365605,0.788394044858915
1.976,0.721145943015914,0.632801099193146,0.953682605348837,0.712691406801936,0.620866125801064,0.636331982746757,0.940495965012946,0.85349463175919,0.732357074510019,0.788394106211745
1.978,0.721146010097667,0.632801460282647,0.953682536261368,0.712691279800313,0.620866296557085,0.636332157128482,0.940496157076722,0.853494535320112,0.732357225654434,0.788394167564575
1.98,0.721146077179419,0.632801821372147,0.953682462613587,0.71269115279869,0.620866467313105,0.636332331510208,0.940496343381095,0.853494438881034,0.732357376798848,0.788394228917405
1.982,0.721146144261172,0.632802182461648,0.953682386586715,0.712691025797066,0.620866638069125,0.636332505891933,0.940496500035524,0.853494342441955,0.732357527943262,0.788394290270235
1.984,0.721146211342924,0.632802543551148,0.953682310559844,0.712690898795443,0.620866808825146,0.636332680273659,0.940496656689954,0.853494246002877,0.732357679087676,0.788394351623065
1.986,0.721146278424677,0.632802904640649,0.953682234532972,0.71269077179382,0.620866979581166,0.636332854655384,0.940496813344383,0.853494149563798,0.73235783023209,0.788394412975895
1.988,0.721146345506429,0.632803255734747,0.9536821585061,0.712690644792196,0.620867150337187,0.636333029037109,0.940496969998812,0.85349405312472,0.732357981376505,0.788394474328725
1.99,0.721146412588181,0.632803547390318,0.953682082479228,0.712690517790573,0.620867321093207,0.636333203418835,0.940497126653242,0.853493956685642,0.732358132520919,0.788394535681555
1.992,0.721146479669934,0.632803839045889,0.953682006452357,0.712690390788949,0.620867491849228,0.636333353900882,0.940497283307671,0.853493860246563,0.732358283665333,0.788394588894747
1.994,0.721146546751686,0.632804130701461,0.953681930425485,0.712690263787326,0.620867662605248,0.636333489642369,0.9404974399621,0.853493763807485,0.732358433878977,0.788394638235007
1.996,0.721146613833439,0.632804422357032,0.953681854398613,0.712690147168675,0.620867833361268,0.636333625383857,0.94049759661653,0.853493667368406,0.732358560380022,0.788394687575268
1.998,0.721146667693148,0.632804714012603,0.953681778371741,0.712690046801102,0.620868004117289,0.636333761125345,0.940497753270959,0.853493570929328,0.732358686881066,0.788394736915528
2,0.721146709515845,0.632805005668175,0.953681702344869,0.712689946433528,0.620868174873309,0.636333896866832,0.940497909925388,0.85349347449025,0.732358813382111,0.788394786255788
