Tempo,Sim_1,Sim_2,Sim_3,Sim_4,Sim_5,Sim_6,Sim_7,Sim_8,Sim_9,Sim_10
0,0.5,0.5,0.5,0.5,0.5,0.5,0.5,0.5,0.5,0.5
0.01,0.455172282140336,0.433055632283618,0.425585259230278,0.451911309495195,0.452543630067823,0.425217194783973,0.454123566990806,0.432524425318933,0.434334895873008,0.440654089449885
0.02,0.437032284348216,0.442380170207418,0.415821913336215,0.41850240017927,0.428775939443629,0.439723354212123,0.460973910306439,0.431440465190661,0.439207248350339,0.397179507761068
0.03,0.459077116957496,0.463740436275383,0.429063182661636,0.415688496746053,0.449003599664054,0.459427817053623,0.490268318633796,0.449466878379807,0.459523587696153,0.406302887087421
0.04,0.478104739585441,0.481813107475007,0.439728910357138,0.428757382037104,0.465753115268526,0.476011766400698,0.516087750785996,0.464419629141526,0.476618117248989,0.416442350792261
0.05,0.494290332414554,0.497254427340707,0.448508408624609,0.439494921113989,0.479841760211094,0.490103970814724,0.53892893427634,0.477028866585891,0.491170335489618,0.424627886681237
0.06,0.508017019399598,0.510384759877761,0.455751217374604,0.448341761148427,0.49161478499363,0.501940394084608,0.559113134024219,0.487671977886462,0.503478882065512,0.43134570556194
0.07,0.519613991567614,0.521552060531744,0.461729768359298,0.455756173635695,0.501569144069486,0.51195910019333,0.576892087831093,0.496499111340971,0.513813019949951,0.436934736862856
0.08,0.529351601564239,0.530948021047607,0.466664548273334,0.461956233992875,0.509714528178373,0.520255265742409,0.592476473030558,0.503888669311423,0.522529833475236,0.441620772961158
0.09,0.537410486552105,0.538761140600758,0.47078660999728,0.467134126762256,0.516505101660179,0.527173097367566,0.605908624671736,0.510062466454494,0.529787705454117,0.445611252336685
0.1,0.544047629282418,0.545283442274466,0.474253763078676,0.471559170203923,0.522118721158618,0.532936278465967,0.617591856855074,0.515234553339598,0.535784690335761,0.449056405274697
0.11,0.549458743715371,0.550603065486345,0.476946832410235,0.475378087441841,0.526381843445767,0.537428712012287,0.627388405434395,0.519177433532664,0.540826081084997,0.451936247197165
0.12,0.553856377524199,0.554647263348678,0.479180474069871,0.478431106368712,0.529884649073431,0.540951915657622,0.635539453965871,0.522486636844078,0.544573757287949,0.454403990176002
0.13,0.556964918156476,0.557954351473033,0.481141301219715,0.481062356965886,0.532750701620606,0.543916877782859,0.642234561644397,0.52519498435961,0.547597590180716,0.456644729904807
0.14,0.559391774681063,0.560511830707887,0.482498034029863,0.483391399894581,0.534540069813722,0.54582334855326,0.647619193436161,0.527017568721362,0.550041609007758,0.458482050456552
0.15,0.561272630006862,0.562159778939989,0.483770625642509,0.485155012416321,0.536064083749256,0.547346002718954,0.651717399870669,0.528643830039,0.551525261173153,0.460162846599464
0.16,0.562194519699396,0.563514661392598,0.484624150629226,0.486859039930405,0.536866863004153,0.548232060597919,0.654563200157778,0.52950128160983,0.552850520118751,0.461588831249916
0.17,0.56300174925698,0.564019607622315,0.485473360093526,0.488031047873777,0.537469859019314,0.548797040984914,0.656548846202726,0.530331528114042,0.553293229033373,0.462896724049154
0.18,0.562967922671064,0.56437160769658,0.48592523916743,0.48920305581715,0.537526449781782,0.548861810830291,0.657904383223209,0.530510913194912,0.553693130875216,0.46396927850824
0.19,0.562934096085147,0.564227961830626,0.486377118241334,0.490021690003623,0.537583040544249,0.548899841035175,0.658036909585688,0.530690298275781,0.553555764510777,0.465041832967325
0.2,0.562348462856566,0.563806807903576,0.486718218981713,0.49074475817626,0.53714111280909,0.54837177417862,0.657887353870307,0.530580986755274,0.553236001008437,0.465831482592335
0.21,0.561682540261142,0.563376932131545,0.486862800401929,0.491427047662884,0.536665470437012,0.547843707322066,0.656941688700651,0.530270227034139,0.552901086381912,0.466598861309276
0.22,0.560898019937493,0.562465595792743,0.487007381822145,0.491777854706287,0.536164293130182,0.54722700950856,0.655793108383993,0.529959467313003,0.552125861579084,0.467366240026218
0.23,0.559855363827121,0.561554259453942,0.487151963242362,0.49212866174969,0.535406441398981,0.54637026637954,0.653978187688746,0.529477259266567,0.551350636776255,0.46786919896172
0.24,0.558812707716748,0.560593403674139,0.487165823366345,0.492479468793093,0.53464858966778,0.545513523250519,0.6521632669935,0.528894844079209,0.550543236674257,0.468370286176154
0.25,0.557707537583453,0.559464670957324,0.487123403461564,0.492667747451511,0.533888095767883,0.544626914648844,0.649842204631343,0.52831242889185,0.549573211173019,0.468871373390588
0.26,0.556534449297021,0.55833593824051,0.487080983556784,0.492747516049151,0.533065390555387,0.543671653652402,0.647451828985283,0.527691724019645,0.548603185671781,0.469336186906881
0.27,0.555361361010589,0.557204210396568,0.487038563652004,0.492827284646792,0.532242685342891,0.54271639265596,0.644960892791826,0.527025658464749,0.54763275274354,0.469615009373049
0.28,0.554209057958168,0.556060504982415,0.48694784993851,0.492907053244432,0.531419980130396,0.541763261563455,0.642305237659743,0.526359592909853,0.546654015991369,0.469893831839216
0.29,0.553091818095721,0.554916799568262,0.486829385085543,0.492898097137421,0.530646352927926,0.540868317157727,0.63964958252766,0.525693527354958,0.545675279239198,0.470172654305383
0.3,0.551974578233274,0.55377309415411,0.486710920232576,0.492819968518419,0.529897124669469,0.539973372751998,0.637003534004444,0.525063411105636,0.544696542487027,0.47045147677155
0.31,0.550857338370828,0.552727604482538,0.486592455379609,0.492741839899416,0.529147896411011,0.53907842834627,0.634362507248667,0.524435324096041,0.543778095068045,0.470689035731916
0.32,0.549879645834349,0.551705899508079,0.486472842895488,0.492663711280414,0.528398668152554,0.538228037869689,0.63172148049289,0.523807237086446,0.542910697299217,0.470813980506329
0.33,0.54892860945103,0.550684194533621,0.486340194280259,0.492576215834694,0.52778395583271,0.537478381585611,0.629167779416232,0.523188869597239,0.54204329953039,0.470938925280741
0.34,0.54797757306771,0.549689566144834,0.486207545665031,0.492424342609436,0.527171767978412,0.536728725301532,0.626790829020148,0.522660143324443,0.541175901761562,0.471063870055154
0.35,0.547075154302556,0.548854200999289,0.486074897049802,0.492272469384178,0.526559580124115,0.535979069017454,0.624413878624065,0.522131417051647,0.540445863199594,0.471188814829567
0.36,0.546326786382833,0.548018835853743,0.485942248434573,0.49212059615892,0.525988692832612,0.535332618937804,0.622036928227981,0.521602690778851,0.539740944182909,0.471289980854678
0.37,0.54557841846311,0.547183470708198,0.485817688268571,0.491968722933662,0.525524034548791,0.534749458861362,0.619955914635354,0.521097806544378,0.539036025166224,0.471326251170044
0.38,0.544830050543387,0.54642997819242,0.485697873552065,0.491810667407457,0.52505937626497,0.534166298784919,0.617989184266495,0.52068414483728,0.538338038596916,0.47136252148541
0.39,0.544180321434606,0.545792205944181,0.485578058835559,0.491638870519383,0.524594717981149,0.533583138708476,0.616022453897637,0.520270483130182,0.537803029321032,0.471398791800776
0.4,0.543631317947636,0.545154433695942,0.485458244119053,0.491467073631308,0.524174223401296,0.53311579123084,0.614120535030178,0.519856821423084,0.537268020045149,0.471435062116143
0.41,0.543082314460666,0.544516661447702,0.485338429402548,0.491295276743234,0.523845794712632,0.532692561315274,0.612604655459744,0.519446514155995,0.536733010769266,0.471458430698594
0.42,0.542533310973695,0.543954782883044,0.485237815398502,0.491123479855159,0.523517366023968,0.532269331399707,0.611088775889311,0.51914431947581,0.536198001493383,0.471446588551339
0.43,0.542057557334604,0.543501720869578,0.485139731763662,0.49095542503277,0.523188937335304,0.53184610148414,0.609572896318878,0.518842124795624,0.535808276917355,0.471434746404083
0.44,0.541685319146734,0.543048658856113,0.485041648128821,0.490793060027432,0.52286050864664,0.531481081664694,0.608237775205071,0.518539930115439,0.53543037663044,0.471422904256827
0.45,0.541313080958864,0.542595596842648,0.484943564493981,0.490630695022094,0.522634104713969,0.531197308427064,0.607161609981638,0.518237735435254,0.535052476343526,0.471411062109572
0.46,0.540940842770994,0.542142534829183,0.48484548085914,0.490468330016756,0.522418623575363,0.530913535189434,0.606085444758206,0.517968141767689,0.534674576056612,0.47139292419017
0.47,0.540568604583124,0.541833475782055,0.48476689264969,0.490305965011418,0.522203142436757,0.530629761951804,0.605009279534773,0.51776023028998,0.534332054840786,0.471357604181136
0.48,0.540302923776526,0.541535655930476,0.484690873648239,0.490152447973107,0.521987661298151,0.530345988714174,0.604073047037299,0.517552318812272,0.534082602481116,0.471322284172102
0.49,0.540069145913348,0.541237836078896,0.484614854646788,0.490012384283262,0.521772180159545,0.530107102498154,0.603391858268606,0.517344407334563,0.533833150121445,0.471286964163069
0.5,0.53983536805017,0.540940016227317,0.484538835645338,0.489872320593417,0.521628920315202,0.529927291896863,0.602710669499912,0.517136495856855,0.533583697761774,0.471251644154035
0.51,0.539601590186992,0.540642196375737,0.484462816643887,0.489732256903572,0.521493392499391,0.529747481295571,0.602029480731219,0.516952431927361,0.533334245402104,0.471213975318519
0.52,0.539367812323814,0.54044783533868,0.484403426668226,0.489592193213727,0.521357864683579,0.529567670694279,0.601348291962526,0.516813488344699,0.533109639238212,0.471169896189522
0.53,0.539204581030321,0.54026154909256,0.484346228151599,0.489462417828794,0.521222336867768,0.529387860092988,0.600895321834187,0.516674544762037,0.532950393948694,0.471125817060525
0.54,0.53906247115699,0.540075262846439,0.484289029634972,0.489348285828457,0.521086809051957,0.529236580272159,0.600525155187322,0.516535601179376,0.532791148659176,0.471081737931529
0.55,0.538920361283658,0.539888976600319,0.484231831118344,0.48923415382812,0.520995767092217,0.529122849687928,0.600154988540456,0.516396657596714,0.532631903369658,0.471037658802532
0.56,0.538778251410327,0.539702690354199,0.484174632601717,0.489120021827783,0.520909487798556,0.529009119103697,0.599784821893591,0.516273706763364,0.53247265808014,0.470993490427795
0.57,0.538636141536995,0.539581258018379,0.484130666371736,0.489005889827446,0.520823208504895,0.528895388519465,0.599414655246725,0.51618101473856,0.532329164442856,0.470949078488287
0.58,0.538535580862869,0.539464887423983,0.484088443960935,0.488901650810832,0.520736929211235,0.528781657935234,0.599190949089484,0.516088322713756,0.532227107401018,0.470904666548779
0.59,0.538447459887764,0.539348516829588,0.484046221550133,0.488812454092293,0.520650649917574,0.52868523864881,0.599020382493588,0.515995630688952,0.532125050359181,0.470860254609271
0.6,0.538359338912659,0.539232146235192,0.484003999139331,0.488723257373753,0.520590896786948,0.528611602686452,0.598849815897692,0.515902938664148,0.532022993317343,0.470815842669763
0.61,0.538271217937553,0.539115775640796,0.48396177672853,0.488634060655214,0.520533983553495,0.528537966724094,0.598679249301795,0.515820715809136,0.531920936275505,0.470772526858926
0.62,0.538183096962448,0.539038177393134,0.483929704641359,0.488544863936675,0.520477070320042,0.528464330761736,0.598508682705899,0.515758300968256,0.531828537728,0.470732202544707
0.63,0.538118390292701,0.5389636052636,0.48389897021634,0.488464334832652,0.520420157086589,0.528390694799378,0.598414390137862,0.515695886127375,0.531761546999077,0.470691878230487
0.64,0.538060693792032,0.538889033134065,0.48386823579132,0.488396984850805,0.520363243853136,0.528327369616684,0.598347771711793,0.515633471286495,0.531694556270153,0.470651553916267
0.65,0.538002997291363,0.538814461004531,0.483837501366301,0.488329634868957,0.520322111652238,0.52827761440645,0.598281153285723,0.515571056445615,0.531627565541229,0.470611229602048
0.66,0.537945300790693,0.538739888874996,0.483806766941281,0.48826228488711,0.52028266897235,0.528227859196216,0.598214534859654,0.515515445291298,0.531560574812305,0.470572514394028
0.67,0.537887604290024,0.538687973832657,0.483783615231055,0.488194934905262,0.520243226292462,0.528178103985983,0.598147916433584,0.515472706936092,0.53149944646311,0.47053819067387
0.68,0.537842967384084,0.538637827138845,0.483761462810207,0.488134740733542,0.520203783612574,0.528128348775749,0.598112715144507,0.515429968580887,0.531453739801337,0.470503866953711
0.69,0.537802240479561,0.538587680445033,0.483739310389358,0.488085426982929,0.520164340932686,0.528084799510333,0.598088912785493,0.515387230225681,0.531408033139564,0.470469543233553
0.7,0.537761513575038,0.538537533751221,0.48371715796851,0.488036113232315,0.520134548533712,0.528049417862014,0.59806511042648,0.515344491870475,0.531362326477792,0.470435219513394
0.71,0.537720786670515,0.53848738705741,0.483695005547661,0.487986799481702,0.520105789296054,0.528014036213695,0.598041308067467,0.515306205201813,0.531316619816019,0.470402634987731
0.72,0.537680059765992,0.53845060901992,0.483678494806299,0.487937485731089,0.520077030058396,0.527978654565376,0.598017505708454,0.515276341270742,0.53127452529661,0.47037479698005
0.73,0.537646925052597,0.538414874384149,0.483662727554641,0.487893826078416,0.520048270820738,0.527943272917057,0.598001016688036,0.515246477339671,0.531241932947488,0.47034695897237
0.74,0.537616063417248,0.538379139748379,0.483646960302983,0.487858763490991,0.52001951158308,0.527911786826605,0.597987181131403,0.5152166134086,0.531209340598367,0.47031912096469
0.75,0.537585201781899,0.538343405112608,0.483631193051325,0.487823700903567,0.519997059323759,0.52788542766299,0.597973345574769,0.515186749477528,0.531176748249245,0.470291282957009
0.76,0.537554340146551,0.538307670476837,0.483615425799667,0.487788638316143,0.519975282291002,0.527859068499375,0.597959510018136,0.515159841599479,0.531144155900123,0.470265079658717
0.77,0.537523478511202,0.538280112123988,0.483603725534716,0.487753575728718,0.519953505258246,0.52783270933576,0.597945674461502,0.515138526671127,0.53111388665201,0.47024333772316
0.78,0.537497521588199,0.538253191916622,0.48359256123831,0.487722833587008,0.519931728225489,0.527806350172145,0.597929147123397,0.515117211742775,0.531089728597518,0.470221595787603
0.79,0.537473033120581,0.538226271709257,0.483581396941903,0.487698660690134,0.519909951192733,0.527782635491519,0.597911643139052,0.515095896814423,0.531065570543027,0.470199853852045
0.8,0.537448544652964,0.538199351501891,0.483570232645497,0.48767448779326,0.519892517812742,0.527762401203501,0.597894139154707,0.515074581886071,0.531041412488535,0.470178111916488
0.81,0.537424056185347,0.538172431294526,0.48355906834909,0.487650314896386,0.519875549465224,0.527742166915484,0.597876635170361,0.515055290175179,0.531017254434044,0.47015779559787
0.82,0.537399567717729,0.53815108269169,0.483550847529758,0.487626141999512,0.519858581117707,0.527721932627466,0.597859131186016,0.51503982645837,0.530994678050229,0.47014136999789
0.83,0.53737860909717,0.538130168943457,0.48354301461706,0.487605191412074,0.519841612770189,0.527701698339449,0.597837016543583,0.515024362741562,0.530976262439329,0.47012494439791
0.84,0.537358707301671,0.538109255195225,0.483535181704362,0.487589140351451,0.519824644422672,0.527683349105985,0.597813229038054,0.515008899024754,0.530957846828428,0.47010851879793
0.85,0.537338805506172,0.538088341446992,0.483527348791664,0.487573089290828,0.519810987424139,0.527667480784657,0.597789441532525,0.514993435307945,0.530939431217528,0.47009209319795
0.86,0.537318903710673,0.53806742769876,0.483519515878966,0.487557038230205,0.519797684939397,0.527651612463328,0.597765654026996,0.514979379920511,0.530921015606628,0.470076849011576
0.87,0.537299001915174,0.538050540787163,0.483513770166572,0.487540987169582,0.519784382454655,0.527635744141999,0.597741866521466,0.514967989138649,0.530903743591016,0.470064829076972
0.88,0.537281961285963,0.538033968163566,0.483508299516231,0.487527235404054,0.519771079969912,0.52761987582067,0.597715127908031,0.514956598356787,0.530889479938886,0.470052809142369
0.89,0.537265777280902,0.53801739553997,0.48350282886589,0.487516979720511,0.51975777748517,0.527605473164532,0.59768731855818,0.514945207574925,0.530875216286755,0.470040789207765
0.9,0.537249593275842,0.538000822916373,0.483497358215549,0.487506724036968,0.519747010135462,0.527592999464002,0.597659509208329,0.514933816793063,0.530860952634624,0.470028769273161
0.91,0.537233409270782,0.537984250292776,0.483491887565208,0.487496468353425,0.519736514197898,0.527580525763473,0.597631699858479,0.51492343791885,0.530846688982494,0.47001768735757
0.92,0.537217225265721,0.537970824390157,0.483487906960646,0.487486212669882,0.519726018260335,0.527568052062943,0.597603890508628,0.514914973607247,0.530833296056215,0.470009165434049
0.93,0.537203462954311,0.537957644083953,0.483484122722023,0.487477531396351,0.519715522322772,0.527555578362414,0.597575674583082,0.514906509295644,0.530822193677896,0.470000643510528
0.94,0.537190425690332,0.53794446377775,0.483480338483401,0.487471244015842,0.519705026385208,0.527544247047992,0.597547311141615,0.514898044984041,0.530811091299577,0.469992121587007
0.95,0.537177388426353,0.537931283471546,0.483476554244779,0.487464956635332,0.519696538543808,0.527534419222979,0.597518947700147,0.514889580672437,0.530799988921257,0.469983599663486
0.96,0.537164351162373,0.537918103165342,0.483472770006157,0.487458669254822,0.51968826568965,0.527524591397966,0.597490584258679,0.51488185314853,0.530788886542938,0.469975803458791
0.97,0.537151313898394,0.537907507764475,0.483470025790554,0.487452381874313,0.519679992835492,0.527514763572954,0.597462220817211,0.514875519651214,0.530778460094211,0.46996998784768
0.98,0.537140260085798,0.537897114111233,0.483467418634564,0.487447173003801,0.519671719981334,0.527504935747941,0.597435557132521,0.514869186153899,0.530769811758705,0.469964172236569
0.99,0.537129800112283,0.537886720457991,0.483464811478575,0.487443604009521,0.519663447127175,0.527496025087291,0.597409510162481,0.514862852656583,0.530761163423198,0.469958356625458
1,0.537119340138768,0.537876326804749,0.483462204322585,0.48744003501524,0.519656785106285,0.527488321502687,0.597383463192441,0.514856519159268,0.530752515087691,0.469952541014347
1.01,0.537108880165253,0.537865933151507,0.483459597166595,0.48743646602096,0.519650295541579,0.527480617918084,0.597357416222401,0.514850733463858,0.530743866752184,0.469947252759175
1.02,0.537098420191738,0.537857587539712,0.483457716122256,0.487432897026679,0.519643805976872,0.52747291433348,0.597331369252361,0.514845984227699,0.530735759544161,0.469943403736047
1.03,0.537089662497807,0.537849401774196,0.483455930768666,0.487430021427763,0.519637316412166,0.527465210748877,0.597308168764458,0.51484123499154,0.530729075836371,0.46993955471292
1.04,0.537081414461009,0.53784121600868,0.483454145415075,0.487428200137642,0.51963082684746,0.527458243847039,0.597286001052102,0.514836485755382,0.530722392128581,0.469935705689792
1.05,0.53707316642421,0.537833030243163,0.483452360061485,0.487426378847521,0.519625621209385,0.527452246490199,0.597263833339745,0.514831736519223,0.530715708420791,0.469931856666664
1.06,0.537064918387411,0.537824844477647,0.483450574707895,0.4874245575574,0.519620553028794,0.527446249133358,0.597241665627389,0.514827399693686,0.530709024713001,0.469928389669679
1.07,0.537056670350613,0.537818343736834,0.483449290694624,0.487422736267279,0.519615484848202,0.527440251776518,0.597219497915033,0.514823843162633,0.530702756109503,0.469925965278312
1.08,0.537049797746467,0.537811974509438,0.483448072750573,0.487421359429248,0.519610416667611,0.527434254419678,0.597200589707595,0.514820286631579,0.530697579487241,0.469923540886945
1.09,0.537043336942513,0.537805605282041,0.483446854806523,0.487420658381355,0.519605348487019,0.527428839067607,0.597182864130792,0.514816730100526,0.530692402864978,0.469921116495578
1.1,0.537036876138559,0.537799236054645,0.483445636862472,0.487419957333462,0.519601300492582,0.527424189689492,0.597165138553988,0.514813173569473,0.530687226242716,0.469918692104212
1.11,0.537030415334605,0.537792866827248,0.483444418918422,0.487419256285569,0.519597361719512,0.527419540311376,0.597147412977184,0.51480992169439,0.530682049620453,0.469916538080967
1.12,0.537023954530652,0.537787855841096,0.483443550795548,0.487418555237676,0.519593422946441,0.527414890933261,0.59712968740038,0.514807246238439,0.530677208380143,0.469915121932155
1.13,0.537018577728279,0.537782950863447,0.483442728773919,0.487418099292673,0.519589484173371,0.527410241555145,0.597115012201733,0.514804570782488,0.530673249401963,0.469913705783343
1.14,0.537013525472555,0.537778045885798,0.48344190675229,0.487418016027017,0.5195855454003,0.527406054173976,0.597101443757253,0.514801895326537,0.530669290423784,0.469912289634532
1.15,0.537008473216832,0.537773140908149,0.48344108473066,0.487417932761361,0.519582407092817,0.527402474824988,0.597087875312773,0.514799219870586,0.530665331445604,0.46991087348572
1.16,0.537003420961108,0.5377682359305,0.483440262709031,0.487417849495705,0.519579354483365,0.527398895475999,0.597074306868293,0.514796776702118,0.530661372467425,0.469909633719327
1.17,0.536998368705385,0.53776437891249,0.483439677137994,0.48741776623005,0.519576301873913,0.527395316127011,0.597060738423813,0.514794773029221,0.530657670067517,0.469908875326537
1.18,0.536994202747644,0.537760603686012,0.48343912272764,0.487417818113306,0.519573249264461,0.527391736778023,0.597049745233689,0.514792769356324,0.530654642627284,0.469908116933747
1.19,0.536990302144719,0.537756828459534,0.483438568317285,0.487418075490707,0.519570196655009,0.527388517163373,0.597039686410828,0.514790765683427,0.530651615187051,0.469907358540958
1.2,0.536986401541795,0.537753053233056,0.483438013906931,0.487418332868108,0.519567762964776,0.52738577099353,0.597029627587968,0.514788762010529,0.530648587746818,0.469906600148168
1.21,0.53698250093887,0.537749278006578,0.483437459496576,0.487418590245508,0.519565395536179,0.527383024823686,0.597019568765107,0.514786931043976,0.530645560306585,0.469905957998891
1.22,0.536978600335946,0.537746328138009,0.483437066702917,0.487418847622909,0.519563028107582,0.527380278653842,0.597009509942246,0.514785426843517,0.530642730146197,0.469905633095284
1.23,0.536975373993446,0.537743442687272,0.483436695207942,0.487419163589727,0.519560660678985,0.527377532483999,0.597001454959703,0.514783922643057,0.530640418953912,0.469905308191677
1.24,0.536972349522387,0.537740557236535,0.483436323712967,0.487419568641852,0.519558293250388,0.527375056022001,0.59699412702099,0.514782418442598,0.530638107761627,0.46990498328807
1.25,0.536969325051329,0.537737671785798,0.483435952217992,0.487419973693977,0.519556412898908,0.52737293452133,0.596986799082278,0.514780914242138,0.530635796569342,0.469904658384463
1.26,0.53696630058027,0.537734786335062,0.483435580723017,0.487420378746102,0.519554584694018,0.527370813020659,0.596979471143565,0.514779540941463,0.530633485377057,0.469904403085762
1.27,0.536963276109212,0.537732527607195,0.48343532104118,0.487420783798226,0.519552756489128,0.527368691519989,0.596972143204853,0.514778415307494,0.530631328261758,0.469904337749102
1.28,0.536960778725622,0.537730317794022,0.483435076094656,0.487421201682767,0.519550928284238,0.527366570019318,0.596966293511034,0.514777289673524,0.530629576464304,0.469904272412441
1.29,0.536958439150357,0.537728107980848,0.483434831148132,0.487421639079016,0.519549100079348,0.527364666215544,0.596960980161763,0.514776164039555,0.530627824666849,0.469904207075781
1.3,0.536956099575091,0.537725898167675,0.483434586201608,0.487422076475266,0.519547647282098,0.527363048921712,0.596955666812493,0.514775038405585,0.530626072869395,0.469904141739121
1.31,0.536953759999826,0.537723688354502,0.483434341255084,0.487422513871516,0.519546234676077,0.527361431627881,0.596950353463223,0.514774012354209,0.53062432107194,0.469904115193846
1.32,0.53695142042456,0.537721976926408,0.483434168777075,0.487422951267765,0.519544822070056,0.527359814334049,0.596945040113952,0.514773174716379,0.530622685317675,0.469904194515975
1.33,0.536949489751628,0.537720304396452,0.483434005849341,0.487423379164343,0.519543409464035,0.527358197040218,0.596940774372165,0.514772337078548,0.530621354828825,0.469904273838104
1.34,0.536947681502763,0.537718631866497,0.483433842921607,0.487423792616655,0.519541996858014,0.527356736102579,0.596936888728808,0.514771499440718,0.530620024339976,0.469904353160233
1.35,0.536945873253898,0.537716959336541,0.483433679993873,0.487424206068966,0.519540872362863,0.527355480944648,0.596933003085452,0.514770661802888,0.530618693851126,0.469904432482362
1.36,0.536944065005033,0.537715286806586,0.48343351706614,0.487424619521277,0.519539778712928,0.527354225786717,0.596929117442095,0.514769896113829,0.530617363362276,0.469904531469661
1.37,0.536942256756168,0.537713984227015,0.483433403772778,0.487425032973589,0.519538685062993,0.527352970628785,0.596925231798738,0.514769266554217,0.530616120439319,0.469904684126108
1.38,0.53694075737614,0.537712710521465,0.48343329702049,0.487425424949,0.519537591413059,0.527351715470854,0.59692207881242,0.514768636994604,0.530615107868862,0.469904836782554
1.39,0.536939350470466,0.537711436815915,0.483433190268203,0.487425784268749,0.519536497763124,0.527350596470983,0.596919191652564,0.514768007434991,0.530614095298405,0.469904989439001
1.4,0.536937943564792,0.537710163110365,0.483433083515915,0.487426143588497,0.519535629200005,0.527349656668146,0.596916304492708,0.514767377875378,0.530613082727947,0.469905142095448
1.41,0.536936536659117,0.537708889404815,0.483432976763628,0.487426502908246,0.519534784734732,0.527348716865308,0.596913417332852,0.514766804419505,0.53061207015749,0.469905300543019
1.42,0.536935129753443,0.537707887703036,0.483432903226989,0.487426862227995,0.519533940269459,0.527347777062471,0.596910530172996,0.514766337113755,0.530611125879044,0.469905474795422
1.43,0.536933974698206,0.537706907230705,0.48343283406768,0.487427195602355,0.519533095804186,0.527346837259633,0.59690815722918,0.514765869808005,0.530610361250862,0.469905649047825
1.44,0.536932895046194,0.537705926758375,0.483432764908371,0.487427489526708,0.519532251338913,0.527345987170003,0.59690597085592,0.514765402502256,0.53060959662268,0.469905823300228
1.45,0.536931815394182,0.537704946286044,0.483432695749062,0.487427783451062,0.519531582509628,0.527345255151537,0.596903784482659,0.514764935196506,0.530608831994498,0.469905997552631
1.46,0.536930735742171,0.537703965813713,0.483432626589753,0.487428077375415,0.519530932483973,0.527344523133072,0.596901598109399,0.514764508016846,0.530608067366315,0.469906170755663
1.47,0.536929656090159,0.537703211493371,0.483432578682645,0.487428371299769,0.519530282458318,0.527343791114606,0.596899411736138,0.514764156757071,0.530607353309559,0.469906341094806
1.48,0.536928759722599,0.53770247482382,0.483432533576262,0.487428640418575,0.519529632432663,0.52734305909614,0.596897587297663,0.514763805497295,0.530606772286957,0.469906511433949
1.49,0.536927918229825,0.53770173815427,0.483432488469878,0.487428871820507,0.519528982407008,0.527342400614337,0.596895894178261,0.514763454237519,0.530606191264355,0.469906681773093
1.5,0.536927076737051,0.537701001484719,0.483432443363495,0.487429103222438,0.519528464648729,0.527341838913818,0.596894201058859,0.514763102977744,0.530605610241753,0.469906852112236
1.51,0.536926235244277,0.537700264815169,0.483432398257112,0.48742933462437,0.519527961051027,0.527341277213299,0.596892507939457,0.514762783146515,0.53060502921915,0.469907017547725
1.52,0.536925393751503,0.537699682954342,0.483432367687235,0.487429566026301,0.519527457453325,0.52734071551278,0.596890814820055,0.514762522779134,0.530604486889964,0.469907169600418
1.53,0.536924693448623,0.537699113176082,0.483432339033054,0.487429775282059,0.519526953855623,0.527340153812261,0.596889387572729,0.514762262411752,0.530604046348413,0.469907321653111
1.54,0.536924035417552,0.537698543397823,0.483432310378873,0.487429950864523,0.51952645025792,0.527339648413624,0.5968880567905,0.51476200204437,0.530603605806861,0.469907473705804
1.55,0.536923377386481,0.537697973619563,0.483432281724692,0.487430126446987,0.519526048696298,0.52733921711365,0.596886726008272,0.514761741676989,0.53060316526531,0.469907625758497
1.56,0.53692271935541,0.537697403841303,0.483432253070511,0.48743030202945,0.519525658058682,0.527338785813675,0.596885395226043,0.514761503858904,0.530602724723758,0.469907771347191
1.57,0.536922061324339,0.537696960967848,0.483432233875221,0.487430477611914,0.519525267421066,0.527338354513701,0.596884064443815,0.514761308704831,0.530602313646958,0.469907899294681
1.58,0.536921520631054,0.537696527999104,0.483432215926473,0.487430634704482,0.51952487678345,0.527337923213726,0.596882937075515,0.514761113550758,0.530601980080693,0.46990802724217
1.59,0.536921015068331,0.53769609503036,0.483432197977725,0.487430763683133,0.519524486145835,0.527337536560182,0.596881883510922,0.514760918396686,0.530601646514429,0.46990815518966
1.6,0.536920509505608,0.537695662061617,0.483432180028976,0.487430892661784,0.519524176787606,0.527337208665611,0.596880829946329,0.514760723242613,0.530601312948164,0.469908283137149
1.61,0.536920003942885,0.537695229092873,0.483432162080228,0.487431021640435,0.519523876131167,0.527336880771039,0.596879776381735,0.514760545110957,0.530600979381899,0.469908404270294
1.62,0.536919498380163,0.537694891442524,0.483432149789072,0.487431150619086,0.519523575474729,0.527336552876468,0.596878722817142,0.514760399186272,0.530600667563861,0.469908506806089
1.63,0.53691907992252,0.537694561231619,0.483432138243502,0.487431264818474,0.51952327481829,0.527336224981897,0.596877831934043,0.514760253261588,0.530600412957121,0.469908609341883
1.64,0.536918687543864,0.537694231020714,0.483432126697933,0.487431356545968,0.519522974161852,0.527335929267492,0.596877000075895,0.514760107336904,0.530600158350381,0.469908711877678
1.65,0.536918295165208,0.53769390080981,0.483432115152363,0.487431448273462,0.519522735616531,0.527335675905266,0.596876168217747,0.51475996141222,0.530599903743641,0.469908814413472
1.66,0.536917902786552,0.537693570598905,0.483432103606794,0.487431540000955,0.519522503720841,0.52733542254304,0.596875336359599,0.514759828532878,0.530599649136901,0.469908910665331
1.67,0.536917510407896,0.537693313349486,0.483432095981561,0.487431631728449,0.519522271825152,0.527335169180813,0.596874504501451,0.514759720335756,0.530599411541532,0.469908989767404
1.68,0.53691718573474,0.537693061794592,0.483432088872972,0.487431712235319,0.519522039929462,0.527334915818587,0.596873800844773,0.514759612138633,0.530599218696597,0.469909068869478
1.69,0.536916881332398,0.537692810239698,0.483432081764382,0.487431775681212,0.519521808033772,0.527334688398182,0.596873143702822,0.514759503941511,0.530599025851663,0.469909147971551
1.7,0.536916576930055,0.537692558684804,0.483432074655792,0.487431839127104,0.519521623154056,0.527334495119695,0.596872486560872,0.514759395744388,0.530598833006728,0.469909227073624
1.71,0.536916272527713,0.537692307129909,0.483432067547202,0.487431902572997,0.519521443307881,0.527334301841208,0.596871829418921,0.514759296861422,0.530598640161793,0.469909300927051
1.72,0.536915968125371,0.537692109303628,0.483432062939044,0.48743196601889,0.519521263461706,0.527334108562721,0.596871172276971,0.514759215601145,0.530598459958167,0.46990936045615
1.73,0.53691571364411,0.537691915670776,0.483432058660406,0.487432021157466,0.519521083615532,0.527333915284234,0.596870620077141,0.514759134340868,0.530598313009008,0.469909419985249
1.74,0.536915474109063,0.537691722037924,0.483432054381767,0.487432063664753,0.519520903769357,0.527333741286951,0.596870105952961,0.514759053080591,0.530598166059848,0.469909479514348
1.75,0.536915234574016,0.537691528405073,0.483432050103128,0.48743210617204,0.519520760305038,0.527333592665577,0.596869591828781,0.514758971820314,0.530598019110689,0.469909539043447
1.76,0.536914995038969,0.537691334772221,0.48343204582449,0.487432148679327,0.519520620735769,0.527333444044203,0.596869077704601,0.514758897779466,0.53059787216153,0.469909594218619
1.77,0.536914755503923,0.537691183981139,0.483432043072666,0.487432191186615,0.5195204811665,0.527333295422828,0.596868563580421,0.514758837398017,0.530597735086855,0.46990963751128
1.78,0.536914560339962,0.537691036533786,0.483432040522054,0.487432227536494,0.519520341597231,0.527333146801454,0.596868129724037,0.514758777016566,0.530597623988186,0.469909680803942
1.79,0.536914378460566,0.537690889086433,0.483432037971442,0.487432254524024,0.519520202027962,0.527333012859865,0.596867724990834,0.514758716635117,0.530597512889517,0.469909724096603
1.8,0.536914196581169,0.53769074163908,0.48343203542083,0.487432281511554,0.519520091517369,0.527332898238277,0.596867320257632,0.514758656253667,0.530597401790848,0.469909767389265
1.81,0.536914014701772,0.537690594191728,0.483432032870218,0.487432308499084,0.519519984117804,0.527332783616689,0.596866915524429,0.514758601203386,0.530597290692179,0.469909807363408
1.82,0.536913832822375,0.537690479629952,0.483432031264074,0.487432335486614,0.519519876718239,0.527332668995101,0.596866510791227,0.514758556239853,0.530597186896266,0.469909838280827
1.83,0.536913680634934,0.537690367634841,0.483432029782397,0.487432358477774,0.519519769318673,0.527332554373513,0.596866174285612,0.51475851127632,0.530597102311119,0.469909869198245
1.84,0.536913537337171,0.53769025563973,0.483432028300721,0.487432375392448,0.519519661919108,0.527332451291392,0.596865862534687,0.514758466312787,0.530597017725973,0.469909900115664
1.85,0.536913394039408,0.53769014364462,0.483432026819044,0.487432392307123,0.519519576490912,0.527332363396314,0.596865550783762,0.514758421349254,0.530596933140827,0.469909931033082
1.86,0.536913250741645,0.537690031649509,0.483432025337367,0.487432409221797,0.519519493414975,0.527332275501235,0.596865239032838,0.514758380275139,0.530596848555681,0.469909959060025
1.87,0.536913107443882,0.537689943324975,0.483432024430304,0.487432426136471,0.519519410339038,0.527332187606157,0.596864927281913,0.514758346559929,0.530596769576716,0.469909979198432
1.88,0.536912989507488,0.537689856847891,0.483432023598966,0.48743244012111,0.519519327263102,0.527332099711078,0.59686466826924,0.51475831284472,0.530596705345479,0.46990999933684
1.89,0.536912879164207,0.537689770370807,0.483432022767629,0.487432449650625,0.519519244187165,0.527332020648583,0.596864428391335,0.514758279129511,0.530596641114241,0.469910019475247
1.9,0.536912768820926,0.537689683893722,0.483432021936291,0.487432459180141,0.519519178174821,0.527331953210613,0.596864188513431,0.514758245414301,0.530596576883003,0.469910039613655
1.91,0.536912658477645,0.537689597416638,0.483432021104953,0.487432468709657,0.519519113989309,0.527331885772643,0.596863948635527,0.514758214669213,0.530596512651766,0.469910058058867
1.92,0.536912548134364,0.53768953024597,0.483432020639821,0.487432478239172,0.519519049803796,0.527331818334672,0.596863708757622,0.514758189543692,0.530596452658484,0.469910071883101
1.93,0.536912456568317,0.537689464582136,0.483432020222949,0.487432486025905,0.519518985618284,0.527331750896702,0.596863508874801,0.514758164418171,0.530596403813652,0.469910085707336
1.94,0.536912370624115,0.537689398918303,0.483432019806076,0.487432491162733,0.519518921432772,0.527331690471687,0.596863323503204,0.51475813929265,0.530596354968819,0.46991009953157
1.95,0.536912284679913,0.537689333254469,0.483432019389204,0.487432496299562,0.519518870433225,0.527331639276392,0.596863138131608,0.514758114167128,0.530596306123986,0.469910113355804
1.96,0.536912198735711,0.537689267590635,0.483432018972332,0.48743250143639,0.519518820845371,0.527331588081098,0.596862952760011,0.514758091226143,0.530596257279154,0.469910125624577
1.97,0.536912112791509,0.537689216459507,0.483432018724384,0.487432506573218,0.519518771257517,0.527331536885803,0.596862767388415,0.514758072418372,0.530596211673088,0.469910133648268
1.98,0.536912041323629,0.537689166462632,0.483432018498698,0.487432510210989,0.519518721669662,0.527331485690508,0.596862613365125,0.514758053610601,0.530596174586985,0.469910141671958
1.99,0.536911974189914,0.537689116465758,0.483432018273012,0.48743251156944,0.519518672081808,0.52733143943629,0.596862470715792,0.51475803480283,0.530596137500881,0.469910149695649
2,0.536911907056198,0.537689066468883,0.483432018047326,0.487432512927892,0.519518632616868,0.527331399685,0.596862328066458,0.514758015995059,0.530596100414778,0.46991015771934
2.01,0.536911839922483,0.537689016472009,0.48343201782164,0.487432514286343,0.51951859423569,0.52733135993371,0.596862185417125,0.514757998872753,0.530596063328675,0.469910164940412
2.02,0.536911772788768,0.537688977041112,0.483432017716909,0.487432515644795,0.519518555854512,0.527331320182421,0.596862042767791,0.5147579849394,0.53059602869434,0.46991016997102
2.03,0.536911717636886,0.537688938434872,0.483432017628117,0.487432516899595,0.519518517473334,0.527331280431131,0.59686192467419,0.514757971006048,0.530596000509673,0.469910175001629
2.04,0.536911666072328,0.537688899828633,0.483432017539325,0.487432517996794,0.519518479092156,0.527331244673685,0.596861815490028,0.514757957072695,0.530595972325006,0.469910180032237
2.05,0.53691161450777,0.537688861222393,0.483432017450534,0.487432519093993,0.519518448618126,0.527331214172521,0.596861706305865,0.514757943139343,0.530595944140339,0.469910185062845
2.06,0.536911562943211,0.537688822616153,0.483432017361742,0.487432520191192,0.519518418990637,0.527331183671356,0.596861597121703,0.514757930409633,0.530595915955673,0.469910189382854
2.07,0.536911511378653,0.537688792526349,0.483432017334273,0.487432521288391,0.519518389363149,0.527331153170191,0.596861487937541,0.514757919957256,0.530595889617017,0.469910191763532
2.08,0.536911468637691,0.537688763101239,0.483432017314885,0.487432521669,0.51951835973566,0.527331122669026,0.596861396950664,0.514757909504878,0.530595868134514,0.469910194144209
2.09,0.536911428538486,0.537688733676129,0.483432017295497,0.487432520960033,0.519518330108171,0.527331095303113,0.596861312566222,0.5147578990525,0.530595846652011,0.469910196524887
2.1,0.53691138843928,0.537688704251019,0.483432017276109,0.487432520251066,0.519518306564244,0.52733107206349,0.59686122818178,0.514757888600123,0.530595825169507,0.469910198905564
2.11,0.536911348340075,0.537688674825909,0.483432017256721,0.487432519542099,0.519518283671624,0.527331048823867,0.596861143797337,0.514757879059139,0.530595803687004,0.469910200905415
2.12,0.53691130824087,0.537688652074052,0.483432017259125,0.487432518833132,0.519518260779004,0.527331025584244,0.596861059412895,0.514757871242543,0.530595783662787,0.469910201865936
2.13,0.53691127502586,0.537688629843031,0.483432017264402,0.487432517995227,0.519518237886384,0.527331002344621,0.596860989136982,0.514757863425946,0.530595767474767,0.469910202826456
2.14,0.536911243871957,0.53768860761201,0.483432017269678,0.487432516961272,0.519518214993765,0.527330981409316,0.596860923980001,0.51475785560935,0.530595751286747,0.469910203786976
2.15,0.536911212718054,0.537688585380989,0.483432017274954,0.487432515927316,0.519518196763383,0.527330963506713,0.59686085882302,0.514757847792754,0.530595735098726,0.469910204747496
2.16,0.536911181564151,0.537688563149968,0.48343201728023,0.487432514893361,0.519518179032142,0.52733094560411,0.596860793666039,0.514757840676084,0.530595718910706,0.469910205448391
2.17,0.536911150410248,0.537688545490228,0.483432017314389,0.487432513859406,0.519518161300901,0.527330927701508,0.596860728509057,0.514757834883697,0.530595703779538,0.469910205440731
2.18,0.536911124690961,0.537688528187269,0.483432017352355,0.487432512825537,0.51951814356966,0.527330909798905,0.596860674337537,0.514757829091311,0.530595691428549,0.469910205433071
2.19,0.536911100598781,0.537688510884311,0.48343201739032,0.487432511791801,0.519518125838419,0.527330893679204,0.59686062415182,0.514757823298924,0.530595679077559,0.469910205425411
2.2,0.5369110765066,0.537688493581352,0.483432017428286,0.487432510758064,0.519518111761582,0.527330879905971,0.596860573966102,0.514757817506538,0.530595666726569,0.469910205417751
2.21,0.53691105241442,0.537688476278393,0.483432017466251,0.487432509724327,0.519518098075986,0.527330866132739,0.596860523780384,0.514757812210786,0.530595654375579,0.46991020531788
2.22,0.53691102832224,0.537688462982731,0.483432017499894,0.48743250869059,0.51951808439039,0.527330852359506,0.596860473594667,0.514757807854683,0.53059564283522,0.469910204966349
2.23,0.536911008284267,0.537688449999831,0.483432017532966,0.487432507607274,0.519518070704795,0.527330838586273,0.596860431516331,0.51475780349858,0.530595633427323,0.469910204614818
2.24,0.536910989460111,0.537688437016931,0.483432017566039,0.48743250644857,0.519518057019199,0.527330826232285,0.596860392379557,0.514757799142476,0.530595624019426,0.469910204263288
2.25,0.536910970635955,0.537688424034032,0.483432017599112,0.487432505289867,0.519518046075412,0.52733081574616,0.596860353242784,0.514757794786373,0.530595614611529,0.469910203911757
2.26,0.536910951811799,0.537688411051132,0.483432017632185,0.487432504131164,0.519518035425164,0.527330805260034,0.596860314106011,0.514757790824028,0.530595605203632,0.469910203483956
2.27,0.536910932987644,0.537688400855715,0.483432017642767,0.48743250297246,0.519518024774915,0.527330794773908,0.596860274969237,0.514757787606685,0.530595596427308,0.469910202848001
2.28,0.536910917533752,0.537688390877857,0.483432017650386,0.487432501936553,0.519518014124667,0.527330784287782,0.596860242241204,0.514757784389342,0.530595589312415,0.469910202212046
2.29,0.536910903088907,0.537688380899999,0.483432017658004,0.487432501087357,0.519518003474419,0.527330774837011,0.596860211838424,0.514757781171999,0.530595582197522,0.469910201576092
2.3,0.536910888644062,0.537688370922141,0.483432017665623,0.487432500238161,0.519517995065867,0.527330766748866,0.596860181435644,0.514757777954656,0.530595575082629,0.469910200940137
2.31,0.536910874199217,0.537688360944283,0.483432017673242,0.487432499388966,0.519517986897312,0.527330758660722,0.596860151032864,0.514757775006552,0.530595567967736,0.469910200285166
2.32,0.536910859754372,0.537688353145781,0.48343201771852,0.48743249853977,0.519517978728757,0.527330750572578,0.596860120630083,0.514757772567858,0.530595561319812,0.469910199578299
2.33,0.536910847652061,0.537688345517374,0.483432017768761,0.48743249772625,0.519517970560202,0.527330742484433,0.596860095539008,0.514757770129164,0.530595555900303,0.469910198871432
2.34,0.536910836251098,0.537688337888966,0.483432017819002,0.487432496966975,0.519517962391647,0.527330735206333,0.596860072375153,0.51475776769047,0.530595550480795,0.469910198164565
2.35,0.536910824850135,0.537688330260559,0.483432017869243,0.487432496207699,0.519517955869097,0.52733072899433,0.596860049211298,0.514757765251775,0.530595545061286,0.469910197457698
2.36,0.536910813449172,0.537688322632152,0.483432017919484,0.487432495448424,0.519517949522769,0.527330722782326,0.596860026047443,0.5147577630358,0.530595539641778,0.469910196767104
2.37,0.536910802048209,0.537688316657665,0.483432017942675,0.487432494689149,0.519517943176441,0.527330716570322,0.596860002883588,0.514757761241216,0.530595534585661,0.46991019612092
2.38,0.536910792721917,0.537688310812264,0.483432017962302,0.487432493993527,0.519517936830112,0.527330710358319,0.596859983411562,0.514757759446632,0.530595530485486,0.469910195474735
2.39,0.536910784016775,0.537688304966863,0.483432017981929,0.487432493394691,0.519517930483784,0.527330704761729,0.596859965279024,0.514757757652048,0.530595526385312,0.469910194828551
2.4,0.536910775311634,0.537688299121462,0.483432018001555,0.487432492795854,0.519517925469225,0.527330699975082,0.596859947146486,0.514757755857465,0.530595522285137,0.469910194182366
2.41,0.536910766606492,0.537688293276061,0.483432018021182,0.487432492197018,0.519517920597245,0.527330695188435,0.596859929013949,0.514757754218888,0.530595518184963,0.469910193557376
2.42,0.53691075790135,0.537688288646618,0.483432018039348,0.487432491598182,0.519517915725265,0.527330690401789,0.596859910881411,0.514757752875483,0.530595514355013,0.469910192990229
2.43,0.536910750647218,0.53768828411208,0.483432018057321,0.487432491057221,0.519517910853285,0.527330685615142,0.596859895713421,0.514757751532077,0.530595511235919,0.469910192423083
2.44,0.536910743827514,0.537688279577541,0.483432018075294,0.48743249060426,0.519517905981305,0.527330681321668,0.596859881621045,0.514757750188672,0.530595508116825,0.469910191855936
2.45,0.536910737007809,0.537688275043002,0.483432018093267,0.487432490151299,0.519517902095319,0.527330677677257,0.596859867528669,0.514757748845266,0.530595504997731,0.469910191288789
2.46,0.536910730188105,0.537688270508463,0.48343201811124,0.487432489698338,0.519517898314893,0.527330674032847,0.596859853436293,0.514757747619101,0.530595501878637,0.46991019074618
2.47,0.536910723368401,0.537688267133535,0.483432018122889,0.487432489245377,0.519517894534468,0.527330670388436,0.596859839343916,0.514757746614758,0.530595498961215,0.469910190270541
2.48,0.536910717771614,0.537688263849112,0.483432018133705,0.487432488842102,0.519517890754043,0.527330666744025,0.596859827587309,0.514757745610415,0.530595496574312,0.469910189794902
2.49,0.536910712540965,0.537688260564689,0.483432018144521,0.487432488514373,0.519517886973617,0.527330663470262,0.596859816678178,0.514757744606071,0.530595494187409,0.469910189319262
2.5,0.536910707310316,0.537688257280266,0.483432018155336,0.487432488186645,0.519517883981462,0.527330660684306,0.596859805769046,0.514757743601728,0.530595491800506,0.469910188843623
2.51,0.536910702079667,0.537688253995843,0.483432018166152,0.487432487858916,0.519517881073699,0.527330657898351,0.596859794859915,0.514757742685639,0.530595489413603,0.469910188397896
2.52,0.536910696849018,0.537688251339613,0.48343201817804,0.487432487531187,0.519517878165936,0.527330655112395,0.596859783950784,0.514757741936529,0.530595487187506,0.469910188033806
2.53,0.536910692486379,0.537688248732412,0.483432018190069,0.487432487231255,0.519517875258173,0.52733065232644,0.596859774844802,0.51475774118742,0.530595485384431,0.469910187669716
2.54,0.536910688383619,0.53768824612521,0.483432018202098,0.487432486973588,0.51951787235041,0.527330649794174,0.596859766393048,0.51475774043831,0.530595483581355,0.469910187305627
2.55,0.53691068428086,0.537688243518009,0.483432018214127,0.487432486715921,0.519517870016562,0.52733064759579,0.596859757941294,0.5147577396892,0.53059548177828,0.469910186941537
2.56,0.536910680178101,0.537688240910808,0.483432018226157,0.487432486458253,0.519517867744158,0.527330645397405,0.596859749489539,0.514757739008483,0.530595479975204,0.469910186599206
2.57,0.536910676075341,0.537688238851903,0.48343201823391,0.487432486200586,0.519517865471753,0.52733064319902,0.596859741037785,0.514757738457164,0.530595478306129,0.469910186316262
2.58,0.536910672687485,0.537688236835791,0.483432018241101,0.487432485984114,0.519517863199349,0.527330641000635,0.596859733989361,0.514757737905845,0.530595476989561,0.469910186033318
2.59,0.536910669513668,0.53768823481968,0.483432018248291,0.487432485830279,0.519517860926945,0.527330639050138,0.596859727450101,0.514757737354527,0.530595475672992,0.469910185750373
2.6,0.536910666339852,0.537688232803568,0.483432018255482,0.487432485676443,0.519517859134256,0.527330637425886,0.59685972091084,0.514757736803208,0.530595474356424,0.469910185467429
2.61,0.536910663166035,0.537688230787456,0.483432018262672,0.487432485522608,0.519517857392926,0.527330635801633,0.596859714371579,0.514757736288915,0.530595473039855,0.4699101852028
2.62,0.536910659992219,0.537688229251302,0.483432018268632,0.487432485368773,0.519517855651595,0.52733063417738,0.596859707832319,0.514757735844675,0.530595471778876,0.469910184988157
2.63,0.536910657392163,0.537688227752608,0.48343201827443,0.487432485230878,0.519517853910265,0.527330632553128,0.596859702365782,0.514757735400435,0.530595470664132,0.469910184773515
2.64,0.53691065496389,0.537688226253914,0.483432018280228,0.487432485117219,0.519517852168934,0.527330631084841,0.596859697288457,0.514757734956194,0.530595469549388,0.469910184558872
2.65,0.536910652535617,0.537688224755219,0.483432018286026,0.487432485003559,0.519517850782181,0.527330629821822,0.596859692211132,0.514757734511954,0.530595468434645,0.46991018434423
2.66,0.536910650107343,0.537688223256525,0.483432018291824,0.4874324848899,0.519517849433389,0.527330628558802,0.596859687133807,0.514757734119098,0.530595467319901,0.469910184138875
2.67,0.53691064767907,0.537688222066273,0.483432018296012,0.487432484776241,0.519517848084596,0.527330627295782,0.596859682056481,0.51475773382346,0.530595466307427,0.46991018395887
2.68,0.536910645662461,0.537688220900095,0.483432018299989,0.48743248467874,0.519517846735804,0.527330626032762,0.59685967783813,0.514757733527822,0.530595465563989,0.469910183778865
2.69,0.536910643769103,0.537688219733916,0.483432018303965,0.487432484605806,0.519517845387012,0.527330624899463,0.596859673931437,0.514757733232184,0.53059546482055,0.46991018359886
2.7,0.536910641875745,0.537688218567738,0.483432018307942,0.487432484532872,0.519517844313887,0.527330623936888,0.596859670024743,0.514757732936546,0.530595464077111,0.469910183418854
2.71,0.536910639982388,0.537688217401559,0.483432018311918,0.487432484459939,0.519517843270276,0.527330622974313,0.596859666118049,0.514757732665037,0.530595463333672,0.469910183258051
2.72,0.53691063808903,0.537688216487472,0.48343201831498,0.487432484387005,0.519517842226664,0.527330622011738,0.596859662211356,0.514757732439181,0.530595462619012,0.469910183149652
2.73,0.536910636488532,0.53768821559306,0.483432018317922,0.487432484324117,0.519517841183052,0.527330621049163,0.596859658946896,0.514757732213326,0.530595461980059,0.469910183041254
2.74,0.536910634975715,0.537688214698648,0.483432018320863,0.487432484276503,0.519517840139441,0.527330620156255,0.596859655915454,0.514757731987471,0.530595461341106,0.469910182932855
2.75,0.536910633462898,0.537688213804236,0.483432018323804,0.487432484228889,0.519517839305364,0.527330619355036,0.596859652884013,0.514757731761615,0.530595460702152,0.469910182824456
2.76,0.536910631950082,0.537688212909824,0.483432018326746,0.487432484181275,0.51951783849372,0.527330618553816,0.596859649852572,0.514757731553535,0.530595460063199,0.469910182726707
2.77,0.536910630437265,0.537688212220069,0.483432018328956,0.487432484133661,0.519517837682076,0.527330617752596,0.59685964682113,0.514757731379084,0.530595459477884,0.469910182658022
2.78,0.53691062916964,0.537688211546287,0.483432018331071,0.487432484096307,0.519517836870432,0.527330616951376,0.596859644294636,0.514757731204634,0.530595459033672,0.469910182589337
2.79,0.536910627975424,0.537688210872506,0.483432018333185,0.487432484074555,0.519517836058788,0.527330616269932,0.596859641951348,0.514757731030184,0.530595458589459,0.469910182520652
2.8,0.536910626781208,0.537688210198724,0.483432018335299,0.487432484052802,0.51951783542494,0.527330615746126,0.59685963960806,0.514757730855734,0.530595458145247,0.469910182451967
2.81,0.536910625586992,0.537688209524942,0.483432018337414,0.487432484031049,0.519517834810127,0.527330615222319,0.596859637264773,0.514757730696388,0.530595457701034,0.469910182389514
2.82,0.536910624392776,0.537688209000116,0.483432018338875,0.487432484009297,0.519517834195313,0.527330614698513,0.596859634921485,0.514757730565618,0.530595457282878,0.469910182344071
2.83,0.536910623460468,0.537688208486916,0.48343201834025,0.487432483989948,0.5195178335805,0.527330614174706,0.596859633015582,0.514757730434848,0.530595456933269,0.469910182298628
2.84,0.536910622606575,0.537688207973716,0.483432018341625,0.487432483974255,0.519517832965687,0.527330613686099,0.596859631268374,0.514757730304078,0.53059545658366,0.469910182253184
2.85,0.536910621752681,0.537688207460516,0.483432018343,0.487432483958563,0.519517832483442,0.527330613243819,0.596859629521166,0.514757730173308,0.530595456234051,0.469910182207741
2.86,0.536910620898788,0.537688206947316,0.483432018344375,0.48743248394287,0.519517832015391,0.527330612801538,0.596859627773957,0.514757730055469,0.530595455884441,0.469910182169136
2.87,0.536910620044895,0.537688206550381,0.483432018345492,0.487432483927177,0.519517831547339,0.527330612359258,0.596859626026749,0.514757729962094,0.530595455560972,0.469910182149194
2.88,0.536910619293212,0.537688206162521,0.483432018346575,0.487432483917486,0.519517831079287,0.527330611916977,0.596859624442736,0.51475772986872,0.530595455306266,0.469910182129253
2.89,0.536910618572132,0.537688205774661,0.483432018347657,0.487432483916921,0.519517830611235,0.527330611517063,0.596859622917935,0.514757729775345,0.530595455051561,0.469910182109312
2.9,0.536910617851051,0.537688205386801,0.48343201834874,0.487432483916356,0.519517830214256,0.527330611172906,0.596859621393134,0.514757729681971,0.530595454796855,0.46991018208937
2.91,0.536910617129971,0.53768820499894,0.483432018349823,0.487432483915791,0.519517829824885,0.52733061082875,0.596859619868333,0.51475772959455,0.530595454542149,0.469910182067922
2.92,0.53691061640889,0.537688204682832,0.483432018350582,0.487432483915226,0.519517829435515,0.527330610484593,0.596859618343532,0.514757729518392,0.53059545430129,0.469910182042363
2.93,0.536910615830813,0.537688204372324,0.483432018351298,0.487432483913251,0.519517829046144,0.527330610140437,0.596859617228455,0.514757729442234,0.530595454096857,0.469910182016803
2.94,0.536910615295551,0.537688204061815,0.483432018352014,0.48743248390913,0.519517828656774,0.527330609834439,0.596859616262036,0.514757729366077,0.530595453892424,0.469910181991244
2.95,0.53691061476029,0.537688203751307,0.48343201835273,0.487432483905008,0.519517828365309,0.527330609578664,0.596859615295616,0.514757729289919,0.53059545368799,0.469910181965684
2.96,0.536910614225028,0.537688203440799,0.483432018353446,0.487432483900887,0.519517828084326,0.527330609322889,0.596859614329197,0.514757729220908,0.530595453483557,0.469910181945223
2.97,0.536910613689766,0.537688203203729,0.483432018353953,0.487432483896766,0.519517827803342,0.527330609067113,0.596859613362778,0.514757729165421,0.530595453296456,0.469910181938678
2.98,0.53691061326523,0.537688202972391,0.483432018354432,0.487432483894917,0.519517827522359,0.527330608811338,0.596859612474019,0.514757729109934,0.530595453154951,0.469910181932133
2.99,0.536910612873844,0.537688202741053,0.483432018354911,0.48743248389652,0.519517827241376,0.527330608581637,0.596859611613437,0.514757729054447,0.530595453013446,0.469910181925587
3,0.536910612482459,0.537688202509714,0.483432018355389,0.487432483898124,0.519517827006815,0.527330608386253,0.596859610752855,0.514757728998959,0.530595452871941,0.469910181919042
3.01,0.536910612091074,0.537688202278376,0.483432018355868,0.487432483899728,0.519517826777224,0.527330608190869,0.596859609892273,0.514757728949372,0.530595452730436,0.469910181913647
3.02,0.536910611699688,0.53768820209684,0.483432018356265,0.487432483901332,0.519517826547634,0.527330607995485,0.596859609031691,0.51475772891095,0.53059545259628,0.469910181911393
3.03,0.536910611343509,0.537688201919191,0.483432018356651,0.48743248390326,0.519517826318043,0.527330607800101,0.596859608281803,0.514757728872527,0.530595452481457,0.469910181909139
3.04,0.536910610997871,0.537688201741541,0.483432018357038,0.487432483905684,0.519517826088452,0.527330607623459,0.596859607572077,0.514757728834104,0.530595452366635,0.469910181906885
3.05,0.536910610652233,0.537688201563892,0.483432018357424,0.487432483908107,0.519517825909735,0.527330607471481,0.59685960686235,0.514757728795681,0.530595452251812,0.469910181904631
3.06,0.536910610306594,0.537688201386242,0.48343201835781,0.48743248391053,0.519517825736464,0.527330607319503,0.596859606152624,0.514757728759434,0.530595452136989,0.469910181903514
3.07,0.536910609960956,0.537688201250328,0.483432018358036,0.487432483912953,0.519517825563193,0.527330607167526,0.596859605442898,0.514757728727303,0.530595452029125,0.469910181905498
3.08,0.536910609690767,0.537688201117671,0.483432018358241,0.487432483915329,0.519517825389922,0.527330607015548,0.596859604891843,0.514757728695171,0.530595451939565,0.469910181907483
3.09,0.536910609443167,0.537688200985015,0.483432018358446,0.487432483917635,0.519517825216652,0.52733060687937,0.596859604398359,0.51475772866304,0.530595451850005,0.469910181909468
3.1,0.536910609195568,0.537688200852358,0.483432018358651,0.48743248391994,0.519517825079803,0.527330606763983,0.596859603904875,0.514757728630908,0.530595451760445,0.469910181911453
3.11,0.536910608947968,0.537688200719701,0.483432018358855,0.487432483922245,0.519517824946853,0.527330606648597,0.59685960341139,0.514757728602813,0.530595451670885,0.469910181912256
3.12,0.536910608700369,0.537688200614438,0.483432018359025,0.487432483924551,0.519517824813904,0.527330606533211,0.596859602917906,0.514757728582353,0.530595451586919,0.469910181909834
3.13,0.536910608496297,0.537688200511313,0.483432018359191,0.487432483927226,0.519517824680954,0.527330606417825,0.59685960252536,0.514757728561893,0.530595451517669,0.469910181907412
3.14,0.536910608305258,0.537688200408188,0.483432018359357,0.487432483930465,0.519517824548005,0.527330606313232,0.596859602169438,0.514757728541434,0.53059545144842,0.46991018190499
3.15,0.536910608114218,0.537688200305063,0.483432018359522,0.487432483933704,0.519517824440389,0.527330606222844,0.596859601813515,0.514757728520974,0.530595451379171,0.469910181902568
3.16,0.536910607923179,0.537688200201938,0.483432018359688,0.487432483936942,0.519517824335486,0.527330606132457,0.596859601457592,0.514757728501543,0.530595451309921,0.469910181902254
3.17,0.53691060773214,0.537688200118024,0.483432018359806,0.487432483940181,0.519517824230583,0.527330606042069,0.596859601101669,0.514757728484058,0.530595451244635,0.469910181907695
3.18,0.53691060757484,0.537688200035609,0.483432018359918,0.487432483943048,0.519517824125679,0.527330605951681,0.596859600764681,0.514757728466573,0.530595451189773,0.469910181913136
3.19,0.536910607427643,0.537688199953194,0.48343201836003,0.487432483945349,0.519517824020776,0.527330605871126,0.596859600434562,0.514757728449088,0.530595451134911,0.469910181918577
3.2,0.536910607280445,0.537688199870779,0.483432018360142,0.48743248394765,0.51951782394098,0.527330605803512,0.596859600104442,0.514757728431603,0.53059545108005,0.469910181924018
3.21,0.536910607133248,0.537688199788363,0.483432018360254,0.487432483949952,0.519517823863872,0.527330605735898,0.596859599774323,0.514757728415877,0.530595451025188,0.469910181928664
3.22,0.53691060698605,0.537688199730166,0.483432018360343,0.487432483952253,0.519517823786764,0.527330605668283,0.596859599444204,0.514757728403479,0.530595450974636,0.46991018193114
3.23,0.536910606858585,0.537688199673859,0.483432018360428,0.487432483954373,0.519517823709656,0.527330605600669,0.596859599202692,0.51475772839108,0.53059545093542,0.469910181933617
3.24,0.536910606737028,0.537688199617552,0.483432018360513,0.487432483956215,0.519517823632548,0.527330605538905,0.596859598993329,0.514757728378682,0.530595450896205,0.469910181936093
3.25,0.536910606615472,0.537688199561245,0.483432018360598,0.487432483958057,0.519517823570951,0.527330605484843,0.596859598783966,0.514757728366284,0.53059545085699,0.469910181938569
3.26,0.536910606493915,0.537688199504938,0.483432018360684,0.4874324839599,0.519517823511014,0.52733060543078,0.596859598574603,0.514757728355093,0.530595450817774,0.46991018194103
3.27,0.536910606372358,0.537688199457784,0.483432018360729,0.487432483961742,0.519517823451078,0.527330605376717,0.596859598365239,0.514757728346189,0.530595450781801,0.469910181943448
3.28,0.536910606277893,0.537688199411344,0.483432018360769,0.487432483963475,0.519517823391142,0.527330605322655,0.596859598163255,0.514757728337284,0.530595450754357,0.469910181945866
3.29,0.536910606191539,0.537688199364904,0.483432018360809,0.48743248396504,0.519517823331206,0.527330605275374,0.596859597963946,0.514757728328379,0.530595450726913,0.469910181948283
3.3,0.536910606105186,0.537688199318465,0.483432018360849,0.487432483966605,0.519517823281324,0.527330605237018,0.596859597764638,0.514757728319475,0.530595450699469,0.469910181950701
3.31,0.536910606018832,0.537688199272025,0.483432018360889,0.487432483968171,0.519517823232519,0.527330605198662,0.59685959756533,0.514757728311067,0.530595450672025,0.469910181953035
3.32,0.536910605932479,0.537688199234919,0.483432018360928,0.487432483969736,0.519517823183715,0.527330605160307,0.596859597366022,0.5147577283036,0.530595450645861,0.469910181955142
3.33,0.536910605856187,0.537688199198542,0.483432018360967,0.487432483971142,0.51951782313491,0.527330605121951,0.596859597211846,0.514757728296134,0.530595450623064,0.469910181957248
3.34,0.536910605782908,0.537688199162164,0.483432018361006,0.487432483972306,0.519517823086105,0.527330605086259,0.596859597074046,0.514757728288667,0.530595450600267,0.469910181959354
3.35,0.536910605709629,0.537688199125787,0.483432018361045,0.487432483973469,0.519517823048224,0.527330605054072,0.596859596936245,0.5147577282812,0.530595450577469,0.46991018196146
3.36,0.53691060563635,0.53768819908941,0.483432018361085,0.487432483974633,0.519517823011512,0.527330605021885,0.596859596798445,0.514757728274563,0.530595450554672,0.469910181963466
3.37,0.536910605563071,0.537688199064733,0.483432018361086,0.487432483975796,0.5195178229748,0.527330604989699,0.596859596660644,0.514757728269496,0.530595450534469,0.469910181965198
3.38,0.53691060550562,0.537688199040969,0.483432018361083,0.487432483976843,0.519517822938089,0.527330604957512,0.596859596545209,0.514757728264429,0.530595450521092,0.46991018196693
3.39,0.536910605452908,0.537688199017205,0.48343201836108,0.487432483977712,0.519517822901377,0.527330604929178,0.596859596437889,0.514757728259361,0.530595450507715,0.469910181968662
3.4,0.536910605400196,0.537688198993441,0.483432018361077,0.487432483978581,0.519517822872944,0.527330604905916,0.596859596330569,0.514757728254294,0.530595450494338,0.469910181970394
3.41,0.536910605347484,0.537688198969677,0.483432018361074,0.487432483979451,0.519517822845398,0.527330604882653,0.596859596223249,0.514757728249752,0.530595450480961,0.469910181972028
3.42,0.536910605294772,0.53768819894557,0.483432018361107,0.48743248398032,0.519517822817852,0.52733060485939,0.59685959611593,0.514757728246204,0.530595450467168,0.469910181973392
3.43,0.536910605248641,0.537688198921436,0.483432018361144,0.487432483981093,0.519517822790305,0.527330604836128,0.596859596027182,0.514757728242656,0.530595450452278,0.469910181974756
3.44,0.536910605204481,0.537688198897301,0.483432018361181,0.487432483981719,0.519517822762759,0.527330604814915,0.596859595945173,0.514757728239108,0.530595450437388,0.469910181976121
3.45,0.53691060516032,0.537688198873167,0.483432018361218,0.487432483982345,0.51951782273987,0.527330604796399,0.596859595863164,0.51475772823556,0.530595450422498,0.469910181977485
3.46,0.536910605116159,0.537688198849033,0.483432018361255,0.487432483982972,0.519517822717479,0.527330604777884,0.596859595781156,0.51475772823216,0.530595450407608,0.469910181978768
3.47,0.536910605071999,0.537688198834999,0.483432018361267,0.487432483983598,0.519517822695088,0.527330604759369,0.596859595699147,0.514757728229042,0.530595450394163,0.469910181979827
3.48,0.536910605037612,0.537688198821754,0.483432018361276,0.487432483984159,0.519517822672697,0.527330604740853,0.596859595634513,0.514757728225924,0.530595450384516,0.469910181980886
3.49,0.536910605006153,0.537688198808508,0.483432018361285,0.487432483984619,0.519517822650306,0.527330604724218,0.596859595576184,0.514757728222806,0.530595450374869,0.469910181981945
3.5,0.536910604974694,0.537688198795263,0.483432018361294,0.48743248398508,0.519517822632808,0.527330604710056,0.596859595517854,0.514757728219688,0.530595450365222,0.469910181983004
3.51,0.536910604943234,0.537688198782018,0.483432018361303,0.48743248398554,0.519517822615834,0.527330604695895,0.596859595459525,0.514757728216894,0.530595450355575,0.469910181983987
3.52,0.536910604911775,0.537688198769836,0.48343201836131,0.487432483986001,0.519517822598859,0.527330604681733,0.596859595401196,0.514757728214712,0.530595450346644,0.469910181984759
3.53,0.536910604883931,0.537688198757738,0.483432018361315,0.487432483986408,0.519517822581885,0.527330604667571,0.596859595347412,0.514757728212529,0.530595450339594,0.469910181985531
3.54,0.53691060485717,0.53768819874564,0.483432018361321,0.487432483986735,0.519517822564911,0.527330604654833,0.596859595295277,0.514757728210347,0.530595450332545,0.469910181986303
3.55,0.536910604830408,0.537688198733541,0.483432018361327,0.487432483987062,0.519517822551528,0.527330604643968,0.596859595243142,0.514757728208165,0.530595450325495,0.469910181987075
3.56,0.536910604803647,0.537688198721443,0.483432018361332,0.487432483987388,0.519517822538529,0.527330604633103,0.596859595191007,0.514757728206254,0.530595450318446,0.469910181987788
3.57,0.536910604776886,0.537688198712404,0.483432018361336,0.487432483987715,0.519517822525531,0.527330604622238,0.596859595138872,0.514757728204857,0.530595450311786,0.469910181988342
3.58,0.53691060475642,0.537688198703604,0.483432018361339,0.487432483987968,0.519517822512532,0.527330604611372,0.596859595094053,0.514757728203459,0.530595450306153,0.469910181988895
3.59,0.536910604737839,0.537688198694803,0.483432018361342,0.487432483988107,0.519517822499534,0.527330604601589,0.596859595051887,0.514757728202062,0.53059545030052,0.469910181989448
3.6,0.536910604719258,0.537688198686003,0.483432018361346,0.487432483988247,0.519517822489325,0.527330604593229,0.596859595009722,0.514757728200665,0.530595450294887,0.469910181990001
3.61,0.536910604700677,0.537688198677203,0.483432018361349,0.487432483988387,0.519517822479415,0.52733060458487,0.596859594967557,0.514757728199314,0.530595450289254,0.469910181990505
3.62,0.536910604682096,0.537688198670859,0.483432018361352,0.487432483988526,0.519517822469505,0.52733060457651,0.596859594925391,0.514757728198052,0.530595450284141,0.469910181990874
3.63,0.536910604665958,0.537688198664707,0.483432018361354,0.487432483988662,0.519517822459595,0.527330604568151,0.596859594892569,0.514757728196791,0.530595450280397,0.469910181991243
3.64,0.536910604650551,0.537688198658555,0.483432018361357,0.487432483988792,0.519517822449685,0.527330604560574,0.596859594863137,0.514757728195529,0.530595450276653,0.469910181991612
3.65,0.536910604635144,0.537688198652402,0.48343201836136,0.487432483988923,0.519517822440611,0.527330604554027,0.596859594833705,0.514757728194267,0.530595450272909,0.469910181991981
3.66,0.536910604619738,0.53768819864625,0.483432018361362,0.487432483989053,0.519517822431627,0.527330604547479,0.596859594804272,0.514757728193155,0.530595450269164,0.469910181992326
3.67,0.536910604604331,0.537688198639385,0.483432018361364,0.487432483989183,0.519517822422644,0.527330604540933,0.59685959477484,0.514757728192327,0.530595450265591,0.469910181992608
3.68,0.536910604591402,0.537688198632464,0.483432018361366,0.487432483989288,0.51951782241366,0.527330604534385,0.596859594749987,0.514757728191498,0.530595450262468,0.469910181992889
3.69,0.536910604579216,0.537688198625542,0.483432018361368,0.487432483989355,0.519517822404676,0.527330604528632,0.596859594726797,0.51475772819067,0.530595450259344,0.46991018199317
3.7,0.536910604567029,0.537688198618621,0.48343201836137,0.487432483989421,0.519517822399136,0.527330604523923,0.596859594703606,0.514757728189842,0.530595450256221,0.469910181993452
3.71,0.536910604554842,0.5376881986117,0.483432018361371,0.487432483989487,0.519517822393964,0.527330604519214,0.596859594680415,0.514757728189055,0.530595450253097,0.4699101819937
3.72,0.536910604542655,0.537688198607472,0.483432018361373,0.487432483989553,0.519517822388793,0.527330604514505,0.596859594657225,0.514757728188347,0.530595450250137,0.469910181993858
3.73,0.536910604532337,0.537688198603454,0.483432018361374,0.487432483989611,0.519517822383621,0.527330604509796,0.596859594638288,0.514757728187639,0.530595450247607,0.469910181994017
3.74,0.536910604522578,0.537688198599436,0.483432018361375,0.487432483989657,0.51951782237845,0.527330604505404,0.596859594620895,0.514757728186931,0.530595450245077,0.469910181994175
3.75,0.536910604512819,0.537688198595418,0.483432018361376,0.487432483989703,0.51951782237369,0.527330604501431,0.596859594603502,0.514757728186222,0.530595450242546,0.469910181994333
3.76,0.536910604503059,0.5376881985914,0.483432018361378,0.487432483989748,0.519517822368973,0.527330604497457,0.596859594586109,0.514757728185581,0.530595450240016,0.469910181994473
3.77,0.5369106044933,0.537688198588631,0.483432018361378,0.487432483989794,0.519517822364257,0.527330604493484,0.596859594568716,0.514757728185066,0.530595450237646,0.469910181994563
3.78,0.536910604485481,0.537688198585959,0.483432018361378,0.487432483989832,0.51951782235954,0.527330604489511,0.596859594553937,0.51475772818455,0.530595450235698,0.469910181994652
3.79,0.536910604478241,0.537688198583287,0.483432018361378,0.487432483989858,0.519517822354824,0.527330604486092,0.596859594540107,0.514757728184035,0.53059545023375,0.469910181994742
3.8,0.536910604471002,0.537688198580615,0.483432018361379,0.487432483989883,0.519517822350896,0.527330604483404,0.596859594526277,0.51475772818352,0.530595450231802,0.469910181994831
3.81,0.536910604463763,0.537688198577943,0.483432018361379,0.487432483989909,0.519517822347052,0.527330604480716,0.596859594512446,0.514757728183064,0.530595450229854,0.46991018199491
3.82,0.536910604456523,0.537688198575487,0.483432018361379,0.487432483989934,0.519517822343207,0.527330604478028,0.596859594498616,0.51475772818272,0.530595450228021,0.46991018199496
3.83,0.536910604451105,0.537688198573047,0.48343201836138,0.487432483989946,0.519517822339363,0.52733060447534,0.596859594487778,0.514757728182377,0.530595450226491,0.469910181995009
3.84,0.536910604446231,0.537688198570608,0.48343201836138,0.487432483989937,0.519517822335519,0.527330604472844,0.596859594478026,0.514757728182033,0.53059545022496,0.469910181995058
3.85,0.536910604441357,0.537688198568168,0.483432018361381,0.487432483989927,0.519517822332873,0.527330604470601,0.596859594468273,0.514757728181689,0.53059545022343,0.469910181995108
3.86,0.536910604436484,0.537688198565728,0.483432018361381,0.487432483989918,0.519517822330356,0.527330604468358,0.596859594458521,0.514757728181364,0.530595450221899,0.469910181995152
3.87,0.53691060443161,0.53768819856366,0.483432018361381,0.487432483989909,0.519517822327839,0.527330604466115,0.596859594448768,0.514757728181072,0.530595450220531,0.469910181995182
3.88,0.53691060442722,0.537688198561621,0.483432018361382,0.487432483989905,0.519517822325322,0.527330604463873,0.596859594439948,0.51475772818078,0.53059545021959,0.469910181995213
3.89,0.536910604422974,0.537688198559582,0.483432018361382,0.48743248398991,0.519517822322804,0.527330604461864,0.596859594431467,0.514757728180488,0.530595450218649,0.469910181995244
3.9,0.536910604418729,0.537688198557543,0.483432018361382,0.487432483989914,0.519517822320354,0.527330604460164,0.596859594422985,0.514757728180196,0.530595450217708,0.469910181995274
3.91,0.536910604414483,0.537688198555504,0.483432018361382,0.487432483989919,0.519517822317911,0.527330604458464,0.596859594414504,0.514757728179933,0.530595450216767,0.469910181995299
3.92,0.536910604410238,0.537688198554102,0.483432018361382,0.487432483989923,0.519517822315468,0.527330604456763,0.596859594406022,0.514757728179726,0.530595450215848,0.469910181995309
3.93,0.536910604406413,0.537688198552749,0.483432018361383,0.487432483989923,0.519517822313024,0.527330604455063,0.596859594398943,0.514757728179519,0.530595450214987,0.469910181995318
3.94,0.536910604402714,0.537688198551397,0.483432018361383,0.487432483989915,0.519517822310581,0.527330604453518,0.596859594392373,0.514757728179313,0.530595450214126,0.469910181995328
3.95,0.536910604399015,0.537688198550045,0.483432018361383,0.487432483989907,0.519517822308924,0.527330604452177,0.596859594385803,0.514757728179106,0.530595450213264,0.469910181995337
3.96,0.536910604395316,0.537688198548692,0.483432018361383,0.487432483989899,0.519517822307351,0.527330604450837,0.596859594379233,0.514757728178914,0.530595450212403,0.469910181995343
3.97,0.536910604391617,0.537688198547735,0.483432018361383,0.487432483989891,0.519517822305777,0.527330604449497,0.596859594372664,0.514757728178751,0.530595450211583,0.469910181995338
3.98,0.536910604388587,0.537688198546809,0.483432018361383,0.487432483989881,0.519517822304204,0.527330604448156,0.596859594366427,0.514757728178588,0.530595450210871,0.469910181995334
3.99,0.536910604385757,0.537688198545882,0.483432018361383,0.487432483989869,0.519517822302631,0.527330604446869,0.596859594360313,0.514757728178425,0.530595450210158,0.46991018199533
4,0.536910604382928,0.537688198544956,0.483432018361383,0.487432483989856,0.519517822301492,0.527330604445652,0.596859594354198,0.514757728178261,0.530595450209446,0.469910181995325
4.01,0.485438703555987,0.462792201420842,0.409595399492752,0.436752624561974,0.464235063298314,0.445111150075631,0.535820729043585,0.442534579727752,0.456695421914409,0.412822850560546
4.02,0.437341376806851,0.396708489423209,0.34540653934826,0.389624062439631,0.413656324656476,0.374015867656321,0.47858310870404,0.378182335836788,0.391091374943426,0.36102661682382
4.03,0.397151060214844,0.345986230767467,0.3035485409009,0.353403276531482,0.373960847653226,0.323010147457896,0.432118236454262,0.329644287228172,0.342674771070355,0.321835141859718
4.04,0.367080760634207,0.312672040318021,0.28043349741923,0.329100311277213,0.34828723861399,0.291400520115069,0.397722724303575,0.300657681948003,0.312395391162561,0.296484468544685
4.05,0.347706385624905,0.295272441137396,0.277649246092033,0.318146198741466,0.336508560571434,0.280166651063431,0.37519227123159,0.28773157225962,0.30109231762069,0.286141640884191
4.06,0.338689717186101,0.294751596746954,0.28843633996377,0.318909463871824,0.336684655456026,0.28482822097732,0.364924891620999,0.28919872132599,0.305029181428797,0.287968071931697
4.07,0.339088052914792,0.305074212862389,0.308311217096243,0.328967437645386,0.346823775489162,0.299958451037958,0.365505155996143,0.302805093979413,0.319114833721192,0.299270890473804
4.08,0.347183990571981,0.323601452350014,0.333557337490161,0.347347300271545,0.364083028418019,0.321331003273379,0.374809876707009,0.322996093112026,0.341380688074701,0.317016589279999
4.09,0.362238983496372,0.347338642623428,0.36278828531362,0.370721183656562,0.387842050611374,0.347413766181418,0.392085714515553,0.346406475491505,0.368089451938677,0.340902329360149
4.1,0.383492299165634,0.42875562094912,0.392456658910092,0.395941471737308,0.413511355909336,0.440673038412516,0.414934494786165,0.376336293102664,0.396097162228491,0.366471698700349
4.11,0.406183947601373,0.5168793862408,0.422402050746927,0.424161538185965,0.440850611374015,0.523699544632065,0.502313994946934,0.480431817047159,0.487482675739718,0.393752002166577
4.12,0.474446652073707,0.583005226504828,0.499374872247304,0.452401565093153,0.468241188372862,0.585189285712838,0.579795070525319,0.551756163234459,0.55966848987075,0.440949247983692
4.13,0.552694073920517,0.633994254545058,0.562568364311278,0.480715343686982,0.494915243716992,0.631846696460264,0.642782492478502,0.604326069690616,0.614271353952133,0.52175367263006
4.14,0.611628796462387,0.6734891764904,0.608841229471629,0.521931196294618,0.553477279419018,0.667153828468962,0.6948870647197,0.643371253350502,0.655990518652731,0.579727635922125
4.15,0.657037779984562,0.703876797539608,0.643079371987733,0.584759082794235,0.605566168672017,0.693513095636149,0.738182585510804,0.671940190890593,0.687646054669046,0.621960765375
4.16,0.691899957913232,0.726707285294793,0.668185217596009,0.631785220880622,0.643717352756012,0.712447672399033,0.774050218129097,0.691969714804611,0.711091571476622,0.652719959054685
4.17,0.718492050261917,0.74329789485047,0.686388554142459,0.667129665800256,0.671126876346259,0.72556445136144,0.80352816914579,0.705155623942195,0.727929692827668,0.674781269704354
4.18,0.738220104096486,0.754852726104979,0.699033454856224,0.693434271379754,0.690186181190065,0.733711967208438,0.827425483540609,0.712857738626263,0.739274486139095,0.689850037470968
4.19,0.752409348138422,0.762084335261484,0.707414351123385,0.712650698525611,0.702652894069816,0.737879969575448,0.84652965206114,0.716187312876448,0.746144323685567,0.699656098268607
4.2,0.761985206106717,0.765787967485432,0.712463451856461,0.726302013002122,0.709678152583002,0.738901883216403,0.861294993568832,0.716112347088532,0.749351141728598,0.705181120376399
4.21,0.767869487200863,0.766777558923419,0.714647835322219,0.735288854113276,0.71248300035684,0.737614555266568,0.872418286463227,0.713227310434418,0.749642560978124,0.707417901534907
4.22,0.770742725174758,0.765466310520523,0.714939790246121,0.74050642406518,0.712007934185629,0.734279510753656,0.88032802559277,0.708460463418634,0.747780206378469,0.706996853071985
4.23,0.77102481062347,0.762488250998998,0.713386422448737,0.742920267908175,0.709191717851007,0.729649769908638,0.885557848226247,0.702257281341022,0.744045892140034,0.704623152089366
4.24,0.769499782942615,0.758016016809751,0.710662959760235,0.7428503971035,0.704491520034303,0.723994142300027,0.88816707054184,0.695155696223513,0.739049261761474,0.700694004728052
4.25,0.76635892224435,0.752588266102145,0.707007389134493,0.741019877219568,0.698596099672359,0.717619970072167,0.888862571199326,0.687476635233725,0.733150035766228,0.695746256236471
4.26,0.76202689543789,0.746465252517029,0.702670154954108,0.737753840469859,0.691809173934772,0.710859290441875,0.887825524492218,0.679582613118428,0.726621002390022,0.690063835031085
4.27,0.756841762195873,0.739881164462825,0.697853397843076,0.733368687665718,0.684586230242177,0.703912307733498,0.885259815788658,0.671686133188563,0.71969963588866,0.683898607209087
4.28,0.751026082741047,0.733032323913073,0.692710094952618,0.728159977865509,0.677164173318072,0.696943992865275,0.881391570808316,0.663967050893153,0.71260677311722,0.677467894120654
4.29,0.744781829370035,0.726083304888547,0.687346100757848,0.72238559689289,0.669751116137427,0.69008019621171,0.876460258987514,0.656570520614071,0.705514369638839,0.670957794290113
4.3,0.738281448887162,0.7191616087615,0.681916802860602,0.716257387506078,0.662519170300055,0.683399098600788,0.87071391520419,0.649607257169532,0.69856241788019,0.664511101561938
4.31,0.731667296798481,0.712344723811717,0.676486522329156,0.709943853182783,0.655568649826717,0.677047432996107,0.864355636459365,0.64313306738402,0.691846288671325,0.658235675934602
4.32,0.72504899956413,0.705804362944771,0.671128188330506,0.703554561749281,0.648991314182548,0.671056132647276,0.857531405317277,0.637163005141725,0.68540174112909,0.652195015005218
4.33,0.718497617881003,0.699543348614651,0.665904237834894,0.697188889319319,0.642885337710603,0.665347674873124,0.85024660302187,0.63161744051595,0.679225080841451,0.646401922962668
4.34,0.712148232079906,0.69348271213137,0.660805150000588,0.690981040255681,0.637216258900659,0.660087073804788,0.842736312855916,0.626627821625209,0.67358442432407,0.640917107811006
4.35,0.706031366662943,0.687936928268009,0.65596225311225,0.684885950886704,0.631902130710777,0.655236619920236,0.835117489693618,0.622164999899279,0.668188651398967,0.635865008246513
4.36,0.70011062137449,0.682668860816132,0.651290064250141,0.679111594667797,0.627160369385268,0.650711996345815,0.827427241733894,0.618031534977413,0.663308263676267,0.630953280424405
4.37,0.694566601624251,0.677748406239372,0.646786107391912,0.67355075631686,0.622821100034812,0.646613828423513,0.819809758305206,0.614512107251733,0.658718134492109,0.626680546070455
4.38,0.689305459454129,0.673343539364749,0.642703523111918,0.668295957601861,0.618878639505814,0.642962836492642,0.812237536890516,0.611258494737216,0.654720916149524,0.622407811716506
4.39,0.684371397907284,0.669173263305519,0.638620938831925,0.663354764144707,0.615341577972175,0.639311844561772,0.804968253413241,0.608426280391171,0.650723697806939,0.618851645713551
4.4,0.679733197955239,0.665366140537241,0.63494049635697,0.658730681977041,0.612285637546675,0.636491842738032,0.797842809217639,0.606119683324631,0.647449396542386,0.615326907465758
4.41,0.67552064608883,0.662058571697931,0.631535436991703,0.654365582341194,0.609229697121176,0.633827478769929,0.791050046541022,0.60381308625809,0.644461444165137,0.612160800950557
4.42,0.67139126528293,0.65875100285862,0.628130377626437,0.650476913684633,0.606954200534527,0.631163114801825,0.784548449016189,0.601704621041403,0.641473491787888,0.609452147313885
4.43,0.667977405563383,0.656096665366758,0.625202188214658,0.646588245028072,0.604866986064841,0.628830025426776,0.778390757243561,0.60034963461769,0.638996331284267,0.606743493677213
4.44,0.664563545843836,0.653728050626271,0.622521913520832,0.64334520226708,0.602779771595154,0.627149452784904,0.772598284339688,0.598994648193976,0.63704528917273,0.604226324585596
4.45,0.661472149343634,0.651359435885785,0.619841638827005,0.640294368695701,0.600718236088067,0.625468880143033,0.767212544606926,0.597639661770263,0.635094247061193,0.602366729250103
4.46,0.658923074271197,0.649049567007097,0.617239959636679,0.637243535124322,0.59952333702102,0.623788307501161,0.762095994580444,0.596284675346549,0.633143204949656,0.600507133914611
4.47,0.656373999198761,0.647613914729421,0.615339474340091,0.634640303889317,0.598328437953973,0.62210773485929,0.757596294393496,0.595504703697114,0.631354452473283,0.598647538579119
4.48,0.653824924126324,0.646178262451744,0.613438989043503,0.632487527292986,0.597133538886926,0.621119131920849,0.753096594206548,0.594879437991308,0.630290445347812,0.596787943243626
4.49,0.652105500452595,0.644742610174068,0.611538503746915,0.630334750696655,0.595938639819879,0.620227217230895,0.749461559887003,0.594254172285502,0.62922643822234,0.595561927988638
4.5,0.650446227867746,0.643306957896392,0.609638018450327,0.628181974100324,0.595031329216824,0.619335302540941,0.745942042536568,0.593628906579697,0.628162431096869,0.594440631568242
4.51,0.648786955282897,0.642131342939119,0.60794945853675,0.626211527441615,0.594468760413577,0.618443387850987,0.7425010589184,0.593003640873891,0.627098423971397,0.593319335147847
4.52,0.647127682698048,0.641417868933514,0.60674301051488,0.624876373061813,0.593906191610329,0.617551473161033,0.740023598260431,0.592709104841233,0.626194519598911,0.592198038727452
4.53,0.645758051216015,0.640704394927909,0.605536562493009,0.62354121868201,0.593343622807082,0.617095959482474,0.737546137602461,0.592503550602538,0.625712999263924,0.591076742307057
4.54,0.644850696793867,0.639990920922305,0.604330114471138,0.622206064302207,0.592781054003834,0.616701423689536,0.735068676944491,0.592297996363842,0.625231478928938,0.590384714580997
4.55,0.64394334237172,0.6392774469167,0.603123666449268,0.620870909922404,0.592385031224289,0.616306887896599,0.733326563530591,0.592092442125147,0.624749958593952,0.589763636871804
4.56,0.643035987949572,0.638719462268479,0.602065668720096,0.619666528830099,0.592188652669567,0.615912352103661,0.731891053880448,0.591886887886452,0.624268438258965,0.589142559162611
4.57,0.642128633527425,0.638437814876325,0.601345382549685,0.618917801158825,0.591992274114845,0.615517816310724,0.730455544230305,0.591841533396739,0.623874913600197,0.588521481453418
4.58,0.64141023546929,0.638156167484171,0.600625096379273,0.618169073487551,0.591795895560123,0.615358101231699,0.729020034580162,0.591839280153193,0.623713539659077,0.587900403744224
4.59,0.640993418200463,0.637874520092017,0.599904810208862,0.617420345816277,0.591599517005401,0.61523119742089,0.728002974851284,0.591837026909647,0.623552165717958,0.587535128467464
4.6,0.640576600931635,0.637592872699863,0.599184524038451,0.616671618145002,0.591487055051572,0.615104293610081,0.727460841064199,0.591834773666102,0.623390791776838,0.587212132506982
4.61,0.640159783662807,0.637391868543226,0.598560520956405,0.616002969287132,0.591475186701618,0.614977389799272,0.726918707277114,0.591832520422556,0.623229417835719,0.586889136546499
4.62,0.639742966393979,0.637334184359084,0.598155553561409,0.615613339072729,0.591463318351663,0.614850485988463,0.726376573490029,0.591898893020918,0.623111379318192,0.586566140586016
4.63,0.639431948678619,0.637276500174942,0.597750586166413,0.615223708858326,0.591451450001709,0.614838830686915,0.725834439702944,0.591983729189444,0.623107668573567,0.586243144625533
4.64,0.639289790652158,0.6372188159908,0.597345618771417,0.614834078643924,0.591439581651754,0.614843278946615,0.725560975141752,0.592068565357969,0.623103957828942,0.586068370870617
4.65,0.639147632625696,0.637161131806658,0.596940651376421,0.614444448429521,0.591465460997518,0.614847727206315,0.725592440701594,0.592153401526495,0.623100247084316,0.585918095450015
4.66,0.639005474599235,0.637140036288542,0.596595732364148,0.614101695326618,0.591536589754121,0.614852175466015,0.725623906261437,0.592238237695021,0.623096536339691,0.585767820029414
4.67,0.638863316572774,0.637183966517159,0.596387418221842,0.613922276163174,0.591607718510725,0.614856623725715,0.725655371821279,0.592344966103926,0.623111186149677,0.585617544608812
4.68,0.63877464344493,0.637227896745776,0.596179104079536,0.613742856999729,0.591678847267329,0.614909748155938,0.725686837381122,0.592457584552283,0.623174274884309,0.585467269188211
4.69,0.63877133403598,0.637271826974394,0.59597078993723,0.613563437836285,0.591749976023933,0.614969674059762,0.725841226954131,0.59257020300064,0.623237363618942,0.585400252427276
4.7,0.638768024627031,0.637315757203011,0.595762475794923,0.613384018672841,0.591834236201134,0.615029599963586,0.726135130958273,0.592682821448997,0.623300452353574,0.585346996752079
4.71,0.638764715218081,0.637372478145878,0.595590101056849,0.613230829033252,0.591934237446344,0.61508952586741,0.726429034962414,0.592795439897354,0.623363541088206,0.585293741076883
4.72,0.638761405809132,0.637451930875268,0.595499485350728,0.613169030934746,0.592034238691554,0.615149451771234,0.726722938966555,0.592907697297216,0.623431983329382,0.585240485401687
4.73,0.638781141099041,0.637531383604659,0.595408869644606,0.613107232836241,0.592134239936764,0.615223414374581,0.727016842970696,0.593019857558098,0.623514549223444,0.58518722972649
4.74,0.638837656512802,0.63761083633405,0.595318253938484,0.613045434737735,0.592234241181974,0.615299338312196,0.727341707800755,0.593132017818979,0.623597115117505,0.585178594401096
4.75,0.638894171926563,0.63769028906344,0.595227638232363,0.61298363663923,0.59233508593754,0.615375262249811,0.727701712079193,0.593244178079861,0.623679681011566,0.585177333977744
4.76,0.638950687340324,0.637770841325036,0.595157496343873,0.612935644869755,0.592436941836858,0.615451186187427,0.728061716357631,0.593356338340743,0.623762246905627,0.585176073554393
4.77,0.639007202754085,0.637853347686367,0.595133930617282,0.612935758498375,0.592538797736176,0.615527110125042,0.728421720636068,0.593458727639009,0.623844049004915,0.585174813131042
4.78,0.639070429885468,0.637935854047699,0.59511036489069,0.612935872126995,0.592640653635494,0.615600645664923,0.728781724914506,0.593558488090052,0.623923836056278,0.58517355270769
4.79,0.639144369146651,0.638018360409031,0.595086799164098,0.612935985755615,0.592742509534812,0.615673847476331,0.72912425930236,0.593658248541096,0.624003623107641,0.585194213573131
4.8,0.639218308407835,0.638100866770363,0.595063233437507,0.612936099384235,0.592839701567859,0.615747049287739,0.729446965978898,0.59375800899214,0.624083410159004,0.585218497614055
4.81,0.639292247669019,0.638179564827578,0.595050493883365,0.612942748418351,0.592931302870215,0.615820251099146,0.729769672655437,0.593857769443183,0.624163197210367,0.585242781654979
4.82,0.639366186930202,0.63825149472826,0.595062382933902,0.612972168768607,0.593022904172571,0.615893452910554,0.730092379331975,0.593944748571284,0.624239814825739,0.585267065695904
4.83,0.639438982151823,0.638323424628942,0.595074271984439,0.613001589118864,0.593114505474926,0.615957675634319,0.730415086008513,0.594028288924042,0.62430807081618,0.585291349736828
4.84,0.639509951447356,0.638395354529623,0.595086161034976,0.61303100946912,0.593206106777282,0.616020643718969,0.730701112548872,0.594111829276801,0.62437632680662,0.585324481844433
4.85,0.639580920742889,0.638467284430305,0.595098050085514,0.613060429819376,0.593291159608453,0.616083611803619,0.730945508424878,0.594195369629559,0.624444582797061,0.585359076370539
4.86,0.639651890038422,0.638534024685662,0.595114915059283,0.613092270918247,0.593368362570713,0.616146579888268,0.731189904300885,0.594278909982318,0.624512838787502,0.585393670896644
4.87,0.639722859333956,0.63859154185094,0.595143099827445,0.61313254663254,0.593445565532974,0.616209547972918,0.731434300176891,0.59434991714856,0.624577379341162,0.58542826542275
4.88,0.63978952680717,0.638649059016219,0.595171284595607,0.613172822346833,0.593522768495235,0.616262011098811,0.731678696052898,0.594417552299798,0.624632117807355,0.585462859948855
4.89,0.639849328425523,0.638706576181498,0.595199469363768,0.613213098061127,0.593599971457496,0.616313006377111,0.73188452567206,0.594485187451036,0.624686856273547,0.585499099805018
4.9,0.639909130043875,0.638764093346777,0.59522765413193,0.61325337377542,0.593670530156412,0.616364001655412,0.73204658394626,0.594552822602274,0.62474159473974,0.585535611603199
4.91,0.639968931662228,0.638816670638585,0.595257394734749,0.613293871587669,0.593733124157191,0.616414996933713,0.73220864222046,0.594620457753512,0.624796333205933,0.585572123401381
4.92,0.640028733280581,0.63886046873738,0.595290674726664,0.613335143255918,0.59379571815797,0.616465992212014,0.73237070049466,0.594677039701701,0.62484765435447,0.585608635199562
4.93,0.640083647961915,0.638904266836174,0.595323954718579,0.613376414924167,0.593858312158749,0.616507048231973,0.732532758768861,0.594730647819852,0.624889959915195,0.585645146997744
4.94,0.640130762925408,0.638948064934969,0.595357234710494,0.613417686592416,0.593920906159527,0.616546715449104,0.732662907390437,0.594784255938003,0.624932265475921,0.585679502473743
4.95,0.640177877888901,0.638991863033764,0.595390514702408,0.613458958260665,0.593977552991821,0.616586382666236,0.732756839678699,0.594837864056153,0.624974571036646,0.585713501550365
4.96,0.640224992852394,0.639031482081966,0.595423585894439,0.613499365345307,0.594027070756631,0.616626049883368,0.732850771966961,0.594891472174304,0.625016876597371,0.585747500626987
4.97,0.640272107815887,0.639063674079257,0.595456182084816,0.613536759960923,0.59407658852144,0.6166657171005,0.732944704255222,0.594935815004848,0.625056304701431,0.585781499703609
4.98,0.640314645255675,0.639095866076548,0.595488778275194,0.613574154576539,0.59412610628625,0.616697151819312,0.733038636543484,0.594977665038464,0.625088141482164,0.585815498780231
4.99,0.640349876811805,0.639128058073839,0.595521374465572,0.613611549192155,0.594175624051059,0.616727436219203,0.733109722195946,0.595019515072081,0.625119978262896,0.585845750217015
5,0.640385108367934,0.63916025007113,0.59555397065595,0.61364894380777,0.594220128874114,0.616757720619094,0.733154877720399,0.595061365105698,0.625151815043628,0.585875382239634
5.01,0.640420339924063,0.6391892120676,0.595585403173707,0.613685050191045,0.594258624518155,0.616788005018984,0.733200033244852,0.595103215139315,0.625183651824361,0.585905014262254
5.02,0.640455571480192,0.639212433673995,0.595614188437038,0.613716667985831,0.594297120162195,0.616818289418875,0.733245188769305,0.59513755900472,0.625213256066741,0.585934646284873
5.03,0.640487104352809,0.63923565528039,0.595642973700368,0.613748285780616,0.594335615806236,0.616841964446019,0.733290344293758,0.595169883358823,0.625236970413128,0.585964278307492
5.04,0.640512734000631,0.639258876886785,0.595671758963698,0.613779903575402,0.594374111450276,0.616864715951987,0.733321251527586,0.595202207712925,0.625260684759516,0.585989555849373
5.05,0.640538363648453,0.639282098493181,0.595700544227028,0.613811521370187,0.594408543217912,0.616887467457956,0.733335987452735,0.595234532067028,0.625284399105904,0.586014113677736
5.06,0.640563993296275,0.639302945538356,0.595727918802499,0.613841780890034,0.594438103482545,0.616910218963924,0.733350723377883,0.595266856421131,0.625308113452291,0.5860386715061
5.07,0.640589622944097,0.639319572489353,0.595752084185269,0.613867307771941,0.594467663747178,0.616932970469892,0.733365459303032,0.595293313329485,0.62533010909435,0.586063229334463
5.08,0.640612421935386,0.63933619944035,0.595776249568038,0.613892834653847,0.59449722401181,0.616950628183542,0.73338019522818,0.595318191619738,0.625347570440399,0.586087787162827
5.09,0.640630703102486,0.639352826391347,0.595800414950807,0.613918361535754,0.594526784276443,0.616967574146583,0.733387295744325,0.595343069909992,0.625365031786448,0.586108234140582
5.1,0.640648984269586,0.639369453342344,0.595824580333576,0.61394388841766,0.594553185846664,0.616984520109625,0.733385730339823,0.595367948200245,0.625382493132497,0.586128001672284
5.11,0.640667265436686,0.639384372189054,0.595847269954735,0.613968162660692,0.594575800985463,0.617001466072666,0.733384164935321,0.595392826490499,0.625399954478547,0.586147769203986
5.12,0.640685546603786,0.63939625537558,0.595866602346046,0.613988072333562,0.594598416124262,0.617018412035708,0.733382599530818,0.595413135728246,0.625416138822622,0.586167536735689
5.13,0.640701730250735,0.639408138562105,0.595885934737357,0.614007982006432,0.594621031263061,0.61703143234076,0.733381034126316,0.595432215676572,0.625428954172477,0.586187304267391
5.14,0.640714566184118,0.63942002174863,0.595905267128668,0.614027891679302,0.594643646401859,0.617043904117468,0.733376316296732,0.595451295624899,0.625441769522332,0.586203435288317
5.15,0.640727402117501,0.639431904935156,0.595924599519979,0.614047801352172,0.594663772720484,0.617056375894177,0.733368020575565,0.595470375573225,0.625454584872186,0.586218965262617
5.16,0.640740238050884,0.639442539387325,0.595942612494747,0.614066642524901,0.594680915608081,0.617068847670885,0.733359724854397,0.595489455521551,0.625467400222041,0.586234495236916
5.17,0.640753073984267,0.639450954576187,0.595957623911155,0.614081760722134,0.594698058495678,0.617081319447593,0.73335142913323,0.59550495804328,0.625479273230669,0.586250025211215
5.18,0.640764392731712,0.639459369765049,0.595972635327563,0.614096878919367,0.594715201383276,0.617090956231103,0.733343133412063,0.595519498069467,0.625488660149052,0.586265555185514
5.19,0.640773289998754,0.639467784953911,0.59598764674397,0.6141119971166,0.594732344270873,0.617100196883791,0.733334293970355,0.595534038095654,0.625498047067435,0.586278008333051
5.2,0.640782187265795,0.639476200142773,0.596002658160378,0.614127115313833,0.594747606414233,0.61710943753648,0.73332483742496,0.595548578121841,0.625507433985818,0.58628995293917
5.21,0.640791084532836,0.639483755394783,0.596016514756362,0.61414136397763,0.594760614047294,0.617118678189168,0.733315380879565,0.595563118148028,0.625516820904201,0.586301897545289
5.22,0.640799981799878,0.639489782358335,0.596027744235897,0.614152582925705,0.594773621680355,0.617127918841856,0.733305924334169,0.595574934600876,0.625525526011171,0.586313842151407
5.23,0.640807828426406,0.639495809321887,0.596038973715433,0.61416380187378,0.594786629313416,0.617135027323072,0.733296467788774,0.595586018284755,0.625532432359206,0.586325786757526
5.24,0.640813998194912,0.63950183628544,0.596050203194968,0.614175020821855,0.594799636946477,0.617141837878057,0.733287722995077,0.595597101968635,0.62553933870724,0.586335211230808
5.25,0.640820167963417,0.639507863248992,0.596061432674504,0.614186239769931,0.594811191363924,0.617148648433042,0.733279786014521,0.595608185652514,0.625546245055275,0.586344219173675
5.26,0.640826337731922,0.639513274361821,0.596071750446017,0.61419678428365,0.59482100376377,0.617155458988027,0.733271849033966,0.595619269336393,0.62555315140331,0.586353227116541
5.27,0.640832507500427,0.639517590978525,0.59607999416074,0.614204978865455,0.594830816163615,0.617162269543012,0.733263912053411,0.595628331905015,0.625559544304293,0.586362235059408
5.28,0.6408379402136,0.639521907595229,0.596088237875463,0.614213173447261,0.594840628563461,0.617167497464681,0.733255975072856,0.595636850698838,0.625564582626203,0.586371243002275
5.29,0.640842196561372,0.639526224211934,0.596096481590186,0.614221368029066,0.594850440963307,0.617172504246547,0.733249157274379,0.59564536949266,0.625569620948113,0.586378272942198
5.3,0.640846452909143,0.639530540828638,0.596104725304909,0.614229562610872,0.594859168921901,0.617177511028414,0.733243609708195,0.595653888286483,0.625574659270024,0.58638497595555
5.31,0.640850709256915,0.63953442837852,0.596112314304993,0.614237236577879,0.594866596924916,0.61718251781028,0.733238062142011,0.595662407080306,0.625579697591934,0.586391678968903
5.32,0.640854965604687,0.639537553386511,0.596118413885976,0.614243096566524,0.59487402492793,0.617187524592147,0.733232514575827,0.595669267528612,0.625584373289335,0.586398381982254
5.33,0.640858712647077,0.639540678394503,0.596124513466959,0.614248956555169,0.594881452930944,0.617191371733439,0.733226967009644,0.595675681804194,0.625588092308594,0.586405084995607
5.34,0.640861646820741,0.639543803402494,0.596130613047942,0.614254816543814,0.594888880933958,0.61719505683929,0.733222486294448,0.595682096079776,0.625591811327853,0.586410265586081
5.35,0.640864580994404,0.639546928410486,0.596136712628925,0.614260676532459,0.594895474013142,0.617198741945141,0.733219216417599,0.595688510355357,0.625595530347111,0.586415194548775
5.36,0.640867515168068,0.639549735565297,0.596142259605563,0.614266151217621,0.594901066241528,0.617202427050992,0.73321594654075,0.595694924630939,0.62559924936637,0.586420123511469
5.37,0.640870449341732,0.639551977828225,0.596146549455177,0.614270283389694,0.594906658469913,0.617206112156844,0.733212676663901,0.595700156281961,0.625602702137787,0.586425052474163
5.38,0.64087303439615,0.639554220091152,0.59615083930479,0.614274415561768,0.594912250698299,0.617208944149577,0.733209406787052,0.595705069751509,0.625605452492559,0.586429981436857
5.39,0.640875062244366,0.63955646235408,0.596155129154404,0.614278547733841,0.594917842926685,0.617211656937651,0.733206956140038,0.595709983221057,0.625608202847332,0.586433753925301
5.4,0.640877090092582,0.639558704617008,0.596159419004017,0.614282679905915,0.594922810096991,0.617214369725724,0.73320543529007,0.595714896690605,0.625610953202104,0.586437335270369
5.41,0.640879117940799,0.639560731266213,0.596163296045561,0.614286530837734,0.594927027989511,0.617217082513798,0.733203914440102,0.595719810160153,0.625613703556877,0.586440916615437
5.42,0.640881145789015,0.639562374724532,0.596166233984498,0.614289401844015,0.594931245882032,0.617219795301871,0.733202393590134,0.595723803736456,0.625616255744081,0.586444497960505
5.43,0.640882934581207,0.639564018182851,0.596169171923435,0.614292272850296,0.594935463774552,0.617221888761667,0.733200872740166,0.595727549818331,0.625618285124427,0.586448079305573
5.44,0.640884341831844,0.63956566164117,0.596172109862372,0.614295143856577,0.594939681667073,0.617223895683329,0.733199881899443,0.595731295900206,0.625620314504772,0.586450793146673
5.45,0.640885749082481,0.639567305099489,0.596175047801309,0.614298014862858,0.594943425814348,0.61722590260499,0.733199492600569,0.595735041982081,0.625622343885117,0.586453363605733
5.46,0.640887156333119,0.639568789801989,0.596177707191015,0.614300684127437,0.594946602067534,0.617227909526652,0.733199103301696,0.595738788063956,0.625624373265463,0.586455934064792
5.47,0.640888563583756,0.639569992362045,0.596179732905346,0.614302650463316,0.594949778320721,0.617229916448314,0.733198714002823,0.595741815664458,0.62562625565663,0.586458504523852
5.48,0.640889805717224,0.639571194922101,0.596181758619676,0.614304616799196,0.594952954573908,0.617231465589187,0.733198324703949,0.595744649959773,0.625627750260073,0.586461074982912
5.49,0.640890784318068,0.639572397482156,0.596183784334006,0.614306583135075,0.594956130827095,0.617232950764799,0.733198232748535,0.595747484255088,0.625629244863515,0.586463009339041
5.5,0.640891762918912,0.639573600042212,0.596185810048336,0.614308549470955,0.594958952282906,0.61723443594041,0.733198478267489,0.595750318550403,0.625630739466958,0.586464838559357
5.51,0.640892741519757,0.639574684397862,0.596187624971549,0.614310373296707,0.594961348431373,0.617235921116022,0.733198723786442,0.595753152845718,0.6256322340704,0.586466667779672
5.52,0.640893720120601,0.639575558679447,0.596188960363225,0.614311700574366,0.59496374457984,0.617237406291634,0.733198969305395,0.595755436457576,0.625633621406542,0.586468496999988
5.53,0.640894584722161,0.639576432961032,0.596190295754901,0.614313027852025,0.594966140728308,0.617238554109826,0.733199214824349,0.595757571909755,0.625634725749451,0.586470326220304
5.54,0.640895267376982,0.639577307242617,0.596191631146577,0.614314355129684,0.594968536876775,0.617239654789396,0.733199573159202,0.595759707361935,0.625635830092361,0.586471689861306
5.55,0.640895950031803,0.639578181524202,0.596192966538253,0.614315682407342,0.594970667114255,0.617240755468967,0.733200059536133,0.595761842814114,0.62563693443527,0.586472976550832
5.56,0.640896632686624,0.639578973513041,0.596194160252425,0.614316910691729,0.594972478595444,0.617241856148537,0.733200545913064,0.595763978266294,0.625638038778179,0.586474263240358
5.57,0.640897315341445,0.639579619250381,0.596195031662549,0.614317794053816,0.594974290076632,0.617242956828108,0.733201032289995,0.595765730798316,0.625639065855862,0.586475549929883
5.58,0.640897919179325,0.639580264987721,0.596195903072672,0.614318677415903,0.594976101557821,0.617243799848225,0.733201518666927,0.595767380306855,0.625639889091963,0.586476836619409
5.59,0.640898397222682,0.639580910725061,0.596196774482795,0.61431956077799,0.594977913039009,0.61724460686584,0.733202028432211,0.595769029815395,0.625640712328065,0.586477789632656
5.6,0.64089887526604,0.639581556462401,0.596197645892918,0.614320444140077,0.594979518155044,0.617245413883455,0.733202564742453,0.595770679323934,0.625641535564166,0.586478687495509
5.61,0.640899353309398,0.639582139418132,0.596198419482808,0.614321259507357,0.594980875894346,0.61724622090107,0.733203101052695,0.595772328832473,0.625642358800268,0.586479585358362
5.62,0.640899831352755,0.639582610797753,0.596198970540138,0.614321837960303,0.594982233633648,0.617247027918684,0.733203637362937,0.595773678373506,0.625643123257914,0.586480483221216
5.63,0.640900254984533,0.639583082177374,0.596199521597469,0.614322416413248,0.59498359137295,0.617247655333195,0.733204173673179,0.59577494720921,0.625643732645891,0.586481381084069
5.64,0.640900591773575,0.639583553556995,0.5962000726548,0.614322994866194,0.594984949112252,0.617248257651941,0.73320466891912,0.595776216044914,0.625644342033868,0.586482041289953
5.65,0.640900928562617,0.639584024936617,0.59620062371213,0.614323573319139,0.594986155619585,0.617248859970686,0.733205117558521,0.595777484880618,0.625644951421845,0.586482662215623
5.66,0.640901265351659,0.639584452304252,0.596201108848247,0.614324105955523,0.594987180840158,0.617249462289432,0.733205566197924,0.595778753716322,0.625645560809821,0.586483283141294
5.67,0.640901602140701,0.639584801453343,0.59620144401931,0.614324478953242,0.594988206060731,0.617250064608177,0.733206014837326,0.595779765996307,0.625646126054351,0.586483904066964
5.68,0.640901900033559,0.639585150602433,0.596201779190373,0.614324851950961,0.594989231281303,0.617250527099256,0.733206463476728,0.595780709250771,0.625646574839375,0.586484524992635
5.69,0.640902135846781,0.639585499751524,0.596202114361437,0.61432522494868,0.594990256501876,0.617250970052353,0.733206860059732,0.595781652505236,0.625647023624399,0.586484977908797
5.7,0.640902371660004,0.639585848900614,0.5962024495325,0.614325597946399,0.594991167936331,0.61725141300545,0.733207197560555,0.595782595759699,0.625647472409423,0.586485403056156
5.71,0.640902607473226,0.639586164242256,0.596202741862219,0.614325940373066,0.594991942971604,0.617251855958546,0.733207535061378,0.595783539014164,0.625647921194446,0.586485828203516
5.72,0.640902843286449,0.639586419500959,0.596202936731589,0.614326176281004,0.594992718006877,0.617252298911643,0.733207872562201,0.595784309753893,0.625648338671906,0.586486253350875
5.73,0.640903052557325,0.639586674759662,0.59620313160096,0.614326412188943,0.59499349304215,0.617252643000313,0.733208210063024,0.595785034079067,0.625648673553562,0.586486678498235
5.74,0.640903219465713,0.639586930018365,0.59620332647033,0.614326648096881,0.594994268077424,0.617252973274754,0.733208494516747,0.595785758404242,0.625649008435218,0.586486985525515
5.75,0.640903386374102,0.639587185277068,0.5962035213397,0.614326884004819,0.594994955760048,0.617253303549194,0.733208718763878,0.595786482729416,0.625649343316873,0.586487273029775
5.76,0.64090355328249,0.639587416319558,0.596203689356704,0.614327099866275,0.594995538730166,0.617253633823635,0.73320894301101,0.59578720705459,0.625649678198529,0.586487560534034
5.77,0.640903720190878,0.639587604324752,0.596203796286901,0.61432724587976,0.594996121700283,0.617253964098076,0.733209167258141,0.595787795741134,0.62564998939437,0.586487848038294
5.78,0.640903868484073,0.639587792329946,0.596203903217097,0.614327391893245,0.5949967046704,0.617254217151981,0.733209391505272,0.595788347934525,0.62565023810215,0.586488135542554
5.79,0.640903987066786,0.63958798033514,0.596204010147294,0.61432753790673,0.594997287640517,0.617254459415937,0.733209573509181,0.595788900127916,0.625650486809931,0.586488342348835
5.8,0.640904105649499,0.639588168340334,0.59620411707749,0.614327683920216,0.594997806319927,0.617254701679893,0.733209707568519,0.595789452321307,0.625650735517712,0.586488535817262
5.81,0.640904224232211,0.639588338693462,0.596204206832504,0.614327816998058,0.594998247931941,0.617254943943849,0.733209841627857,0.595790004514697,0.625650984225493,0.586488729285689
5.82,0.640904342814924,0.639588477675162,0.596204257515465,0.614327905004232,0.594998689543955,0.617255186207805,0.733209975687196,0.595790453649732,0.625651215325644,0.586488922754116
5.83,0.640904447956527,0.639588616656861,0.596204308198427,0.614327993010406,0.59499913115597,0.617255375202509,0.733210109746534,0.595790875057234,0.625651399973243,0.586489116222544
5.84,0.640904531645659,0.63958875563856,0.596204358881388,0.614328081016581,0.594999572767984,0.617255556753953,0.733210212744801,0.595791296464737,0.625651584620842,0.586489253919322
5.85,0.640904615334792,0.63958889462026,0.59620440956435,0.614328169022755,0.594999964229542,0.617255738305397,0.733210280489843,0.59579171787224,0.625651769268441,0.5864893823981
5.86,0.640904699023924,0.63958902019835,0.596204450184644,0.614328248923732,0.595000295574091,0.617255919856841,0.733210348234887,0.595792139279743,0.62565195391604,0.586489510876878
5.87,0.640904782713057,0.639589121955409,0.596204467913241,0.614328300583767,0.595000626918639,0.617256101408285,0.733210415979929,0.595792481015281,0.625652125278056,0.586489639355655
5.88,0.640904856938064,0.639589223712469,0.596204485641839,0.614328352243802,0.595000958263188,0.617256240940337,0.733210483724972,0.595792801315324,0.625652261589971,0.586489767834433
5.89,0.640904916058005,0.639589325469528,0.596204503370436,0.614328403903838,0.595001289607736,0.617256374601061,0.733210533339971,0.595793121615366,0.625652397901886,0.586489858488896
5.9,0.640904975177946,0.639589427226588,0.596204521099034,0.614328455563873,0.595001584107257,0.617256508261785,0.733210562378007,0.595793441915409,0.625652534213801,0.586489942891714
5.91,0.640905034297887,0.639589519352443,0.596204533648313,0.614328501978696,0.595001834439424,0.617256641922509,0.733210591416043,0.595793762215452,0.625652670525716,0.586490027294531
5.92,0.640905093417828,0.639589594361623,0.596204534415094,0.614328530117627,0.595002084771591,0.617256775583233,0.73321062045408,0.595794022494527,0.625652797279416,0.586490111697349
5.93,0.640905145938393,0.639589669370804,0.596204535181874,0.614328558256558,0.595002335103758,0.617256877618109,0.733210649492116,0.595794266625145,0.625652898816579,0.586490196100166
5.94,0.640905187926129,0.639589744379984,0.596204535948654,0.614328586395489,0.595002585435925,0.617256975233937,0.733210668011214,0.595794510755764,0.625653000353741,0.586490255052501
5.95,0.640905229913866,0.639589819389164,0.596204536715435,0.61432861453442,0.595002807902819,0.617257072849765,0.733210674591688,0.595794754886383,0.625653101890903,0.586490309798351
5.96,0.640905271901602,0.639589887098368,0.596204534775439,0.614328639716,0.595002996966687,0.617257170465592,0.733210681172162,0.595794999017002,0.625653203428066,0.586490364544202
5.97,0.640905313889338,0.639589941833977,0.596204526677764,0.614328654593281,0.595003186030555,0.61725726808142,0.733210687752636,0.595795197728535,0.625653297780609,0.586490419290052
5.98,0.640905351117545,0.639589996569587,0.596204518580089,0.614328669470561,0.595003375094423,0.617257346604036,0.733210694333109,0.595795384220204,0.625653373178648,0.586490474035902
5.99,0.64090538074938,0.639590051305197,0.596204510482414,0.614328684347842,0.595003564158291,0.617257422458777,0.73321069675995,0.595795570711872,0.625653448576688,0.586490511845499
6,0.640905410381216,0.639590106040807,0.596204502384739,0.614328699225122,0.595003731986249,0.617257498313518,0.733210694472564,0.595795757203541,0.625653523974727,0.586490546855852
6.01,0.640905440013051,0.639590155717472,0.596204493174119,0.614328712185283,0.595003874358021,0.617257574168258,0.733210692185178,0.595795943695209,0.625653599372766,0.586490581866206
6.02,0.640905469644886,0.639590196403328,0.596204481431643,0.61432871846562,0.595004016729793,0.617257650022999,0.733210689897791,0.59579609452224,0.625653669481869,0.586490616876559
6.03,0.640905496045307,0.639590237089185,0.596204469689167,0.614328724745957,0.595004159101564,0.617257706426528,0.733210687610405,0.59579623575381,0.625653725637667,0.586490651886913
6.04,0.640905517288279,0.639590277775042,0.596204457946691,0.614328731026295,0.595004301473336,0.617257760112159,0.733210683637933,0.59579637698538,0.625653781793464,0.586490675760049
6.05,0.640905538531252,0.639590318460898,0.596204446204216,0.614328737306633,0.595004427898229,0.61725781379779,0.733210677752948,0.59579651821695,0.625653837949262,0.586490697792413
6.06,0.640905559774224,0.639590355176074,0.596204434448504,0.614328742953524,0.59500453520707,0.61725786748342,0.733210671867964,0.595796659448521,0.62565389410506,0.586490719824777
6.07,0.640905581017196,0.639590384834515,0.59620442266268,0.614328746393298,0.595004642515912,0.617257921169051,0.733210665982979,0.595796775317897,0.625653946209465,0.586490741857141
6.08,0.640905599852122,0.639590414492956,0.596204410876857,0.614328749833072,0.595004749824753,0.617257963662508,0.733210660097995,0.595796884363654,0.625653987625463,0.586490763889505
6.09,0.640905614843721,0.639590444151398,0.596204399091034,0.614328753272846,0.595004857133595,0.617258004592093,0.73321065447372,0.595796993409411,0.625654029041462,0.586490778531046
6.1,0.640905629835321,0.639590473809839,0.596204387305211,0.61432875671262,0.595004952405738,0.617258045521679,0.733210649145343,0.595797102455167,0.62565407045746,0.586490791951024
6.11,0.64090564482692,0.639590500688074,0.596204375554733,0.614328759356357,0.595005033249094,0.617258086451265,0.733210643816966,0.595797211500924,0.625654111873458,0.586490805371002
6.12,0.64090565981852,0.639590522625299,0.596204363884662,0.614328759226465,0.595005114092449,0.617258127380851,0.733210638488588,0.59579729820177,0.625654150392418,0.586490818790979
6.13,0.640905673134812,0.639590544562525,0.596204352214591,0.614328759096573,0.595005194935805,0.617258158370575,0.733210633160211,0.595797378890788,0.625654181268394,0.586490832210957
6.14,0.640905683777257,0.63959056649975,0.59620434054452,0.61432875896668,0.59500527577916,0.617258187971412,0.733210628799494,0.595797459579805,0.62565421214437,0.586490841106986
6.15,0.640905694419701,0.639590588436976,0.596204328874449,0.614328758836788,0.59500534781957,0.61725821757225,0.733210625537038,0.595797540268822,0.625654243020346,0.586490849255293
6.16,0.640905705062146,0.639590608269572,0.59620431779364,0.614328758421413,0.595005409307599,0.617258247173087,0.733210622274582,0.59579762095784,0.625654273896322,0.586490857403599
6.17,0.640905715704591,0.639590624361802,0.596204308053353,0.614328757011329,0.595005470795627,0.617258276773925,0.733210619012125,0.595797687344799,0.625654302553345,0.586490865551906
6.18,0.640905725128219,0.639590640454032,0.596204298313065,0.614328755601245,0.595005532283655,0.61725830056188,0.733210615749669,0.595797749883835,0.625654325356312,0.586490873700212
6.19,0.640905732606576,0.639590656546262,0.596204288572777,0.614328754191161,0.595005593771684,0.617258323537608,0.733210613389141,0.59579781242287,0.625654348159278,0.58649087889146
6.2,0.640905740084932,0.639590672638491,0.596204278832489,0.614328752781077,0.595005648265996,0.617258346513336,0.733210612052271,0.595797874961906,0.625654370962245,0.586490883593962
6.21,0.640905747563289,0.639590687204207,0.596204269647823,0.614328751364404,0.595005694376709,0.617258369489063,0.7332106107154,0.595797937500941,0.625654393765211,0.586490888296464
6.22,0.640905755041645,0.639590699056986,0.596204261727148,0.614328749924772,0.595005740487423,0.617258392464791,0.733210609378529,0.595797988295139,0.625654414979742,0.586490892998966
6.23,0.64090576171705,0.639590710909764,0.596204253806474,0.614328748485141,0.595005786598137,0.617258408956772,0.733210608041658,0.595798035929424,0.625654432003653,0.586490897701468
6.24,0.640905767110917,0.639590722762543,0.596204245885799,0.614328747045509,0.59500583270885,0.617258424542785,0.733210607344687,0.595798083563709,0.625654449027564,0.586490900555145
6.25,0.640905772504783,0.639590734615322,0.596204237965124,0.614328745605878,0.595005873632068,0.617258440128798,0.733210607373978,0.595798131197994,0.625654466051475,0.586490903103246
6.26,0.64090577789865,0.639590745330307,0.596204230543773,0.614328744123005,0.595005908336865,0.617258455714811,0.73321060740327,0.595798178832279,0.625654483075386,0.586490905651347
6.27,0.640905783292516,0.639590754023194,0.596204224258342,0.614328742489469,0.595005943041661,0.617258471300824,0.733210607432561,0.595798217626642,0.625654498891877,0.586490908199447
6.28,0.640905788061003,0.639590762716081,0.59620421797291,0.614328740855933,0.595005977746457,0.617258484059612,0.733210607461852,0.595798254042651,0.625654511522946,0.586490910747548
6.29,0.640905791831362,0.639590771408968,0.596204211687478,0.614328739222397,0.595006012451254,0.617258496423354,0.733210607872324,0.59579829045866,0.625654524154014,0.586490912130938
6.3,0.640905795601721,0.639590780101855,0.596204205402046,0.614328737588862,0.595006043293223,0.617258508787096,0.733210608715421,0.595798326874669,0.625654536785083,0.586490913321823
6.31,0.640905799372081,0.639590787963523,0.596204199596251,0.614328736069596,0.595006069504693,0.617258521150838,0.733210609558519,0.595798363290679,0.625654549416151,0.586490914512707
6.32,0.64090580314244,0.63959079434794,0.596204194881588,0.614328734948483,0.595006095716164,0.61725853351458,0.733210610401616,0.595798392480558,0.625654561141444,0.586490915703592
6.33,0.640905806488174,0.639590800732357,0.596204190166925,0.61432873382737,0.595006121927635,0.617258543428376,0.733210611244714,0.595798419726269,0.625654570477117,0.586490916894476
6.34,0.640905809156194,0.639590807116774,0.596204185452262,0.614328732706257,0.595006148139105,0.617258552999844,0.73321061227642,0.595798446971981,0.625654579812789,0.586490917684639
6.35,0.640905811824213,0.63959081350119,0.596204180737599,0.614328731585144,0.595006171358555,0.617258562571313,0.733210613522189,0.595798474217692,0.625654589148462,0.586490918408569
6.36,0.640905814492232,0.639590819268117,0.596204176396889,0.614328730455871,0.59500619099137,0.617258572142781,0.733210614767959,0.595798501463404,0.625654598484134,0.586490919132499
6.37,0.640905817160251,0.639590823937635,0.596204172906888,0.614328729298167,0.595006210624186,0.617258581714249,0.733210616013729,0.595798523955808,0.62565460716305,0.586490919856429
6.38,0.640905819535961,0.639590828607153,0.596204169416888,0.614328728140462,0.595006230257001,0.617258588739779,0.733210617259499,0.59579854516935,0.625654614109306,0.58649092058036
6.39,0.640905821445137,0.63959083327667,0.596204165926888,0.614328726982758,0.595006249889816,0.617258595409568,0.733210618538314,0.595798566382892,0.625654621055563,0.586490920898887
6.4,0.640905823354312,0.639590837946188,0.596204162436888,0.614328725825054,0.595006266886058,0.617258602079358,0.733210619854635,0.595798587596433,0.625654628001819,0.58649092115041
6.41,0.640905825263487,0.63959084217219,0.59620415922105,0.614328724739446,0.59500628072175,0.617258608749147,0.733210621170956,0.595798608809975,0.625654634948076,0.586490921401933
6.42,0.640905827172662,0.63959084560997,0.59620415662891,0.614328723905044,0.595006294557443,0.617258615418936,0.733210622487277,0.595798625736782,0.625654641406917,0.586490921653455
6.43,0.640905828862208,0.63959084904775,0.59620415403677,0.614328723070643,0.595006308393135,0.617258620481815,0.733210623803598,0.595798641510257,0.625654646579858,0.586490921904978
6.44,0.640905830201217,0.63959085248553,0.596204151444629,0.614328722236241,0.595006322228828,0.617258625320162,0.733210625012573,0.595798657283732,0.625654651752799,0.586490921802603
6.45,0.640905831540226,0.63959085592331,0.596204148852489,0.61432872140184,0.595006335637943,0.617258630158509,0.733210626099715,0.595798673057207,0.62565465692574,0.586490921641736
6.46,0.640905832879235,0.639590859034308,0.596204146500733,0.61432872061276,0.595006348535705,0.617258634996856,0.733210627186857,0.595798688830682,0.62565466209868,0.586490921480869
6.47,0.640905834218244,0.639590861564545,0.59620414469583,0.614328719981598,0.595006361433467,0.617258639835203,0.733210628273998,0.595798701861903,0.62565466690011,0.586490921320001
6.48,0.640905835413917,0.639590864094782,0.596204142890927,0.614328719350436,0.595006374331229,0.617258643594178,0.73321062936114,0.595798714155328,0.625654670721418,0.586490921159134
6.49,0.640905836380824,0.639590866625019,0.596204141086024,0.614328718719274,0.595006387228991,0.617258647202334,0.733210630362477,0.595798726448754,0.625654674542725,0.586490921012903
6.5,0.640905837347731,0.639590869155256,0.596204139281121,0.614328718088112,0.595006398152396,0.61725865081049,0.733210631266428,0.59579873874218,0.625654678364033,0.586490920869091
6.51,0.640905838314637,0.639590871443277,0.596204137630289,0.614328717482755,0.595006406709075,0.617258654418646,0.733210632170379,0.595798751035606,0.625654682185341,0.586490920725278
6.52,0.640905839281544,0.639590873300831,0.596204136329956,0.61432871696731,0.595006415265753,0.617258658026802,0.733210633074331,0.595798760828153,0.62565468574306,0.586490920581466
6.53,0.640905840141421,0.639590875158384,0.596204135029623,0.614328716451865,0.595006423822431,0.617258660882407,0.733210633978282,0.595798769947846,0.625654688605382,0.586490920437654
6.54,0.640905840830477,0.639590877015938,0.59620413372929,0.61432871593642,0.595006432379109,0.617258663632859,0.733210634750493,0.59579877906754,0.625654691467703,0.586490920316557
6.55,0.640905841519532,0.639590878873491,0.596204132428958,0.614328715420975,0.595006439906898,0.617258666383311,0.733210635373183,0.595798788187233,0.625654694330025,0.586490920199214
6.56,0.640905842208587,0.639590880556238,0.596204131258329,0.614328714934793,0.595006446201324,0.617258669133763,0.733210635995874,0.595798797306927,0.625654697192346,0.586490920081872
6.57,0.640905842897642,0.639590881928317,0.596204130382766,0.614328714550571,0.59500645249575,0.617258671884215,0.733210636618565,0.595798804808784,0.625654699838278,0.586490919964529
6.58,0.640905843494757,0.639590883300395,0.596204129507202,0.614328714166349,0.595006458790177,0.617258673903824,0.733210637241255,0.595798811875366,0.625654701913328,0.586490919847186
6.59,0.640905843945133,0.639590884672474,0.596204128631639,0.614328713782127,0.595006465084603,0.617258675821314,0.733210637770223,0.595798818941949,0.625654703988378,0.586490919663522
6.6,0.640905844395508,0.639590886044553,0.596204127756076,0.614328713397905,0.595006470640731,0.617258677738803,0.73321063819282,0.595798826008532,0.625654706063428,0.586490919468897
6.61,0.640905844845884,0.639590887289601,0.59620412696599,0.61432871303646,0.595006475311837,0.617258679656292,0.733210638615417,0.595798833075115,0.625654708138478,0.586490919274271
6.62,0.64090584529626,0.63959088830889,0.596204126370358,0.614328712754377,0.595006479982943,0.617258681573782,0.733210639038013,0.595798838803626,0.625654710075424,0.586490919079646
6.63,0.640905845708111,0.639590889328179,0.596204125774726,0.614328712472294,0.595006484654049,0.617258683177546,0.73321063946061,0.595798844172134,0.625654711648026,0.58649091888502
6.64,0.640905846058474,0.639590890347468,0.596204125179093,0.614328712190211,0.595006489325155,0.617258684737474,0.733210639847252,0.595798849540641,0.625654713220628,0.586490918692632
6.65,0.640905846408837,0.639590891366757,0.596204124583461,0.614328711908128,0.595006493535382,0.617258686297402,0.733210640193088,0.595798854909149,0.62565471479323,0.586490918500614
6.66,0.6409058467592,0.639590892284089,0.596204124054925,0.614328711645751,0.595006497193138,0.617258687857331,0.733210640538923,0.595798860277657,0.625654716365831,0.586490918308596
6.67,0.640905847109563,0.639590893020223,0.596204123679026,0.614328711452035,0.595006500850893,0.617258689417259,0.733210640884759,0.595798864635033,0.625654717822526,0.586490918116578
6.68,0.640905847419932,0.639590893756357,0.596204123303127,0.61432871125832,0.595006504508649,0.617258690586411,0.733210641230595,0.595798868720367,0.625654718973435,0.58649091792456
6.69,0.640905847666469,0.639590894492492,0.596204122927228,0.614328711064604,0.595006508166404,0.617258691700961,0.733210641457534,0.595798872805701,0.625654720124345,0.586490917787817
6.7,0.640905847913005,0.639590895228626,0.59620412255133,0.614328710870888,0.595006511393539,0.617258692815511,0.733210641549532,0.595798876891035,0.625654721275254,0.58649091766021
6.71,0.640905848159542,0.639590895895636,0.596204122213628,0.614328710694703,0.595006514104475,0.617258693930061,0.73321064164153,0.595798880976369,0.625654722426163,0.586490917532604
6.72,0.640905848406078,0.639590896439799,0.59620412196282,0.6143287105796,0.59500651681541,0.617258695044611,0.733210641733527,0.595798884292438,0.625654723501993,0.586490917404997
6.73,0.640905848618274,0.639590896983962,0.596204121712013,0.614328710464497,0.595006519526346,0.617258695865445,0.733210641825525,0.595798887401539,0.625654724379746,0.58649091727739
6.74,0.640905848775661,0.639590897528124,0.596204121461205,0.614328710349394,0.595006522237282,0.617258696645239,0.733210641941482,0.59579889051064,0.625654725257499,0.58649091716829
6.75,0.640905848933049,0.639590898072287,0.596204121210398,0.614328710234291,0.595006524644211,0.617258697425032,0.733210642084634,0.595798893619741,0.625654726135252,0.58649091706225
6.76,0.640905849090436,0.63959089856621,0.596204120989267,0.614328710123365,0.595006526686719,0.617258698204826,0.733210642227785,0.595798896728842,0.625654727013005,0.58649091695621
6.77,0.640905849247823,0.639590898970846,0.596204120835648,0.614328710026993,0.595006528729227,0.617258698984619,0.733210642370937,0.595798899258571,0.625654727827059,0.586490916850169
6.78,0.640905849391816,0.639590899375483,0.596204120682029,0.614328709930621,0.595006530771735,0.617258699626243,0.733210642514088,0.595798901632423,0.625654728473063,0.586490916744129
6.79,0.640905849514429,0.639590899780119,0.59620412052841,0.614328709834249,0.595006532814242,0.617258700248561,0.733210642625131,0.595798904006275,0.625654729119066,0.586490916649078
6.8,0.640905849637043,0.639590900184755,0.596204120374791,0.614328709737877,0.595006534547281,0.617258700870878,0.733210642699732,0.595798906380126,0.625654729765069,0.586490916555843
6.81,0.640905849759656,0.639590900546415,0.596204120240073,0.61432870964997,0.595006535909348,0.617258701493195,0.733210642774333,0.595798908753978,0.625654730411073,0.586490916462608
6.82,0.64090584988227,0.639590900831699,0.596204120148354,0.614328709591558,0.595006537271415,0.617258702115512,0.733210642848934,0.595798910682792,0.625654731011029,0.586490916369373
6.83,0.640905849991484,0.639590901116982,0.596204120056635,0.614328709533146,0.595006538633483,0.617258702580377,0.733210642923535,0.595798912491871,0.625654731489502,0.586490916276138
6.84,0.640905850079313,0.639590901402266,0.596204119964917,0.614328709474734,0.59500653999555,0.61725870302324,0.733210642971263,0.59579891430095,0.625654731967975,0.58649091621894
6.85,0.640905850167141,0.63959090168755,0.596204119873198,0.614328709416322,0.595006541301757,0.617258703466103,0.733210642988491,0.595798916110029,0.625654732446449,0.586490916167699
6.86,0.64090585025497,0.639590901948869,0.596204119795327,0.614328709361441,0.595006542541003,0.617258703908966,0.73321064300572,0.595798917919108,0.625654732924922,0.586490916116458
6.87,0.640905850342798,0.639590902167598,0.596204119748957,0.614328709318861,0.595006543780249,0.61725870435183,0.733210643022949,0.595798919380192,0.625654733367975,0.586490916065216
6.88,0.640905850419459,0.639590902386326,0.596204119702588,0.614328709276281,0.595006545019494,0.617258704700362,0.733210643040177,0.595798920747648,0.625654733717579,0.586490916013975
6.89,0.640905850478297,0.639590902605055,0.596204119656219,0.614328709233701,0.59500654625874,0.617258705035713,0.733210643059572,0.595798922115104,0.625654734067183,0.586490915970589
6.9,0.640905850537135,0.639590902823784,0.59620411960985,0.614328709191121,0.595006547392344,0.617258705371064,0.733210643081424,0.595798923482561,0.625654734416787,0.586490915928501
6.91,0.640905850595974,0.639590903021632,0.59620411956873,0.614328709152306,0.595006548399311,0.617258705706415,0.733210643103277,0.595798924850017,0.625654734766391,0.586490915886413
6.92,0.640905850654812,0.639590903182374,0.59620411953955,0.614328709126608,0.595006549406279,0.617258706041766,0.73321064312513,0.595798925953559,0.625654735091678,0.586490915844325
6.93,0.640905850707817,0.639590903343116,0.59620411951037,0.61432870910091,0.595006550413246,0.617258706312922,0.733210643146982,0.595798926986096,0.625654735352813,0.586490915802237
6.94,0.640905850751512,0.639590903503857,0.596204119481191,0.614328709075212,0.595006551420213,0.617258706575109,0.733210643169265,0.595798928018633,0.625654735613948,0.586490915756774
6.95,0.640905850795207,0.639590903664599,0.596204119452011,0.614328709049514,0.595006552237477,0.617258706837295,0.733210643192035,0.59579892905117,0.625654735875083,0.586490915710754
6.96,0.640905850838902,0.639590903808086,0.596204119429354,0.614328709025531,0.595006552827338,0.617258707099482,0.733210643214806,0.595798930083707,0.625654736136218,0.586490915664733
6.97,0.640905850882598,0.63959090392091,0.596204119421535,0.614328709007521,0.595006553417198,0.617258707361668,0.733210643237576,0.595798930929057,0.625654736377852,0.586490915618713
6.98,0.640905850921281,0.639590904033733,0.596204119413717,0.614328708989511,0.595006554007058,0.617258707551095,0.733210643260347,0.595798931724045,0.62565473656804,0.586490915572692
6.99,0.640905850951966,0.639590904146556,0.596204119405898,0.614328708971501,0.595006554596918,0.617258707730355,0.733210643276571,0.595798932519033,0.625654736758228,0.586490915548272
7,0.64090585098265,0.639590904259379,0.596204119398079,0.614328708953491,0.595006555185721,0.617258707909615,0.733210643285366,0.595798933314021,0.625654736948416,0.586490915527423
7.01,0.640905851013335,0.639590904363364,0.596204119391946,0.614328708937115,0.595006555773257,0.617258708088875,0.733210643294162,0.595798934109009,0.625654737138604,0.586490915506573
7.02,0.640905851044019,0.639590904451639,0.596204119389647,0.614328708926433,0.595006556360792,0.617258708268135,0.733210643302957,0.595798934762554,0.625654737315872,0.586490915485724
7.03,0.640905851070961,0.639590904539914,0.596204119387348,0.614328708915751,0.595006556948327,0.617258708410325,0.733210643311752,0.595798935378044,0.625654737459056,0.586490915464874
7.04,0.640905851091929,0.63959090462819,0.596204119385049,0.614328708905069,0.595006557535862,0.617258708547335,0.733210643318445,0.595798935993534,0.625654737602239,0.586490915447121
7.05,0.640905851112898,0.639590904716465,0.59620411938275,0.614328708894387,0.595006558025087,0.617258708684346,0.733210643322752,0.595798936609024,0.625654737745422,0.58649091542988
7.06,0.640905851133866,0.639590904795477,0.596204119380423,0.614328708884549,0.595006558396462,0.617258708821357,0.733210643327058,0.595798937224514,0.625654737888605,0.586490915412638
7.07,0.640905851154834,0.639590904858025,0.596204119378029,0.614328708877651,0.595006558767838,0.617258708958367,0.733210643331365,0.595798937756732,0.625654738022675,0.586490915395396
7.08,0.64090585117364,0.639590904920573,0.596204119375636,0.614328708870753,0.595006559139213,0.617258709062761,0.733210643335671,0.595798938266545,0.625654738132705,0.586490915378155
7.09,0.640905851188996,0.639590904983121,0.596204119373243,0.614328708863854,0.595006559510589,0.617258709162598,0.733210643342067,0.595798938776359,0.625654738242736,0.586490915362415
7.1,0.640905851204352,0.639590905045669,0.596204119370849,0.614328708856956,0.595006559824913,0.617258709262435,0.733210643350833,0.595798939286173,0.625654738352765,0.586490915346924
7.11,0.640905851219708,0.639590905101878,0.5962041193717,0.614328708850668,0.595006560070848,0.617258709362272,0.7332106433596,0.595798939795986,0.625654738462796,0.586490915331433
7.12,0.640905851235064,0.639590905146823,0.59620411937993,0.614328708846507,0.595006560316783,0.617258709462109,0.733210643368366,0.595798940140253,0.625654738563667,0.586490915315943
7.13,0.640905851248864,0.639590905191767,0.596204119388161,0.614328708842345,0.595006560562718,0.617258709544477,0.733210643377133,0.595798940439979,0.625654738640379,0.586490915300452
7.14,0.64090585126018,0.639590905236711,0.596204119396391,0.614328708838184,0.595006560808653,0.617258709624404,0.733210643385313,0.595798940739706,0.625654738717091,0.586490915290929
7.15,0.640905851271497,0.639590905281656,0.596204119404622,0.614328708834022,0.595006561058645,0.617258709704332,0.733210643392827,0.595798941039432,0.625654738793803,0.586490915282394
7.16,0.640905851282814,0.639590905322742,0.596204119411262,0.614328708830244,0.595006561313501,0.617258709784259,0.733210643400341,0.595798941339159,0.625654738870514,0.586490915273859
7.17,0.64090585129413,0.639590905356972,0.596204119414287,0.614328708827803,0.595006561568357,0.617258709864186,0.733210643407855,0.595798941617646,0.625654738942446,0.586490915265323
7.18,0.640905851303847,0.639590905391201,0.596204119417312,0.614328708825363,0.595006561823212,0.61725870992022,0.733210643415369,0.595798941890418,0.625654739001769,0.586490915256788
7.19,0.640905851311011,0.639590905425431,0.596204119420336,0.614328708822922,0.595006562078068,0.617258709972915,0.733210643422676,0.59579894216319,0.625654739061091,0.586490915249066
7.2,0.640905851318175,0.639590905459661,0.596204119423361,0.614328708820481,0.595006562287824,0.617258710025611,0.733210643429746,0.595798942435962,0.625654739120413,0.586490915241479
7.21,0.640905851325339,0.63959090549049,0.59620411942694,0.614328708818279,0.595006562443516,0.617258710078306,0.733210643436816,0.595798942708735,0.625654739179736,0.586490915233893
7.22,0.640905851332502,0.639590905515277,0.596204119431779,0.614328708816912,0.595006562599208,0.617258710131001,0.733210643443886,0.595798942929725,0.62565473923489,0.586490915226306
7.23,0.640905851339045,0.639590905540063,0.596204119436619,0.614328708815544,0.5950065627549,0.617258710175952,0.733210643450957,0.595798943136784,0.625654739279047,0.586490915218719
7.24,0.640905851344596,0.63959090556485,0.596204119441458,0.614328708814176,0.595006562910593,0.617258710219821,0.733210643456593,0.595798943343842,0.625654739323205,0.586490915213808
7.25,0.640905851350147,0.639590905589636,0.596204119446298,0.614328708812809,0.595006563051311,0.61725871026369,0.7332106434606,0.595798943550901,0.625654739367362,0.58649091520934
7.26,0.640905851355698,0.639590905612405,0.596204119451055,0.614328708811592,0.595006563174082,0.617258710307559,0.733210643464608,0.59579894375796,0.62565473941152,0.586490915204873
7.27,0.640905851361249,0.639590905631588,0.596204119455627,0.614328708810898,0.595006563296852,0.617258710351428,0.733210643468616,0.595798943937917,0.625654739452447,0.586490915200405
7.28,0.640905851366112,0.639590905650771,0.596204119460198,0.614328708810205,0.595006563419622,0.617258710382453,0.733210643472624,0.595798944110582,0.625654739484854,0.586490915195937
7.29,0.640905851369877,0.639590905669953,0.59620411946477,0.614328708809511,0.595006563542392,0.617258710411685,0.733210643477484,0.595798944283248,0.625654739517261,0.5864909151928
7.3,0.640905851373643,0.639590905689136,0.596204119469341,0.614328708808818,0.595006563651921,0.617258710440916,0.733210643483313,0.595798944455913,0.625654739549668,0.586490915189883
7.31,0.640905851377409,0.639590905706178,0.596204119473473,0.614328708808198,0.595006563745578,0.617258710470147,0.733210643489142,0.595798944628579,0.625654739582075,0.586490915186965
7.32,0.640905851381174,0.639590905719417,0.596204119476606,0.614328708807834,0.595006563839235,0.617258710499378,0.733210643494971,0.595798944733522,0.625654739612199,0.586490915184048
7.33,0.640905851384574,0.639590905732655,0.596204119479738,0.61432870880747,0.595006563932892,0.617258710522583,0.733210643500799,0.595798944820246,0.625654739636299,0.586490915181131
7.34,0.640905851387389,0.639590905745893,0.59620411948287,0.614328708807106,0.595006564026548,0.617258710544945,0.733210643503374,0.595798944906969,0.6256547396604,0.586490915178782
7.35,0.640905851390204,0.639590905759132,0.596204119486003,0.614328708806742,0.595006564109575,0.617258710567308,0.733210643502257,0.595798944993692,0.625654739684501,0.586490915176528
7.36,0.64090585139302,0.639590905771205,0.59620411948884,0.614328708806436,0.595006564179859,0.617258710589671,0.733210643501139,0.595798945080416,0.625654739708601,0.586490915174273
7.37,0.640905851395835,0.639590905781208,0.596204119491007,0.614328708806335,0.595006564250144,0.617258710612034,0.733210643500021,0.595798945182123,0.625654739730984,0.586490915172018
7.38,0.640905851398306,0.639590905791211,0.596204119493174,0.614328708806234,0.595006564320428,0.617258710629673,0.733210643498904,0.595798945287861,0.625654739748836,0.586490915169764
7.39,0.640905851400226,0.639590905801213,0.59620411949534,0.614328708806134,0.595006564390713,0.617258710646652,0.733210643500008,0.5957989453936,0.625654739766688,0.586490915167942
7.4,0.640905851402147,0.639590905811216,0.596204119497507,0.614328708806033,0.595006564452907,0.617258710663631,0.733210643503633,0.595798945499338,0.62565473978454,0.586490915166193
7.41,0.640905851404068,0.639590905820104,0.596204119499706,0.614328708805955,0.595006564505403,0.61725871068061,0.733210643507258,0.595798945605077,0.625654739802392,0.586490915164443
7.42,0.640905851405988,0.639590905827012,0.596204119501979,0.614328708805958,0.595006564557899,0.617258710697589,0.733210643510883,0.595798945675213,0.625654739818904,0.586490915162693
7.43,0.640905851407701,0.639590905833919,0.596204119504251,0.614328708805961,0.595006564610396,0.617258710711281,0.733210643514508,0.59579894573577,0.625654739831884,0.586490915160943
7.44,0.640905851409082,0.639590905840826,0.596204119506524,0.614328708805964,0.595006564662892,0.617258710724515,0.733210643517008,0.595798945796327,0.625654739844864,0.586490915159971
7.45,0.640905851410462,0.639590905847733,0.596204119508796,0.614328708805967,0.595006564707434,0.617258710737748,0.73321064351823,0.595798945856884,0.625654739857844,0.586490915159126
7.46,0.640905851411843,0.639590905854213,0.596204119510813,0.614328708805974,0.595006564742441,0.617258710750982,0.733210643519453,0.595798945917441,0.625654739870825,0.586490915158282
7.47,0.640905851413224,0.639590905859932,0.596204119512248,0.614328708805993,0.595006564777447,0.617258710764215,0.733210643520675,0.595798945972657,0.625654739882993,0.586490915157438
7.48,0.64090585141444,0.639590905865652,0.596204119513683,0.614328708806012,0.595006564812454,0.617258710773408,0.733210643521897,0.595798946026436,0.625654739893021,0.586490915156594
7.49,0.640905851415392,0.639590905871371,0.596204119515118,0.614328708806032,0.59500656484746,0.617258710782037,0.733210643523031,0.595798946080214,0.625654739903048,0.586490915155947
7.5,0.640905851416344,0.639590905877091,0.596204119516553,0.614328708806051,0.595006564882723,0.617258710790665,0.733210643524065,0.595798946133993,0.625654739913076,0.586490915155332
7.51,0.640905851417297,0.639590905882106,0.596204119517856,0.614328708806079,0.595006564918292,0.617258710799294,0.733210643525099,0.595798946187772,0.625654739923103,0.586490915154717
7.52,0.640905851418249,0.63959090588587,0.596204119518858,0.61432870880614,0.595006564953861,0.617258710807922,0.733210643526133,0.595798946235288,0.625654739932405,0.586490915154102
7.53,0.6409058514191,0.639590905889633,0.596204119519861,0.614328708806202,0.595006564989431,0.617258710815247,0.733210643527167,0.59579894628112,0.625654739939793,0.586490915153487
7.54,0.640905851419787,0.639590905893397,0.596204119520863,0.614328708806263,0.595006565025,0.617258710822389,0.733210643527993,0.595798946326951,0.625654739947181,0.586490915153002
7.55,0.640905851420474,0.639590905897161,0.596204119521865,0.614328708806324,0.595006565054341,0.61725871082953,0.733210643528583,0.595798946372783,0.62565473995457,0.586490915152539
7.56,0.640905851421161,0.639590905900661,0.596204119522824,0.614328708806385,0.595006565076214,0.617258710836672,0.733210643529173,0.595798946418614,0.625654739961958,0.586490915152076
7.57,0.640905851421849,0.639590905903693,0.596204119523685,0.614328708806444,0.595006565098088,0.617258710843814,0.733210643529763,0.595798946451743,0.625654739968825,0.586490915151613
7.58,0.640905851422458,0.639590905906724,0.596204119524547,0.614328708806503,0.595006565119962,0.617258710848936,0.733210643530353,0.595798946481454,0.625654739974316,0.58649091515115
7.59,0.640905851422944,0.639590905909756,0.596204119525408,0.614328708806562,0.595006565141836,0.617258710853776,0.733210643530886,0.595798946511166,0.625654739979808,0.586490915150852
7.6,0.64090585142343,0.639590905912788,0.596204119526269,0.614328708806622,0.595006565161589,0.617258710858616,0.733210643531355,0.595798946540877,0.625654739985299,0.586490915150582
7.61,0.640905851423916,0.639590905915476,0.596204119527032,0.614328708806682,0.5950065651788,0.617258710863455,0.733210643531825,0.595798946570588,0.625654739990791,0.586490915150312
7.62,0.640905851424402,0.639590905917556,0.59620411952757,0.614328708806747,0.595006565196012,0.617258710868295,0.733210643532294,0.595798946597271,0.625654739995833,0.586490915150042
7.63,0.640905851424835,0.639590905919635,0.596204119528109,0.614328708806812,0.595006565213223,0.617258710872286,0.733210643532763,0.595798946623139,0.625654739999691,0.586490915149772
7.64,0.640905851425184,0.639590905921714,0.596204119528648,0.614328708806877,0.595006565230434,0.617258710876159,0.733210643533146,0.595798946649006,0.625654740003549,0.586490915149586
7.65,0.640905851425533,0.639590905923793,0.596204119529187,0.614328708806942,0.595006565245693,0.617258710880032,0.733210643533432,0.595798946674874,0.625654740007407,0.586490915149413
7.66,0.640905851425881,0.639590905925695,0.59620411952967,0.614328708807003,0.595006565258611,0.617258710883905,0.733210643533719,0.595798946700742,0.625654740011265,0.58649091514924
7.67,0.64090585142623,0.639590905927281,0.596204119530029,0.614328708807052,0.595006565271529,0.617258710887777,0.733210643534005,0.595798946716463,0.625654740014904,0.586490915149067
7.68,0.640905851426536,0.639590905928868,0.596204119530388,0.614328708807101,0.595006565284446,0.617258710890763,0.733210643534291,0.595798946729455,0.625654740017964,0.586490915148894
7.69,0.640905851426773,0.639590905930455,0.596204119530746,0.61432870880715,0.595006565297364,0.617258710893624,0.733210643534541,0.595798946742447,0.625654740021023,0.586490915148775
7.7,0.640905851427011,0.639590905932041,0.596204119531105,0.614328708807199,0.595006565308754,0.617258710896486,0.733210643534751,0.595798946755439,0.625654740024083,0.586490915148665
7.71,0.640905851427248,0.639590905933455,0.596204119531437,0.614328708807246,0.595006565318311,0.617258710899347,0.733210643534961,0.595798946768431,0.625654740027143,0.586490915148555
7.72,0.640905851427485,0.639590905934563,0.596204119531711,0.614328708807284,0.595006565327868,0.617258710902209,0.733210643535171,0.595798946784705,0.625654740029981,0.586490915148445
7.73,0.640905851427701,0.63959090593567,0.596204119531984,0.614328708807323,0.595006565337425,0.617258710904429,0.73321064353538,0.595798946801862,0.625654740032236,0.586490915148335
7.74,0.640905851427882,0.639590905936778,0.596204119532257,0.614328708807361,0.595006565346982,0.61725871090656,0.733210643535558,0.595798946819019,0.62565474003449,0.586490915148265
7.75,0.640905851428064,0.639590905937885,0.59620411953253,0.614328708807399,0.595006565355517,0.617258710908691,0.733210643535699,0.595798946836175,0.625654740036744,0.586490915148203
7.76,0.640905851428245,0.639590905938905,0.59620411953277,0.614328708807436,0.595006565362826,0.617258710910822,0.73321064353584,0.595798946853332,0.625654740038999,0.58649091514814
7.77,0.640905851428427,0.639590905939767,0.596204119532935,0.614328708807464,0.595006565370134,0.617258710912953,0.733210643535981,0.595798946863702,0.625654740041085,0.586490915148078
7.78,0.640905851428583,0.639590905940629,0.5962041195331,0.614328708807492,0.595006565377443,0.617258710914482,0.733210643536122,0.595798946872246,0.625654740042728,0.586490915148015
7.79,0.6409058514287,0.639590905941491,0.596204119533264,0.614328708807521,0.595006565384751,0.617258710915928,0.733210643536247,0.595798946880789,0.625654740044371,0.586490915147973
7.8,0.640905851428816,0.639590905942353,0.596204119533429,0.614328708807549,0.595006565391189,0.617258710917374,0.733210643536356,0.595798946889333,0.625654740046014,0.586490915147934
7.81,0.640905851428933,0.639590905943129,0.596204119533578,0.614328708807577,0.595006565396584,0.617258710918819,0.733210643536464,0.595798946897877,0.625654740047657,0.586490915147894
7.82,0.640905851429049,0.639590905943753,0.59620411953369,0.614328708807603,0.595006565401979,0.617258710920265,0.733210643536573,0.595798946905844,0.625654740049179,0.586490915147855
7.83,0.640905851429154,0.639590905944377,0.596204119533801,0.614328708807628,0.595006565407373,0.617258710921438,0.733210643536681,0.595798946913656,0.625654740050385,0.586490915147816
7.84,0.640905851429239,0.639590905945,0.596204119533913,0.614328708807654,0.595006565412768,0.617258710922572,0.733210643536783,0.595798946921469,0.625654740051591,0.586490915147791
7.85,0.640905851429324,0.639590905945624,0.596204119534025,0.61432870880768,0.595006565417653,0.617258710923707,0.733210643536878,0.595798946929281,0.625654740052796,0.586490915147769
7.86,0.640905851429409,0.63959090594619,0.596204119534125,0.614328708807704,0.595006565421928,0.617258710924842,0.733210643536973,0.595798946937093,0.625654740054002,0.586490915147747
7.87,0.640905851429494,0.639590905946654,0.596204119534195,0.614328708807718,0.595006565426203,0.617258710925976,0.733210643537069,0.595798946943923,0.62565474005513,0.586490915147725
7.88,0.640905851429571,0.639590905947118,0.596204119534265,0.614328708807733,0.595006565430478,0.617258710926866,0.733210643537164,0.595798946950489,0.625654740056052,0.586490915147703
7.89,0.640905851429635,0.639590905947583,0.596204119534335,0.614328708807748,0.595006565434753,0.617258710927721,0.73321064353724,0.595798946957055,0.625654740056975,0.58649091514769
7.9,0.640905851429698,0.639590905948047,0.596204119534406,0.614328708807762,0.595006565438352,0.617258710928576,0.733210643537296,0.595798946963621,0.625654740057897,0.586490915147678
7.91,0.640905851429762,0.639590905948462,0.596204119534467,0.614328708807777,0.59500656544114,0.617258710929431,0.733210643537352,0.595798946970187,0.62565474005882,0.586490915147667
7.92,0.640905851429826,0.63959090594879,0.596204119534509,0.614328708807789,0.595006565443928,0.617258710930286,0.733210643537407,0.595798946974589,0.625654740059673,0.586490915147655
7.93,0.640905851429882,0.639590905949117,0.596204119534551,0.614328708807801,0.595006565446717,0.617258710930964,0.733210643537463,0.59579894697841,0.625654740060344,0.586490915147643
7.94,0.640905851429926,0.639590905949445,0.596204119534593,0.614328708807814,0.595006565449505,0.617258710931617,0.733210643537515,0.59579894698223,0.625654740061015,0.586490915147636
7.95,0.640905851429971,0.639590905949773,0.596204119534635,0.614328708807826,0.595006565452277,0.61725871093227,0.733210643537563,0.59579894698605,0.625654740061686,0.586490915147631
7.96,0.640905851430015,0.639590905950074,0.596204119534671,0.614328708807838,0.595006565455031,0.617258710932924,0.733210643537611,0.595798946989871,0.625654740062357,0.586490915147625
7.97,0.640905851430059,0.639590905950328,0.596204119534695,0.614328708807846,0.595006565457784,0.617258710933577,0.733210643537659,0.595798946993738,0.625654740062981,0.586490915147619
7.98,0.640905851430098,0.639590905950582,0.596204119534719,0.614328708807855,0.595006565460537,0.617258710934064,0.733210643537706,0.595798946997617,0.62565474006348,0.586490915147614
7.99,0.640905851430128,0.639590905950836,0.596204119534743,0.614328708807863,0.59500656546329,0.617258710934529,0.733210643537749,0.595798947001497,0.625654740063978,0.586490915147611
8,0.640905851430157,0.63959090595109,0.596204119534767,0.614328708807872,0.595006565465608,0.617258710934993,0.733210643537784,0.595798947005377,0.625654740064477,0.586490915147608
8.01,0.640905851430186,0.639590905951317,0.596204119534788,0.61432870880788,0.595006565467405,0.617258710935458,0.73321064353782,0.595798947009257,0.625654740064976,0.586490915147605
8.02,0.640905851430216,0.639590905951498,0.596204119534799,0.614328708807887,0.595006565469202,0.617258710935922,0.733210643537856,0.595798947011812,0.625654740065437,0.586490915147602
8.03,0.640905851430243,0.639590905951679,0.59620411953481,0.614328708807894,0.595006565470999,0.617258710936264,0.733210643537891,0.595798947014011,0.625654740065798,0.586490915147599
8.04,0.640905851430265,0.63959090595186,0.596204119534821,0.6143287088079,0.595006565472797,0.617258710936588,0.733210643537914,0.595798947016211,0.625654740066159,0.586490915147599
8.05,0.640905851430287,0.639590905952041,0.596204119534832,0.614328708807907,0.595006565474373,0.617258710936913,0.733210643537922,0.59579894701841,0.62565474006652,0.586490915147599
8.06,0.640905851430309,0.639590905952205,0.596204119534841,0.614328708807913,0.595006565475684,0.617258710937237,0.73321064353793,0.595798947020609,0.62565474006688,0.5864909151476
8.07,0.640905851430332,0.63959090595234,0.596204119534847,0.614328708807917,0.595006565476995,0.617258710937562,0.733210643537937,0.595798947022828,0.62565474006722,0.5864909151476
8.08,0.640905851430351,0.639590905952474,0.596204119534853,0.614328708807921,0.595006565478307,0.617258710937829,0.733210643537945,0.595798947025052,0.625654740067505,0.586490915147601
8.09,0.640905851430367,0.639590905952608,0.596204119534859,0.614328708807925,0.595006565479618,0.617258710938088,0.733210643537967,0.595798947027276,0.62565474006779,0.586490915147601
8.1,0.640905851430382,0.639590905952743,0.596204119534865,0.614328708807929,0.595006565480746,0.617258710938348,0.733210643538004,0.5957989470295,0.625654740068074,0.586490915147602
8.11,0.640905851430397,0.639590905952864,0.59620411953487,0.614328708807932,0.595006565481653,0.617258710938607,0.733210643538042,0.595798947031724,0.625654740068359,0.586490915147602
8.12,0.640905851430412,0.63959090595296,0.596204119534873,0.614328708807935,0.595006565482561,0.617258710938867,0.733210643538079,0.59579894703321,0.625654740068621,0.586490915147603
8.13,0.640905851430426,0.639590905953056,0.596204119534877,0.614328708807938,0.595006565483469,0.617258710939066,0.733210643538116,0.595798947034497,0.625654740068826,0.586490915147603
8.14,0.640905851430437,0.639590905953152,0.59620411953488,0.61432870880794,0.595006565484376,0.617258710939257,0.733210643538143,0.595798947035784,0.625654740069031,0.586490915147604
8.15,0.640905851430448,0.639590905953249,0.596204119534883,0.614328708807943,0.595006565485227,0.617258710939448,0.733210643538157,0.595798947037071,0.625654740069235,0.586490915147605
8.16,0.640905851430459,0.639590905953336,0.596204119534885,0.614328708807946,0.59500656548601,0.617258710939639,0.733210643538172,0.595798947038358,0.62565474006944,0.586490915147606
8.17,0.64090585143047,0.639590905953407,0.596204119534885,0.614328708807948,0.595006565486793,0.617258710939829,0.733210643538186,0.595798947039657,0.625654740069631,0.586490915147607
8.18,0.64090585143048,0.639590905953478,0.596204119534884,0.61432870880795,0.595006565487576,0.617258710939975,0.733210643538201,0.595798947040958,0.625654740069784,0.586490915147609
8.19,0.640905851430488,0.639590905953549,0.596204119534883,0.614328708807951,0.595006565488359,0.617258710940114,0.733210643538213,0.59579894704226,0.625654740069938,0.586490915147609
8.2,0.640905851430496,0.639590905953621,0.596204119534883,0.614328708807953,0.595006565489096,0.617258710940253,0.733210643538224,0.595798947043561,0.625654740070092,0.58649091514761
8.21,0.640905851430504,0.639590905953686,0.596204119534882,0.614328708807955,0.595006565489778,0.617258710940393,0.733210643538234,0.595798947044863,0.625654740070246,0.586490915147611
8.22,0.640905851430511,0.639590905953739,0.59620411953488,0.614328708807956,0.595006565490459,0.617258710940532,0.733210643538244,0.595798947045718,0.625654740070388,0.586490915147612
8.23,0.640905851430518,0.639590905953793,0.596204119534879,0.614328708807957,0.595006565491141,0.617258710940639,0.733210643538255,0.595798947046453,0.625654740070502,0.586490915147612
8.24,0.640905851430524,0.639590905953847,0.596204119534878,0.614328708807959,0.595006565491823,0.617258710940741,0.733210643538261,0.595798947047189,0.625654740070615,0.586490915147614
8.25,0.640905851430529,0.639590905953901,0.596204119534876,0.61432870880796,0.595006565492395,0.617258710940843,0.733210643538263,0.595798947047924,0.625654740070729,0.586490915147615
8.26,0.640905851430535,0.63959090595395,0.596204119534874,0.614328708807961,0.595006565492836,0.617258710940946,0.733210643538266,0.59579894704866,0.625654740070843,0.586490915147617
8.27,0.64090585143054,0.639590905953989,0.596204119534872,0.614328708807962,0.595006565493277,0.617258710941048,0.733210643538268,0.595798947049351,0.625654740070947,0.586490915147618
8.28,0.640905851430545,0.639590905954028,0.59620411953487,0.614328708807963,0.595006565493718,0.617258710941129,0.73321064353827,0.59579894705003,0.625654740071027,0.586490915147619
8.29,0.640905851430549,0.639590905954068,0.596204119534868,0.614328708807963,0.595006565494158,0.617258710941207,0.733210643538277,0.59579894705071,0.625654740071108,0.58649091514762
8.3,0.640905851430553,0.639590905954107,0.596204119534865,0.614328708807964,0.595006565494547,0.617258710941284,0.733210643538288,0.595798947051389,0.625654740071188,0.586490915147621
8.31,0.640905851430557,0.639590905954142,0.596204119534863,0.614328708807965,0.595006565494871,0.617258710941362,0.733210643538299,0.595798947052068,0.625654740071268,0.586490915147622
8.32,0.640905851430561,0.63959090595417,0.596204119534862,0.614328708807966,0.595006565495196,0.61725871094144,0.733210643538311,0.595798947052609,0.625654740071344,0.586490915147623
8.33,0.640905851430564,0.639590905954198,0.59620411953486,0.614328708807966,0.595006565495521,0.617258710941498,0.733210643538322,0.595798947053112,0.625654740071407,0.586490915147623
8.34,0.640905851430567,0.639590905954225,0.596204119534858,0.614328708807967,0.595006565495846,0.617258710941552,0.73321064353833,0.595798947053615,0.62565474007147,0.586490915147624
8.35,0.64090585143057,0.639590905954253,0.596204119534857,0.614328708807967,0.595006565496137,0.617258710941607,0.733210643538334,0.595798947054118,0.625654740071533,0.586490915147625
8.36,0.640905851430573,0.639590905954278,0.596204119534855,0.614328708807968,0.595006565496387,0.617258710941661,0.733210643538337,0.595798947054621,0.625654740071596,0.586490915147625
8.37,0.640905851430576,0.6395909059543,0.596204119534854,0.614328708807968,0.595006565496638,0.617258710941716,0.733210643538341,0.595798947055039,0.625654740071655,0.586490915147626
8.38,0.640905851430579,0.639590905954322,0.596204119534852,0.614328708807968,0.595006565496888,0.61725871094176,0.733210643538345,0.595798947055433,0.625654740071703,0.586490915147627
8.39,0.640905851430581,0.639590905954343,0.59620411953485,0.614328708807969,0.595006565497139,0.617258710941804,0.733210643538349,0.595798947055828,0.62565474007175,0.586490915147628
8.4,0.640905851430582,0.639590905954365,0.596204119534849,0.614328708807969,0.595006565497361,0.617258710941847,0.733210643538351,0.595798947056222,0.625654740071798,0.586490915147628
8.41,0.640905851430584,0.639590905954384,0.596204119534847,0.614328708807969,0.595006565497548,0.61725871094189,0.733210643538354,0.595798947056617,0.625654740071846,0.586490915147629
8.42,0.640905851430586,0.6395909059544,0.596204119534846,0.61432870880797,0.595006565497736,0.617258710941934,0.733210643538356,0.595798947056956,0.62565474007189,0.58649091514763
8.43,0.640905851430588,0.639590905954415,0.596204119534845,0.61432870880797,0.595006565497924,0.617258710941967,0.733210643538359,0.59579894705728,0.625654740071924,0.58649091514763
8.44,0.640905851430589,0.639590905954431,0.596204119534844,0.61432870880797,0.595006565498112,0.617258710941999,0.733210643538361,0.595798947057604,0.625654740071957,0.586490915147631
8.45,0.64090585143059,0.639590905954446,0.596204119534842,0.61432870880797,0.595006565498271,0.617258710942031,0.733210643538363,0.595798947057929,0.625654740071991,0.586490915147631
8.46,0.640905851430592,0.63959090595446,0.596204119534841,0.61432870880797,0.595006565498394,0.617258710942064,0.733210643538365,0.595798947058253,0.625654740072024,0.586490915147632
8.47,0.640905851430593,0.639590905954471,0.59620411953484,0.61432870880797,0.595006565498517,0.617258710942096,0.733210643538367,0.595798947058471,0.625654740072055,0.586490915147632
8.48,0.640905851430594,0.639590905954483,0.59620411953484,0.61432870880797,0.59500656549864,0.61725871094212,0.733210643538369,0.59579894705866,0.625654740072081,0.586490915147632
8.49,0.640905851430595,0.639590905954494,0.596204119534839,0.61432870880797,0.595006565498764,0.617258710942144,0.733210643538371,0.59579894705885,0.625654740072106,0.586490915147633
8.5,0.640905851430596,0.639590905954505,0.596204119534838,0.61432870880797,0.595006565498888,0.617258710942167,0.733210643538372,0.595798947059039,0.625654740072132,0.586490915147633
8.51,0.640905851430597,0.639590905954515,0.596204119534837,0.61432870880797,0.595006565499014,0.61725871094219,0.733210643538374,0.595798947059228,0.625654740072157,0.586490915147633
8.52,0.640905851430598,0.639590905954523,0.596204119534836,0.614328708807971,0.595006565499141,0.617258710942214,0.733210643538375,0.595798947059406,0.625654740072181,0.586490915147634
8.53,0.640905851430599,0.639590905954531,0.596204119534835,0.614328708807971,0.595006565499267,0.617258710942232,0.733210643538377,0.595798947059581,0.6256547400722,0.586490915147634
8.54,0.6409058514306,0.639590905954539,0.596204119534835,0.614328708807971,0.595006565499393,0.617258710942249,0.733210643538378,0.595798947059755,0.625654740072219,0.586490915147634
8.55,0.6409058514306,0.639590905954547,0.596204119534834,0.614328708807971,0.595006565499494,0.617258710942267,0.733210643538379,0.59579894705993,0.625654740072238,0.586490915147634
8.56,0.640905851430601,0.639590905954554,0.596204119534833,0.614328708807971,0.595006565499564,0.617258710942284,0.733210643538381,0.595798947060105,0.625654740072257,0.586490915147635
8.57,0.640905851430602,0.639590905954561,0.596204119534832,0.614328708807971,0.595006565499634,0.617258710942302,0.733210643538382,0.595798947060253,0.625654740072275,0.586490915147635
8.58,0.640905851430602,0.639590905954567,0.596204119534831,0.614328708807971,0.595006565499704,0.617258710942314,0.733210643538383,0.595798947060395,0.625654740072288,0.586490915147635
8.59,0.640905851430603,0.639590905954573,0.59620411953483,0.614328708807971,0.595006565499774,0.617258710942326,0.733210643538384,0.595798947060537,0.625654740072302,0.586490915147635
8.6,0.640905851430603,0.63959090595458,0.59620411953483,0.614328708807971,0.595006565499841,0.617258710942338,0.733210643538385,0.595798947060679,0.625654740072316,0.586490915147636
8.61,0.640905851430604,0.639590905954585,0.596204119534829,0.614328708807971,0.595006565499905,0.61725871094235,0.733210643538386,0.59579894706082,0.625654740072329,0.586490915147636
8.62,0.640905851430605,0.63959090595459,0.596204119534829,0.614328708807971,0.595006565499969,0.617258710942362,0.733210643538387,0.595798947060917,0.625654740072342,0.586490915147636
8.63,0.640905851430605,0.639590905954594,0.596204119534828,0.614328708807971,0.595006565500033,0.617258710942372,0.733210643538388,0.595798947061001,0.625654740072352,0.586490915147636
8.64,0.640905851430605,0.639590905954599,0.596204119534828,0.614328708807971,0.595006565500097,0.617258710942381,0.733210643538388,0.595798947061085,0.625654740072363,0.586490915147636
8.65,0.640905851430606,0.639590905954603,0.596204119534827,0.614328708807971,0.595006565500155,0.617258710942391,0.733210643538388,0.595798947061169,0.625654740072373,0.586490915147637
8.66,0.640905851430606,0.639590905954607,0.596204119534827,0.614328708807971,0.595006565500208,0.6172587109424,0.733210643538388,0.595798947061253,0.625654740072383,0.586490915147637
8.67,0.640905851430606,0.639590905954611,0.596204119534827,0.614328708807971,0.59500656550026,0.61725871094241,0.733210643538388,0.595798947061339,0.625654740072393,0.586490915147637
8.68,0.640905851430607,0.639590905954614,0.596204119534826,0.614328708807971,0.595006565500312,0.617258710942417,0.733210643538388,0.595798947061424,0.625654740072401,0.586490915147637
8.69,0.640905851430607,0.639590905954617,0.596204119534826,0.614328708807971,0.595006565500364,0.617258710942424,0.733210643538389,0.59579894706151,0.625654740072409,0.586490915147637
8.7,0.640905851430607,0.639590905954621,0.596204119534826,0.614328708807971,0.595006565500408,0.617258710942431,0.73321064353839,0.595798947061596,0.625654740072417,0.586490915147637
8.71,0.640905851430607,0.639590905954624,0.596204119534825,0.614328708807971,0.595006565500443,0.617258710942439,0.733210643538391,0.595798947061681,0.625654740072424,0.586490915147637
8.72,0.640905851430608,0.639590905954626,0.596204119534825,0.614328708807971,0.595006565500477,0.617258710942446,0.733210643538392,0.595798947061742,0.625654740072432,0.586490915147637
8.73,0.640905851430608,0.639590905954628,0.596204119534825,0.614328708807971,0.595006565500511,0.617258710942451,0.733210643538393,0.595798947061797,0.625654740072437,0.586490915147637
8.74,0.640905851430608,0.639590905954631,0.596204119534825,0.614328708807971,0.595006565500545,0.617258710942456,0.733210643538393,0.595798947061851,0.625654740072443,0.586490915147638
8.75,0.640905851430608,0.639590905954633,0.596204119534824,0.614328708807971,0.595006565500576,0.617258710942462,0.733210643538394,0.595798947061906,0.625654740072449,0.586490915147638
8.76,0.640905851430608,0.639590905954635,0.596204119534824,0.614328708807971,0.595006565500602,0.617258710942467,0.733210643538394,0.595798947061961,0.625654740072454,0.586490915147638
8.77,0.640905851430609,0.639590905954637,0.596204119534824,0.614328708807971,0.595006565500629,0.617258710942472,0.733210643538394,0.595798947062002,0.62565474007246,0.586490915147638
8.78,0.640905851430609,0.639590905954639,0.596204119534824,0.614328708807971,0.595006565500655,0.617258710942476,0.733210643538395,0.59579894706204,0.625654740072464,0.586490915147638
8.79,0.640905851430609,0.639590905954641,0.596204119534824,0.614328708807971,0.595006565500682,0.61725871094248,0.733210643538395,0.595798947062078,0.625654740072468,0.586490915147638
8.8,0.640905851430609,0.639590905954642,0.596204119534824,0.614328708807971,0.595006565500705,0.617258710942484,0.733210643538395,0.595798947062116,0.625654740072473,0.586490915147638
8.81,0.640905851430609,0.639590905954644,0.596204119534823,0.614328708807971,0.595006565500725,0.617258710942488,0.733210643538395,0.595798947062154,0.625654740072477,0.586490915147638
8.82,0.640905851430609,0.639590905954646,0.596204119534823,0.614328708807971,0.595006565500744,0.617258710942492,0.733210643538396,0.595798947062188,0.625654740072481,0.586490915147638
8.83,0.64090585143061,0.639590905954647,0.596204119534823,0.614328708807971,0.595006565500764,0.617258710942495,0.733210643538396,0.595798947062222,0.625654740072484,0.586490915147638
8.84,0.64090585143061,0.639590905954648,0.596204119534823,0.614328708807971,0.595006565500783,0.617258710942498,0.733210643538396,0.595798947062255,0.625654740072487,0.586490915147638
8.85,0.64090585143061,0.63959090595465,0.596204119534823,0.614328708807971,0.5950065655008,0.617258710942501,0.733210643538396,0.595798947062288,0.62565474007249,0.586490915147639
8.86,0.64090585143061,0.639590905954651,0.596204119534823,0.614328708807971,0.595006565500815,0.617258710942504,0.733210643538396,0.595798947062322,0.625654740072493,0.586490915147639
8.87,0.64090585143061,0.639590905954652,0.596204119534823,0.614328708807971,0.59500656550083,0.617258710942507,0.733210643538396,0.595798947062352,0.625654740072496,0.586490915147639
8.88,0.64090585143061,0.639590905954653,0.596204119534823,0.614328708807971,0.595006565500845,0.617258710942509,0.733210643538396,0.59579894706238,0.625654740072498,0.586490915147639
8.89,0.64090585143061,0.639590905954654,0.596204119534823,0.614328708807971,0.59500656550086,0.617258710942511,0.733210643538397,0.595798947062409,0.625654740072501,0.586490915147639
8.9,0.64090585143061,0.639590905954654,0.596204119534822,0.614328708807971,0.595006565500873,0.617258710942513,0.733210643538397,0.595798947062438,0.625654740072503,0.586490915147639
8.91,0.64090585143061,0.639590905954655,0.596204119534822,0.614328708807971,0.595006565500884,0.617258710942515,0.733210643538397,0.595798947062466,0.625654740072506,0.586490915147639
8.92,0.64090585143061,0.639590905954656,0.596204119534822,0.614328708807971,0.595006565500895,0.617258710942517,0.733210643538397,0.595798947062486,0.625654740072508,0.586490915147639
8.93,0.64090585143061,0.639590905954657,0.596204119534822,0.614328708807971,0.595006565500906,0.617258710942519,0.733210643538397,0.595798947062504,0.625654740072509,0.586490915147639
8.94,0.64090585143061,0.639590905954658,0.596204119534822,0.614328708807971,0.595006565500918,0.61725871094252,0.733210643538397,0.595798947062522,0.625654740072511,0.586490915147639
8.95,0.64090585143061,0.639590905954658,0.596204119534822,0.614328708807971,0.595006565500928,0.617258710942522,0.733210643538397,0.59579894706254,0.625654740072513,0.586490915147639
8.96,0.64090585143061,0.639590905954659,0.596204119534822,0.614328708807971,0.595006565500936,0.617258710942524,0.733210643538397,0.595798947062558,0.625654740072515,0.586490915147639
8.97,0.64090585143061,0.63959090595466,0.596204119534822,0.614328708807971,0.595006565500945,0.617258710942525,0.733210643538397,0.595798947062573,0.625654740072516,0.586490915147639
8.98,0.64090585143061,0.63959090595466,0.596204119534822,0.614328708807971,0.595006565500953,0.617258710942526,0.733210643538397,0.595798947062588,0.625654740072518,0.586490915147639
8.99,0.64090585143061,0.639590905954661,0.596204119534822,0.614328708807971,0.595006565500962,0.617258710942527,0.733210643538398,0.595798947062603,0.625654740072519,0.586490915147639
9,0.64090585143061,0.639590905954661,0.596204119534822,0.614328708807971,0.595006565500968,0.617258710942529,0.733210643538398,0.595798947062617,0.62565474007252,0.586490915147639
9.01,0.64090585143061,0.639590905954661,0.596204119534822,0.614328708807971,0.595006565500973,0.61725871094253,0.733210643538398,0.595798947062632,0.625654740072521,0.586490915147639
9.02,0.640905851430611,0.639590905954662,0.596204119534822,0.614328708807971,0.595006565500978,0.617258710942531,0.733210643538398,0.595798947062643,0.625654740072523,0.586490915147639
9.03,0.640905851430611,0.639590905954662,0.596204119534822,0.614328708807971,0.595006565500983,0.617258710942532,0.733210643538398,0.595798947062652,0.625654740072524,0.586490915147639
9.04,0.640905851430611,0.639590905954663,0.596204119534822,0.614328708807971,0.595006565500988,0.617258710942533,0.733210643538398,0.595798947062662,0.625654740072525,0.586490915147639
9.05,0.640905851430611,0.639590905954663,0.596204119534822,0.614328708807971,0.595006565500993,0.617258710942534,0.733210643538398,0.595798947062671,0.625654740072526,0.586490915147639
9.06,0.640905851430611,0.639590905954663,0.596204119534822,0.614328708807971,0.595006565501,0.617258710942534,0.733210643538398,0.595798947062681,0.625654740072527,0.586490915147639
9.07,0.640905851430611,0.639590905954663,0.596204119534822,0.614328708807971,0.595006565501006,0.617258710942535,0.733210643538398,0.59579894706269,0.625654740072528,0.586490915147639
9.08,0.640905851430611,0.639590905954664,0.596204119534822,0.614328708807971,0.595006565501012,0.617258710942536,0.733210643538398,0.5957989470627,0.625654740072528,0.586490915147639
9.09,0.640905851430611,0.639590905954664,0.596204119534822,0.614328708807971,0.595006565501019,0.617258710942537,0.733210643538398,0.595798947062709,0.625654740072529,0.586490915147639
9.1,0.640905851430611,0.639590905954664,0.596204119534822,0.614328708807971,0.595006565501024,0.617258710942537,0.733210643538398,0.595798947062719,0.62565474007253,0.586490915147639
9.11,0.640905851430611,0.639590905954665,0.596204119534822,0.614328708807971,0.595006565501027,0.617258710942538,0.733210643538398,0.595798947062728,0.62565474007253,0.586490915147639
9.12,0.640905851430611,0.639590905954665,0.596204119534822,0.614328708807971,0.59500656550103,0.617258710942539,0.733210643538398,0.595798947062735,0.625654740072531,0.586490915147639
9.13,0.640905851430611,0.639590905954665,0.596204119534822,0.614328708807971,0.595006565501033,0.617258710942539,0.733210643538398,0.595798947062742,0.625654740072532,0.586490915147639
9.14,0.640905851430611,0.639590905954665,0.596204119534822,0.614328708807971,0.595006565501036,0.61725871094254,0.733210643538399,0.595798947062748,0.625654740072532,0.586490915147639
9.15,0.640905851430611,0.639590905954666,0.596204119534822,0.614328708807971,0.595006565501039,0.61725871094254,0.733210643538399,0.595798947062754,0.625654740072533,0.586490915147639
9.16,0.640905851430611,0.639590905954666,0.596204119534822,0.614328708807971,0.595006565501043,0.617258710942541,0.733210643538398,0.595798947062761,0.625654740072533,0.586490915147639
9.17,0.640905851430611,0.639590905954666,0.596204119534822,0.614328708807971,0.595006565501046,0.617258710942541,0.733210643538398,0.595798947062765,0.625654740072534,0.586490915147639
9.18,0.640905851430611,0.639590905954666,0.596204119534822,0.614328708807971,0.595006565501049,0.617258710942542,0.733210643538398,0.595798947062769,0.625654740072534,0.586490915147639
9.19,0.640905851430611,0.639590905954666,0.596204119534822,0.614328708807971,0.595006565501052,0.617258710942542,0.733210643538398,0.595798947062774,0.625654740072535,0.586490915147639
9.2,0.640905851430611,0.639590905954666,0.596204119534822,0.614328708807971,0.595006565501055,0.617258710942542,0.733210643538398,0.595798947062778,0.625654740072535,0.586490915147639
9.21,0.640905851430611,0.639590905954666,0.596204119534822,0.614328708807971,0.595006565501057,0.617258710942543,0.733210643538398,0.595798947062782,0.625654740072535,0.586490915147639
9.22,0.640905851430611,0.639590905954666,0.596204119534822,0.614328708807971,0.595006565501059,0.617258710942543,0.733210643538398,0.595798947062786,0.625654740072536,0.586490915147639
9.23,0.640905851430611,0.639590905954666,0.596204119534822,0.614328708807971,0.595006565501061,0.617258710942543,0.733210643538398,0.595798947062789,0.625654740072536,0.586490915147639
9.24,0.640905851430611,0.639590905954667,0.596204119534822,0.614328708807971,0.595006565501063,0.617258710942543,0.733210643538398,0.595798947062793,0.625654740072536,0.586490915147639
9.25,0.640905851430611,0.639590905954667,0.596204119534822,0.614328708807971,0.595006565501065,0.617258710942544,0.733210643538398,0.595798947062797,0.625654740072537,0.586490915147639
9.26,0.640905851430611,0.639590905954667,0.596204119534822,0.614328708807971,0.595006565501066,0.617258710942544,0.733210643538398,0.595798947062801,0.625654740072537,0.586490915147639
9.27,0.640905851430611,0.639590905954667,0.596204119534822,0.614328708807971,0.595006565501068,0.617258710942544,0.733210643538399,0.595798947062804,0.625654740072537,0.586490915147639
9.28,0.640905851430611,0.639590905954667,0.596204119534822,0.614328708807971,0.595006565501069,0.617258710942544,0.733210643538399,0.595798947062807,0.625654740072537,0.586490915147639
9.29,0.640905851430611,0.639590905954667,0.596204119534822,0.614328708807971,0.595006565501071,0.617258710942544,0.733210643538399,0.59579894706281,0.625654740072537,0.586490915147639
9.3,0.640905851430611,0.639590905954667,0.596204119534822,0.614328708807971,0.595006565501072,0.617258710942545,0.733210643538399,0.595798947062813,0.625654740072538,0.586490915147639
9.31,0.640905851430611,0.639590905954667,0.596204119534822,0.614328708807971,0.595006565501073,0.617258710942545,0.733210643538399,0.595798947062816,0.625654740072538,0.586490915147639
9.32,0.640905851430611,0.639590905954667,0.596204119534822,0.614328708807971,0.595006565501074,0.617258710942545,0.733210643538399,0.595798947062818,0.625654740072538,0.586490915147639
9.33,0.640905851430611,0.639590905954667,0.596204119534822,0.614328708807971,0.595006565501075,0.617258710942545,0.733210643538399,0.59579894706282,0.625654740072538,0.586490915147639
9.34,0.640905851430611,0.639590905954667,0.596204119534822,0.614328708807971,0.595006565501076,0.617258710942545,0.733210643538399,0.595798947062822,0.625654740072538,0.586490915147639
9.35,0.640905851430611,0.639590905954667,0.596204119534822,0.614328708807971,0.595006565501077,0.617258710942546,0.733210643538399,0.595798947062824,0.625654740072539,0.586490915147639
9.36,0.640905851430611,0.639590905954667,0.596204119534822,0.614328708807971,0.595006565501078,0.617258710942546,0.733210643538399,0.595798947062826,0.625654740072539,0.586490915147639
9.37,0.640905851430611,0.639590905954667,0.596204119534822,0.614328708807971,0.595006565501079,0.617258710942546,0.733210643538398,0.595798947062828,0.625654740072539,0.586490915147639
9.38,0.640905851430611,0.639590905954668,0.596204119534822,0.614328708807971,0.59500656550108,0.617258710942546,0.733210643538398,0.59579894706283,0.625654740072539,0.586490915147639
9.39,0.640905851430611,0.639590905954668,0.596204119534822,0.614328708807971,0.595006565501081,0.617258710942546,0.733210643538398,0.595798947062832,0.625654740072539,0.586490915147639
9.4,0.640905851430611,0.639590905954668,0.596204119534822,0.614328708807971,0.595006565501082,0.617258710942546,0.733210643538398,0.595798947062834,0.625654740072539,0.586490915147639
9.41,0.640905851430611,0.639590905954668,0.596204119534822,0.614328708807971,0.595006565501083,0.617258710942546,0.733210643538398,0.595798947062836,0.625654740072539,0.586490915147639
9.42,0.640905851430611,0.639590905954668,0.596204119534822,0.614328708807971,0.595006565501083,0.617258710942547,0.733210643538398,0.595798947062837,0.625654740072539,0.586490915147639
9.43,0.640905851430611,0.639590905954668,0.596204119534822,0.614328708807971,0.595006565501084,0.617258710942547,0.733210643538399,0.595798947062838,0.625654740072539,0.586490915147639
9.44,0.640905851430611,0.639590905954668,0.596204119534822,0.614328708807971,0.595006565501085,0.617258710942547,0.733210643538399,0.595798947062839,0.62565474007254,0.586490915147639
9.45,0.640905851430611,0.639590905954668,0.596204119534822,0.614328708807971,0.595006565501086,0.617258710942547,0.733210643538399,0.59579894706284,0.62565474007254,0.586490915147639
9.46,0.640905851430611,0.639590905954668,0.596204119534822,0.614328708807971,0.595006565501086,0.617258710942547,0.733210643538399,0.595798947062841,0.62565474007254,0.586490915147639
9.47,0.640905851430611,0.639590905954668,0.596204119534822,0.614328708807971,0.595006565501087,0.617258710942547,0.733210643538399,0.595798947062842,0.62565474007254,0.586490915147639
9.48,0.640905851430611,0.639590905954668,0.596204119534822,0.614328708807971,0.595006565501087,0.617258710942547,0.733210643538399,0.595798947062843,0.62565474007254,0.586490915147639
9.49,0.640905851430611,0.639590905954668,0.596204119534822,0.614328708807971,0.595006565501088,0.617258710942547,0.733210643538399,0.595798947062844,0.62565474007254,0.586490915147639
9.5,0.640905851430611,0.639590905954668,0.596204119534822,0.614328708807971,0.595006565501088,0.617258710942547,0.733210643538399,0.595798947062845,0.62565474007254,0.586490915147639
9.51,0.640905851430611,0.639590905954668,0.596204119534822,0.614328708807971,0.595006565501089,0.617258710942547,0.733210643538399,0.595798947062846,0.625654740072541,0.586490915147639
9.52,0.640905851430611,0.639590905954668,0.596204119534822,0.614328708807971,0.595006565501089,0.617258710942547,0.733210643538399,0.595798947062847,0.625654740072541,0.586490915147639
9.53,0.640905851430611,0.639590905954668,0.596204119534822,0.614328708807971,0.595006565501089,0.617258710942547,0.733210643538399,0.595798947062847,0.625654740072541,0.586490915147639
9.54,0.640905851430611,0.639590905954668,0.596204119534822,0.614328708807971,0.59500656550109,0.617258710942547,0.733210643538399,0.595798947062848,0.625654740072541,0.586490915147639
9.55,0.640905851430611,0.639590905954668,0.596204119534822,0.614328708807971,0.59500656550109,0.617258710942547,0.733210643538399,0.595798947062849,0.625654740072541,0.586490915147639
9.56,0.640905851430611,0.639590905954668,0.596204119534822,0.614328708807971,0.59500656550109,0.617258710942547,0.733210643538399,0.59579894706285,0.625654740072541,0.586490915147639
9.57,0.640905851430611,0.639590905954668,0.596204119534822,0.614328708807971,0.59500656550109,0.617258710942547,0.733210643538399,0.59579894706285,0.625654740072541,0.586490915147639
9.58,0.640905851430611,0.639590905954668,0.596204119534822,0.614328708807971,0.595006565501091,0.617258710942547,0.733210643538399,0.595798947062851,0.625654740072541,0.586490915147639
9.59,0.640905851430611,0.639590905954668,0.596204119534822,0.614328708807971,0.595006565501091,0.617258710942547,0.733210643538399,0.595798947062852,0.625654740072541,0.586490915147639
9.6,0.640905851430611,0.639590905954668,0.596204119534822,0.614328708807971,0.595006565501091,0.617258710942547,0.733210643538399,0.595798947062852,0.625654740072541,0.586490915147639
9.61,0.640905851430611,0.639590905954668,0.596204119534822,0.614328708807971,0.595006565501091,0.617258710942547,0.733210643538399,0.595798947062853,0.625654740072541,0.586490915147639
9.62,0.640905851430611,0.639590905954668,0.596204119534822,0.614328708807971,0.595006565501092,0.617258710942547,0.733210643538399,0.595798947062853,0.625654740072541,0.586490915147639
9.63,0.640905851430611,0.639590905954668,0.596204119534822,0.614328708807971,0.595006565501092,0.617258710942547,0.733210643538399,0.595798947062854,0.625654740072541,0.586490915147639
9.64,0.640905851430611,0.639590905954668,0.596204119534822,0.614328708807971,0.595006565501092,0.617258710942547,0.733210643538399,0.595798947062854,0.625654740072541,0.586490915147639
9.65,0.640905851430611,0.639590905954669,0.596204119534822,0.614328708807971,0.595006565501092,0.617258710942548,0.733210643538399,0.595798947062855,0.625654740072541,0.586490915147639
9.66,0.640905851430611,0.639590905954669,0.596204119534822,0.614328708807971,0.595006565501092,0.617258710942548,0.733210643538398,0.595798947062855,0.625654740072541,0.586490915147639
9.67,0.640905851430611,0.639590905954668,0.596204119534822,0.614328708807971,0.595006565501093,0.617258710942548,0.733210643538398,0.595798947062855,0.625654740072541,0.586490915147639
9.68,0.640905851430611,0.639590905954668,0.596204119534822,0.614328708807971,0.595006565501093,0.617258710942548,0.733210643538398,0.595798947062856,0.625654740072541,0.586490915147639
9.69,0.640905851430611,0.639590905954668,0.596204119534822,0.614328708807971,0.595006565501093,0.617258710942548,0.733210643538398,0.595798947062856,0.625654740072541,0.586490915147639
9.7,0.640905851430611,0.639590905954668,0.596204119534822,0.614328708807971,0.595006565501093,0.617258710942548,0.733210643538398,0.595798947062856,0.625654740072541,0.586490915147639
9.71,0.640905851430611,0.639590905954668,0.596204119534822,0.614328708807971,0.595006565501093,0.617258710942548,0.733210643538398,0.595798947062856,0.625654740072541,0.586490915147639
9.72,0.640905851430611,0.639590905954668,0.596204119534822,0.614328708807971,0.595006565501093,0.617258710942548,0.733210643538398,0.595798947062857,0.625654740072541,0.586490915147639
9.73,0.640905851430611,0.639590905954668,0.596204119534822,0.614328708807971,0.595006565501094,0.617258710942548,0.733210643538398,0.595798947062857,0.625654740072541,0.586490915147639
9.74,0.640905851430611,0.639590905954668,0.596204119534822,0.614328708807971,0.595006565501094,0.617258710942548,0.733210643538398,0.595798947062857,0.625654740072541,0.586490915147639
9.75,0.640905851430611,0.639590905954668,0.596204119534822,0.614328708807971,0.595006565501094,0.617258710942548,0.733210643538398,0.595798947062858,0.625654740072541,0.586490915147639
9.76,0.640905851430611,0.639590905954668,0.596204119534822,0.614328708807971,0.595006565501094,0.617258710942548,0.733210643538398,0.595798947062858,0.625654740072541,0.586490915147639
9.77,0.640905851430611,0.639590905954668,0.596204119534822,0.614328708807971,0.595006565501094,0.617258710942548,0.733210643538398,0.595798947062858,0.625654740072541,0.586490915147639
9.78,0.640905851430611,0.639590905954668,0.596204119534822,0.614328708807971,0.595006565501094,0.617258710942548,0.733210643538398,0.595798947062858,0.625654740072541,0.586490915147639
9.79,0.640905851430611,0.639590905954668,0.596204119534822,0.614328708807971,0.595006565501094,0.617258710942548,0.733210643538398,0.595798947062859,0.625654740072541,0.586490915147639
9.8,0.640905851430611,0.639590905954668,0.596204119534822,0.614328708807971,0.595006565501095,0.617258710942548,0.733210643538398,0.595798947062859,0.625654740072541,0.586490915147639
9.81,0.640905851430611,0.639590905954668,0.596204119534822,0.614328708807971,0.595006565501095,0.617258710942548,0.733210643538398,0.595798947062859,0.625654740072541,0.586490915147639
9.82,0.640905851430611,0.639590905954668,0.596204119534822,0.614328708807971,0.595006565501095,0.617258710942548,0.733210643538398,0.595798947062859,0.625654740072541,0.586490915147639
9.83,0.640905851430611,0.639590905954668,0.596204119534822,0.614328708807971,0.595006565501095,0.617258710942548,0.733210643538399,0.595798947062859,0.625654740072541,0.586490915147639
9.84,0.640905851430611,0.639590905954668,0.596204119534822,0.614328708807971,0.595006565501095,0.617258710942548,0.733210643538399,0.595798947062859,0.625654740072541,0.586490915147639
9.85,0.640905851430611,0.639590905954668,0.596204119534822,0.614328708807971,0.595006565501095,0.617258710942548,0.733210643538399,0.595798947062859,0.625654740072541,0.586490915147639
9.86,0.640905851430611,0.639590905954668,0.596204119534822,0.614328708807971,0.595006565501095,0.617258710942548,0.733210643538399,0.59579894706286,0.625654740072541,0.586490915147639
9.87,0.640905851430611,0.639590905954668,0.596204119534822,0.614328708807971,0.595006565501095,0.617258710942548,0.733210643538399,0.59579894706286,0.625654740072541,0.586490915147639
9.88,0.640905851430611,0.639590905954668,0.596204119534822,0.614328708807971,0.595006565501095,0.617258710942548,0.733210643538399,0.59579894706286,0.625654740072541,0.586490915147639
9.89,0.640905851430611,0.639590905954668,0.596204119534822,0.614328708807971,0.595006565501095,0.617258710942548,0.733210643538399,0.59579894706286,0.625654740072541,0.586490915147639
9.9,0.640905851430611,0.639590905954668,0.596204119534822,0.614328708807971,0.595006565501095,0.617258710942548,0.733210643538399,0.59579894706286,0.625654740072541,0.586490915147639
9.91,0.640905851430611,0.639590905954668,0.596204119534822,0.614328708807971,0.595006565501095,0.617258710942548,0.733210643538399,0.59579894706286,0.625654740072541,0.586490915147639
9.92,0.640905851430611,0.639590905954668,0.596204119534822,0.614328708807971,0.595006565501095,0.617258710942548,0.733210643538399,0.59579894706286,0.625654740072541,0.586490915147639
9.93,0.640905851430611,0.639590905954668,0.596204119534822,0.614328708807971,0.595006565501095,0.617258710942548,0.733210643538399,0.59579894706286,0.625654740072541,0.586490915147639
9.94,0.640905851430611,0.639590905954669,0.596204119534822,0.614328708807971,0.595006565501095,0.617258710942548,0.733210643538399,0.59579894706286,0.625654740072541,0.586490915147639
9.95,0.640905851430611,0.639590905954669,0.596204119534822,0.614328708807971,0.595006565501095,0.617258710942548,0.733210643538399,0.595798947062861,0.625654740072541,0.586490915147639
9.96,0.640905851430611,0.639590905954669,0.596204119534822,0.614328708807971,0.595006565501095,0.617258710942548,0.733210643538399,0.595798947062861,0.625654740072541,0.586490915147639
9.97,0.640905851430611,0.639590905954669,0.596204119534822,0.614328708807971,0.595006565501095,0.617258710942548,0.733210643538398,0.595798947062861,0.625654740072541,0.586490915147639
9.98,0.640905851430611,0.639590905954669,0.596204119534822,0.614328708807971,0.595006565501095,0.617258710942548,0.733210643538398,0.595798947062861,0.625654740072541,0.586490915147639
9.99,0.640905851430611,0.639590905954669,0.596204119534822,0.614328708807971,0.595006565501095,0.617258710942548,0.733210643538398,0.595798947062861,0.625654740072541,0.586490915147639
10,0.640905851430611,0.639590905954669,0.596204119534822,0.614328708807971,0.595006565501095,0.617258710942548,0.733210643538399,0.595798947062861,0.625654740072541,0.586490915147639
