Tempo,Sim_1,Sim_2,Sim_3,Sim_4,Sim_5,Sim_6,Sim_7,Sim_8,Sim_9,Sim_10
0,0.005,0.005,0.005,0.005,0.005,0.005,0.005,0.005,0.005,0.005
0.002,0.00500166798429022,0.00500112816868681,0.00500404820649307,0.00499524846298514,0.0049990221484393,0.00499912052847297,0.00500502508117623,0.0049945457671625,0.00500154610881882,0.00500011712131123
0.004,0.00500764709284836,0.00500614518382809,0.00501766699540642,0.00498312568472159,0.0049978306924303,0.00499811402925722,0.00502107231953072,0.00498127688141688,0.00500791776310936,0.00500195255478792
0.006,0.00502032330211887,0.00501777103080769,0.0050442357034957,0.00496620765861172,0.00499886287328738,0.00499930360793332,0.00505169088101873,0.00496452980024878,0.00502206167421621,0.00500795995507775
0.008,0.00504056662116142,0.00503823841851967,0.00508547270760899,0.00494758849312553,0.00500463190930415,0.00500501839857526,0.00509739235336545,0.00494884640235139,0.00504638299124125,0.00502018181487124
0.01,0.00506977729888224,0.00506615488678187,0.00513902165439636,0.00492862076000221,0.00501463430288864,0.00501504177696199,0.00515822488090993,0.00493423921648109,0.00507890446398881,0.00503856239362332
0.012,0.0051099816065723,0.00511321756745088,0.00522037582063347,0.00491588929835318,0.00503746216174624,0.00503745804122012,0.00524238708961253,0.00493544583306873,0.005133920678985,0.00507114445315912
0.014,0.00517042528073188,0.00517131903055589,0.00531565536733105,0.00490572920135955,0.00506793020099779,0.00506881001128585,0.00534716778220438,0.00493665244965636,0.00519975000832105,0.00511641275484778
0.016,0.00523086895489146,0.0052294204936609,0.00541093491402863,0.00489556910436593,0.00509839824024934,0.00510016198135158,0.00545194847479622,0.00494641389677852,0.00526557933765711,0.00516168105653645
0.018,0.00529131262905103,0.00531384909000222,0.00555703602172914,0.00490146733028657,0.00515338205248193,0.00514478881271635,0.00559506556644663,0.00498051823345963,0.00536392299813928,0.00520977801046671
0.02,0.00538568233794418,0.00542418444066464,0.00572193648257886,0.00491792611350287,0.00522275429878139,0.00521783847528362,0.00577006970176403,0.00501462257014074,0.00548677968806732,0.00530470911430941
0.022,0.00550126515735715,0.00553451979132705,0.00588683694342859,0.00493438489671917,0.00529212654508085,0.0052908881378509,0.00594507383708143,0.00508886095724809,0.00560963637799535,0.00539964021815211
0.024,0.00561684797677011,0.00564697762209604,0.00606276283339261,0.00496607129203286,0.00537842442074582,0.00536393780041818,0.00612007797239883,0.00517202754233227,0.00574057155247115,0.00549457132199481
0.026,0.00573243079618308,0.00582800950600391,0.00632602506958867,0.00502659402913243,0.00550461887208039,0.00548145173270254,0.00638997351980914,0.00525519412741645,0.0059400288497315,0.00561420779284956
0.028,0.00588699098500896,0.00600904138991177,0.00658928730578473,0.005087116766232,0.00563081332341497,0.00561540360929395,0.00666501704409922,0.00539991703087191,0.00613948614699184,0.00577867004066207
0.03,0.00607792204830047,0.00619007327381964,0.0068525495419808,0.00514801113502202,0.00575700777474955,0.00574935548588537,0.00694006056838929,0.00555309036314237,0.00633894344425219,0.00594313228847457
0.032,0.00626885311159197,0.00639138258482096,0.00711581177817686,0.00527151022317356,0.00593078803647487,0.00588330736247679,0.00721510409267936,0.00570626369541283,0.00656619803219699,0.00610759453628708
0.034,0.00645978417488348,0.00666089514121839,0.00747255673236329,0.00539500931132511,0.00613187018776048,0.00608197968452412,0.00753695101585627,0.0059088997096175,0.00686106310683323,0.00629761314719994
0.036,0.00665071523817498,0.00693040769761582,0.00786014616010724,0.00551850839947666,0.00633295233904609,0.00629597751287186,0.0079429556871023,0.00614461041402824,0.00715592818146947,0.00655502601411738
0.038,0.00693382352868061,0.00719992025401326,0.00824773558785119,0.00566051778607527,0.0065340344903317,0.00650997534121961,0.00834896035834834,0.00638032111843897,0.00745079325610572,0.00681243888103482
0.04,0.00722118440491158,0.00748033497148174,0.00863532501559513,0.00586764742500966,0.00679571160307585,0.00672397316956735,0.00875496502959437,0.0066557106094384,0.00776042014521981,0.00706985174795226
0.042,0.00750854528114255,0.00785479977278412,0.00902357027030951,0.00607477706394405,0.00708872883621972,0.00699386273038984,0.00916096970084041,0.00697379769115222,0.00816809363287219,0.0073272646148697
0.044,0.00779590615737352,0.00822926457408649,0.00954037414162011,0.00628190670287843,0.00738174606936358,0.00730573095770208,0.0095978676265448,0.00729188477286604,0.00857576712052456,0.00765668003232711
0.046,0.00808326703360449,0.00860372937538887,0.0100571780129307,0.00650064322799683,0.00767476330250745,0.00761759918501431,0.0101452940020284,0.007667935936688,0.00898344060817694,0.00803200074890228
0.048,0.00848016376782139,0.00897819417669124,0.0105739818842413,0.00680954675807442,0.00800680346839823,0.00792946741232654,0.010692720377512,0.00806730776518633,0.00939111409582931,0.00840732146547745
0.05,0.00888331133976315,0.00942694272011636,0.0110907857555519,0.00711845028815201,0.00840740077905115,0.00824246600605778,0.0112401467529955,0.00846667959368466,0.00987261749137604,0.00878264218205262
0.052,0.00928645891170492,0.00992179112656185,0.0117161651169353,0.00742735381822959,0.00880799808970406,0.00866840685392274,0.0117875731284791,0.00894851913545254,0.0104075747396334,0.00915796289862779
0.054,0.00968960648364669,0.0104166395330073,0.0123665779161598,0.00773625734830718,0.00920859540035699,0.00909434770178771,0.0123998290646192,0.00943726290778007,0.0109425319878908,0.00958788890144727
0.056,0.0100927540555885,0.0109114879394528,0.0130169907153843,0.00812315575229538,0.00960919271100991,0.00952028854965267,0.0130937802475225,0.0099260066801076,0.0114774892361482,0.0100974270382899
0.058,0.0105644096838247,0.0114063363458983,0.0136674035146088,0.00854227445793521,0.0100945910393538,0.00994622939751763,0.0137877314304258,0.0105036212769455,0.0120124464844056,0.0106069651751326
0.06,0.0111004105798869,0.0119911447715773,0.0143178163138333,0.00896139316357504,0.0106174657905387,0.0103804769544804,0.0144816826133291,0.0111160697244636,0.012643741034957,0.0111165033119752
0.062,0.011636411475949,0.0126218811207248,0.0151280236853431,0.00938051186921487,0.0111403405417236,0.0109356958347258,0.0151756337962324,0.0117285181719817,0.0133231907717272,0.0116260414488179
0.064,0.0121724123720112,0.0132526174698722,0.0159424560522934,0.00985999993211486,0.0116632152929085,0.0114909147149712,0.0159039123741179,0.0123409666194997,0.0140026405084975,0.0121548070182551
0.066,0.0127084132680733,0.0138833538190197,0.0167568884192438,0.0103967797760745,0.0121860900440933,0.0120461335952166,0.016775863083624,0.0129534150670178,0.0146820902452678,0.0128113650465
0.068,0.0132444141641354,0.0145140901681671,0.0175713207861941,0.0109335596200342,0.0127803181092825,0.012601352475462,0.0176478137931301,0.0136563753618684,0.0153615399820381,0.0134679230747449
0.07,0.013865790999771,0.0151465243501387,0.0183857531531444,0.0114703394639938,0.0134403310396387,0.0131565713557074,0.0185197645026362,0.0144190457346276,0.0160409897188083,0.0141244811029898
0.072,0.0145503477768759,0.0159305518804154,0.0192001855200947,0.0120071193079535,0.014100343969995,0.0137967076758134,0.0193917152121422,0.0151817161073867,0.0168583664530267,0.0147810391312348
0.074,0.0152349045539808,0.0167145794106921,0.0201356728837912,0.0126579175527369,0.0147603569003512,0.0144967040212678,0.0202636659216483,0.0159443864801459,0.0177049618629464,0.0154375971594797
0.076,0.0159194613310858,0.0174986069409689,0.0211416101579848,0.0133354610852185,0.0154203698307075,0.0151967003667223,0.0211356166311544,0.016707056852905,0.0185515572728661,0.0161376329524189
0.078,0.0166040181081907,0.0182826344712456,0.0221475474321784,0.0140130046177002,0.0160803827610637,0.0158966967121768,0.0220409440588666,0.0175169853203073,0.0193981526827858,0.0169646626917986
0.08,0.0172885748852956,0.0190666620015223,0.0231534847063721,0.0146905481501818,0.0168292768526539,0.0165966930576312,0.0231216285386027,0.0184298586297088,0.0202447480927054,0.0177916924311783
0.082,0.0179731316624005,0.0198506895317991,0.0241594219805657,0.0153680916826634,0.0176430335027249,0.0172966894030857,0.0242023130183387,0.0193427319391103,0.0210913435026251,0.018618722170558
0.084,0.0188088284710819,0.0206671607008551,0.0251653592547594,0.0160456352151451,0.0184567901527958,0.018042561717407,0.0252829974980748,0.0202556052485118,0.0219379389125448,0.0194457519099377
0.086,0.0196569762951289,0.0216206267707207,0.026171296528953,0.0168595941370834,0.0192705468028668,0.0189048840354728,0.0263636819778108,0.0211684785579132,0.0228963582690165,0.0202727816493174
0.088,0.0205051241191759,0.0225740928405862,0.0272540496199286,0.0177050954950357,0.0200843034529377,0.0197672063535386,0.0274443664575469,0.0220813518673147,0.0239218066158054,0.0210998113886971
0.09,0.0213532719432229,0.0235275589104518,0.028468382891824,0.0185505968529879,0.0208980601030086,0.0206295286716044,0.028525050937283,0.0230775602743276,0.0249472549625943,0.0219358786619769
0.092,0.02220141976727,0.0244810249803173,0.0296827161637194,0.0193960982109401,0.0217118167530796,0.0214918509896703,0.029605735417019,0.0241541267060169,0.0259727033093832,0.0229590254115349
0.094,0.023049567591317,0.0254344910501829,0.0308970494356148,0.0202415995688923,0.0225775601872785,0.0223541733077361,0.0307189734925109,0.0252306931377062,0.0269981516561722,0.023982172161093
0.096,0.023897715415364,0.0263879571200484,0.0321113827075101,0.0210871009268446,0.0235555332759235,0.0232164956258019,0.0320252066856332,0.0263072595693955,0.0280236000029611,0.025005318910651
0.098,0.0247779475001922,0.027341423189914,0.0333257159794055,0.0219326022847968,0.0245335063645685,0.0240788179438677,0.0333314398787555,0.0273838260010848,0.02904904834975,0.0260284656602091
0.1,0.0258042958558539,0.0282948892597795,0.0345400492513009,0.0228511924873077,0.0255114794532136,0.0250340127160031,0.0346376730718778,0.028460392432774,0.0300744966965389,0.0270516124097671
0.102,0.0268306442115156,0.0293559898177344,0.0357543825231963,0.0238755144052414,0.0264894525418586,0.0260676666424437,0.0359439062650001,0.0295369588644633,0.0311461410283122,0.0280747591593252
0.104,0.0278569925671774,0.030469254092828,0.0369687157950917,0.0248998363231751,0.0274674256305036,0.0271013205688842,0.0372501394581224,0.0306135252961526,0.032338420732106,0.0290979059088832
0.106,0.0288833409228391,0.0315825183679217,0.0382407014544886,0.0259241582411088,0.0284453987191486,0.0281349744953248,0.0385563726512447,0.0318367639563492,0.0335307004358999,0.0301210526584413
0.108,0.0299096892785008,0.0326957826430153,0.0395820787244235,0.0269484801590425,0.0294233718077936,0.0291686284217654,0.0398626058443671,0.0330880083952808,0.0347229801396938,0.0311989406331747
0.11,0.0309360376341625,0.0338090469181089,0.040946327325367,0.0279728020769762,0.0304013448964387,0.0302022823482059,0.0411688390374894,0.0343392528342123,0.0359152598434877,0.0324277422828993
0.112,0.0319623859898242,0.0349223111932025,0.0423329534851774,0.0289971239949099,0.0314535579090448,0.0312359362746465,0.0424750722306117,0.0355904972731439,0.0371075395472816,0.0336565439326239
0.114,0.0329887343454859,0.0360355754682961,0.0437407576059319,0.0300214459128435,0.0325776559864593,0.0322695902010871,0.0438168182695198,0.0368417417120754,0.0382998192510755,0.0348853455823485
0.116,0.0340150827011476,0.0371488397433897,0.0451689689084044,0.0310457678307772,0.0337017540638738,0.0333032441275276,0.0452562288871581,0.038092986151007,0.0394920989548693,0.0361141472320731
0.118,0.0351309913307478,0.0382621040184834,0.0466179688632928,0.0322298342499865,0.0348258521412883,0.0343876115601552,0.0467106053146651,0.0393442305899385,0.0406843786586632,0.0373429488817977
0.12,0.0363250220808179,0.0394560759908317,0.0480867783228785,0.0334228402600405,0.0359499502187028,0.0355721592337086,0.0481906874118174,0.0405954750288701,0.0418837546867567,0.0385717505315223
0.122,0.037519052830888,0.0406926862459325,0.0495747115165484,0.0346158462700946,0.0370740482961173,0.0367567069072621,0.0496896192612008,0.0418467194678016,0.0432098095586488,0.039800552181247
0.124,0.0387130835809581,0.0419292965010333,0.0510799780829189,0.0358088522801487,0.0381981463735318,0.0379412545808156,0.051205181955263,0.0431483836866042,0.0445358644305409,0.0410293538309716
0.126,0.0399071143310282,0.0431659067561341,0.0526008724826513,0.0370018582902027,0.0393222444509464,0.0391258022543691,0.0527363936731025,0.0445000038725313,0.045861919302433,0.0422581554806962
0.128,0.0411011450810983,0.0444025170112349,0.054135467395843,0.0381948643002568,0.0404463425283609,0.0403103499279225,0.0542796189221702,0.0458660472410227,0.0471879741743251,0.0434877336552731
0.13,0.0422951758311684,0.0456391272663357,0.0556823683248833,0.0393878703103109,0.0416077574582051,0.041494897601476,0.0558353431333181,0.047249158941088,0.0485140290462172,0.0448277605479131
0.132,0.0434892065812385,0.0468757375214365,0.0572396369270398,0.0405808763203649,0.0428371912965995,0.0426794452750295,0.0574003073685777,0.0486457665785286,0.0498400839181093,0.0461832077299157
0.134,0.0446832373313086,0.0481123477765373,0.0588059270441803,0.041773882330419,0.0440666251349939,0.043863992948583,0.0589738603069939,0.0500569334472609,0.0511661387900014,0.04755469632668
0.136,0.0458772680813787,0.0493489580316381,0.0603795912622709,0.0430275072055284,0.0452960589733883,0.0450485406221365,0.0605543523894828,0.0514812996277664,0.0524921936618936,0.048941540992586
0.138,0.0471169154275958,0.0505855682867389,0.0619593008674411,0.0443606681791607,0.0465254928117827,0.0463116557126843,0.0621399560410011,0.0529180698560703,0.0538182485337857,0.0503464008355008
0.14,0.0484378329059109,0.0518993460758691,0.0635438738322537,0.045693829152793,0.0477549266501771,0.047605038769898,0.0637292052077659,0.0543645446546788,0.0551505316237122,0.0517595112686167
0.142,0.049758750384226,0.0532137088342978,0.0651316817498749,0.0470269901264252,0.0489843604885715,0.0488984218271117,0.0653211257820419,0.0558184614373888,0.0565360803627373,0.0531947725924056
0.144,0.0510796678625411,0.0545280715927265,0.0667215271320958,0.0483601511000575,0.0502137943269659,0.0501918048843254,0.0669140154950202,0.0572776741194615,0.0579296769573791,0.0546428813675478
0.146,0.0524005853408562,0.0558424343511553,0.0683121810344174,0.0496933120736898,0.0514432281653603,0.0514851879415391,0.0685066689845379,0.0587403537173181,0.059329115225504,0.056101188090439
0.148,0.0537215028191713,0.057156797109584,0.0699024479904474,0.0510264730473221,0.0526726620037547,0.0527785709987528,0.0700979176596566,0.0602046250480625,0.0607363178920662,0.0575756314518084
0.15,0.0550424202974864,0.0584711598680127,0.0714913106888554,0.0523596340209544,0.0539307340076242,0.0540719540559665,0.0716867033975247,0.061668652169363,0.0621496768018474,0.0590621036080454
0.152,0.0563633377758015,0.0597855226264414,0.0730773756076734,0.0536927949945867,0.0552175812645173,0.0553653371131802,0.073271303161998,0.0631311488780057,0.0635691216860734,0.0605585186413279
0.154,0.0576842552541166,0.0610998853848701,0.0746596909241731,0.055025955968219,0.0565044285214103,0.0566587201703939,0.0748509898681523,0.0645899968565204,0.0649939667909648,0.0620632670842119
0.156,0.0590051727324317,0.0624142481432988,0.0762374033045655,0.0563652380485295,0.0577912757783034,0.0579521032276076,0.0764247674778197,0.0660444420737908,0.0664225346278365,0.0635742651280876
0.158,0.0603260902107468,0.0637286109017276,0.0778095253737455,0.0577638617240841,0.0590781230351965,0.0592604383769161,0.077991580164274,0.0674930884045272,0.0678532117408573,0.0650902660400653
0.16,0.0616933413198657,0.0650647824849912,0.0793750963276036,0.0591684638399144,0.0603649702920895,0.0605979737167972,0.0795504039144252,0.068934191029676,0.0692844132039365,0.066609471905201
0.162,0.063089517393236,0.0664064668645163,0.0809331653348109,0.0605808666745758,0.0616518175489826,0.0619416413689435,0.0811002651175329,0.0703667803520078,0.0707144859688823,0.068130370040824
0.164,0.0644856934666063,0.0677497264793639,0.0824828377710034,0.0620005436757849,0.0629386648058756,0.0632942916965322,0.0826402446541096,0.0717899656319174,0.0721424193192263,0.0696516531671938
0.166,0.0658818695399766,0.0690944751249817,0.0840232651102331,0.0634285820538634,0.0642255120627687,0.0646503877911143,0.084169551241166,0.073202915361775,0.0735666914444771,0.0711718907431484
0.168,0.0672780456133469,0.0704401492529051,0.0855536891960585,0.0648623465071064,0.0655123593196618,0.0660064838856965,0.0856874412308506,0.0746048780065712,0.0749861569448596,0.0726897668637463
0.17,0.0686742216867172,0.0717862795708946,0.0870734701592741,0.0662998321601659,0.066803542629403,0.0673625799802786,0.0871934199899966,0.0759946697684698,0.0763994596438477,0.0742043621006243
0.172,0.0700703977600875,0.0731323572746782,0.0885820216354973,0.0677392961414464,0.0681042681712203,0.0687186760748608,0.088687166769324,0.0773695914795106,0.0778052495495093,0.0757138171332534
0.174,0.0714665738334578,0.0744770267034755,0.0900789736597283,0.0691790411841456,0.0694050203861445,0.0700747721694429,0.0901655014451721,0.0787310246081499,0.0792026408103847,0.0772173421727032
0.176,0.0728627499068282,0.0758188279788386,0.0915641902840614,0.0706174529619398,0.0707014795164983,0.0714323088260996,0.0916284398671266,0.0800792665135054,0.0805907652734662,0.0787140265208899
0.178,0.0742589259801985,0.0771562294561674,0.0930339167774488,0.0720529951985461,0.0719975051111635,0.0727967747185999,0.0930774274431476,0.0814154546753828,0.0819688774554367,0.0802028395373419
0.18,0.0756551020535688,0.078487715496328,0.0944892582812045,0.0734845195358701,0.0732935307058287,0.0741612284047153,0.0945130451890664,0.0827290644642593,0.0833360014403403,0.0816827092382167
0.182,0.0770512781269391,0.079812573132246,0.095931547156787,0.0749107111005532,0.0745895563004939,0.0755240422640195,0.0959297792337356,0.0840299522587659,0.0846904039233757,0.0831526706803034
0.184,0.0784677303290568,0.0811297418004626,0.0973615230649005,0.076329517965889,0.0758855818951591,0.0768837624546326,0.0973283380487029,0.0853177505786012,0.0860309751119488,0.0846118264641565
0.186,0.0798858680737239,0.0824367955390227,0.0987709730313154,0.0777409059325697,0.0771816074898243,0.078239079095032,0.0987139108679425,0.0865806474918538,0.0873580326032632,0.0860593936685686
0.188,0.0813036463526182,0.0837343720284673,0.100165801000614,0.0791433271316671,0.0784712052461504,0.0795882045309779,0.100078717489737,0.0878352940625017,0.0886726006606168,0.0874948033311179
0.19,0.0827199086779071,0.0850200302518641,0.101549289839604,0.0805358492121382,0.0797568181671386,0.0809309037956144,0.101423889372891,0.089062546761966,0.0899733566386624,0.088917626540317
0.192,0.0841334664781311,0.0862962645752539,0.102908344470964,0.0819175547745774,0.081037772429783,0.0822657122918323,0.10275894764398,0.0902800178131325,0.0912529181843295,0.0903277651334185
0.194,0.0855433617349467,0.0875569584297418,0.104254086149955,0.0832873579894252,0.0823128290982456,0.0835909381201589,0.104061569098684,0.091471911549824,0.0925203624555818,0.0917210405405342
0.196,0.0869484106186307,0.0888031464450826,0.105584532491643,0.0846450071641155,0.0835806068094714,0.084905871613803,0.105355504822143,0.0926528145870246,0.0937728324244011,0.0930987083384936
0.198,0.088347929875895,0.0900387246653239,0.106890834264677,0.085989800815814,0.0848404354644396,0.0862094824594105,0.106622464773829,0.0938057452310375,0.0950013795660908,0.0944626407307668
0.2,0.0897409348357722,0.091256284515497,0.108190117307282,0.0873219433339955,0.0860896468901625,0.0875008190482188,0.107874673047856,0.0949530032784226,0.0962226046612533,0.0958136763873424
0.202,0.0911263776831883,0.0924549312192467,0.109455722783431,0.0886355838040358,0.0873301393503405,0.0887783111776008,0.109102838922471,0.0960631997607073,0.0974139373226424,0.0971405195740877
0.204,0.0925039419440799,0.0936459833284602,0.110717240354223,0.0899348943614404,0.0885579751345209,0.0900438143706062,0.110313803825344,0.0971733962429919,0.0985965037821228,0.0984542211770899
0.206,0.093872024885723,0.0948106420048427,0.111945453065982,0.091221862938353,0.0897758394537943,0.0912958044951142,0.111499671049828,0.0982450237812742,0.0997520255147769,0.0997538531557162
0.208,0.0952310229068082,0.0959663222494723,0.113170226367589,0.0924899090791919,0.0909777162073356,0.0925303948855027,0.11267155853892,0.0993086247152055,0.100898021715335,0.101027273496376
0.21,0.0965792585597343,0.0970928881398162,0.114357741186992,0.0937395051229391,0.0921654815673031,0.0937493007960214,0.113811256312701,0.100354781631425,0.102013915784945,0.102291249650174
0.212,0.0979172132557368,0.0982184223247033,0.115545256006394,0.0949798850240268,0.0933432696717501,0.0949555310865106,0.114948436123168,0.101367803523196,0.103124027151488,0.103528517231352
0.214,0.0992426170790094,0.0993060606448574,0.116691846279195,0.0961915546692972,0.0945033511033729,0.0961392377717143,0.116037813870603,0.102380825414967,0.104196156584526,0.104752437753155
0.216,0.100554520166581,0.100393698965012,0.11783490174663,0.0973937169556336,0.0956502368246225,0.0973103014856006,0.117127191618038,0.10335713602485,0.105268286017565,0.105953752780458
0.218,0.101854102071685,0.101440491560128,0.118948349065794,0.0985723523319655,0.0967724227973938,0.0984633240725942,0.118181809880597,0.104315608262872,0.106301265939478,0.107137887598657
0.22,0.103140934316273,0.102485765109807,0.120042873365887,0.0997374476281454,0.097894608770165,0.0995935218284744,0.119216563354417,0.105274080500894,0.107325310472011,0.108299889695371
0.222,0.104415977960701,0.10350135964896,0.12113093782365,0.100879475058479,0.0989842441759427,0.100711902670102,0.120248325516034,0.106186040337023,0.108330511993276,0.109445552365981
0.224,0.105673162563983,0.104499459829281,0.12217207863248,0.102007798797767,0.100069450305216,0.101806583406924,0.121223632937746,0.107086050210473,0.10930278598797,0.110564634784905
0.226,0.106915358672317,0.105487566183176,0.123213219441311,0.103109416186586,0.101117744966055,0.102886061837428,0.122198940359457,0.107986060083924,0.110275059982664,0.111675421382873
0.228,0.108146187970923,0.106434457872502,0.124230496268321,0.104206117029811,0.102166039626895,0.103942722797077,0.12315866745712,0.108842715364191,0.111205355719813,0.112747439098334
0.23,0.109358401422403,0.107381349561827,0.125212463571867,0.105263215448089,0.103190002972798,0.104979143727089,0.124069292947803,0.109680475018645,0.112121678506958,0.113819456813795
0.232,0.110553560825786,0.108297824757057,0.126194430875413,0.106320313866367,0.104193917667184,0.106007514014363,0.124979918438485,0.1105182346731,0.113038001294103,0.11485050447415
0.234,0.111739982239411,0.109189344666369,0.127149766742986,0.10734191370855,0.105186985049535,0.106996177734365,0.125876699143806,0.111332633337005,0.113898583651137,0.115870802478365
0.236,0.112898401245832,0.110080864575682,0.128066100139374,0.108350290553438,0.106143591803257,0.107984841454366,0.126717481550173,0.112104560601726,0.114754947950241,0.1168796764382
0.238,0.114048896435951,0.110928136276997,0.128982433535762,0.109351942810852,0.10710019855698,0.108936850471927,0.127558263956541,0.112876487866448,0.115611312249345,0.117843447009974
0.24,0.115176095461685,0.111761335305712,0.129891733557196,0.110306984591317,0.108027778079665,0.109873701643002,0.128399046362908,0.113648415131169,0.116408857363806,0.118807217581748
0.242,0.11629124955264,0.112594534334428,0.130735183827923,0.111262026371782,0.108931896742591,0.110809910219816,0.129171603540783,0.114368522833613,0.117201800268124,0.119746309522212
0.244,0.117384442282637,0.113377208489835,0.131578634098649,0.112199305089082,0.109836015405517,0.111690636804574,0.129936958744942,0.115071366213376,0.117994743172443,0.120648792823589
0.246,0.118464337120231,0.114149795434324,0.132422084369376,0.113096372159077,0.11069635431396,0.112571363389331,0.130702313949101,0.115774209593139,0.118739322439051,0.121551276124965
0.248,0.119520129656372,0.114922382378814,0.13323302891386,0.113993439229071,0.111544704021686,0.113442685328939,0.131444127266921,0.116477052972903,0.119465622752303,0.122428828065244
0.25,0.120568963797412,0.115646487050594,0.133995084259957,0.114875969240874,0.112393053729413,0.114263877398917,0.132128199304696,0.117118081000165,0.120191923065556,0.123265255942033
0.252,0.121583503747744,0.11635671138987,0.134757139606053,0.115710274087372,0.113192436362222,0.115085069468895,0.132812271342471,0.117749050395668,0.120896848837442,0.124101683818821
0.254,0.122598043698076,0.117066935729146,0.135519194952149,0.116544578933871,0.113981142719434,0.115898918446703,0.133496343380245,0.118380019791171,0.121554042551503,0.12493060174891
0.256,0.123574969934567,0.117739940812707,0.136261768268909,0.117378883780369,0.114769849076646,0.116657526864413,0.134152149962238,0.119010989186674,0.122211236265564,0.125696283956159
0.258,0.124543964258159,0.118386384570368,0.13693308311983,0.1181538415122,0.115517894812291,0.117416135282124,0.134750202640091,0.119592879206637,0.122868429979625,0.126461966163409
0.26,0.125500586405243,0.11903282832803,0.137604397970752,0.118920689606435,0.116244250620608,0.118174743699834,0.135348255317944,0.120149718783079,0.123476140175599,0.127227648370658
0.262,0.126419049869095,0.119664656674793,0.138275712821673,0.119687537700669,0.116970606428926,0.118874926165036,0.135946307995797,0.120706558359521,0.124062739042956,0.127950264227537
0.264,0.127337513332947,0.120247378335351,0.138947027672595,0.120438455948727,0.117674740104064,0.119568814060685,0.136539224695198,0.121263397935963,0.124649337910313,0.128639985713216
0.266,0.128232074031062,0.120830099995908,0.139570762612818,0.121133357319904,0.118336928082055,0.120262701956334,0.137047433386085,0.121810832903382,0.125235936777671,0.129329707198895
0.268,0.129094383935659,0.121412821656466,0.140141331455428,0.12182825869108,0.118999116060045,0.120921475187446,0.137555642076972,0.122291897288986,0.12575878168534,0.130019428684575
0.27,0.129956693840256,0.121943906919247,0.140711900298039,0.122523160062257,0.119661304038035,0.12154930386295,0.138063850767858,0.12277296167459,0.126274561685665,0.130655607236222
0.272,0.130800993907786,0.122464189096371,0.141282469140649,0.123200821036366,0.120267574742002,0.122177132538454,0.138572059458745,0.123254026060194,0.12679034168599,0.131264481615237
0.274,0.131600355354468,0.122984471273495,0.14185303798326,0.123819654143788,0.120864621100204,0.122804912036749,0.139043045486317,0.123735090445798,0.127306121686316,0.131873355994252
0.276,0.132399716801149,0.123484040433202,0.142421231555377,0.12443848725121,0.121461667458407,0.123366234539456,0.13945964268577,0.124199974239701,0.127754583026984,0.132482230373267
0.278,0.133199078247831,0.123942786082232,0.14292023021081,0.125057320358632,0.122042488348294,0.123927557042162,0.139876239885223,0.124604570269454,0.128200271626516,0.133055316162011
0.28,0.133944785267647,0.124401531731261,0.143417549511339,0.125676153466055,0.122574527960127,0.124488879544869,0.140292837084677,0.125009166299207,0.128645960226047,0.133580812248541
0.282,0.13467334813237,0.124860277380291,0.143879421144978,0.126226655611021,0.12310656757196,0.12502799434143,0.14070943428413,0.125413762328961,0.129091648825579,0.134106308335072
0.284,0.135401910997094,0.125277206415531,0.14433856461452,0.126766035781591,0.123638607183793,0.125523309317384,0.141079917280931,0.125818358358714,0.1294782777498,0.134631804421602
0.286,0.136130473861817,0.125676210594164,0.144752805509253,0.12730541595216,0.124138280100788,0.126018624293337,0.141406294348949,0.126222954388467,0.129854520120368,0.135157300508132
0.288,0.136798815048263,0.126075214772797,0.145167046403986,0.12784479612273,0.124606124841807,0.126513939269291,0.141732671416967,0.12655784107831,0.130230762490937,0.135601771051276
0.29,0.137447313709665,0.126472784691291,0.14558128729872,0.128375478559897,0.125073969582825,0.126973973854682,0.142059048484985,0.126886203575956,0.130607004861506,0.13604254360532
0.292,0.138095812371068,0.126814512118531,0.145930236667872,0.128833121517112,0.125541814323844,0.12740446387389,0.142385425553003,0.127214566073601,0.130949194928515,0.136483316159363
0.294,0.138744311032471,0.127156239545771,0.146261451580764,0.129290764474326,0.12596941880232,0.127834953893098,0.142674766773363,0.127542928571247,0.131257488207051,0.136924088713407
0.296,0.139381057644002,0.127497966973011,0.146592666493656,0.12974840743154,0.126374634613049,0.128265443912306,0.142913686743852,0.127871291068892,0.131565781485587,0.137352071283461
0.298,0.139938627978592,0.127826652112101,0.146923881406547,0.130206050388755,0.126779850423778,0.128656292960183,0.143152606714342,0.128186615530564,0.131874074764123,0.137708154311039
0.3,0.140496198313182,0.128113092487927,0.147255096319439,0.130663693345969,0.127185066234506,0.129023595747576,0.143391526684831,0.128439891391942,0.132182368042659,0.138064237338616
0.302,0.141053768647772,0.128399532863754,0.147586311232331,0.13104306253715,0.127549943759164,0.129390898534969,0.14363044665532,0.12869316725332,0.132426263333298,0.138420320366194
0.304,0.141611338982361,0.12868597323958,0.147873538015545,0.131418036523131,0.127894418421187,0.129758201322361,0.143860370859439,0.128946443114698,0.13266931720617,0.138776403393771
0.306,0.142168909316951,0.128956494611219,0.14808364854475,0.131793010509112,0.128238893083209,0.130090744820614,0.144015755013912,0.129199718976076,0.132912371079042,0.13912271235969
0.308,0.142652213745307,0.129189437208505,0.148293759073955,0.132167984495093,0.128583367745231,0.130396883454074,0.144171139168384,0.129452994837454,0.133155424951915,0.139397095873326
0.31,0.143107025105061,0.129422379805791,0.14850386960316,0.132542958481074,0.12889612683492,0.130703022087533,0.144326523322857,0.129706270698832,0.133380286293156,0.139671479386962
0.312,0.143561836464815,0.129655322403077,0.148713980132365,0.132887080348104,0.129182096300746,0.131009160720993,0.144481907477329,0.129890152192899,0.133561360964364,0.139945862900597
0.314,0.144016647824569,0.129880652240935,0.148924090661569,0.133180101634112,0.129468065766573,0.131293899119378,0.144637291631802,0.130070629216193,0.133742435635573,0.140220246414233
0.316,0.144471459184323,0.130062024454784,0.149134201190774,0.133473122920119,0.129754035232399,0.131541261410822,0.144745239341767,0.130251106239487,0.133923510306782,0.140494629927869
0.318,0.144926270544077,0.130243396668634,0.149344311719979,0.133766144206127,0.130024173029458,0.131788623702266,0.144822004879839,0.130431583262782,0.134104584977991,0.140693483677455
0.32,0.145339561171014,0.130424768882483,0.149554422249184,0.134059165492135,0.130254083759741,0.13203598599371,0.144898770417911,0.130612060286076,0.134260746121702,0.140889917772327
0.322,0.145680650338826,0.130606141096332,0.149741692655509,0.134352186778142,0.130483994490024,0.132283348285154,0.144975535955982,0.13079253730937,0.134383104311392,0.141086351867199
0.324,0.146021739506638,0.130748259442259,0.14982291359188,0.134613095783357,0.130713905220307,0.132474783989783,0.145052301494054,0.130959038075034,0.134505462501081,0.141282785962071
0.326,0.14636282867445,0.130879628943117,0.149904134528252,0.134826470512366,0.13094381595059,0.132665950418396,0.145129067032126,0.131070026949953,0.134627820690771,0.141479220056943
0.328,0.146703917842261,0.131010998443974,0.149985355464624,0.135039845241375,0.131128769242361,0.132857116847009,0.145144141614699,0.131181015824871,0.134750178880461,0.141633578246016
0.33,0.147045007010073,0.131142367944832,0.150066576400995,0.135253219970384,0.131304963932835,0.133048283275621,0.14514910285561,0.13129200469979,0.134857283980493,0.141755806884584
0.332,0.147386096177885,0.131272419924652,0.150147797337367,0.135466594699393,0.13148115862331,0.133216338388483,0.145154064096521,0.131402993574708,0.134923451267292,0.141878035523151
0.334,0.147727185345696,0.131355918389767,0.150229018273739,0.135679969428402,0.131657353313784,0.133354051244349,0.145159025337431,0.131513982449627,0.134989618554092,0.142000264161718
0.336,0.147953219144031,0.131439416854882,0.150310239210111,0.13589228820864,0.131825699978971,0.133491764100215,0.145163986578342,0.131624971324545,0.135055785840892,0.142122492800286
0.338,0.1481741544384,0.131522915319996,0.150391460146482,0.136029802871898,0.131950627722027,0.133629476956081,0.145162708439657,0.131735960199464,0.135121953127691,0.142244721438853
0.34,0.14839508973277,0.131606413785111,0.150472681082854,0.136167317535155,0.132075555465084,0.133767189811947,0.145103525857319,0.131792944285141,0.135188120414491,0.142304422458849
0.342,0.148616025027139,0.131689065257788,0.150550923030454,0.136304832198413,0.13220048320814,0.13387231571756,0.145044343274981,0.131838727810065,0.13521911394028,0.142358420067563
0.344,0.148836960321509,0.131728013959828,0.150515901615928,0.136442346861671,0.132325410951196,0.133959338836184,0.144985160692644,0.13188451133499,0.135231657727293,0.142412417676277
0.346,0.149057895615879,0.131766962661867,0.150480880201402,0.136579861524928,0.132440821059906,0.134046361954809,0.144925978110306,0.131930294859915,0.135244201514306,0.142466415284991
0.348,0.149278830910248,0.131805911363907,0.150445858786876,0.136717376188186,0.132517018739913,0.134133385073433,0.144866795527969,0.13197607838484,0.135256745301318,0.142520412893705
0.35,0.149499766204618,0.131844860065946,0.15041083737235,0.136840098300748,0.132593216419919,0.134220408192057,0.144798525813502,0.132021861909764,0.135269289088331,0.142559620634018
0.352,0.14964633218255,0.131883808767985,0.150375815957824,0.136906899338993,0.132669414099926,0.134280893015368,0.144681862646629,0.132067645434689,0.135281832875344,0.142551833917842
0.354,0.149749110577438,0.131892785464616,0.150340794543297,0.136973700377239,0.132745611779932,0.134319977932083,0.144565199479756,0.132113428959614,0.135268221884488,0.142544047201666
0.356,0.149851888972325,0.131889441934563,0.150305773128771,0.137040501415484,0.132821809459939,0.134359062848797,0.144448536312883,0.132116270177132,0.135229880001281,0.142536260485491
0.358,0.149954667367213,0.131886098404511,0.150270751714245,0.13710730245373,0.132857480173581,0.134398147765512,0.14433187314601,0.132102170224606,0.135191538118075,0.142528473769315
0.36,0.150057445762101,0.131882754874458,0.150235730299719,0.137174103491975,0.132887529655278,0.134437232682227,0.144215209979137,0.13208807027208,0.135153196234869,0.142520687053139
0.362,0.150160224156988,0.131879411344405,0.150200708885193,0.137240904530221,0.132917579136975,0.134472319467317,0.144098546812264,0.132073970319555,0.135114854351663,0.142496460658186
0.364,0.150263002551876,0.131876067814352,0.150165687470667,0.137307705568466,0.132947628618672,0.134466412780275,0.143934936152732,0.132059870367029,0.135076512468457,0.142434948532065
0.366,0.150365780946763,0.131842394883019,0.150059740328574,0.137311828279545,0.132977678100369,0.134460506093232,0.143768588429091,0.132045770414503,0.135038170585251,0.142373436405944
0.368,0.150468559341651,0.131794249459731,0.149925556661761,0.137314103958786,0.133002851581934,0.13445459940619,0.143602240705449,0.132031670461978,0.134974167739236,0.142311924279823
0.37,0.15048853073362,0.131746104036442,0.149791372994947,0.137316379638027,0.132989558816401,0.134448692719148,0.143435892981808,0.132017570509452,0.134888424268135,0.142250412153702
0.372,0.150483786238003,0.131697958613154,0.149657189328134,0.137318655317268,0.132976266050868,0.134442786032105,0.143269545258166,0.132003470556926,0.134802680797034,0.142188900027581
0.374,0.150479041742386,0.131649813189865,0.14952300566132,0.137320930996509,0.132962973285336,0.134429828860206,0.143103197534525,0.131951788564527,0.134716937325934,0.142097348413947
0.376,0.150474297246769,0.131601667766577,0.149388821994507,0.13732320667575,0.132949680519803,0.134381709127761,0.142906305279275,0.131884197163922,0.134631193854833,0.141992625426468
0.378,0.150469552751151,0.131553522343288,0.149254638327693,0.137325482354991,0.13293638775427,0.134333589395316,0.142698601234738,0.131816605763316,0.134545450383732,0.14188790243899
0.38,0.150464808255534,0.13150537692,0.149120454660879,0.137312854637627,0.132923094988738,0.13428546966287,0.1424908971902,0.131749014362711,0.134459706912631,0.141783179451512
0.382,0.150460063759917,0.131450004715769,0.148986270994066,0.137257562199425,0.132878704557306,0.134237349930425,0.142283193145663,0.131681422962105,0.13437396344153,0.141678456464033
0.384,0.1504553192643,0.131355011034925,0.148852087327252,0.137202269761223,0.132825731785948,0.13418923019798,0.142075489101126,0.1316138315615,0.134262459304797,0.14155136810907
0.386,0.150450574768683,0.131260017354081,0.148717903660439,0.137146977323021,0.13277275901459,0.134141110465534,0.141867785056589,0.131546240160895,0.134136237849658,0.1414092998691
0.388,0.150374366077697,0.131165023673237,0.148583719993625,0.137091684884819,0.132719786243232,0.134072898793266,0.141646190839081,0.131478648760289,0.134010016394519,0.141267231629129
0.39,0.15027770842727,0.131070029992393,0.148405812219482,0.137036392446617,0.132666813471874,0.133985362715975,0.141404237679952,0.131411057359684,0.133883794939381,0.141125163389159
0.392,0.150181050776843,0.130975036311549,0.148189216040414,0.136981100008415,0.132613840700517,0.133897826638684,0.141162284520823,0.131343465959078,0.133757573484242,0.140983095149188
0.394,0.150084393126416,0.130880042630705,0.147972619861346,0.136925807570213,0.132560867929159,0.133810290561393,0.140920331361694,0.131252091535322,0.133631352029103,0.140841026909218
0.396,0.149987735475989,0.130785048949861,0.147756023682278,0.136870515132012,0.1324748736142,0.133722754484102,0.140678378202564,0.131138562164431,0.133505130573964,0.140668599654287
0.398,0.149891077825561,0.130690055269017,0.14753942750321,0.136765200301231,0.132386724119658,0.133635218406811,0.140436425043435,0.131025032793541,0.133378909118825,0.140491671382599
0.4,0.149794420175134,0.130595061588173,0.147322831324142,0.136659723060469,0.132298574625117,0.13354768232952,0.140194471884306,0.13091150342265,0.133238648790295,0.140314743110911
0.402,0.149697762524707,0.130500067907329,0.147106235145074,0.136554245819706,0.132210425130576,0.133460146252229,0.139932357482459,0.13079797405176,0.13307997319131,0.140137814839222
0.404,0.14960110487428,0.130405074226485,0.146889638966006,0.136448768578943,0.132122275636034,0.133341973707973,0.139662911838713,0.130684444680869,0.132921297592325,0.139960886567534
0.406,0.149438301339127,0.130277603410242,0.146673042786938,0.13634329133818,0.132034126141493,0.133219155604512,0.139393466194968,0.130570915309979,0.13276262199334,0.139783958295846
0.408,0.149266809072245,0.130144579943693,0.14645644660787,0.136237814097418,0.131945976646951,0.133096337501052,0.139124020551222,0.130457385939089,0.132603946394355,0.139590299358979
0.41,0.149095316805363,0.130011556477144,0.146239850428802,0.136132336856655,0.131843256908252,0.132973519397591,0.138854574907476,0.130343856568198,0.13244527079537,0.139382777790505
0.412,0.14892382453848,0.129878533010595,0.146023254249734,0.136026859615892,0.131723595303959,0.13285070129413,0.13858512926373,0.130230327197308,0.132286595196385,0.139175256222031
0.414,0.148752332271598,0.129745509544046,0.145806658070666,0.135921342465077,0.131603933699667,0.13272788319067,0.138315683619984,0.130116797826417,0.1321279195974,0.138967734653556
0.416,0.148580840004716,0.129612486077497,0.145590061891598,0.135773441542666,0.131484272095374,0.132605065087209,0.138031946032382,0.130003268455527,0.131969243998415,0.138760213085082
0.418,0.148409347737834,0.129479462610947,0.145356806515938,0.135625540620255,0.131364610491082,0.132482246983748,0.137741926083118,0.12986389150563,0.13180444109542,0.138552691516608
0.42,0.148237855470952,0.129346439144398,0.145071274422979,0.135477639697844,0.131244948886789,0.132353926020605,0.137451906133854,0.129713836771997,0.131620351116459,0.138345169948134
0.422,0.148050438393991,0.129213415677849,0.14478574233002,0.135329738775433,0.131125287282497,0.132201302838449,0.137161886184589,0.129563782038363,0.131436261137499,0.138118701714333
0.424,0.147820311178853,0.1290803922113,0.144500210237061,0.135181837853023,0.131005625678204,0.132048679656294,0.136871866235325,0.12941372730473,0.131252171158538,0.137885714333852
0.426,0.147590183963715,0.128947368744751,0.144214678144101,0.135033936930612,0.130885964073912,0.131896056474138,0.136581846286061,0.129263672571097,0.131068081179578,0.137652726953372
0.428,0.147360056748577,0.128809114470981,0.143929146051142,0.134886036008201,0.130754730981808,0.131743433291983,0.136291826336797,0.129113617837464,0.130883991200617,0.137419739572891
0.43,0.147129929533439,0.128651119409018,0.143643613958183,0.13473813508579,0.130607140569417,0.131590810109827,0.135999851442422,0.128963563103831,0.130699901221657,0.13718675219241
0.432,0.146899802318301,0.128493124347054,0.143358081865224,0.134590234163379,0.130459550157026,0.131438186927672,0.135696292434929,0.128813508370198,0.130515811242696,0.13695376481193
0.434,0.146669675103163,0.128335129285091,0.143072549772264,0.13444149768544,0.130311959744635,0.131285563745516,0.135392733427436,0.128663453636565,0.130331721263736,0.136720777431449
0.436,0.146439547888025,0.128177134223127,0.142787017679305,0.134259882254305,0.130164369332244,0.131132940563361,0.135089174419944,0.128513398902932,0.130147631284775,0.136483927274386
0.438,0.146209420672886,0.128019139161164,0.142501485586346,0.13407826682317,0.130016778919853,0.130980317381205,0.134785615412451,0.128363344169299,0.129963541305815,0.136231198331579
0.44,0.145936762540567,0.1278611440992,0.142215953493386,0.133896651392034,0.129869188507462,0.130827694199049,0.134482056404959,0.128213289435666,0.129774215298329,0.135978469388773
0.442,0.145662020480426,0.127703149037237,0.141930421400427,0.133715035960899,0.129721598095071,0.130653080277344,0.134178497397466,0.128063234702033,0.129573173096337,0.135725740445966
0.444,0.145387278420284,0.127545153975273,0.141644889307468,0.133533420529764,0.12957400768268,0.130477333099378,0.133874938389974,0.1279131799684,0.129372130894346,0.13547301150316
0.446,0.145112536360143,0.12738715891331,0.141359357214509,0.133351805098629,0.129426417270289,0.130301585921411,0.133571379382481,0.127743841858039,0.129171088692355,0.135220282560353
0.448,0.144837794300001,0.127229163851346,0.141073825121549,0.133170189667493,0.129278826857898,0.130125838743444,0.133263152797897,0.12756918844453,0.128970046490363,0.134967553617547
0.45,0.14456305223986,0.127071168789383,0.14078829302859,0.132988574236358,0.129131236445507,0.129950091565478,0.132953684290159,0.127394535031021,0.128769004288372,0.13471482467474
0.452,0.144288310179718,0.126913173727419,0.140502760935631,0.132806958805223,0.128963858767097,0.129774344387511,0.132644215782421,0.127219881617512,0.128567962086381,0.134462095731934
0.454,0.144013568119577,0.126755029969273,0.140217228842672,0.132625343374087,0.128794796578687,0.129598597209545,0.132334747274684,0.127045228204003,0.128366919884389,0.134198626644855
0.456,0.143710084225195,0.126583063837752,0.139880963651141,0.132443727942952,0.128625734390278,0.129422850031578,0.132025278766946,0.126870574790494,0.128165877682398,0.133932834191264
0.458,0.143402555006899,0.126411097706231,0.13954383677059,0.132240132127436,0.128456672201868,0.129247102853611,0.131715810259208,0.126695921376985,0.127964835480406,0.133667041737672
0.46,0.143095025788602,0.126239131574709,0.139206709890039,0.132034573929848,0.128287610013458,0.129071355675645,0.13140634175147,0.126521267963476,0.127763793278415,0.133401249284081
0.462,0.142787496570306,0.126067165443188,0.138869583009488,0.13182901573226,0.128118547825048,0.128895608497678,0.131096873243733,0.126346614549968,0.127562751076424,0.133135456830489
0.464,0.14247996735201,0.125895199311667,0.138532456128937,0.131623457534672,0.127949485636639,0.128719861319711,0.130787404735995,0.126171961136459,0.127361708874432,0.132869664376898
0.466,0.142172438133713,0.125723233180145,0.138195329248386,0.131417899337084,0.127780423448229,0.128539413064399,0.130479183361732,0.12599730772295,0.127160491315685,0.132603871923306
0.468,0.141864908915417,0.125551267048624,0.137858202367835,0.131212341139496,0.127611361259819,0.128349726992573,0.130172373600446,0.125822654309441,0.126953680789446,0.132338079469715
0.47,0.141557379697121,0.125379300917103,0.137521075487283,0.131006782941908,0.127442299071409,0.128160040920747,0.12986556383916,0.125648000895932,0.126746870263206,0.132072287016124
0.472,0.1412274806902,0.125207334785581,0.137183948606732,0.130801224744319,0.127273236883,0.127970354848922,0.129558754077874,0.125473347482423,0.126540059736966,0.131804912406229
0.474,0.140897087546373,0.12503536865406,0.136846821726181,0.130595666546731,0.12710417469459,0.127780668777096,0.129251944316588,0.125298694068914,0.126333249210726,0.131533825755007
0.476,0.140566694402547,0.124863402522539,0.13650969484563,0.130390108349143,0.12693511250618,0.12759098270527,0.128945134555303,0.125124040655405,0.126126438684487,0.131262739103784
0.478,0.14023630125872,0.124691436391017,0.136172567965079,0.130184550151555,0.12676605031777,0.127401296633444,0.128638324794017,0.124949387241896,0.125919628158247,0.130991652452562
0.48,0.139905908114893,0.124519470259496,0.135835441084528,0.129978991953967,0.126595916561557,0.127211610561618,0.128331515032731,0.124767142566185,0.125712817632007,0.130720565801339
0.482,0.139575514971066,0.124347504127975,0.135498314203976,0.129770448154991,0.126416325273836,0.127021924489792,0.128024705271445,0.124582994956296,0.125506007105767,0.130449479150117
0.484,0.139245121827239,0.124175537996454,0.135161187323425,0.129551848158688,0.126236733986115,0.126832238417966,0.127717895510159,0.124398847346407,0.125299196579528,0.130178392498894
0.486,0.138912620646925,0.124003571864932,0.134824060442874,0.129333248162385,0.126057142698395,0.126642552346141,0.127411085748873,0.124214699736518,0.125092386053288,0.129907305847672
0.488,0.138567762045249,0.123831605733411,0.134486933562323,0.129114648166082,0.125877551410674,0.126452866274315,0.127114938270562,0.124030552126629,0.124885575527048,0.129636219196449
0.49,0.138222903443572,0.12365965482407,0.134149806681772,0.128896048169778,0.125697960122953,0.126263180202489,0.126820578874821,0.12384640451674,0.124678765000808,0.129365132545227
0.492,0.137878044841896,0.1234878312279,0.133812679801221,0.128677448173475,0.125518368835233,0.126073494130663,0.126526219479079,0.123662256906852,0.124471954474569,0.129094045894005
0.494,0.13753318624022,0.12331600763173,0.133475552920669,0.128458848177172,0.125338777547512,0.125883808058837,0.126231860083338,0.123478109296963,0.124265143948329,0.128823772479638
0.496,0.137188327638543,0.12314418403556,0.133138426040118,0.128240248180869,0.125159186259791,0.125694121987011,0.125937500687596,0.123293961687074,0.124058333422089,0.128556675440117
0.498,0.136843469036867,0.12297236043939,0.132801299159567,0.128021648184566,0.124979594972071,0.12550428516149,0.125643141291855,0.123109814077185,0.123851522895849,0.128289578400596
0.5,0.136498610435191,0.122800536843221,0.132456074594989,0.127803048188263,0.12480000368435,0.125313793030731,0.125348781896113,0.122925666467296,0.123647567914758,0.128022481361075
0.502,0.136152105687163,0.122628713247051,0.13209764296962,0.12758444819196,0.124620412396629,0.125123300899972,0.125054422500372,0.122741518857407,0.123449613562267,0.127755384321554
0.504,0.135800151292205,0.122456889650881,0.13173921134425,0.127365848195657,0.124440821108908,0.124932808769214,0.12476006310463,0.122557371247519,0.123251659209775,0.127488287282034
0.506,0.135448196897246,0.122285066054711,0.131380779718881,0.127147248199354,0.124261229821188,0.124742316638455,0.124465703708888,0.12237322363763,0.123053704857284,0.127221190242513
0.508,0.135096242502287,0.122113242458542,0.131020559143324,0.126928648203051,0.124081638533467,0.124551824507696,0.124171344313147,0.122189076027741,0.122855750504792,0.126954093202992
0.51,0.134744288107329,0.121941418862372,0.130658357385911,0.126710048206748,0.123902047245746,0.124361332376937,0.123876984917405,0.122004928417852,0.122657796152301,0.126686996163471
0.512,0.13439233371237,0.121769595266202,0.130296155628499,0.126491378136704,0.123722455958026,0.124170840246178,0.12359037139874,0.121820780807963,0.122459841799809,0.126419899123951
0.514,0.134040379317412,0.121597771670032,0.129933953871086,0.126272463755601,0.123542864670305,0.123980348115419,0.123319912021618,0.121636633198074,0.122261887447318,0.12615280208443
0.516,0.133688424922453,0.121425948073863,0.129570373378918,0.126053549374498,0.123363273382584,0.12378985598466,0.123049452644496,0.121452485588185,0.122063933094826,0.125885705044909
0.518,0.133336447560076,0.121254124477693,0.129205748212454,0.125834634993395,0.123183682094864,0.123599363853901,0.122778993267374,0.121268337978297,0.121865978742335,0.125618608005388
0.52,0.13298420598478,0.121082300881523,0.128840217682965,0.125615720612292,0.12300490074748,0.123408871723142,0.122508533890252,0.121084190368408,0.121668024389843,0.125352649952712
0.522,0.132631964409483,0.120910477285353,0.128474210612636,0.125396806231189,0.122830323108861,0.123218379592383,0.122238074513129,0.120900042758519,0.121470070037352,0.125100430538571
0.524,0.132279722834187,0.120738653689184,0.128107431607156,0.125177891850086,0.122655745470241,0.123027887461624,0.121967615136007,0.120723054079659,0.12127211568486,0.12484821112443
0.526,0.13192748125889,0.120566830093014,0.127740108993691,0.124958977468984,0.122481167831622,0.122837395330866,0.121697155758885,0.12054698218095,0.121074161332369,0.124595991710289
0.528,0.131575239683594,0.120395006496844,0.127372096007333,0.124740063087881,0.122306590193002,0.122646903200107,0.121426696381763,0.120370910282241,0.120876206979877,0.124343772296148
0.53,0.131222998108297,0.120223182900674,0.127003621226517,0.124521148706778,0.122132012554383,0.122456411069348,0.121156237004641,0.120194838383532,0.120678252627386,0.124091552882007
0.532,0.130870756533001,0.120051359304505,0.126634840099102,0.124302234325675,0.121957434915763,0.122265918938589,0.120885777627519,0.120018766484822,0.120480298274894,0.123839333467866
0.534,0.130518514957704,0.119879535708335,0.126265910756703,0.124083319944572,0.121782857277144,0.12207542680783,0.120615318250397,0.119842694586113,0.120282343922403,0.123587114053725
0.536,0.130169406993059,0.119707712112165,0.125896995911628,0.123864405563469,0.121608279638524,0.121884934677071,0.120344858873275,0.119666622687404,0.120084389569911,0.123334894639584
0.538,0.129823543093485,0.119538033190797,0.125528242219256,0.123645491182366,0.121433701999905,0.121694442546312,0.120074399496153,0.119490550788695,0.11988643521742,0.123082675225443
0.54,0.129477679193911,0.119381107763595,0.12515984315805,0.123426576801263,0.121259124361285,0.121503950415553,0.11980394011903,0.119314478889986,0.119688480864928,0.122830455811301
0.542,0.129131815294337,0.119224182336393,0.12479194418533,0.12320766242016,0.121084546722666,0.12132244117933,0.119534727686806,0.119138406991277,0.119490526512437,0.12257823639716
0.544,0.128785951394763,0.119067256909191,0.124424764418894,0.122988748039057,0.120909969084046,0.121146472305797,0.119301002180691,0.118962335092568,0.119293457355848,0.122326016983019
0.546,0.12844008749519,0.118910331481988,0.124057584652459,0.122769833657954,0.120735391445427,0.120970503432264,0.119067276674576,0.118786263193859,0.119118939729087,0.122073797568878
0.548,0.128094223595616,0.118753406054786,0.12369262937988,0.122550919276851,0.120560813806807,0.120794534558731,0.11883355116846,0.11861019129515,0.118944422102327,0.121821578154737
0.55,0.127748359696042,0.118596480627584,0.123327810610199,0.12234434291513,0.120386236168188,0.120618565685198,0.118599825662345,0.118434119396441,0.118769904475566,0.121569358740596
0.552,0.127402495796468,0.118439555200382,0.122962991840518,0.122140194563119,0.120211658529568,0.120442596811665,0.11836610015623,0.118258047497732,0.118595386848806,0.121322691037193
0.554,0.127059712800786,0.11828262977318,0.12260361407479,0.121936046211108,0.120037080890949,0.120266627938132,0.118132374650115,0.118081975599023,0.118420869222045,0.121097492035413
0.556,0.126727110425348,0.118125704345977,0.122244796752949,0.121731897859097,0.119862503252329,0.120090659064599,0.117898649143999,0.117905903700314,0.118246351595285,0.120872293033633
0.558,0.12639450804991,0.117968778918775,0.121885979431109,0.121527749507086,0.11968792561371,0.119914690191066,0.117664923637884,0.117729831801605,0.118071833968524,0.120647094031853
0.56,0.126061905674472,0.117811853491573,0.121527162109268,0.121323601155075,0.11951334797509,0.119738721317532,0.117431198131769,0.117553759902896,0.117897316341764,0.120421895030073
0.562,0.125729303299033,0.117654928064371,0.121168344787428,0.121119452803064,0.119338770336471,0.119562752443999,0.117197472625653,0.117377688004187,0.117722798715003,0.120196696028294
0.564,0.125396700923595,0.117498002637169,0.120809527465587,0.120915304451053,0.119164192697851,0.119386783570466,0.116963747119538,0.117201616105478,0.117548281088243,0.119971497026514
0.566,0.125064098548157,0.117341077209967,0.120461610130593,0.120711156099042,0.118989615059232,0.119210814696933,0.116730021613423,0.117025544206769,0.117373763461482,0.119746298024734
0.568,0.124731496172719,0.117184151782764,0.120114710257225,0.12050700774703,0.118815037420612,0.1190348458234,0.116496296107308,0.11684947230806,0.117199245834722,0.119521099022954
0.57,0.12439889379728,0.117027226355562,0.119767810383856,0.120302859395019,0.118643442958351,0.118858876949867,0.116262570601192,0.116673400409351,0.117024728207961,0.119295900021174
0.572,0.124066291421842,0.11687030092836,0.119420910510487,0.120098711043008,0.118487331617533,0.118682908076334,0.116028845095077,0.116497328510642,0.116850210581201,0.119070701019395
0.574,0.12373403657451,0.116713375501158,0.119074010637118,0.119894562690997,0.118331220276714,0.118506939202801,0.115795119588962,0.116340026865102,0.11667569295444,0.118845502017615
0.576,0.123422104679386,0.116556450073956,0.118727110763749,0.119690414338986,0.118175108935896,0.118330970329268,0.115561394082847,0.116185128957701,0.11650117532768,0.118620303015835
0.578,0.123110172784263,0.116399524646753,0.11838021089038,0.119486265986975,0.118018997595077,0.118155001455735,0.115327668576731,0.116030231050299,0.116326657700919,0.118395104014055
0.58,0.122798240889139,0.116242599219551,0.11805100788062,0.119282117634964,0.117862886254259,0.117979032582202,0.115093943070616,0.115875333142897,0.116152140074159,0.118169905012275
0.582,0.122486308994016,0.116085673792349,0.11772259433079,0.119077969282953,0.11770677491344,0.117803063708669,0.114904119634525,0.115720435235496,0.115977622447398,0.117944706010495
0.584,0.122174377098893,0.115928748365147,0.11739418078096,0.118873820930942,0.117550663572622,0.117627094835136,0.114719718554016,0.115565537328094,0.115803104820638,0.117719507008716
0.586,0.121862445203769,0.115771822937945,0.11706576723113,0.118669672578931,0.117394552231803,0.117451125961603,0.114535317473507,0.115410639420692,0.115628587193877,0.117494308006936
0.588,0.121550513308646,0.11561814757032,0.1167373536813,0.11846552422692,0.117238440890985,0.11727515708807,0.114350916392998,0.115255741513291,0.115454069567117,0.117269109005156
0.59,0.121238581413522,0.115483798963019,0.11640894013147,0.118261375874909,0.117082329550167,0.117099188214537,0.114166515312489,0.115100843605889,0.115279551940356,0.117043910003376
0.592,0.120926649518399,0.115349450355718,0.116080526581639,0.118057227522898,0.116926218209348,0.11693839722379,0.11398211423198,0.114945945698487,0.115105034313596,0.116839645133918
0.594,0.120614717623275,0.115215101748416,0.115752113031809,0.117853079170887,0.11677010686853,0.116786967466795,0.113797713151471,0.114791047791086,0.114931664141571,0.116653524964943
0.596,0.120302785728152,0.115080753141115,0.115439537018822,0.117659721900243,0.116613995527711,0.1166355377098,0.113613312070962,0.114636149883684,0.114787526888065,0.116467404795967
0.598,0.120003734488123,0.114946404533814,0.115138671553762,0.117483254465552,0.116457884186893,0.116484107952805,0.113428910990453,0.114481251976282,0.114643389634559,0.116281284626991
0.6,0.11972064427227,0.114812055926512,0.114837806088701,0.117306787030861,0.116301772846074,0.116332678195809,0.113244509909944,0.114326354068881,0.114499252381054,0.116095164458015
0.602,0.119437554056416,0.114677707319211,0.114536940623641,0.11713031959617,0.116145661505256,0.116181248438814,0.113060108829435,0.114171456161479,0.114355115127548,0.11590904428904
0.604,0.119154463840563,0.11454335871191,0.11423607515858,0.116953852161478,0.115989550164437,0.116029818681819,0.112875707748926,0.114016558254077,0.114210977874042,0.115722924120064
0.606,0.11887137362471,0.114409010104608,0.11393520969352,0.116777384726787,0.115833438823619,0.115878388924823,0.112691306668417,0.113861660346676,0.114066840620536,0.115536803951088
0.608,0.118588283408857,0.114274661497307,0.113634344228459,0.116600917292096,0.1156773274828,0.115726959167828,0.112506905587908,0.113706762439274,0.113922703367031,0.115350683782113
0.61,0.118305193193004,0.114140312890006,0.113333478763399,0.116424449857405,0.115521216141982,0.115575529410833,0.112322504507399,0.113551864531873,0.113778566113525,0.115164563613137
0.612,0.11802210297715,0.114005964282704,0.113032613298338,0.116247982422714,0.115365104801163,0.115424099653838,0.11213810342689,0.113396966624471,0.113634428860019,0.114978443444161
0.614,0.117739012761297,0.113871615675403,0.112731747833278,0.116071514988023,0.115208993460345,0.115272669896842,0.111953702346381,0.113242068717069,0.113490291606513,0.114792323275185
0.616,0.117455922545444,0.113737267068102,0.112430882368217,0.115895047553332,0.115052882119526,0.115121240139847,0.111769301265872,0.113087170809668,0.113346154353007,0.11460620310621
0.618,0.117172832329591,0.1136029184608,0.112167447084962,0.115718580118641,0.114896770778708,0.114969810382852,0.111584900185363,0.112932272902266,0.113202017099502,0.114420082937234
0.62,0.116889742113737,0.113468569853499,0.11190571822974,0.11554211268395,0.114744545889174,0.114818380625856,0.111400499104854,0.112777374994864,0.113057879845996,0.114233962768258
0.622,0.116606651897884,0.113334221246198,0.111643989374518,0.115365645249259,0.114612492250007,0.114666950868861,0.111216098024345,0.112622477087463,0.11291374259249,0.114047842599283
0.624,0.116323561682031,0.113199872638896,0.111382260519296,0.115189177814568,0.114480438610841,0.114515521111866,0.111031696943836,0.11249078416123,0.112769605338984,0.113861722430307
0.626,0.116076678461342,0.113065524031595,0.111120531664073,0.115012710379877,0.114348384971675,0.11436409135487,0.110847295863327,0.112362062889013,0.112625468085479,0.113675602261331
0.628,0.115831382093601,0.112931175424294,0.110858802808851,0.114836242945186,0.114216331332508,0.114212661597875,0.110662894782818,0.112233341616796,0.112481330831973,0.113489482092355
0.63,0.11558608572586,0.112796826816992,0.110597073953629,0.114659775510495,0.114084277693342,0.11406123184088,0.110486823056184,0.112104620344579,0.112337193578467,0.11330336192338
0.632,0.115340789358119,0.112662478209691,0.110335345098407,0.114483308075804,0.113952224054176,0.113909802083885,0.110353631608245,0.111975899072363,0.112193056324961,0.113117241754404
0.634,0.115095492990378,0.11252812960239,0.110073616243184,0.114306840641113,0.113820170415009,0.113758372326889,0.110220440160306,0.111847177800146,0.112048919071456,0.112931121585428
0.636,0.114850196622637,0.112393780995088,0.109811887387962,0.114130373206422,0.113688116775843,0.113606942569894,0.110087248712367,0.111718456527929,0.11190478181795,0.112745001416453
0.638,0.114604900254896,0.112262869693742,0.10955015853274,0.11395390577173,0.113556063136677,0.113455512812899,0.109954057264428,0.111589735255712,0.111760644564444,0.112558881247477
0.64,0.114359603887155,0.112152398629495,0.109288429677518,0.113777438337039,0.113424009497511,0.113304083055903,0.109820865816489,0.111461013983496,0.111616507310938,0.112372761078501
0.642,0.114114307519414,0.112041927565248,0.109026700822295,0.113600970902348,0.113291955858344,0.113169287840206,0.10968767436855,0.111332292711279,0.111472370057432,0.112215704847574
0.644,0.113869011151674,0.111931456501001,0.108789462644903,0.113424503467657,0.113159902219178,0.113044752278744,0.109554482920611,0.111203571439062,0.111329360066701,0.112072477565252
0.646,0.113623714783933,0.111820985436754,0.10858032262556,0.113260738339811,0.113027848580012,0.112920216717283,0.109421291472672,0.111074850166846,0.111215068577708,0.111929250282931
0.648,0.113378418416192,0.111710514372507,0.108371182606217,0.113116854433461,0.112895794940845,0.112795681155822,0.109288100024733,0.110946128894629,0.111100777088715,0.11178602300061
0.65,0.113133122048451,0.11160004330826,0.108162042586873,0.11297297052711,0.112763741301679,0.11267114559436,0.109154908576794,0.110817407622412,0.110986485599722,0.111642795718288
0.652,0.11288782568071,0.111489572244012,0.10795290256753,0.112829086620759,0.112631687662513,0.112546610032899,0.109021717128855,0.110688686350195,0.110872194110729,0.111499568435967
0.654,0.112642529312969,0.111379101179765,0.107743762548187,0.112685202714409,0.112499634023346,0.112422074471437,0.108888525680916,0.110559965077979,0.110757902621736,0.111356341153645
0.656,0.112397232945228,0.111268630115518,0.107534622528844,0.112541318808058,0.11236758038418,0.112297538909976,0.108755334232977,0.110431243805762,0.110643611132743,0.111213113871324
0.658,0.11218631914465,0.111158159051271,0.1073254825095,0.112397434901707,0.112235526745014,0.112173003348514,0.108622142785038,0.110302522533545,0.11052931964375,0.111069886589002
0.66,0.11198803948589,0.111047687987024,0.107116342490157,0.112253550995357,0.112103473105848,0.112048467787053,0.108488951337099,0.110173801261328,0.110415028154757,0.110926659306681
0.662,0.111789759827131,0.110937216922777,0.106907202470814,0.112109667089006,0.111971419466681,0.111923932225591,0.108355759889159,0.110045079989112,0.110300736665764,0.11078343202436
0.664,0.111591480168371,0.11082674585853,0.10669806245147,0.111965783182655,0.111839365827515,0.11179939666413,0.10822256844122,0.109916358716895,0.110186445176771,0.110640204742038
0.666,0.111393200509612,0.110716274794283,0.106488922432127,0.111821899276305,0.111707312188349,0.111674861102668,0.108089376993281,0.109787637444678,0.110072153687778,0.110496977459717
0.668,0.111194920850852,0.110605803730035,0.106279782412784,0.111678015369954,0.111575258549182,0.111550325541207,0.107956185545342,0.109658916172462,0.109957862198785,0.110353750177395
0.67,0.110996641192093,0.110495332665788,0.10607064239344,0.111534131463603,0.111447147892385,0.111425789979745,0.107822994097403,0.109530194900245,0.109843570709792,0.110210522895074
0.672,0.110798361533333,0.110384861601541,0.105861502374097,0.111390247557253,0.111339501890547,0.111301254418284,0.107689802649464,0.109401473628028,0.109729279220799,0.110067295612752
0.674,0.110600081874574,0.110274390537294,0.105652362354754,0.111246363650902,0.111231855888709,0.111176718856822,0.107556611201525,0.109295889298807,0.109614987731806,0.109924068330431
0.676,0.110401802215814,0.110163919473047,0.10544322233541,0.111102479744551,0.111124209886872,0.111052183295361,0.107423419753586,0.109193267910564,0.109500696242813,0.10978084104811
0.678,0.110203522557055,0.1100534484088,0.105234082316067,0.110958595838201,0.111016563885034,0.110927647733899,0.107290228305647,0.109090646522321,0.10938640475382,0.109637613765788
0.68,0.110005242898295,0.109942977344553,0.10506874174347,0.11081471193185,0.110908917883197,0.110803112172438,0.107163814362062,0.108988025134077,0.109272113264827,0.109494386483467
0.682,0.109806963239536,0.109832506280305,0.104926251111923,0.110670828025499,0.110801271881359,0.110678576610976,0.107072291633323,0.108885403745834,0.109157821775834,0.109351159201145
0.684,0.109608683580776,0.109722035216058,0.104783760480377,0.110526944119149,0.110693625879521,0.110554041049515,0.106980768904583,0.108782782357591,0.109043530286841,0.109207931918824
0.686,0.109410403922017,0.109611564151811,0.104641269848831,0.110383060212798,0.110585979877684,0.110429505488053,0.106889246175843,0.108680160969347,0.108929238797849,0.109064704636502
0.688,0.109212124263257,0.109504269541939,0.104498779217284,0.110239176306447,0.110478333875846,0.110304969926592,0.106797723447103,0.108577539581104,0.108814947308856,0.108921477354181
0.69,0.109013844604498,0.109415863992687,0.104356288585738,0.110095292400097,0.110370687874009,0.11018043436513,0.106706200718364,0.108474918192861,0.108700655819863,0.10877825007186
0.692,0.108815564945738,0.109327458443434,0.104213797954192,0.109951408493746,0.110263041872171,0.110071530978895,0.106614677989624,0.108372296804617,0.10858636433087,0.108660361346607
0.694,0.108617285286979,0.109239052894182,0.104071307322645,0.109807524587395,0.110155395870333,0.109972269019489,0.106523155260884,0.108269675416374,0.108473061707397,0.108554528991791
0.696,0.108419005628219,0.10915064734493,0.103928816691099,0.109675859901855,0.110047749868496,0.109873007060083,0.106431632532144,0.108167054028131,0.108384951733597,0.108448696636974
0.698,0.108248844933864,0.109062241795677,0.103786326059553,0.109563320327872,0.109940103866658,0.109773745100677,0.106340109803404,0.108064432639887,0.108296841759797,0.108342864282158
0.7,0.108104283031326,0.108973836246425,0.103643835428006,0.109450780753889,0.10983245786482,0.109674483141271,0.106248587074665,0.107961811251644,0.108208731785998,0.108237031927342
0.702,0.107959721128788,0.108885430697173,0.10350134479646,0.109338241179906,0.109724811862983,0.109575221181865,0.106157064345925,0.107859189863401,0.108120621812198,0.108131199572525
0.704,0.107815159226251,0.10879702514792,0.103358854164914,0.109225701605923,0.109617165861145,0.109475959222459,0.106065541617185,0.107756568475157,0.108032511838398,0.108025367217709
0.706,0.107670597323713,0.108708619598668,0.103216363533367,0.10911316203194,0.109509519859308,0.109376697263053,0.105974018888445,0.107653947086914,0.107944401864598,0.107919534862893
0.708,0.107526035421176,0.108620214049416,0.103073872901821,0.109000622457957,0.10940187385747,0.109277435303647,0.105882496159706,0.107551325698671,0.107856291890799,0.107813702508076
0.71,0.107381473518638,0.108531808500163,0.102931382270274,0.108888082883973,0.109294227855632,0.109178173344241,0.105790973430966,0.107448704310427,0.107768181916999,0.10770787015326
0.712,0.1072369116161,0.108443402950911,0.102788891638728,0.10877554330999,0.109186581853795,0.109078911384835,0.105699450702226,0.107346082922184,0.107680071943199,0.107602037798443
0.714,0.107092349713563,0.108354997401659,0.102646401007182,0.108663003736007,0.109078935851957,0.108979649425429,0.105607927973486,0.107243461533941,0.1075919619694,0.107496205443627
0.716,0.106947787811025,0.108266591852406,0.102503910375635,0.108550464162024,0.10897128985012,0.108880387466023,0.105516405244746,0.107140840145697,0.1075038519956,0.107390373088811
0.718,0.106803225908487,0.108178186303154,0.102361419744089,0.108437924588041,0.108863643848282,0.108781125506618,0.105424882516007,0.107038218757454,0.1074157420218,0.107284540733994
0.72,0.10665866400595,0.108089780753901,0.102218929112543,0.108325385014058,0.108759582092129,0.108681863547212,0.105333359787267,0.106935597369211,0.107327632048,0.107178708379178
0.722,0.106514102103412,0.108001375204649,0.102076438480996,0.108212845440074,0.108674123095101,0.108582601587806,0.105241837058527,0.106832975980967,0.107239522074201,0.107072876024362
0.724,0.106369540200875,0.107912969655397,0.10193394784945,0.108100305866091,0.108588664098073,0.1084833396284,0.105150314329787,0.106751140615606,0.107151412100401,0.106967043669545
0.726,0.106224978298337,0.107824564106144,0.101791457217904,0.107987766292108,0.108503205101046,0.108384077668994,0.105058791601048,0.106671967129948,0.107063302126601,0.106861211314729
0.728,0.106080416395799,0.107736158556892,0.101648966586357,0.107875226718125,0.108417746104018,0.108284815709588,0.104967268872308,0.10659279364429,0.106975192152802,0.106755378959913
0.73,0.105935854493262,0.10764775300764,0.101548284982173,0.107762687144142,0.10833228710699,0.108185553750182,0.104880745799787,0.106513620158632,0.106887082179002,0.106649546605096
0.732,0.105791292590724,0.107559347458387,0.101469414927712,0.107650147570159,0.108246828109962,0.108086291790776,0.104819961416639,0.106434446672974,0.106798972205202,0.10654371425028
0.734,0.105646730688186,0.107470941909135,0.101390544873252,0.107537607996175,0.108161369112934,0.10798702983137,0.104759177033491,0.106355273187317,0.106710862231402,0.106437881895464
0.736,0.105502168785649,0.107382536359883,0.101311674818792,0.107425068422192,0.108075910115906,0.107887767871964,0.104698392650342,0.106276099701659,0.106622752257603,0.106332049540647
0.738,0.105357606883111,0.10729686450439,0.101232804764331,0.107312528848209,0.107990451118878,0.107788505912558,0.104637608267194,0.106196926216001,0.106534642283803,0.106226217185831
0.74,0.105213044980574,0.107227448795228,0.101153934709871,0.107199989274226,0.10790499212185,0.107689243953152,0.104576823884046,0.106117752730343,0.106446532310003,0.106120384831015
0.742,0.105068483078036,0.107158033086067,0.101075064655411,0.107087449700243,0.107819533124822,0.107603547105175,0.104516039500898,0.106038579244685,0.106358422336203,0.106034848222391
0.744,0.104923921175498,0.107088617376906,0.10099619460095,0.10697491012626,0.107734074127794,0.107526216785042,0.104455255117749,0.105959405759027,0.106271125429199,0.105958968558072
0.746,0.104779359272961,0.107019201667744,0.10091732454649,0.106873062352079,0.107648615130766,0.107448886464908,0.104394470734601,0.105880232273369,0.106204542468132,0.105883088893753
0.748,0.104660739360326,0.106949785958583,0.100838454492029,0.1067879490217,0.107563156133739,0.107371556144774,0.104333686351453,0.105801058787711,0.106137959507065,0.105807209229434
0.75,0.104565736377154,0.106880370249421,0.100759584437569,0.106702835691321,0.107477697136711,0.107294225824641,0.104272901968305,0.105721885302053,0.106071376545999,0.105731329565115
0.752,0.104470733393981,0.10681095454026,0.100680714383109,0.106617722360942,0.107392238139683,0.107216895504507,0.104212117585156,0.105642711816395,0.106004793584932,0.105655449900796
0.754,0.104375730410809,0.106741538831099,0.100601844328648,0.106532609030563,0.107306779142655,0.107139565184373,0.104151333202008,0.105563538330737,0.105938210623866,0.105579570236477
0.756,0.104280727427636,0.106672123121937,0.100522974274188,0.106447495700184,0.107221320145627,0.10706223486424,0.10409054881886,0.105484364845079,0.105871627662799,0.105503690572157
0.758,0.104185724444464,0.106602707412776,0.100444104219728,0.106362382369805,0.107135861148599,0.106984904544106,0.104029764435711,0.105405191359421,0.105805044701733,0.105427810907838
0.76,0.104090721461291,0.106533291703615,0.100365234165267,0.106277269039426,0.107050402151571,0.106907574223972,0.103968980052563,0.105326017873763,0.105738461740666,0.105351931243519
0.762,0.103995718478119,0.106463875994453,0.100286364110807,0.106192155709047,0.106964943154543,0.106830243903839,0.103908195669415,0.105246844388105,0.1056718787796,0.1052760515792
0.764,0.103900715494946,0.106394460285292,0.100207494056347,0.106107042378668,0.106879484157515,0.106752913583705,0.103847411286267,0.105167670902448,0.105605295818533,0.105200171914881
0.766,0.103805712511774,0.106325044576131,0.100128624001886,0.106021929048289,0.106794025160487,0.106675583263571,0.103786626903118,0.10508849741679,0.105538712857467,0.105124292250562
0.768,0.103710709528601,0.106255628866969,0.100049753947426,0.10593681571791,0.106708566163459,0.106598252943438,0.10372584251997,0.105009323931132,0.1054721298964,0.105048412586243
0.77,0.103615706545429,0.106186213157808,0.0999708838929658,0.105851702387531,0.106626167637956,0.106520922623304,0.103665058136822,0.104930150445474,0.105405546935333,0.104972532921924
0.772,0.103520703562256,0.106116797448646,0.0998920138385054,0.105766589057153,0.106559653407111,0.10644359230317,0.103604273753674,0.104850976959816,0.105338963974267,0.104896653257605
0.774,0.103425700579084,0.106047381739485,0.0998131437840451,0.105681475726774,0.106493139176266,0.106366261983037,0.103543489370525,0.10478932167126,0.1052723810132,0.104820773593286
0.776,0.103330697595911,0.105977966030324,0.0997342737295848,0.105596362396395,0.10642662494542,0.106288931662903,0.103482704987377,0.104729909781241,0.105205798052134,0.104744893928967
0.778,0.103235694612739,0.105908550321162,0.0996554036751244,0.105511249066016,0.106360110714575,0.106211601342769,0.103421920604229,0.104670497891221,0.105139215091067,0.104669014264648
0.78,0.103140691629566,0.105839134612001,0.0996059332890389,0.105426135735637,0.106293596483729,0.106134271022636,0.103364573112983,0.104611086001201,0.105072632130001,0.104593134600329
0.782,0.103045688646394,0.10576971890284,0.0995718005553481,0.105341022405258,0.106227082252884,0.106056940702502,0.103324919056885,0.104551674111182,0.105006049168934,0.10451725493601
0.784,0.102950685663221,0.105700303193678,0.0995376678216573,0.105255909074879,0.106160568022038,0.105979610382368,0.103285265000786,0.104492262221162,0.104939466207868,0.104441375271691
0.786,0.102855682680049,0.105630887484517,0.0995035350879665,0.1051707957445,0.106094053791193,0.105902280062235,0.103245610944688,0.104432850331142,0.104872883246801,0.104365495607372
0.788,0.102760679696876,0.105563723992902,0.0994694023542757,0.105085682414121,0.106027539560347,0.105824949742101,0.10320595688859,0.104373438441123,0.104806300285735,0.104289615943053
0.79,0.102665676713704,0.105509953507688,0.0994352696205849,0.105000569083742,0.105961025329502,0.105747619421967,0.103166302832492,0.104314026551103,0.104739717324668,0.104213736278734
0.792,0.102570673730531,0.105456183022474,0.0994011368868941,0.104915455753363,0.105894511098657,0.105681496521601,0.103126648776394,0.104254614661083,0.104673134363602,0.104153239493256
0.794,0.102475670747359,0.10540241253726,0.0993670041532033,0.104830342422984,0.105827996867811,0.105622286000098,0.103086994720296,0.104195202771064,0.104607192714064,0.104100062054543
0.796,0.102380667764186,0.105348642052045,0.0993328714195126,0.104754035867351,0.105761482636966,0.105563075478595,0.103047340664198,0.104135790881044,0.104557589319165,0.10404688461583
0.798,0.1023052268548,0.105294871566831,0.0992987386858218,0.104691513377993,0.10569496840612,0.105503864957093,0.1030076866081,0.104076378991025,0.104507985924267,0.103993707177117
0.8,0.102247594761102,0.105241101081617,0.099264605952131,0.104628990888634,0.105628454175275,0.10544465443559,0.102968032552002,0.104016967101005,0.104458382529369,0.103940529738403
0.802,0.102189962667404,0.105187330596403,0.0992304732184402,0.104566468399276,0.105561939944429,0.105385443914088,0.102928378495903,0.103957555210985,0.10440877913447,0.10388735229969
0.804,0.102132330573705,0.105133560111188,0.0991963404847494,0.104503945909918,0.105495425713584,0.105326233392585,0.102888724439805,0.103898143320966,0.104359175739572,0.103834174860977
0.806,0.102074698480007,0.105079789625974,0.0991622077510586,0.104441423420559,0.105428911482738,0.105267022871082,0.102849070383707,0.103838731430946,0.104309572344674,0.103780997422264
0.808,0.102017066386309,0.10502601914076,0.0991280750173678,0.104378900931201,0.105362397251893,0.10520781234958,0.102809416327609,0.103779319540926,0.104259968949775,0.10372781998355
0.81,0.10195943429261,0.104972248655546,0.099093942283677,0.104316378441842,0.105295883021048,0.105148601828077,0.102769762271511,0.103719907650907,0.104210365554877,0.103674642544837
0.812,0.101901802198912,0.104918478170331,0.0990598095499862,0.104253855952484,0.105229368790202,0.105089391306575,0.102730108215413,0.103660495760887,0.104160762159979,0.103621465106124
0.814,0.101844170105214,0.104864707685117,0.0990256768162955,0.104191333463125,0.105162854559357,0.105030180785072,0.102690454159315,0.103601083870867,0.10411115876508,0.10356828766741
0.816,0.101786538011516,0.104810937199903,0.0989915440826047,0.104128810973767,0.105096340328511,0.104970970263569,0.102650800103217,0.103541671980848,0.104061555370182,0.103515110228697
0.818,0.101728905917817,0.104757166714689,0.0989574113489139,0.104066288484408,0.105029826097666,0.104911759742067,0.102611146047118,0.103482260090828,0.104011951975284,0.103461932789984
0.82,0.101671273824119,0.104703396229474,0.0989232786152231,0.10400376599505,0.104965820917953,0.104852549220564,0.10257149199102,0.103422848200808,0.103962348580385,0.103408755351271
0.822,0.101613641730421,0.10464962574426,0.0988891458815323,0.103941243505691,0.104914838080446,0.104793338699062,0.102531837934922,0.103363436310789,0.103912745185487,0.103355577912557
0.824,0.101556009636723,0.104595855259046,0.0988550131478415,0.103878721016333,0.10486385524294,0.104734128177559,0.102492183878824,0.103318141043312,0.103863141790589,0.103302400473844
0.826,0.101498377543024,0.104542084773831,0.0988208804141507,0.103816198526974,0.104812872405433,0.104674917656056,0.102452529822726,0.103274653565196,0.10381353839569,0.103249223035131
0.828,0.101440745449326,0.104488314288617,0.0987867476804599,0.103753676037616,0.104761889567926,0.104615707134554,0.102412875766628,0.103231166087081,0.103763935000792,0.103196045596418
0.83,0.101383113355628,0.104434543803403,0.0987706576007177,0.103691153548257,0.104710906730419,0.104556496613051,0.102375456047697,0.103187678608965,0.103714331605893,0.103142868157704
0.832,0.101325481261929,0.104380773318189,0.0987639802786641,0.103628631058899,0.104659923892912,0.104497286091549,0.102349538901702,0.103144191130849,0.103664728210995,0.103089690718991
0.834,0.101267849168231,0.104327002832974,0.0987573029566106,0.10356610856954,0.104608941055405,0.104438075570046,0.102323621755706,0.103100703652734,0.103615124816097,0.103036513280278
0.836,0.101210217074533,0.10427323234776,0.098750625634557,0.103503586080182,0.104557958217898,0.104378865048544,0.10229770460971,0.103057216174618,0.103565521421198,0.102983335841564
0.838,0.101152584980835,0.104221264576779,0.0987439483125035,0.103441063590823,0.104506975380391,0.104319654527041,0.102271787463715,0.103013728696502,0.1035159180263,0.102930158402851
0.84,0.101094952887136,0.104180016801871,0.09873727099045,0.103378541101465,0.104455992542884,0.104260444005538,0.102245870317719,0.102970241218387,0.103466314631402,0.102876980964138
0.842,0.101037320793438,0.104138769026963,0.0987305936683964,0.103316018612106,0.104405009705377,0.104210189458431,0.102219953171724,0.102926753740271,0.103416711236503,0.102835006300481
0.844,0.10097968869974,0.104097521252056,0.0987239163463429,0.103253496122748,0.104354026867871,0.10416545867053,0.102194036025728,0.102883266262155,0.103367599586516,0.102798362043194
0.846,0.100922056606042,0.104056273477148,0.0987172390242894,0.103197917832584,0.104303044030364,0.104120727882629,0.102168118879732,0.102839778784039,0.103331015784862,0.102761717785906
0.848,0.100878050906888,0.10401502570224,0.0987105617022358,0.103153208368374,0.104252061192857,0.104075997094729,0.102142201733737,0.102796291305924,0.103294431983208,0.102725073528619
0.85,0.100846450331627,0.103973777927332,0.0987038843801823,0.103108498904164,0.10420107835535,0.104031266306828,0.102116284587741,0.102752803827808,0.103257848181554,0.102688429271332
0.852,0.100814849756367,0.103932530152425,0.0986972070581288,0.103063789439954,0.104150095517843,0.103986535518927,0.102090367441745,0.102709316349692,0.1032212643799,0.102651785014044
0.854,0.100783249181106,0.103891282377517,0.0986905297360752,0.103019079975744,0.104099112680336,0.103941804731026,0.10206445029575,0.102665828871577,0.103184680578246,0.102615140756757
0.856,0.100751648605846,0.103850034602609,0.0986838524140217,0.102974370511534,0.104048129842829,0.103897073943126,0.102038533149754,0.102622341393461,0.103148096776592,0.10257849649947
0.858,0.100720048030585,0.103808786827701,0.0986771750919681,0.102929661047323,0.103997147005322,0.103852343155225,0.102012616003759,0.102578853915345,0.103111512974938,0.102541852242183
0.86,0.100688447455325,0.103767539052794,0.0986704977699146,0.102884951583113,0.103946164167815,0.103807612367324,0.101986698857763,0.10253536643723,0.103074929173284,0.102505207984895
0.862,0.100656846880064,0.103726291277886,0.0986638204478611,0.102840242118903,0.103895181330308,0.103762881579423,0.101960781711767,0.102491878959114,0.103038345371631,0.102468563727608
0.864,0.100625246304804,0.103685043502978,0.0986571431258075,0.102795532654693,0.103844198492802,0.103718150791523,0.101934864565772,0.102448391480998,0.103001761569977,0.102431919470321
0.866,0.100593645729543,0.10364379572807,0.098650465803754,0.102750823190483,0.103793215655295,0.103673420003622,0.101908947419776,0.102404904002883,0.102965177768323,0.102395275213033
0.868,0.100562045154283,0.103602547953163,0.0986437884817005,0.102706113726273,0.103742232817788,0.103628689215721,0.101883030273781,0.102361416524767,0.102928593966669,0.102358630955746
0.87,0.100530444579022,0.103561300178255,0.0986371111596469,0.102661404262062,0.103693248984896,0.10358395842782,0.101857113127785,0.102317929046651,0.102892010165015,0.102321986698459
0.872,0.100498844003762,0.103520052403347,0.0986304338375934,0.102616694797852,0.103654640278215,0.103539227639919,0.101831195981789,0.102274441568535,0.102855426363361,0.102285342441171
0.874,0.100467243428501,0.10347880462844,0.0986237565155398,0.102571985333642,0.103616031571534,0.103494496852019,0.101805278835794,0.102241942807354,0.102818842561707,0.102248698183884
0.876,0.10043564285324,0.103437556853532,0.0986170791934863,0.102527275869432,0.103577422864853,0.103449766064118,0.101779361689798,0.102210851272688,0.102782258760053,0.102212053926597
0.878,0.10040404227798,0.103396309078624,0.0986104018714328,0.102482566405222,0.103538814158172,0.103405035276217,0.101753444543802,0.102179759738023,0.102745674958399,0.102175409669309
0.88,0.100372441702719,0.103355061303716,0.0986130351266157,0.102437856941011,0.103500205451491,0.103360304488316,0.101728921334415,0.102148668203358,0.102709091156745,0.102138765412022
0.882,0.100340841127459,0.103313813528809,0.0986205256609838,0.102393147476801,0.10346159674481,0.103315573700416,0.1017115742387,0.102117576668692,0.102672507355092,0.102102121154735
0.884,0.100309240552198,0.103272565753901,0.0986280161953519,0.102348438012591,0.103422988038129,0.103270842912515,0.101694227142986,0.102086485134027,0.102635923553438,0.102065476897447
0.886,0.100277639976938,0.103231317978993,0.0986355067297199,0.102303728548381,0.103384379331448,0.103226112124614,0.101676880047271,0.102055393599362,0.102599339751784,0.10202883264016
0.888,0.100246039401677,0.103191484682236,0.0986429972640881,0.102259019084171,0.103345770624767,0.103181381336713,0.101659532951557,0.102024302064696,0.10256275595013,0.101992188382873
0.89,0.100214438826417,0.103160062702114,0.0986504877984561,0.102214309619961,0.103307161918086,0.103136650548813,0.101642185855842,0.101993210530031,0.102526172148476,0.101955544125586
0.892,0.100182838251156,0.103128640721992,0.0986579783328242,0.10216960015575,0.103268553211405,0.103098906651258,0.101624838760128,0.101962118995365,0.102489588346822,0.101926818971777
0.894,0.100151237675896,0.10309721874187,0.0986654688671923,0.10212489069154,0.103229944504724,0.103065472044704,0.101607491664413,0.1019310274607,0.102453374257493,0.101901861816471
0.896,0.100119637100635,0.103065796761748,0.0986729594015604,0.102085470561597,0.103191335798043,0.103032037438151,0.101590144568699,0.101899935926035,0.102426579075893,0.101876904661164
0.898,0.100096828562343,0.103034374781626,0.0986804499359285,0.102054329118936,0.103152727091362,0.102998602831598,0.101572797472984,0.101868844391369,0.102399783894293,0.101851947505858
0.9,0.100082024071455,0.103002952801504,0.0986879404702966,0.102023187676275,0.103114118384681,0.102965168225044,0.10155545037727,0.101837752856704,0.102372988712693,0.101826990350552
0.902,0.100067219580566,0.102971530821382,0.0986954310046647,0.101992046233614,0.103075509678,0.102931733618491,0.101538103281555,0.101806661322039,0.102346193531093,0.101802033195245
0.904,0.100052415089677,0.10294010884126,0.0987029215390328,0.101960904790952,0.103036900971319,0.102898299011937,0.101520756185841,0.101775569787373,0.102319398349493,0.101777076039939
0.906,0.100037610598789,0.102908686861138,0.0987104120734008,0.101929763348291,0.102998292264638,0.102864864405384,0.101503409090126,0.101744478252708,0.102292603167893,0.101752118884632
0.908,0.1000228061079,0.102877264881016,0.0987179026077689,0.10189862190563,0.102959683557957,0.102831429798831,0.101486061994412,0.101713386718043,0.102265807986293,0.101727161729326
0.91,0.100008001617012,0.102845842900894,0.098725393142137,0.101867480462969,0.102921074851276,0.102797995192277,0.101468714898697,0.101682295183377,0.102239012804692,0.101702204574019
0.912,0.0999931971261229,0.102814420920772,0.0987328836765051,0.101836339020308,0.102882466144595,0.102764560585724,0.101451367802983,0.101651203648712,0.102212217623092,0.101677247418713
0.914,0.0999783926352343,0.10278299894065,0.0987403742108732,0.101805197577646,0.102843857437914,0.102731125979171,0.101434020707269,0.101620112114046,0.102185422441492,0.101652290263406
0.916,0.0999635881443457,0.102751576960528,0.0987478647452413,0.101774056134985,0.102805248731233,0.102697691372617,0.101416673611554,0.101589020579381,0.102158627259892,0.1016273331081
0.918,0.099948783653457,0.102720154980406,0.0987553552796094,0.101742914692324,0.102766640024552,0.102664256766064,0.10139932651584,0.101557929044716,0.102131832078292,0.101602375952793
0.92,0.0999339791625684,0.102688733000284,0.0987628458139775,0.101711773249663,0.102729590684893,0.102630822159511,0.101381979420125,0.10152683751005,0.102105036896692,0.101577418797487
0.922,0.0999191746716798,0.102657311020162,0.0987703363483456,0.101680631807001,0.102700634688055,0.102597387552957,0.101364632324411,0.101495745975385,0.102078241715092,0.101552461642181
0.924,0.0999043701807911,0.10262588904004,0.0987778268827137,0.10164949036434,0.102671678691218,0.102563952946404,0.101347285228696,0.101472966001098,0.102051446533492,0.101527504486874
0.926,0.0998895656899025,0.102594467059918,0.0987853174170817,0.101618348921679,0.10264272269438,0.102530518339851,0.101329938132982,0.101451250413874,0.102024651351891,0.101502547331568
0.928,0.0998747611990138,0.102563045079797,0.0987928079514498,0.101587207479018,0.102613766697543,0.102497083733297,0.101312591037267,0.101429534826651,0.101997856170291,0.101477590176261
0.93,0.0998599567081252,0.102531623099675,0.0988037502213088,0.101556066036357,0.102584810700705,0.102463649126744,0.10129609520525,0.101407819239428,0.101971060988691,0.101452633020955
0.932,0.0998451522172366,0.102500201119553,0.0988164932434226,0.101524924593695,0.102555854703868,0.102430214520191,0.101283981756928,0.101386103652204,0.101944265807091,0.101427675865648
0.934,0.0998303477263479,0.102468779139431,0.0988292362655364,0.101493783151034,0.102526898707031,0.102396779913637,0.101271868308605,0.101364388064981,0.101917470625491,0.101402718710342
0.936,0.0998155432354593,0.102437357159309,0.0988419792876503,0.101462641708373,0.102497942710193,0.102363345307084,0.101259754860282,0.101342672477758,0.101890675443891,0.101377761555035
0.938,0.0998007387445707,0.1024070296167,0.0988547223097641,0.101431500265712,0.102468986713356,0.102329910700531,0.101247641411959,0.101320956890534,0.101863880262291,0.101352804399729
0.94,0.099785934253682,0.102383210241403,0.0988674653318779,0.101400358823051,0.102440030716518,0.102296476093977,0.101235527963637,0.101299241303311,0.101837085080691,0.101327847244422
0.942,0.0997711297627934,0.102359390866106,0.0988802083539917,0.101369217380389,0.102411074719681,0.102268394898454,0.101223414515314,0.101277525716088,0.10181028989909,0.101308364810557
0.944,0.0997563252719048,0.102335571490808,0.0988929513761056,0.101338075937728,0.102382118722844,0.102243615516018,0.101211301066991,0.101255810128865,0.101783768882418,0.101291487310727
0.946,0.0997415207810161,0.102311752115511,0.0989056943982194,0.101310845938601,0.102353162726006,0.102218836133582,0.101199187618668,0.101234094541641,0.101764232577865,0.101274609810898
0.948,0.0997319253433682,0.102287932740214,0.0989184374203332,0.101289737998735,0.102324206729169,0.102194056751147,0.101187074170346,0.101212378954418,0.101744696273313,0.101257732311068
0.95,0.0997270720956374,0.102264113364917,0.0989311804424471,0.101268630058869,0.102295250732331,0.102169277368711,0.101174960722023,0.101190663367195,0.10172515996876,0.101240854811239
0.952,0.0997222188479066,0.10224029398962,0.0989439234645609,0.101247522119003,0.102266294735494,0.102144497986275,0.1011628472737,0.101168947779971,0.101705623664207,0.101223977311409
0.954,0.0997173656001759,0.102216474614323,0.0989566664866747,0.101226414179137,0.102237338738656,0.102119718603839,0.101150733825377,0.101147232192748,0.101686087359654,0.10120709981158
0.956,0.0997125123524452,0.102192655239025,0.0989694095087885,0.101205306239272,0.102208382741819,0.102094939221403,0.101138620377055,0.101125516605525,0.101666551055101,0.10119022231175
0.958,0.0997076591047144,0.102168835863728,0.0989821525309024,0.101184198299406,0.102179426744982,0.102070159838967,0.101126506928732,0.101103801018302,0.101647014750548,0.101173344811921
0.96,0.0997028058569837,0.102145016488431,0.0989948955530162,0.10116309035954,0.102150470748144,0.102045380456531,0.101114393480409,0.101082085431078,0.101627478445996,0.101156467312091
0.962,0.0996979526092529,0.102121197113134,0.09900763857513,0.101141982419674,0.102121514751307,0.102020601074095,0.101102280032086,0.101060369843855,0.101607942141443,0.101139589812262
0.964,0.0996930993615222,0.102097377737837,0.0990203815972438,0.101120874479808,0.102092558754469,0.101995821691659,0.101090166583764,0.101038654256632,0.10158840583689,0.101122712312432
0.966,0.0996882461137914,0.10207355836254,0.0990331246193576,0.101099766539943,0.102063602757632,0.101971042309223,0.101078053135441,0.101016938669408,0.101568869532337,0.101105834812603
0.968,0.0996833928660607,0.102049738987243,0.0990458676414715,0.101078658600077,0.102034646760794,0.101946262926787,0.101065939687118,0.100995223082185,0.101549333227784,0.101088957312773
0.97,0.0996785396183299,0.102025919611945,0.0990586106635853,0.101057550660211,0.102006887738758,0.101921483544351,0.101053826238795,0.100973507494962,0.101529796923231,0.101072079812944
0.972,0.0996736863705992,0.102002100236648,0.0990713536856991,0.101036442720345,0.101985341190938,0.101896704161916,0.101041712790472,0.100951791907739,0.101510260618678,0.101055202313114
0.974,0.0996688331228684,0.101978280861351,0.099084096707813,0.101015334780479,0.101963794643119,0.10187192477948,0.10102959934215,0.10093620552559,0.101490724314126,0.101038324813285
0.976,0.0996639798751377,0.101954461486054,0.0990968397299268,0.100994226840614,0.101942248095299,0.101847145397044,0.101017485893827,0.100921404055816,0.101471188009573,0.101021447313455
0.978,0.0996591266274069,0.101930642110757,0.0991095827520406,0.100973118900748,0.101920701547479,0.101822366014608,0.101005372445504,0.100906602586042,0.10145165170502,0.101004569813626
0.98,0.0996542733796762,0.10190682273546,0.0991223693622447,0.100952010960882,0.101899154999659,0.101797586632172,0.100993782937849,0.100891801116268,0.101432115400467,0.100987692313796
0.982,0.0996494201319454,0.101883003360162,0.0991351787121262,0.100930903021016,0.10187760845184,0.101772807249736,0.100984890724869,0.100876999646494,0.101412579095914,0.100970814813967
0.984,0.0996445668842147,0.101859183984865,0.0991479880620077,0.10090979508115,0.10185606190402,0.1017480278673,0.100975998511889,0.10086219817672,0.101393042791361,0.100953937314137
0.986,0.0996397136364839,0.101835364609568,0.0991607974118892,0.100888687141285,0.1018345153562,0.101723248484864,0.100967106298909,0.100847396706946,0.101373506486809,0.100937059814308
0.988,0.0996348603887532,0.101812383753986,0.0991736067617708,0.100867579201419,0.10181296880838,0.101698469102428,0.100958214085929,0.100832595237172,0.101353970182256,0.100920182314478
0.99,0.0996300071410224,0.101794389228402,0.0991864161116523,0.100846471261553,0.10179142226056,0.101673689719992,0.100949321872949,0.100817793767398,0.101334433877703,0.100903304814649
0.992,0.0996251538932917,0.101776394702817,0.0991992254615338,0.100825363321687,0.101769875712741,0.101652955681783,0.100940429659969,0.100802992297624,0.10131489757315,0.100890151914925
0.994,0.0996203006455609,0.101758400177232,0.0992120348114153,0.100804255381821,0.101748329164921,0.101634716682799,0.100931537446988,0.10078819082785,0.101295562669536,0.100878771221822
0.996,0.0996154473978302,0.101740405651647,0.0992248441612968,0.100785962898543,0.101726782617101,0.101616477683814,0.100922645234008,0.100773389358076,0.101281358719732,0.10086739052872
0.998,0.0996133511150274,0.101722411126063,0.0992376535111783,0.100772077072788,0.101705236069281,0.10159823868483,0.100913753021028,0.100758587888302,0.101267154769927,0.100856009835617
1,0.0996137647031511,0.101704416600478,0.0992504628610599,0.100758191247032,0.101683689521462,0.101579999685845,0.100904860808048,0.100743786418528,0.101252950820123,0.100844629142514
1.002,0.0996141782912749,0.101686422074893,0.0992632722109414,0.100744305421277,0.101662142973642,0.101561760686861,0.100895968595068,0.100728984948754,0.101238746870318,0.100833248449411
1.004,0.0996145918793986,0.101668427549308,0.0992760815608229,0.100730419595522,0.101640596425822,0.101543521687877,0.100887076382088,0.10071418347898,0.101224542920514,0.100821867756309
1.006,0.0996150054675224,0.101650433023724,0.0992888909107044,0.100716533769767,0.101619049878002,0.101525282688892,0.100878184169108,0.100699382009206,0.101210338970709,0.100810487063206
1.008,0.0996154190556461,0.101632438498139,0.0993017002605859,0.100702647944012,0.101597503330182,0.101507043689908,0.100869291956128,0.100684580539432,0.101196135020905,0.100799106370103
1.01,0.0996158326437699,0.101614443972554,0.0993145096104674,0.100688762118256,0.101575956782363,0.101488804690923,0.100860399743148,0.100669779069658,0.1011819310711,0.100787725677001
1.012,0.0996162462318936,0.101596449446969,0.099327318960349,0.100674876292501,0.101554410234543,0.101470565691939,0.100851507530167,0.100654977599884,0.101167727121296,0.100776344983898
1.014,0.0996166598200174,0.101578454921384,0.0993401283102305,0.100660990466746,0.101532863686723,0.101452326692955,0.100842615317187,0.10064017613011,0.101153523171491,0.100764964290795
1.016,0.0996170734081411,0.1015604603958,0.099352937660112,0.100647104640991,0.101511317138903,0.10143408769397,0.100833723104207,0.100625374660336,0.101139319221687,0.100753583597692
1.018,0.0996174869962649,0.101542465870215,0.0993657470099935,0.100633218815235,0.101489770591084,0.101415848694986,0.100824830891227,0.100610573190562,0.101125115271882,0.10074220290459
1.02,0.0996179005843886,0.10152447134463,0.099378556359875,0.10061933298948,0.101469131327801,0.101397609696001,0.100815938678247,0.100595771720787,0.101110911322078,0.100730822211487
1.022,0.0996183141725124,0.101506476819045,0.0993913657097566,0.100605447163725,0.101453201003909,0.101379370697017,0.100807046465267,0.100580970251013,0.101096707372273,0.100719441518384
1.024,0.0996187277606361,0.101488482293461,0.0994041750596381,0.10059156133797,0.101437270680018,0.101361131698033,0.100798154252287,0.100570582685196,0.101082503422469,0.100708060825281
1.026,0.0996191413487599,0.101470487767876,0.0994169844095196,0.100577675512215,0.101421340356127,0.101342892699048,0.100789262039307,0.100560760368509,0.101068299472664,0.100696680132179
1.028,0.0996195549368836,0.101452493242291,0.0994297937594011,0.100563789686459,0.101405410032236,0.101324653700064,0.100780369826327,0.100550938051822,0.10105409552286,0.100685299439076
1.03,0.0996199685250074,0.101434498716706,0.0994410306367993,0.100549903860704,0.101389479708345,0.101306414701079,0.100771814996733,0.100541115735135,0.101039891573055,0.100673918745973
1.032,0.0996203821131312,0.101416504191122,0.0994514471635718,0.100536018034949,0.101373549384454,0.101288175702095,0.100764997047801,0.100531293418447,0.101025687623251,0.10066253805287
1.034,0.0996207957012549,0.101398509665537,0.0994618636903442,0.100522132209194,0.101357619060563,0.101269936703111,0.100758179098869,0.10052147110176,0.101011483673446,0.100651157359768
1.036,0.0996212092893786,0.101380515139952,0.0994722802171167,0.100508246383439,0.101341688736671,0.101251697704126,0.100751361149937,0.100511648785073,0.100997279723641,0.100639776666665
1.038,0.0996216228775024,0.101363158610605,0.0994826967438891,0.100494360557683,0.10132575841278,0.101233458705142,0.100744543201005,0.100501826468386,0.100983075773837,0.100628395973562
1.04,0.0996220364656261,0.101349595981054,0.0994931132706615,0.100480474731928,0.101309828088889,0.101215219706157,0.100737725252073,0.100492004151699,0.100968871824032,0.100617015280459
1.042,0.0996224500537499,0.101336033351503,0.099503529797434,0.100466588906173,0.101293897764998,0.101200004508674,0.100730907303141,0.100482181835011,0.100954667874228,0.100608141831871
1.044,0.0996228636418736,0.101322470721953,0.0995139463242064,0.100452703080418,0.101277967441107,0.101186654295462,0.100724089354209,0.100472359518324,0.100940610946676,0.100600461358422
1.046,0.0996232772299974,0.101308908092402,0.0995243628509788,0.100440791580363,0.101262037117216,0.101173304082249,0.100717271405277,0.100462537201637,0.100930299604372,0.100592780884972
1.048,0.0996248964380556,0.101295345462851,0.0995347793777513,0.100431970228188,0.101246106793325,0.101159953869037,0.100710453456345,0.10045271488495,0.100919988262067,0.100585100411523
1.05,0.0996276132119156,0.1012817828333,0.0995451959045237,0.100423148876013,0.101230176469434,0.101146603655825,0.100703635507413,0.100442892568263,0.100909676919763,0.100577419938074
1.052,0.0996303299857756,0.10126822020375,0.0995556124312962,0.100414327523837,0.101214246145542,0.101133253442612,0.100696817558481,0.100433070251575,0.100899365577458,0.100569739464624
1.054,0.0996330467596356,0.101254657574199,0.0995660289580686,0.100405506171662,0.101198315821651,0.1011199032294,0.100689999609549,0.100423247934888,0.100889054235154,0.100562058991175
1.056,0.0996357635334956,0.101241094944648,0.099576445484841,0.100396684819487,0.10118238549776,0.101106553016187,0.100683181660617,0.100413425618201,0.10087874289285,0.100554378517726
1.058,0.0996384803073556,0.101227532315098,0.0995868620116135,0.100387863467312,0.101166455173869,0.101093202802975,0.100676363711685,0.100403603301514,0.100868431550545,0.100546698044276
1.06,0.0996411970812156,0.101213969685547,0.0995972785383859,0.100379042115136,0.101150524849978,0.101079852589763,0.100669545762753,0.100393780984827,0.100858120208241,0.100539017570827
1.062,0.0996439138550756,0.101200407055996,0.0996076950651584,0.100370220762961,0.101134594526087,0.10106650237655,0.100662727813821,0.100383958668139,0.100847808865937,0.100531337097378
1.064,0.0996466306289356,0.101186844426445,0.0996181115919308,0.100361399410786,0.101118664202196,0.101053152163338,0.100655909864889,0.100374136351452,0.100837497523632,0.100523656623928
1.066,0.0996493474027956,0.101173281796895,0.0996285281187032,0.100352578058611,0.101102733878304,0.101039801950126,0.100649091915957,0.100364314034765,0.100827186181328,0.100515976150479
1.068,0.0996520641766556,0.101159719167344,0.0996389446454757,0.100343756706435,0.101086803554413,0.101026451736913,0.100642273967025,0.100354491718078,0.100816874839023,0.10050829567703
1.07,0.0996547809505156,0.101146156537793,0.0996493611722481,0.10033493535426,0.101071554110043,0.101013101523701,0.100635456018093,0.100344669401391,0.100806563496719,0.10050061520358
1.072,0.0996574977243756,0.101132593908242,0.0996597776990206,0.100326114002085,0.101059838529928,0.100999751310489,0.100628638069161,0.100334847084703,0.100796252154415,0.100492934730131
1.074,0.0996602144982356,0.101119031278692,0.099670194225793,0.10031729264991,0.101048122949813,0.100986401097276,0.100621820120229,0.100328130535917,0.10078594081211,0.100485254256681
1.076,0.0996629312720956,0.101105468649141,0.0996806107525654,0.100308471297734,0.101036407369698,0.100973050884064,0.100615002171297,0.100321811714997,0.100775629469806,0.100477573783232
1.078,0.0996656480459556,0.10109190601959,0.0996910272793379,0.100299649945559,0.101024691789583,0.100959700670852,0.100608184222365,0.100315492894077,0.100765318127501,0.100469893309783
1.08,0.0996683648198156,0.101078343390039,0.0996994032304128,0.100290828593384,0.101012976209469,0.100946350457639,0.100601600959794,0.100309174073157,0.100755006785197,0.100462212836333
1.082,0.0996710815936756,0.101064780760489,0.0997067146238765,0.100282007241208,0.101001260629354,0.100933000244427,0.100596225884162,0.100302855252238,0.100744695442893,0.100454532362884
1.084,0.0996737983675356,0.101051218130938,0.0997140260173402,0.100273185889033,0.100989545049239,0.100919650031214,0.10059085080853,0.100296536431318,0.100734384100588,0.100446851889435
1.086,0.0996765151413957,0.101037655501387,0.0997213374108039,0.100264364536858,0.100977829469124,0.100906299818002,0.100585475732898,0.100290217610398,0.100724072758284,0.100439171415985
1.088,0.0996792319152557,0.101024575990862,0.0997286488042677,0.100255543184683,0.10096611388901,0.10089294960479,0.100580100657266,0.100283898789478,0.10071376141598,0.100431490942536
1.09,0.0996819486891157,0.101014369389399,0.0997359601977314,0.100246721832507,0.100954398308895,0.100879599391577,0.100574725581634,0.100277579968558,0.100703450073675,0.100423810469087
1.092,0.0996846654629757,0.101004162787935,0.0997432715911951,0.100237900480332,0.10094268272878,0.100868490003055,0.100569350506002,0.100271261147638,0.100693138731371,0.100417808338315
1.094,0.0996873822368357,0.100993956186472,0.0997505829846588,0.100229079128157,0.100930967148665,0.100858762683693,0.10056397543037,0.100264942326719,0.100682934299859,0.100412604781866
1.096,0.0996900990106957,0.100983749585009,0.0997578943781225,0.100221605641521,0.100919251568551,0.100849035364331,0.100558600354739,0.100258623505799,0.100675453561402,0.100407401225416
1.098,0.0996931251620262,0.100973542983545,0.0997652057715862,0.100216241788488,0.100907535988436,0.100839308044969,0.100553225279107,0.100252304684879,0.100667972822944,0.100402197668967
1.1,0.0996964329627569,0.100963336382082,0.09977251716505,0.100210877935455,0.100895820408321,0.100829580725606,0.100547850203475,0.100245985863959,0.100660492084487,0.100396994112518
1.102,0.0996997407634877,0.100953129780619,0.0997798285585137,0.100205514082422,0.100884104828206,0.100819853406244,0.100542475127843,0.100239667043039,0.100653011346029,0.100391790556068
1.104,0.0997030485642185,0.100942923179156,0.0997871399519774,0.100200150229389,0.100872389248091,0.100810126086882,0.100537100052211,0.10023334822212,0.100645530607572,0.100386586999619
1.106,0.0997063563649493,0.100932716577692,0.0997944513454411,0.100194786376355,0.100860673667977,0.10080039876752,0.100531724976579,0.1002270294012,0.100638049869114,0.100381383443169
1.108,0.0997096641656801,0.100922509976229,0.0998017627389048,0.100189422523322,0.100848958087862,0.100790671448158,0.100526349900947,0.10022071058028,0.100630569130657,0.10037617988672
1.11,0.0997129719664109,0.100912303374766,0.0998090741323685,0.100184058670289,0.100837242507747,0.100780944128796,0.100520974825316,0.10021439175936,0.100623088392199,0.100370976330271
1.112,0.0997162797671416,0.100902096773302,0.0998163855258323,0.100178694817256,0.100825526927632,0.100771216809434,0.100515599749684,0.10020807293844,0.100615607653741,0.100365772773821
1.114,0.0997195875678724,0.100891890171839,0.099823696919296,0.100173330964223,0.100813811347518,0.100761489490071,0.100510224674052,0.10020175411752,0.100608126915284,0.100360569217372
1.116,0.0997228953686032,0.100881683570376,0.0998310083127597,0.100167967111189,0.100802095767403,0.100751762170709,0.10050484959842,0.100195435296601,0.100600646176826,0.100355365660923
1.118,0.099726203169334,0.100871476968913,0.0998383197062234,0.100162603258156,0.100790380187288,0.100742034851347,0.100499474522788,0.100189116475681,0.100593165438369,0.100350162104473
1.12,0.0997295109700647,0.100861270367449,0.0998456310996871,0.100157239405123,0.10077917147195,0.100732307531985,0.100494099447156,0.100182797654761,0.100585684699911,0.100344958548024
1.122,0.0997328187707955,0.100851063765986,0.0998529424931509,0.10015187555209,0.100770593458909,0.100722580212623,0.100488724371524,0.100176478833841,0.100578203961454,0.100339754991575
1.124,0.0997361265715263,0.100840857164523,0.0998602538866146,0.100146511699057,0.100762015445868,0.100712852893261,0.100483349295892,0.100172293742822,0.100570723222996,0.100334551435125
1.126,0.0997394343722571,0.100830650563059,0.0998675652800783,0.100141147846023,0.100753437432827,0.100703125573899,0.100477974220261,0.100168381899473,0.100563242484539,0.100329347878676
1.128,0.0997427421729878,0.100820443961596,0.099874876673542,0.10013578399299,0.100744859419786,0.100693398254536,0.100472599144629,0.100164470056124,0.100555761746081,0.100324144322227
1.13,0.0997460499737186,0.100810237360133,0.0998803094847946,0.100130420139957,0.100736281406745,0.100683670935174,0.100467401588713,0.100160558212774,0.100548281007624,0.100318940765777
1.132,0.0997493577744494,0.10080003075867,0.0998847622495862,0.100125056286924,0.100727703393704,0.100673943615812,0.100463117920596,0.100156646369425,0.100540800269166,0.100313737209328
1.134,0.0997526655751802,0.100789824157206,0.0998892150143777,0.100119692433891,0.100719125380663,0.10066421629645,0.10045883425248,0.100152734526076,0.100533319530709,0.100308533652879
1.136,0.099755973375911,0.100779617555743,0.0998936677791693,0.100114328580857,0.100710547367622,0.100654488977088,0.100454550584364,0.100148822682726,0.100525838792251,0.100303330096429
1.138,0.0997592811766417,0.100769775599825,0.0998981205439608,0.100108964727824,0.100701969354581,0.100644761657726,0.100450266916247,0.100144910839377,0.100518358053794,0.10029812653998
1.14,0.0997625889773725,0.100762102040171,0.0999025733087523,0.100103600874791,0.10069339134154,0.100635034338364,0.100445983248131,0.100140998996028,0.100510877315336,0.100292922983531
1.142,0.0997658967781033,0.100754428480518,0.0999070260735439,0.100098237021758,0.100684813328499,0.100626956118389,0.100441699580014,0.100137087152679,0.100503396576879,0.10028884175873
1.144,0.0997692045788341,0.100746754920864,0.0999114788383354,0.100092873168724,0.100676235315458,0.10061989501029,0.100437415911898,0.100133175309329,0.100495993408895,0.10028529455195
1.146,0.0997725123795649,0.100739081361211,0.0999159316031269,0.100088403246103,0.100667657302417,0.100612833902192,0.100433132243782,0.10012926346598,0.100490566450751,0.100281747345171
1.148,0.0997756736476689,0.100731407801558,0.0999203843679185,0.100085332473158,0.100659079289376,0.100605772794094,0.100428848575665,0.100125351622631,0.100485139492607,0.100278200138392
1.15,0.099778701516187,0.100723734241904,0.09992483713271,0.100082261700213,0.100650501276335,0.100598711685995,0.100424564907549,0.100121439779282,0.100479712534463,0.100274652931612
1.152,0.0997817293847051,0.100716060682251,0.0999292898975015,0.100079190927268,0.100641923263294,0.100591650577897,0.100420281239433,0.100117527935932,0.100474285576319,0.100271105724833
1.154,0.0997847572532232,0.100708387122598,0.0999337426622931,0.100076120154323,0.100633345250253,0.100584589469799,0.100415997571316,0.100113616092583,0.100468858618176,0.100267558518054
1.156,0.0997877851217414,0.100700713562944,0.0999381954270846,0.100073049381378,0.100624767237212,0.100577528361701,0.1004117139032,0.100109704249234,0.100463431660032,0.100264011311274
1.158,0.0997908129902595,0.100693040003291,0.0999426481918761,0.100069978608434,0.100616189224171,0.100570467253602,0.100407430235083,0.100105792405884,0.100458004701888,0.100260464104495
1.16,0.0997938408587776,0.100685366443638,0.0999471009566677,0.100066907835489,0.10060761121113,0.100563406145504,0.100403146566967,0.100101880562535,0.100452577743744,0.100256916897716
1.162,0.0997968687272957,0.100677692883984,0.0999515537214592,0.100063837062544,0.100599033198089,0.100556345037406,0.100398862898851,0.100097968719186,0.1004471507856,0.100253369690936
1.164,0.0997998965958138,0.100670019324331,0.0999560064862507,0.100060766289599,0.100590455185048,0.100549283929307,0.100394579230734,0.100094056875837,0.100441723827456,0.100249822484157
1.166,0.099802924464332,0.100662345764677,0.0999604592510423,0.100057695516654,0.100581877172006,0.100542222821209,0.100390295562618,0.100090145032487,0.100436296869312,0.100246275277377
1.168,0.0998059523328501,0.100654672205024,0.0999649120158338,0.100054624743709,0.100573299158965,0.100535161713111,0.100386011894502,0.100086233189138,0.100430869911168,0.100242728070598
1.17,0.0998089802013682,0.100646998645371,0.0999693647806253,0.100051553970764,0.100565095994327,0.100528100605012,0.100381728226385,0.100082321345789,0.100425442953025,0.100239180863819
1.172,0.0998120080698863,0.100639325085717,0.0999738175454169,0.100048483197819,0.100558838347701,0.100521039496914,0.100377444558269,0.10007840950244,0.100420015994881,0.100235633657039
1.174,0.0998150359384044,0.100631651526064,0.0999782703102084,0.100045412424875,0.100552580701075,0.100513978388816,0.100373160890152,0.100075926194735,0.100414589036737,0.10023208645026
1.176,0.0998180638069226,0.100623977966411,0.0999827230749999,0.10004234165193,0.100546323054448,0.100506917280717,0.100368877222036,0.10007362582679,0.100409162078593,0.100228539243481
1.178,0.0998210916754407,0.100616304406757,0.0999871758397915,0.100039270878985,0.100540065407822,0.100499856172619,0.10036459355392,0.100071325458845,0.100403735120449,0.100224992036701
1.18,0.0998241195439588,0.100608630847104,0.0999901799730593,0.10003620010604,0.100533807761196,0.100492795064521,0.100360452633101,0.100069025090899,0.100398308162305,0.100221444829922
1.182,0.0998271474124769,0.100600957287451,0.0999924283628788,0.100033129333095,0.10052755011457,0.100485733956423,0.100357046588479,0.100066724722954,0.100392881204161,0.100217897623142
1.184,0.0998301752809951,0.100593283727797,0.0999946767526982,0.10003005856015,0.100521292467943,0.100478672848324,0.100353640543857,0.100064424355009,0.100387454246018,0.100214350416363
1.186,0.0998332031495132,0.100585610168144,0.0999969251425177,0.100026987787205,0.100515034821317,0.100471611740226,0.100350234499234,0.100062123987064,0.100382027287874,0.100210803209584
1.188,0.0998362310180313,0.100578211252881,0.0999991735323372,0.10002391701426,0.100508777174691,0.100464550632128,0.100346828454612,0.100059823619119,0.10037660032973,0.100207256002804
1.19,0.0998392588865494,0.100572445534235,0.100001421922157,0.100020846241315,0.100502519528065,0.100457489524029,0.10034342240999,0.100057523251174,0.100371173371586,0.100203708796025
1.192,0.0998422867550675,0.100566679815588,0.100003670311976,0.100017775468371,0.100496261881439,0.10045163526154,0.100340016365368,0.100055222883229,0.100365746413442,0.100200914487948
1.194,0.0998453146235857,0.100560914096942,0.100005918701796,0.100014704695426,0.100490004234812,0.10044652534291,0.100336610320746,0.100052922515284,0.10036037568183,0.100198478417542
1.196,0.0998483424921038,0.100555148378296,0.100008167091615,0.100012207326081,0.100483746588186,0.10044141542428,0.100333204276124,0.100050622147339,0.100356437395066,0.100196042347135
1.198,0.09985104097466,0.10054938265965,0.100010415481434,0.100010607428678,0.10047748894156,0.10043630550565,0.100329798231502,0.100048321779394,0.100352499108302,0.100193606276729
1.2,0.0998534395925929,0.100543616941004,0.100012663871254,0.100009007531275,0.100471231294934,0.100431195587019,0.10032639218688,0.100046021411449,0.100348560821538,0.100191170206323
1.202,0.0998558382105259,0.100537851222358,0.100014912261073,0.100007407633872,0.100464973648307,0.100426085668389,0.100322986142258,0.100043721043504,0.100344622534774,0.100188734135916
1.204,0.0998582368284589,0.100532085503711,0.100017160650893,0.100005807736468,0.100458716001681,0.100420975749759,0.100319580097635,0.100041420675559,0.10034068424801,0.10018629806551
1.206,0.0998606354463918,0.100526319785065,0.100019409040712,0.100004207839065,0.100452458355055,0.100415865831129,0.100316174053013,0.100039120307614,0.100336745961246,0.100183861995103
1.208,0.0998630340643248,0.100520554066419,0.100021657430532,0.100002607941662,0.100446200708429,0.100410755912499,0.100312768008391,0.100036819939669,0.100332807674482,0.100181425924697
1.21,0.0998654326822577,0.100514788347773,0.100023905820351,0.100001008044259,0.100439943061802,0.100405645993869,0.100309361963769,0.100034519571724,0.100328869387718,0.100178989854291
1.212,0.0998678313001907,0.100509022629127,0.100026154210171,0.0999994081468558,0.100433685415176,0.100400536075238,0.100305955919147,0.100032219203779,0.100324931100954,0.100176553783884
1.214,0.0998702299181237,0.10050325691048,0.10002840259999,0.0999978082494526,0.10042742776855,0.100395426156608,0.100302549874525,0.100029918835834,0.10032099281419,0.100174117713478
1.216,0.0998726285360566,0.100497491191834,0.10003065098981,0.0999962083520494,0.100421170121924,0.100390316237978,0.100299143829903,0.100027618467889,0.100317054527426,0.100171681643072
1.218,0.0998750271539896,0.100491725473188,0.100032899379629,0.0999946084546463,0.100414912475298,0.100385206319348,0.100295737785281,0.100025318099944,0.100313116240662,0.100169245572665
1.22,0.0998774257719225,0.100485959754542,0.100035147769449,0.0999930085572431,0.100408930566091,0.100380096400718,0.100292331740659,0.100023017731999,0.100309177953898,0.100166809502259
1.222,0.0998798243898555,0.100480194035896,0.100037396159268,0.0999914086598399,0.100404379774406,0.100374986482088,0.100288925696036,0.100020717364054,0.100305239667134,0.100164373431852
1.224,0.0998822230077885,0.100474428317249,0.100039644549088,0.0999898087624368,0.100399828982722,0.100369876563457,0.100285519651414,0.100019345617522,0.10030130138037,0.100161937361446
1.226,0.0998846216257214,0.100468662598603,0.100041892938907,0.0999882088650336,0.100395278191037,0.100364766644827,0.100282113606792,0.100018092791214,0.100297363093606,0.10015950129104
1.228,0.0998870202436544,0.100462896879957,0.100044141328726,0.0999866089676304,0.100390727399352,0.100359656726197,0.10027870756217,0.100016839964906,0.100293424806842,0.100157065220633
1.23,0.0998894188615873,0.100457131161311,0.100045417585326,0.0999850090702272,0.100386176607667,0.100354546807567,0.100275419525653,0.100015587138597,0.100289486520078,0.100154629150227
1.232,0.0998918174795203,0.100451365442665,0.100046186685137,0.0999834091728241,0.100381625815983,0.100349436888937,0.100272739005697,0.100014334312289,0.100285548233314,0.100152193079821
1.234,0.0998942160974532,0.100445599724019,0.100046955784948,0.0999818092754209,0.100377075024298,0.100344326970307,0.100270058485742,0.100013081485981,0.10028160994655,0.100149757009414
1.236,0.0998966147153862,0.100439834005372,0.100047724884759,0.0999802093780177,0.100372524232613,0.100339217051677,0.100267377965786,0.100011828659673,0.100277671659786,0.100147320939008
1.238,0.0998990133333192,0.100434274847322,0.10004849398457,0.0999786094806146,0.100367973440928,0.100334107133046,0.100264697445831,0.100010575833365,0.100273733373022,0.100144884868602
1.24,0.0999014119512521,0.100429944019719,0.100049263084381,0.0999770095832114,0.100363422649244,0.100328997214416,0.100262016925875,0.100009323007057,0.100269795086257,0.100142448798195
1.242,0.0999038105691851,0.100425613192115,0.100050032184192,0.0999754096858082,0.100358871857559,0.100324766458063,0.10025933640592,0.100008070180748,0.100265856799493,0.100140520911686
1.244,0.099906209187118,0.100421282364511,0.100050801284003,0.099973809788405,0.100354321065874,0.100321077940947,0.100256655885964,0.10000681735444,0.100261959262025,0.100138834824792
1.246,0.099908607805051,0.100416951536907,0.100051570383814,0.0999725629106084,0.10034977027419,0.100317389423831,0.100253975366008,0.100005564528132,0.100259099866445,0.100137148737897
1.248,0.099910647768629,0.100412620709304,0.100052339483625,0.0999718685671724,0.100345219482505,0.100313700906715,0.100251294846053,0.100004311701824,0.100256240470865,0.100135462651002
1.25,0.0999123612223814,0.1004082898817,0.100053108583436,0.0999711742237363,0.10034066869082,0.100310012389599,0.100248614326097,0.100003058875516,0.100253381075284,0.100133776564108
1.252,0.0999140746761338,0.100403959054096,0.100053877683247,0.0999704798803003,0.100336117899135,0.100306323872482,0.100245933806142,0.100001806049207,0.100250521679704,0.100132090477213
1.254,0.0999157881298862,0.100399628226493,0.100054646783058,0.0999697855368642,0.100331567107451,0.100302635355366,0.100243253286186,0.100000553222899,0.100247662284124,0.100130404390318
1.256,0.0999175015836386,0.100395297398889,0.100055415882868,0.0999690911934281,0.100327016315766,0.10029894683825,0.100240572766231,0.0999993003965911,0.100244802888544,0.100128718303424
1.258,0.099919215037391,0.100390966571285,0.100056184982679,0.0999683968499921,0.100322465524081,0.100295258321134,0.100237892246275,0.0999980475702829,0.100241943492964,0.100127032216529
1.26,0.0999209284911434,0.100386635743681,0.10005695408249,0.099967702506556,0.100317914732396,0.100291569804018,0.100235211726319,0.0999967947439747,0.100239084097384,0.100125346129634
1.262,0.0999226419448958,0.100382304916078,0.100057723182301,0.09996700816312,0.100313363940712,0.100287881286902,0.100232531206364,0.0999955419176665,0.100236224701804,0.10012366004274
1.264,0.0999243553986482,0.100377974088474,0.100058492282112,0.0999663138196839,0.100308813149027,0.100284192769786,0.100229850686408,0.0999942890913584,0.100233365306224,0.100121973955845
1.266,0.0999260688524006,0.10037364326087,0.100059261381923,0.0999656194762479,0.100304262357342,0.100280504252669,0.100227170166453,0.0999930362650502,0.100230505910644,0.10012028786895
1.268,0.099927782306153,0.100369312433267,0.100060030481734,0.0999649251328118,0.100299711565657,0.100276815735553,0.100224489646497,0.099991783438742,0.100227646515064,0.100118601782055
1.27,0.0999294957599053,0.100364981605663,0.100060799581545,0.0999642307893757,0.100295362700806,0.100273127218437,0.100221809126542,0.0999905306124338,0.100224787119484,0.100116915695161
1.272,0.0999312092136577,0.100360650778059,0.100061568681356,0.0999635364459397,0.100292061865744,0.100269438701321,0.100219128606586,0.0999892777861256,0.100221927723904,0.100115229608266
1.274,0.0999329226674101,0.100356319950456,0.100062337781167,0.0999628421025036,0.100288761030682,0.100265750184205,0.10021644808663,0.0999886074993598,0.100219068328324,0.100113543521371
1.276,0.0999346361211625,0.100351989122852,0.100063106880978,0.0999621477590676,0.100285460195619,0.100262061667089,0.100213767566675,0.0999880118132135,0.100216208932744,0.100111857434477
1.278,0.0999363495749149,0.100347658295248,0.100063875980789,0.0999614534156315,0.100282159360557,0.100258373149973,0.100211087046719,0.0999874161270671,0.100213349537164,0.100110171347582
1.28,0.0999380630286673,0.100343327467644,0.100064082498292,0.0999607590721955,0.100278858525494,0.100254684632856,0.100208504147243,0.0999868204409208,0.100210490141584,0.100108485260687
1.282,0.0999397764824197,0.100338996640041,0.100063995519563,0.0999600647287594,0.100275557690432,0.10025099611574,0.10020642380696,0.0999862247547745,0.100207630746003,0.100106799173793
1.284,0.0999414899361721,0.100334665812437,0.100063908540834,0.0999593703853233,0.10027225685537,0.100247307598624,0.100204343466676,0.0999856290686282,0.100204771350423,0.100105113086898
1.286,0.0999432033899245,0.100330334984833,0.100063821562105,0.0999586760418873,0.100268956020307,0.100243619081508,0.100202263126393,0.0999850333824818,0.100201911954843,0.100103427000003
1.288,0.0999449168436768,0.100326159387395,0.100063734583376,0.0999579816984512,0.100265655185245,0.100239930564392,0.10020018278611,0.0999844376963355,0.100199052559263,0.100101740913109
1.29,0.0999466302974292,0.100322906879556,0.100063647604647,0.0999572873550152,0.100262354350183,0.100236242047276,0.100198102445827,0.0999838420101892,0.100196193163683,0.100100054826214
1.292,0.0999483437511816,0.100319654371718,0.100063560625918,0.0999565930115791,0.10025905351512,0.100233191630126,0.100196022105543,0.0999832463240428,0.100193333768103,0.100098714741073
1.294,0.099950057204934,0.100316401863879,0.100063473647189,0.0999558986681431,0.100255752680058,0.100230534772672,0.10019394176526,0.0999826506378965,0.100190503913734,0.100097539287458
1.296,0.0999517706586864,0.10031314935604,0.100063386668461,0.0999554100256756,0.100252451844996,0.100227877915218,0.100191861424977,0.0999820549517502,0.100188426660565,0.100096363833843
1.298,0.0999531708889564,0.100309896848202,0.100063299689732,0.0999552433394141,0.100249151009933,0.100225221057764,0.100189781084693,0.0999814592656039,0.100186349407395,0.100095188380228
1.3,0.0999542859685145,0.100306644340363,0.100063212711003,0.0999550766531526,0.100245850174871,0.10022256420031,0.10018770074441,0.0999808635794575,0.100184272154226,0.100094012926614
1.302,0.0999554010480726,0.100303391832525,0.100063125732274,0.0999549099668911,0.100242549339808,0.100219907342857,0.100185620404127,0.0999802678933112,0.100182194901056,0.100092837472999
1.304,0.0999565161276307,0.100300139324686,0.100063038753545,0.0999547432806296,0.100239248504746,0.100217250485403,0.100183540063843,0.0999796722071649,0.100180117647887,0.100091662019384
1.306,0.0999576312071888,0.100296886816848,0.100062951774816,0.0999545765943681,0.100235947669684,0.100214593627949,0.10018145972356,0.0999790765210185,0.100178040394717,0.100090486565769
1.308,0.0999587462867468,0.100293634309009,0.100062864796087,0.0999544099081066,0.100232646834621,0.100211936770495,0.100179379383277,0.0999784808348722,0.100175963141548,0.100089311112154
1.31,0.0999598613663049,0.100290381801171,0.100062777817358,0.0999542432218451,0.100229345999559,0.100209279913041,0.100177299042993,0.0999778851487259,0.100173885888378,0.100088135658539
1.312,0.099960976445863,0.100287129293332,0.10006269083863,0.0999540765355836,0.100226045164497,0.100206623055588,0.10017521870271,0.0999772894625796,0.100171808635209,0.100086960204924
1.314,0.0999620915254211,0.100283876785493,0.100062603859901,0.0999539098493221,0.100222744329434,0.100203966198134,0.100173138362427,0.0999766937764332,0.100169731382039,0.10008578475131
1.316,0.0999632066049792,0.100280624277655,0.100062516881172,0.0999537431630606,0.100219443494372,0.10020130934068,0.100171058022144,0.0999760980902869,0.10016765412887,0.100084609297695
1.318,0.0999643216845373,0.100277371769816,0.100062429902443,0.0999535764767991,0.100216142659309,0.100198652483226,0.10016897768186,0.0999755024041406,0.1001655768757,0.10008343384408
1.32,0.0999654367640953,0.100274119261978,0.100062342923714,0.0999534097905376,0.100212989145011,0.100195995625772,0.100166897341577,0.0999749067179942,0.100163499622531,0.100082258390465
1.322,0.0999665518436534,0.100270866754139,0.100062255944985,0.0999532431042761,0.100210600247016,0.100193338768319,0.100164817001294,0.0999743110318479,0.100161422369361,0.10008108293685
1.324,0.0999676669232115,0.100267614246301,0.100062168966256,0.0999530764180146,0.100208211349021,0.100190681910865,0.10016273666101,0.0999740641581806,0.100159345116192,0.100079907483235
1.326,0.0999687820027696,0.100264361738462,0.100062081987527,0.0999529097317531,0.100205822451026,0.100188025053411,0.100160656320727,0.0999738619538019,0.100157267863022,0.10007873202962
1.328,0.0999698970823277,0.100261109230623,0.100061995008798,0.0999527430454916,0.100203433553031,0.100185368195957,0.100158575980444,0.0999736597494233,0.100155190609853,0.100077556576006
1.33,0.0999710121618858,0.100257856722785,0.100061646430075,0.0999525763592301,0.100201044655036,0.100182711338503,0.100156575200989,0.0999734575450447,0.100153113356683,0.100076381122391
1.332,0.0999721272414438,0.100254604214946,0.10006116137601,0.0999524096729686,0.100198655757041,0.10018005448105,0.100154984007985,0.0999732553406661,0.100151036103514,0.100075205668776
1.334,0.0999732423210019,0.100251351707108,0.100060676321945,0.0999522429867071,0.100196266859046,0.100177397623596,0.100153392814982,0.0999730531362875,0.100148958850345,0.100074030215161
1.336,0.09997435740056,0.100248099199269,0.10006019126788,0.0999520763004456,0.100193877961051,0.100174740766142,0.100151801621979,0.0999728509319088,0.100146881597175,0.100072854761546
1.338,0.0999754724801181,0.100244963292851,0.100059706213815,0.0999519096141841,0.100191489063056,0.100172083908688,0.100150210428975,0.0999726487275302,0.100144804344006,0.100071679307931
1.34,0.0999765875596762,0.100242520766865,0.10005922115975,0.0999517429279226,0.100189100165061,0.100169427051234,0.100148619235972,0.0999724465231516,0.100142727090836,0.100070503854316
1.342,0.0999777026392342,0.100240078240879,0.100058736105685,0.0999515762416611,0.100186711267066,0.100167231894931,0.100147028042969,0.099972244318773,0.100140649837667,0.100069566203979
1.344,0.0999788177187923,0.100237635714893,0.10005825105162,0.0999514095553996,0.100184322369071,0.100165321501165,0.100145436849965,0.0999720421143944,0.100138594013843,0.100068741703115
1.346,0.0999799327983504,0.100235193188906,0.100057765997555,0.0999513531992845,0.100181933471076,0.100163411107398,0.100143845656962,0.0999718399100157,0.100137084130787,0.100067917202251
1.348,0.0999808067886079,0.10023275066292,0.10005728094349,0.0999514695281866,0.100179544573081,0.100161500713631,0.100142254463959,0.0999716377056371,0.100135574247731,0.100067092701387
1.35,0.0999814612972826,0.100230308136934,0.100056795889425,0.0999515858570887,0.100177155675086,0.100159590319864,0.100140663270955,0.0999714355012585,0.100134064364674,0.100066268200523
1.352,0.0999821158059572,0.100227865610948,0.10005631083536,0.0999517021859908,0.100174766777091,0.100157679926097,0.100139072077952,0.0999712332968799,0.100132554481618,0.100065443699659
1.354,0.0999827703146318,0.100225423084961,0.100055825781295,0.099951818514893,0.100172377879096,0.10015576953233,0.100137480884948,0.0999710310925013,0.100131044598562,0.100064619198795
1.356,0.0999834248233065,0.100222980558975,0.10005534072723,0.0999519348437951,0.100169988981101,0.100153859138563,0.100135889691945,0.0999708288881226,0.100129534715506,0.100063794697931
1.358,0.0999840793319811,0.100220538032989,0.100054855673165,0.0999520511726972,0.100167600083106,0.100151948744796,0.100134298498942,0.099970626683744,0.10012802483245,0.100062970197067
1.36,0.0999847338406557,0.100218095507003,0.1000543706191,0.0999521675015993,0.100165211185111,0.10015003835103,0.100132707305938,0.0999704244793654,0.100126514949393,0.100062145696203
1.362,0.0999853883493304,0.100215652981016,0.100053885565035,0.0999522838305014,0.100162822287116,0.100148127957263,0.100131116112935,0.0999702222749868,0.100125005066337,0.100061321195339
1.364,0.099986042858005,0.10021321045503,0.10005340051097,0.0999524001594035,0.100160433389121,0.100146217563496,0.100129524919932,0.0999700200706082,0.100123495183281,0.100060496694475
1.366,0.0999866973666797,0.100210767929044,0.100052915456905,0.0999525164883057,0.100158044491126,0.100144307169729,0.100127933726928,0.0999698178662295,0.100121985300225,0.100059672193611
1.368,0.0999873518753543,0.100208325403058,0.10005243040284,0.0999526328172078,0.100155655593131,0.100142396775962,0.100126342533925,0.0999696156618509,0.100120475417169,0.100058847692747
1.37,0.099988006384029,0.100205882877071,0.100051945348775,0.0999527491461099,0.100153373849045,0.100140486382195,0.100124751340922,0.0999694134574723,0.100118965534113,0.100058023191883
1.372,0.0999886608927036,0.100203440351085,0.10005146029471,0.099952865475012,0.100151648249414,0.100138575988428,0.100123160147918,0.0999692112530937,0.100117455651056,0.100057198691019
1.374,0.0999893154013782,0.100200997825099,0.100050975240645,0.0999529818039142,0.100149922649783,0.100136665594662,0.100121568954915,0.099969204462804,0.100115945768,0.100056374190155
1.376,0.0999899699100529,0.100198555299113,0.10005049018658,0.0999530981328163,0.100148197050152,0.100134755200895,0.100119977761911,0.0999692226974457,0.100114435884944,0.100055549689291
1.378,0.0999906244187275,0.100196112773126,0.100050005132515,0.0999532144617184,0.100146471450521,0.100132844807128,0.100118386568908,0.0999692409320875,0.100112926001888,0.100054725188427
1.38,0.0999912789274022,0.10019367024714,0.10004945153656,0.0999533307906205,0.10014474585089,0.100130934413361,0.100116858827616,0.0999692591667292,0.100111416118832,0.100053900687563
1.382,0.0999919334360768,0.100191227721154,0.100048862182661,0.0999534471195226,0.100143020251259,0.100129024019594,0.10011565774156,0.099969277401371,0.100109906235775,0.100053076186699
1.384,0.0999925879447515,0.100188785195168,0.100048272828763,0.0999535634484247,0.100141294651627,0.100127113625827,0.100114456655503,0.0999692956360127,0.100108396352719,0.100052251685835
1.386,0.0999932424534261,0.100186342669181,0.100047683474864,0.0999536797773269,0.100139569051996,0.10012520323206,0.100113255569447,0.0999693138706544,0.100106886469663,0.100051427184971
1.388,0.0999938969621007,0.100183987705225,0.100047094120965,0.099953796106229,0.100137843452365,0.100123292838293,0.100112054483391,0.0999693321052962,0.100105376586607,0.100050602684107
1.39,0.0999945514707754,0.100182153436453,0.100046504767066,0.0999539124351311,0.100136117852734,0.100121382444527,0.100110853397335,0.0999693503399379,0.100103866703551,0.100049778183243
1.392,0.09999520597945,0.10018031916768,0.100045915413168,0.0999540287640332,0.100134392253103,0.100119805278348,0.100109652311279,0.0999693685745797,0.100102356820495,0.100049118670491
1.394,0.0999958604881247,0.100178484898907,0.100045326059269,0.0999541450929353,0.100132666653472,0.100118433636311,0.100108451225222,0.0999693868092214,0.100100862492251,0.10004853766094
1.396,0.0999965149967993,0.100176650630135,0.10004473670537,0.0999543123530214,0.100130941053841,0.100117061994274,0.100107250139166,0.0999694050438631,0.100099764443327,0.100047956651388
1.398,0.0999970010824129,0.100174816361362,0.100044147351471,0.0999545593288758,0.10012921545421,0.100115690352237,0.10010604905311,0.0999694232785049,0.100098666394403,0.100047375641836
1.4,0.0999973338399445,0.100172982092589,0.100043557997573,0.0999548063047303,0.100127489854578,0.1001143187102,0.100104847967054,0.0999694415131466,0.100097568345478,0.100046794632284
1.402,0.0999976665974762,0.100171147823817,0.100042968643674,0.0999550532805847,0.100125764254947,0.100112947068164,0.100103646880998,0.0999694597477884,0.100096470296554,0.100046213622733
1.404,0.0999979993550078,0.100169313555044,0.100042379289775,0.0999553002564391,0.100124038655316,0.100111575426127,0.100102445794941,0.0999694779824301,0.10009537224763,0.100045632613181
1.406,0.0999983321125395,0.100167479286272,0.100041789935876,0.0999555472322935,0.100122313055685,0.10011020378409,0.100101244708885,0.0999694962170719,0.100094274198705,0.100045051603629
1.408,0.0999986648700711,0.100165645017499,0.100041200581978,0.0999557942081479,0.100120587456054,0.100108832142053,0.100100043622829,0.0999695144517136,0.100093176149781,0.100044470594078
1.41,0.0999989976276028,0.100163810748726,0.100040611228079,0.0999560411840024,0.100118861856423,0.100107460500016,0.100098842536773,0.0999695326863553,0.100092078100857,0.100043889584526
1.412,0.0999993303851344,0.100161976479954,0.10004002187418,0.0999562881598568,0.100117136256792,0.10010608885798,0.100097641450717,0.0999695509209971,0.100090980051932,0.100043308574974
1.414,0.099999663142666,0.100160142211181,0.100039432520281,0.0999565351357112,0.10011541065716,0.100104717215943,0.10009644036466,0.0999695691556388,0.100089882003008,0.100042727565422
1.416,0.0999999959001977,0.100158307942408,0.100038843166382,0.0999567821115656,0.100113685057529,0.100103345573906,0.100095239278604,0.0999695873902806,0.100088783954084,0.100042146555871
1.418,0.100000328657729,0.100156473673636,0.100038253812484,0.09995702908742,0.100111959457898,0.100101973931869,0.100094038192548,0.0999696056249223,0.100087685905159,0.100041565546319
1.42,0.100000661415261,0.100154639404863,0.100037664458585,0.0999572760632745,0.100110311584234,0.100100602289832,0.100092837106492,0.099969623859564,0.100086587856235,0.100040984536767
1.422,0.100000994172793,0.100152805136091,0.100037075104686,0.0999575230391289,0.100109067119699,0.100099230647795,0.100091636020436,0.0999696420942058,0.100085489807311,0.100040403527216
1.424,0.100001326930324,0.100150970867318,0.100036485750787,0.0999577700149833,0.100107822655165,0.100097859005759,0.100090434934379,0.0999697583328197,0.100084391758386,0.100039822517664
1.426,0.100001659687856,0.100149136598545,0.100035896396889,0.0999580169908377,0.10010657819063,0.100096487363722,0.100089233848323,0.0999698871219242,0.100083293709462,0.100039241508112
1.428,0.100001992445388,0.100147302329773,0.10003530704299,0.0999582639666921,0.100105333726096,0.100095115721685,0.100088032762267,0.0999700159110288,0.100082195660538,0.10003866049856
1.43,0.100002325202919,0.100145468061,0.100034754704617,0.0999585109425466,0.100104089261561,0.100093744079648,0.100086881121599,0.0999701447001333,0.100081097611613,0.100038079489009
1.432,0.100002657960451,0.100143633792227,0.10003422167705,0.099958757918401,0.100102844797027,0.100092372437611,0.10008598403033,0.0999702734892378,0.100079999562689,0.100037498479457
1.434,0.100002990717982,0.100141799523455,0.100033688649482,0.0999590048942554,0.100101600332492,0.100091000795575,0.10008508693906,0.0999704022783423,0.100078901513765,0.100036917469905
1.436,0.100003323475514,0.100139965254682,0.100033155621915,0.0999592518701098,0.100100355867958,0.100089629153538,0.100084189847791,0.0999705310674468,0.10007780346484,0.100036336460353
1.438,0.100003656233046,0.10013819673252,0.100032622594348,0.0999594988459642,0.100099111403423,0.100088257511501,0.100083292756522,0.0999706598565513,0.100076705415916,0.100035755450802
1.44,0.100003988990577,0.100136819178265,0.10003208956678,0.0999597458218186,0.100097866938889,0.100086885869464,0.100082395665252,0.0999707886456559,0.100075607366992,0.10003517444125
1.442,0.100004321748109,0.10013544162401,0.100031556539213,0.0999599927976731,0.100096622474354,0.100085754221196,0.100081498573983,0.0999709174347604,0.100074509318067,0.100034708863398
1.444,0.100004654505641,0.100134064069754,0.100031023511645,0.0999602397735275,0.10009537800982,0.100084770593427,0.100080601482714,0.0999710462238649,0.100073422568328,0.100034298209247
1.446,0.100004987263172,0.100132686515499,0.100030490484078,0.099960502513398,0.100094133545285,0.100083786965657,0.100079704391444,0.0999711750129694,0.100072623680182,0.100033887555096
1.448,0.100005212693221,0.100131308961243,0.100029957456511,0.0999607899265739,0.100092889080751,0.100082803337887,0.100078807300175,0.0999713038020739,0.100071824792036,0.100033476900945
1.45,0.100005340415053,0.100129931406988,0.100029424428943,0.0999610773397498,0.100091644616216,0.100081819710117,0.100077910208906,0.0999714325911785,0.10007102590389,0.100033066246794
1.452,0.100005468136884,0.100128553852733,0.100028891401376,0.0999613647529257,0.100090400151682,0.100080836082347,0.100077013117636,0.099971561380283,0.100070227015745,0.100032655592643
1.454,0.100005595858715,0.100127176298477,0.100028358373809,0.0999616521661017,0.100089155687147,0.100079852454578,0.100076116026367,0.0999716901693875,0.100069428127599,0.100032244938492
1.456,0.100005723580547,0.100125798744222,0.100027825346241,0.0999619395792776,0.100087911222613,0.100078868826808,0.100075218935098,0.099971818958492,0.100068629239453,0.100031834284341
1.458,0.100005851302378,0.100124421189966,0.100027292318674,0.0999622269924535,0.100086666758078,0.100077885199038,0.100074321843828,0.0999719477475966,0.100067830351307,0.100031423630189
1.46,0.10000597902421,0.100123043635711,0.100026759291106,0.0999625144056294,0.100085422293544,0.100076901571268,0.100073424752559,0.0999720765367011,0.100067031463161,0.100031012976038
1.462,0.100006106746041,0.100121666081456,0.100026226263539,0.0999628018188053,0.100084177829009,0.100075917943498,0.10007252766129,0.0999722053258056,0.100066232575016,0.100030602321887
1.464,0.100006234467873,0.1001202885272,0.100025693235972,0.0999630892319812,0.100082933364475,0.100074934315728,0.100071630570021,0.0999723341149101,0.10006543368687,0.100030191667736
1.466,0.100006362189704,0.100118910972945,0.100025160208404,0.0999633766451572,0.10008168889994,0.100073950687959,0.100070733478751,0.0999724629040146,0.100064634798724,0.100029781013585
1.468,0.100006489911535,0.10011753341869,0.100024627180837,0.0999636640583331,0.100080444435406,0.100072967060189,0.100069836387482,0.0999725916931191,0.100063835910578,0.100029370359434
1.47,0.100006617633367,0.100116155864434,0.100024094153269,0.099963951471509,0.100079256237245,0.100071983432419,0.100068939296213,0.0999727204822237,0.100063037022433,0.100028959705283
1.472,0.100006745355198,0.100114778310179,0.100023561125702,0.0999642388846849,0.100078360069789,0.100070999804649,0.100068042204943,0.0999728492713282,0.100062238134287,0.100028549051132
1.474,0.10000687307703,0.100113400755923,0.100023028098135,0.0999645262978608,0.100077463902334,0.100070016176879,0.100067145113674,0.099973016772479,0.100061439246141,0.100028138396981
1.476,0.100007000798861,0.100112023201668,0.100022495070567,0.0999648137110367,0.100076567734878,0.10006903254911,0.100066248022405,0.0999731892311348,0.100060640357995,0.10002772774283
1.478,0.100007128520693,0.100110645647413,0.100021962043,0.0999651011242126,0.100075671567423,0.10006804892134,0.100065350931135,0.0999733616897905,0.100059841469849,0.100027317088679
1.48,0.100007256242524,0.100109268093157,0.100021510077936,0.0999653885373885,0.100074775399967,0.10006706529357,0.10006449157657,0.0999735341484462,0.100059042581704,0.100026906434528
1.482,0.100007383964355,0.100107890538902,0.100021100402755,0.0999656759505645,0.100073879232512,0.1000660816658,0.100063826494021,0.099973706607102,0.100058243693558,0.100026495780377
1.484,0.100007511686187,0.100106512984646,0.100020690727573,0.0999659633637404,0.100072983065056,0.10006509803803,0.100063161411472,0.0999738790657577,0.100057444805412,0.100026085126226
1.486,0.100007639408018,0.100105135430391,0.100020281052392,0.0999662507769163,0.100072086897601,0.100064114410261,0.100062496328924,0.0999740515244134,0.100056645917266,0.100025674472075
1.488,0.10000776712985,0.100103807242658,0.10001987137721,0.0999665381900922,0.100071190730145,0.100063130782491,0.100061831246375,0.0999742239830692,0.10005584702912,0.100025263817924
1.49,0.100007894851681,0.100102772617216,0.100019461702029,0.0999668256032681,0.100070294562689,0.100062147154721,0.100061166163826,0.0999743964417249,0.100055048140975,0.100024853163772
1.492,0.100008022573513,0.100101737991775,0.100019052026847,0.099967113016444,0.100069398395234,0.100061336081876,0.100060501081277,0.0999745689003806,0.100054249252829,0.100024523794303
1.494,0.100008150295344,0.100100703366334,0.100018642351666,0.0999674004296199,0.100068502227778,0.100060631435402,0.100059835998729,0.0999747413590364,0.100053458577967,0.100024233101
1.496,0.100008278017175,0.100099668740892,0.100018232676484,0.0999676842626145,0.100067606060323,0.100059926788928,0.10005917091618,0.0999749138176921,0.100052877147319,0.100023942407696
1.498,0.100008344261542,0.100098634115451,0.100017823001303,0.09996796249203,0.100066709892867,0.100059222142454,0.100058505833631,0.0999750862763479,0.10005229571667,0.100023651714393
1.5,0.100008354538384,0.10009759949001,0.100017413326121,0.0999682407214455,0.100065813725412,0.10005851749598,0.100057840751082,0.0999752587350036,0.100051714286022,0.100023361021089
1.502,0.100008364815226,0.100096564864568,0.10001700365094,0.0999685189508611,0.100064917557956,0.100057812849505,0.100057175668534,0.0999754311936593,0.100051132855373,0.100023070327785
1.504,0.100008375092067,0.100095530239127,0.100016593975758,0.0999687971802766,0.100064021390501,0.100057108203031,0.100056510585985,0.099975603652315,0.100050551424725,0.100022779634482
1.506,0.100008385368909,0.100094495613686,0.100016184300577,0.0999690754096921,0.100063125223045,0.100056403556557,0.100055845503436,0.0999757761109708,0.100049969994076,0.100022488941178
1.508,0.100008395645751,0.100093460988244,0.100015774625395,0.0999693536391077,0.100062229055589,0.100055698910083,0.100055180420887,0.0999759485696265,0.100049388563428,0.100022198247875
1.51,0.100008405922593,0.100092426362803,0.100015364950214,0.0999696318685232,0.100061332888134,0.100054994263609,0.100054515338339,0.0999761210282823,0.100048807132779,0.100021907554571
1.512,0.100008416199435,0.100091391737361,0.100014955275032,0.0999699100979387,0.100060436720678,0.100054289617135,0.10005385025579,0.099976293486938,0.100048225702131,0.100021616861268
1.514,0.100008426476277,0.10009035711192,0.100014545599851,0.0999701883273543,0.100059540553223,0.100053584970661,0.100053185173241,0.0999764659455937,0.100047644271482,0.100021326167964
1.516,0.100008436753119,0.100089322486479,0.100014135924669,0.0999704665567698,0.100058644385767,0.100052880324187,0.100052520090692,0.0999766384042495,0.100047062840834,0.100021035474661
1.518,0.100008447029961,0.100088287861037,0.100013726249487,0.0999707447861854,0.100057748218312,0.100052175677713,0.100051855008144,0.0999768108629052,0.100046481410185,0.100020744781357
1.52,0.100008457306803,0.100087253235596,0.100013316574306,0.0999710230156009,0.100056892688122,0.100051471031239,0.100051189925595,0.0999769833215609,0.100045899979537,0.100020454088054
1.522,0.100008467583644,0.100086218610155,0.100012906899124,0.0999713012450164,0.100056248071283,0.100050766384765,0.100050524843046,0.0999771557802167,0.100045318548888,0.10002016339475
1.524,0.100008477860486,0.100085183984713,0.100012497223943,0.099971579474432,0.100055603454445,0.100050061738291,0.100049859760497,0.099977332923318,0.10004473711824,0.100019872701447
1.526,0.100008488137328,0.100084149359272,0.100012087548761,0.0999718577038475,0.100054958837606,0.100049357091817,0.100049194677949,0.0999775106663144,0.100044155687591,0.100019582008143
1.528,0.10000849841417,0.100083114733831,0.10001167787358,0.099972135933263,0.100054314220767,0.100048652445343,0.1000485295954,0.0999776884093108,0.100043574256943,0.100019291314839
1.53,0.100008508691012,0.100082080108389,0.100011355636655,0.0999724141626786,0.100053669603929,0.100047947798868,0.100047892801089,0.0999778661523071,0.100042992826294,0.100019000621536
1.532,0.100008518967854,0.100081045482948,0.10001107901581,0.0999726923920941,0.10005302498709,0.100047243152394,0.100047401637227,0.0999780438953035,0.100042411395646,0.100018709928232
1.534,0.100008529244696,0.100080010857507,0.100010802394965,0.0999729706215096,0.100052380370251,0.10004653850592,0.100046910473365,0.0999782216382998,0.100041829964997,0.100018419234929
1.536,0.100008539521538,0.100078976232065,0.100010525774119,0.0999732488509252,0.100051735753412,0.100045833859446,0.100046419309503,0.0999783993812962,0.100041248534349,0.100018128541625
1.538,0.10000854979838,0.100077978681683,0.100010249153274,0.0999735270803407,0.100051091136574,0.100045129212972,0.100045928145641,0.0999785771242926,0.1000406671037,0.100017837848322
1.54,0.100008560075221,0.100077201601343,0.100009972532428,0.0999738053097562,0.100050446519735,0.100044424566498,0.100045436981779,0.0999787548672889,0.100040085673052,0.100017547155018
1.542,0.100008570352063,0.100076424521004,0.100009695911583,0.0999740835391718,0.100049801902896,0.100043843807277,0.100044945817917,0.0999789326102853,0.100039504242403,0.100017313956266
1.544,0.100008580628905,0.100075647440664,0.100009419290737,0.0999743617685873,0.100049157286058,0.100043339457759,0.100044454654054,0.0999791103532816,0.100038928784947,0.100017108114069
1.546,0.100008590905747,0.100074870360325,0.100009142669892,0.0999746270399696,0.100048512669219,0.100042835108241,0.100043963490192,0.099979288096278,0.100038505502425,0.100016902271871
1.548,0.100008571070045,0.100074093279985,0.100008866049046,0.099974872029876,0.10004786805238,0.100042330758724,0.10004347232633,0.0999794658392743,0.100038082219904,0.100016696429674
1.55,0.100008523820648,0.100073316199645,0.100008589428201,0.0999751170197825,0.100047223435542,0.100041826409206,0.100042981162468,0.0999796435822707,0.100037658937382,0.100016490587476
1.552,0.100008476571251,0.100072539119306,0.100008312807355,0.0999753620096889,0.100046578818703,0.100041322059688,0.100042489998606,0.0999798213252671,0.10003723565486,0.100016284745279
1.554,0.100008429321853,0.100071762038966,0.10000803618651,0.0999756069995954,0.100045934201864,0.100040817710171,0.100041998834744,0.0999799990682634,0.100036812372339,0.100016078903081
1.556,0.100008382072456,0.100070984958627,0.100007759565664,0.0999758519895018,0.100045289585026,0.100040313360653,0.100041507670882,0.0999801768112598,0.100036389089817,0.100015873060884
1.558,0.100008334823059,0.100070207878287,0.100007482944819,0.0999760969794083,0.100044644968187,0.100039809011135,0.10004101650702,0.0999803545542561,0.100035965807295,0.100015667218686
1.56,0.100008287573662,0.100069430797948,0.100007206323974,0.0999763419693147,0.100044000351348,0.100039304661618,0.100040525343158,0.0999805322972525,0.100035542524774,0.100015461376489
1.562,0.100008240324264,0.100068653717608,0.100006929703128,0.0999765869592212,0.10004335573451,0.1000388003121,0.100040034179295,0.0999807100402489,0.100035119242252,0.100015255534291
1.564,0.100008193074867,0.100067876637269,0.100006653082283,0.0999768319491276,0.100042711117671,0.100038295962582,0.100039543015433,0.0999808877832452,0.10003469595973,0.100015049692094
1.566,0.10000814582547,0.100067099556929,0.100006376461437,0.0999770769390341,0.100042066500832,0.100037791613065,0.100039051851571,0.0999810655262416,0.100034272677208,0.100014843849896
1.568,0.100008098576072,0.10006632247659,0.100006099840592,0.0999773219289405,0.100041421883994,0.100037287263547,0.100038560687709,0.0999812432692379,0.100033849394687,0.100014638007699
1.57,0.100008051326675,0.10006554539625,0.100005823219746,0.099977566918847,0.100040806576967,0.100036782914029,0.100038069523847,0.0999814210122343,0.100033426112165,0.100014432165501
1.572,0.100008004077278,0.100064768315911,0.100005546598901,0.0999778119087534,0.100040343392149,0.100036278564511,0.100037578359985,0.0999815987552307,0.100033002829643,0.100014226323304
1.574,0.10000795682788,0.100063991235571,0.100005269978055,0.0999780568986599,0.100039880207332,0.100035774214994,0.100037087196123,0.0999817633808006,0.100032579547122,0.100014020481106
1.576,0.100007909578483,0.100063214155231,0.10000499335721,0.0999783018885663,0.100039417022514,0.100035269865476,0.100036596032261,0.0999819263265392,0.1000321562646,0.100013814638909
1.578,0.100007862329086,0.100062437074892,0.100004716736364,0.0999785468784727,0.100038953837697,0.100034765515958,0.100036104868399,0.0999820892722779,0.100031732982078,0.100013608796711
1.58,0.100007815079688,0.100061659994552,0.100004514696032,0.0999787918683792,0.10003849065288,0.100034261166441,0.10003563463585,0.0999822522180165,0.100031309699557,0.100013402954514
1.582,0.100007767830291,0.100060882914213,0.100004351563962,0.0999790368582856,0.100038027468062,0.100033756816923,0.100035272159628,0.0999824151637551,0.100030886417035,0.100013197112316
1.584,0.100007720580894,0.100060105833873,0.100004188431891,0.0999792818481921,0.100037564283245,0.100033252467405,0.100034909683405,0.0999825781094938,0.100030463134513,0.100012991270119
1.586,0.100007673331496,0.100059328753534,0.10000402529982,0.0999795268380985,0.100037101098427,0.100032748117888,0.100034547207182,0.0999827410552324,0.100030039851992,0.100012785427921
1.588,0.100007626082099,0.100058579509486,0.10000386216775,0.099979771828005,0.10003663791361,0.10003224376837,0.10003418473096,0.0999829040009711,0.10002961656947,0.100012579585724
1.59,0.100007578832702,0.100057995796355,0.100003699035679,0.0999800168179114,0.100036174728792,0.100031739418852,0.100033822254737,0.0999830669467097,0.100029193286948,0.100012373743526
1.592,0.100007531583304,0.100057412083225,0.100003535903608,0.0999802618078179,0.100035711543975,0.100031323899313,0.100033459778515,0.0999832298924484,0.100028770004426,0.100012208684373
1.594,0.100007484333907,0.100056828370094,0.100003372771538,0.0999805067977243,0.100035248359158,0.100030963167269,0.100033097302292,0.099983392838187,0.100028351068248,0.100012063030251
1.596,0.10000743708451,0.100056244656963,0.100003209639467,0.0999807354340311,0.10003478517434,0.100030602435225,0.100032734826069,0.0999835557839256,0.100028042860877,0.100011917376129
1.598,0.100007379294179,0.100055660943832,0.100003046507396,0.0999809384742364,0.100034321989523,0.100030241703181,0.100032372349847,0.0999837187296643,0.100027734653506,0.100011771722007
1.6,0.10000731190765,0.100055077230701,0.100002883375326,0.0999811415144416,0.100033858804705,0.100029880971137,0.100032009873624,0.099983881675403,0.100027426446135,0.100011626067885
1.602,0.100007244521122,0.100054493517571,0.100002720243255,0.0999813445546468,0.100033395619888,0.100029520239092,0.100031647397402,0.0999840446211416,0.100027118238764,0.100011480413763
1.604,0.100007177134593,0.10005390980444,0.100002557111184,0.099981547594852,0.10003293243507,0.100029159507048,0.100031284921179,0.0999842075668802,0.100026810031393,0.100011334759641
1.606,0.100007109748064,0.100053326091309,0.100002393979114,0.0999817506350573,0.100032469250253,0.100028798775004,0.100030922444957,0.0999843705126189,0.100026501824022,0.100011189105519
1.608,0.100007042361535,0.100052742378178,0.100002230847043,0.0999819536752625,0.100032006065435,0.10002843804296,0.100030559968734,0.0999845334583575,0.100026193616651,0.100011043451397
1.61,0.100006974975006,0.100052158665047,0.100002067714972,0.0999821567154677,0.100031542880618,0.100028077310916,0.100030197492511,0.0999846964040962,0.10002588540928,0.100010897797275
1.612,0.100006907588478,0.100051574951917,0.100001904582902,0.0999823597556729,0.100031079695801,0.100027716578872,0.100029835016289,0.0999848593498348,0.100025577201908,0.100010752143153
1.614,0.100006840201949,0.100050991238786,0.100001741450831,0.0999825627958782,0.100030616510983,0.100027355846828,0.100029472540066,0.0999850222955734,0.100025268994537,0.100010606489031
1.616,0.10000677281542,0.100050407525655,0.10000157831876,0.0999827658360834,0.100030153326166,0.100026995114784,0.100029110063844,0.0999851852413121,0.100024960787166,0.100010460834909
1.618,0.100006705428891,0.100049823812524,0.10000141518669,0.0999829688762886,0.100029690141348,0.10002663438274,0.100028747587621,0.0999853481870507,0.100024652579795,0.100010315180787
1.62,0.100006638042363,0.100049240099393,0.100001252054619,0.0999831719164938,0.100029248069062,0.100026273650696,0.100028385111398,0.0999855111327894,0.100024344372424,0.100010169526665
1.622,0.100006570655834,0.100048656386263,0.100001088922548,0.0999833749566991,0.100028915573901,0.100025912918652,0.100028022635176,0.099985674078528,0.100024036165053,0.100010023872543
1.624,0.100006503269305,0.100048072673132,0.100000925790478,0.0999835779969043,0.10002858307874,0.100025552186608,0.100027660158953,0.0999858161223257,0.100023727957682,0.100009878218421
1.626,0.100006435882776,0.100047488960001,0.100000762658407,0.0999837810371095,0.100028250583579,0.100025191454564,0.100027297682731,0.099985955489399,0.100023419750311,0.100009732564299
1.628,0.100006368496247,0.10004690524687,0.100000599526336,0.0999839840773147,0.100027918088418,0.10002483072252,0.100026935206508,0.0999860948564723,0.10002311154294,0.100009586910177
1.63,0.100006301109719,0.10004632153374,0.100000491237787,0.09998418711752,0.100027585593257,0.100024469990476,0.100026588092196,0.0999862342235457,0.100022803335569,0.100009441256055
1.632,0.10000623372319,0.100045737820609,0.100000411560815,0.0999843901577252,0.100027253098096,0.100024109258432,0.100026320062412,0.0999863735906191,0.100022495128198,0.100009295601933
1.634,0.100006166336661,0.100045154107478,0.100000331883843,0.0999845931979304,0.100026920602935,0.100023748526388,0.100026052032629,0.0999865129576924,0.100022186920827,0.100009149947811
1.636,0.100006098950132,0.100044570394347,0.100000252206871,0.0999847962381356,0.100026588107774,0.100023387794344,0.100025784002845,0.0999866523247658,0.100021878713456,0.100009004293689
1.638,0.100006031563603,0.100044007591129,0.100000172529898,0.0999849992783409,0.100026255612612,0.1000230270623,0.100025515973061,0.0999867916918391,0.100021570506085,0.100008858639567
1.64,0.100005964177075,0.100043569130512,0.100000092852926,0.0999852023185461,0.100025923117451,0.100022666330256,0.100025247943277,0.0999869310589124,0.100021262298714,0.100008712985445
1.642,0.100005896790546,0.100043130669895,0.100000013175954,0.0999854053587513,0.10002559062229,0.1000223692312,0.100024979913493,0.0999870704259858,0.100020954091343,0.100008596282467
1.644,0.100005829404017,0.100042692209279,0.0999999334989817,0.0999856083989565,0.100025258127129,0.100022111378941,0.10002471188371,0.0999872097930591,0.100020649047516,0.100008493354768
1.646,0.100005762017488,0.100042253748662,0.0999998538220095,0.099985795058413,0.100024925631968,0.100021853526681,0.100024443853926,0.0999873491601325,0.100020424599143,0.10000839042707
1.648,0.100005695012099,0.100041815288045,0.0999997741450372,0.099985956079275,0.100024593136807,0.100021595674422,0.100024175824142,0.0999874885272058,0.100020200150771,0.100008287499371
1.65,0.10000562835369,0.100041376827429,0.099999694468065,0.0999861171001371,0.100024260641646,0.100021337822163,0.100023907794358,0.0999876278942792,0.100019975702398,0.100008184571673
1.652,0.100005561695281,0.100040938366812,0.0999996147910928,0.0999862781209991,0.100023928146485,0.100021079969904,0.100023639764574,0.0999877672613525,0.100019751254025,0.100008081643975
1.654,0.100005495036872,0.100040499906195,0.0999995351141205,0.0999864391418611,0.100023595651324,0.100020822117645,0.10002337173479,0.0999879066284259,0.100019526805653,0.100007978716276
1.656,0.100005428378463,0.100040061445579,0.0999994554371483,0.0999866001627231,0.100023263156163,0.100020564265386,0.100023103705007,0.0999880459954992,0.10001930235728,0.100007875788578
1.658,0.100005361720054,0.100039622984962,0.0999993757601761,0.0999867611835851,0.100022930661002,0.100020306413126,0.100022835675223,0.0999881853625725,0.100019077908907,0.10000777286088
1.66,0.100005295061645,0.100039184524345,0.0999992960832039,0.0999869222044471,0.10002259816584,0.100020048560867,0.100022567645439,0.0999883247296459,0.100018853460535,0.100007669933181
1.662,0.100005228403236,0.100038746063729,0.0999992164062316,0.0999870832253091,0.100022265670679,0.100019790708608,0.100022299615655,0.0999884640967192,0.100018629012162,0.100007567005483
1.664,0.100005161744827,0.100038307603112,0.0999991367292594,0.0999872442461711,0.100021933175518,0.100019532856349,0.100022031585871,0.0999886034637926,0.100018404563789,0.100007464077784
1.666,0.100005095086418,0.100037869142495,0.0999990570522872,0.0999874052670331,0.100021600680357,0.10001927500409,0.100021763556087,0.0999887428308659,0.100018180115416,0.100007361150086
1.668,0.100005028428009,0.100037430681879,0.099998977375315,0.0999875662878952,0.100021268185196,0.100019017151831,0.100021495526304,0.0999888821979393,0.100017955667044,0.100007258222388
1.67,0.1000049617696,0.100036992221262,0.0999988976983427,0.0999877273087571,0.10002095087683,0.100018759299571,0.10002122749652,0.0999890215650126,0.100017731218671,0.100007155294689
1.672,0.100004895111191,0.100036553760645,0.0999988180213705,0.0999878883296192,0.100020712390154,0.100018501447312,0.100020959466736,0.099989160932086,0.100017506770298,0.100007052366991
1.674,0.100004828452782,0.100036115300029,0.0999987383443983,0.0999880493504812,0.100020473903477,0.100018243595053,0.100020691436952,0.0999892774882251,0.100017282321926,0.100006949439292
1.676,0.100004761794373,0.100035676839412,0.099998658667426,0.0999882103713432,0.1000202354168,0.100017985742794,0.100020423407168,0.0999893911231723,0.100017057873553,0.100006846511594
1.678,0.100004695135964,0.100035238378795,0.0999985789904538,0.0999883713922052,0.100019996930123,0.100017727890535,0.100020155377385,0.0999895047581195,0.10001683342518,0.100006743583896
1.68,0.100004628477555,0.100034799918179,0.0999985347586131,0.0999885324130672,0.100019758443447,0.100017470038276,0.100019898582565,0.0999896183930666,0.100016608976808,0.100006640656197
1.682,0.100004561819146,0.100034361457562,0.0999985090183112,0.0999886934339292,0.10001951995677,0.100017212186016,0.100019699626373,0.0999897320280138,0.100016384528435,0.100006537728499
1.684,0.100004495160737,0.100033922996945,0.0999984832780092,0.0999888544547912,0.100019281470093,0.100016954333757,0.100019500670181,0.099989845662961,0.100016160080062,0.1000064348008
1.686,0.100004428502328,0.100033484536329,0.0999984575377073,0.0999890154756532,0.100019042983416,0.100016696481498,0.100019301713988,0.0999899592979081,0.10001593563169,0.100006331873102
1.688,0.100004361843919,0.10003306177783,0.0999984317974053,0.0999891764965152,0.100018804496739,0.100016438629239,0.100019102757796,0.0999900729328553,0.100015711183317,0.100006228945404
1.69,0.10000429518551,0.100032732393337,0.0999984060571034,0.0999893375173772,0.100018566010063,0.10001618077698,0.100018903801604,0.0999901865678025,0.100015486734944,0.100006126017705
1.692,0.100004228527101,0.100032403008844,0.0999983803168014,0.0999894985382393,0.100018327523386,0.100015968470316,0.100018704845412,0.0999903002027497,0.100015262286571,0.100006043632432
1.694,0.100004161868692,0.100032073624351,0.0999983545764994,0.0999896595591013,0.100018089036709,0.100015784254723,0.100018505889219,0.0999904138376968,0.100015040141322,0.100005971021477
1.696,0.100004095210283,0.100031744239858,0.0999983288361975,0.0999898058681123,0.100017850550032,0.100015600039129,0.100018306933027,0.099990527472644,0.100014876671177,0.100005898410521
1.698,0.100004034057761,0.100031414855365,0.0999983030958955,0.0999899291506314,0.100017612063355,0.100015415823536,0.100018107976835,0.0999906411075912,0.100014713201031,0.100005825799565
1.7,0.100003977917659,0.100031085470872,0.0999982773555936,0.0999900524331504,0.100017373576679,0.100015231607943,0.100017909020643,0.0999907547425384,0.100014549730885,0.100005753188609
1.702,0.100003921777557,0.100030756086379,0.0999982516152916,0.0999901757156694,0.100017135090002,0.100015047392349,0.100017710064451,0.0999908683774855,0.10001438626074,0.100005680577653
1.704,0.100003865637455,0.100030426701886,0.0999982258749897,0.0999902989981885,0.100016896603325,0.100014863176756,0.100017511108258,0.0999909820124327,0.100014222790594,0.100005607966697
1.706,0.100003809497353,0.100030097317393,0.0999982001346877,0.0999904222807075,0.100016658116648,0.100014678961162,0.100017312152066,0.0999910956473799,0.100014059320449,0.100005535355742
1.708,0.100003753357251,0.1000297679329,0.0999981743943858,0.0999905455632265,0.100016419629972,0.100014494745569,0.100017113195874,0.099991209282327,0.100013895850303,0.100005462744786
1.71,0.100003697217149,0.100029438548407,0.0999981486540838,0.0999906688457455,0.100016181143295,0.100014310529976,0.100016914239682,0.0999913229172742,0.100013732380157,0.10000539013383
1.712,0.100003641077047,0.100029109163914,0.0999981229137819,0.0999907921282646,0.100015942656618,0.100014126314382,0.10001671528349,0.0999914365522214,0.100013568910012,0.100005317522874
1.714,0.100003584936945,0.100028779779421,0.0999980971734799,0.0999909154107836,0.100015704169941,0.100013942098789,0.100016516327297,0.0999915501871686,0.100013405439866,0.100005244911918
1.716,0.100003528796843,0.100028450394928,0.0999980714331779,0.0999910386933026,0.100015465683264,0.100013757883195,0.100016317371105,0.0999916638221158,0.10001324196972,0.100005172300963
1.718,0.100003472656741,0.100028121010435,0.099998045692876,0.0999911619758217,0.100015227196588,0.100013573667602,0.100016118414913,0.0999917774570629,0.100013078499575,0.100005099690007
1.72,0.100003416516639,0.100027791625942,0.099998019952574,0.0999912852583407,0.100014999619418,0.100013389452009,0.100015919458721,0.0999918910920101,0.100012915029429,0.100005027079051
1.722,0.100003360376537,0.100027462241449,0.0999979942122721,0.0999914085408597,0.100014828664188,0.100013205236415,0.100015720502529,0.0999920047269573,0.100012751559283,0.100004954468095
1.724,0.100003304236435,0.100027132856955,0.0999979684719701,0.0999915318233787,0.100014657708957,0.100013021020822,0.100015521546336,0.0999920968236699,0.100012588089138,0.100004881857139
1.726,0.100003248096333,0.100026803472462,0.0999979427316682,0.0999916551058978,0.100014486753726,0.100012836805228,0.100015322590144,0.0999921861621737,0.100012424618992,0.100004809246183
1.728,0.100003191956231,0.100026474087969,0.0999979169913662,0.0999917783884168,0.100014315798496,0.100012652589635,0.100015123633952,0.0999922755006776,0.100012261148846,0.100004736635228
1.73,0.100003135816129,0.100026144703476,0.0999979109890545,0.0999919016709358,0.100014144843265,0.100012468374042,0.10001493290807,0.0999923648391815,0.100012097678701,0.100004664024272
1.732,0.100003079676027,0.100025815318983,0.0999979152839485,0.0999920249534549,0.100013973888034,0.100012284158448,0.100014784552584,0.0999924541776854,0.100011934208555,0.100004591413316
1.734,0.100003023535925,0.10002548593449,0.0999979195788425,0.0999921482359739,0.100013802932804,0.100012099942855,0.100014636197097,0.0999925435161892,0.10001177073841,0.10000451880236
1.736,0.100002967395823,0.100025156549997,0.0999979238737366,0.099992271518493,0.100013631977573,0.100011915727261,0.100014487841611,0.0999926328546931,0.100011607268264,0.100004446191404
1.738,0.100002911255721,0.100024838960309,0.0999979281686306,0.099992394801012,0.100013461022342,0.100011731511668,0.100014339486124,0.099992722193197,0.100011443798118,0.100004373580448
1.74,0.100002855115619,0.100024591509447,0.0999979324635246,0.099992518083531,0.100013290067112,0.100011547296075,0.100014191130638,0.0999928115317009,0.100011280327973,0.100004300969493
1.742,0.100002798975517,0.100024344058586,0.0999979367584186,0.09999264136605,0.100013119111881,0.10001139565328,0.100014042775151,0.0999929008702048,0.100011116857827,0.100004242915669
1.744,0.100002742835415,0.100024096607724,0.0999979410533126,0.0999927646485691,0.10001294815665,0.100011264100349,0.100013894419665,0.0999929902087086,0.100010955064813,0.100004191788291
1.746,0.100002686695313,0.100023849156862,0.0999979453482066,0.0999928755742719,0.10001277720142,0.100011132547418,0.100013746064178,0.0999930795472125,0.100010835998928,0.100004140660914
1.748,0.100002637642349,0.100023601706001,0.0999979496431007,0.0999929671595037,0.100012606246189,0.100011000994487,0.100013597708692,0.0999931688857164,0.100010716933042,0.100004089533537
1.75,0.100002595041337,0.100023354255139,0.0999979539379947,0.0999930587447355,0.100012435290958,0.100010869441556,0.100013449353205,0.0999932582242203,0.100010597867157,0.10000403840616
1.752,0.100002552440324,0.100023106804278,0.0999979582328887,0.0999931503299673,0.100012264335728,0.100010737888625,0.100013300997719,0.0999933475627241,0.100010478801272,0.100003987278783
1.754,0.100002509839311,0.100022859353416,0.0999979625277827,0.099993241915199,0.100012093380497,0.100010606335694,0.100013152642232,0.099993436901228,0.100010359735387,0.100003936151406
1.756,0.100002467238299,0.100022611902554,0.0999979668226767,0.0999933335004308,0.100011922425266,0.100010474782763,0.100013004286745,0.0999935262397319,0.100010240669502,0.100003885024029
1.758,0.100002424637286,0.100022364451693,0.0999979711175707,0.0999934250856626,0.100011751470036,0.100010343229832,0.100012855931259,0.0999936155782358,0.100010121603617,0.100003833896652
1.76,0.100002382036273,0.100022117000831,0.0999979754124648,0.0999935166708943,0.100011580514805,0.100010211676901,0.100012707575772,0.0999937049167396,0.100010002537731,0.100003782769275
1.762,0.10000233943526,0.100021869549969,0.0999979797073588,0.0999936082561261,0.100011409559574,0.10001008012397,0.100012559220286,0.0999937942552435,0.100009883471846,0.100003731641898
1.764,0.100002296834248,0.100021622099108,0.0999979840022528,0.0999936998413579,0.100011238604344,0.100009948571039,0.100012410864799,0.0999938835937474,0.100009764405961,0.10000368051452
1.766,0.100002254233235,0.100021374648246,0.0999979882971468,0.0999937914265897,0.100011067649113,0.100009817018108,0.100012262509313,0.0999939729322513,0.100009645340076,0.100003629387143
1.768,0.100002211632222,0.100021127197385,0.0999979925920409,0.0999938830118214,0.100010896693882,0.100009685465177,0.100012114153826,0.0999940622707551,0.100009526274191,0.100003578259766
1.77,0.100002169031209,0.100020879746523,0.0999979968869349,0.0999939745970532,0.100010733573101,0.100009553912246,0.10001196579834,0.099994151609259,0.100009407208306,0.100003527132389
1.772,0.100002126430197,0.100020632295661,0.0999980011818289,0.099994066182285,0.100010611114254,0.100009422359315,0.100011817442853,0.0999942409477629,0.10000928814242,0.100003476005012
1.774,0.100002083829184,0.1000203848448,0.0999980054767229,0.0999941577675167,0.100010488655406,0.100009290806384,0.100011669087367,0.09999431151322,0.100009169076535,0.100003424877635
1.776,0.100002041228171,0.100020137393938,0.0999980097716169,0.0999942493527485,0.100010366196559,0.100009159253453,0.10001152073188,0.0999943796745813,0.10000905001065,0.100003373750258
1.778,0.100001998627159,0.100019889943076,0.0999980140665109,0.0999943409379803,0.100010243737712,0.100009027700522,0.100011372376394,0.0999944478359425,0.100008930944765,0.100003322622881
1.78,0.100001956026146,0.100019642492215,0.0999980270444314,0.099994432523212,0.100010121278865,0.100008896147591,0.10001123007637,0.0999945159973037,0.10000881187888,0.100003271495504
1.782,0.100001913425133,0.100019395041353,0.0999980445522411,0.0999945241084438,0.100009998820018,0.10000876459466,0.100011118950426,0.099994584158665,0.100008692812995,0.100003220368126
1.784,0.10000187082412,0.100019147590492,0.0999980620600508,0.0999946156936756,0.100009876361171,0.100008633041729,0.100011007824482,0.0999946523200262,0.100008573747109,0.100003169240749
1.786,0.100001828223108,0.10001890013963,0.0999980795678605,0.0999947072789073,0.100009753902324,0.100008501488798,0.100010896698538,0.0999947204813875,0.100008454681224,0.100003118113372
1.788,0.100001785622095,0.10001866154933,0.0999980970756702,0.0999947988641391,0.100009631443477,0.100008369935867,0.100010785572594,0.0999947886427487,0.100008335615339,0.100003066985995
1.79,0.100001743021082,0.100018475649123,0.0999981145834799,0.0999948904493709,0.10000950898463,0.100008238382936,0.10001067444665,0.0999948568041099,0.100008216549454,0.100003015858618
1.792,0.100001700420069,0.100018289748917,0.0999981320912895,0.0999949820346027,0.100009386525783,0.100008130113634,0.100010563320707,0.0999949249654712,0.100008097483569,0.100002975025278
1.794,0.100001657819057,0.100018103848711,0.0999981495990993,0.0999950736198344,0.100009264066936,0.100008036204932,0.100010452194763,0.0999949931268324,0.100007979639142,0.100002939089957
1.796,0.100001615218044,0.100017917948505,0.0999981671069089,0.0999951553053744,0.100009141608089,0.100007942296231,0.100010341068819,0.0999950612881937,0.100007892912984,0.100002903154636
1.798,0.100001579366271,0.100017732048298,0.0999981846147186,0.0999952214962512,0.100009019149241,0.100007848387529,0.100010229942875,0.0999951294495549,0.100007806186826,0.100002867219315
1.8,0.100001549658833,0.100017546148092,0.0999982021225283,0.0999952876871281,0.100008896690394,0.100007754478827,0.100010118816931,0.0999951976109161,0.100007719460668,0.100002831283994
1.802,0.100001519951396,0.100017360247886,0.099998219630338,0.0999953538780049,0.100008774231547,0.100007660570125,0.100010007690987,0.0999952657722774,0.10000763273451,0.100002795348673
1.804,0.100001490243959,0.10001717434768,0.0999982371381477,0.0999954200688818,0.1000086517727,0.100007566661424,0.100009896565043,0.0999953339336386,0.100007546008352,0.100002759413352
1.806,0.100001460536522,0.100016988447473,0.0999982546459574,0.0999954862597587,0.100008529313853,0.100007472752722,0.100009785439099,0.0999954020949999,0.100007459282194,0.100002723478031
1.808,0.100001430829084,0.100016802547267,0.0999982721537671,0.0999955524506355,0.100008406855006,0.10000737884402,0.100009674313155,0.0999954702563611,0.100007372556036,0.10000268754271
1.81,0.100001401121647,0.100016616647061,0.0999982896615768,0.0999956186415123,0.100008284396159,0.100007284935318,0.100009563187211,0.0999955384177224,0.100007285829878,0.100002651607388
1.812,0.10000137141421,0.100016430746854,0.0999983071693865,0.0999956848323892,0.100008161937312,0.100007191026617,0.100009452061267,0.0999956065790836,0.10000719910372,0.100002615672067
1.814,0.100001341706773,0.100016244846648,0.0999983246771962,0.099995751023266,0.100008039478465,0.100007097117915,0.100009340935323,0.0999956747404448,0.100007112377562,0.100002579736746
1.816,0.100001311999336,0.100016058946442,0.0999983421850059,0.0999958172141429,0.100007917019618,0.100007003209213,0.100009229809379,0.0999957429018061,0.100007025651404,0.100002543801425
1.818,0.100001282291898,0.100015873046236,0.0999983596928155,0.0999958834050198,0.100007794560771,0.100006909300511,0.100009118683435,0.0999958110631673,0.100006938925246,0.100002507866104
1.82,0.100001252584461,0.100015687146029,0.0999983772006252,0.0999959495958966,0.10000767772117,0.100006815391809,0.100009007557491,0.0999958792245285,0.100006852199088,0.100002471930783
1.822,0.100001222877024,0.100015501245823,0.0999983947084349,0.0999960157867735,0.100007590046281,0.100006721483108,0.100008896431548,0.0999959473858898,0.10000676547293,0.100002435995462
1.824,0.100001193169587,0.100015315345617,0.0999984122162446,0.0999960819776503,0.100007502371392,0.100006627574406,0.100008785305604,0.0999960000335528,0.100006678746772,0.100002400060141
1.826,0.100001163462149,0.100015129445411,0.0999984297240543,0.0999961481685272,0.100007414696502,0.100006533665704,0.10000867417966,0.0999960506945155,0.100006592020614,0.10000236412482
1.828,0.100001133754712,0.100014943545204,0.099998447231864,0.099996214359404,0.100007327021613,0.100006439757002,0.100008563053716,0.0999961013554783,0.100006505294456,0.100002328189499
1.83,0.100001104047275,0.100014757644998,0.0999984666015561,0.0999962805502809,0.100007239346724,0.100006345848301,0.100008456412748,0.099996152016441,0.100006418568298,0.100002292254178
1.832,0.100001074339838,0.100014571744792,0.0999984869425826,0.0999963467411577,0.100007151671835,0.100006251939599,0.100008372860852,0.0999962026774037,0.10000633184214,0.100002256318857
1.834,0.100001044632401,0.100014385844586,0.099998507283609,0.0999964129320346,0.100007063996945,0.100006158030897,0.100008289308955,0.0999962533383664,0.100006245115982,0.100002220383535
1.836,0.100001014924963,0.100014199944379,0.0999985276246354,0.0999964791229114,0.100006976322056,0.100006064122195,0.100008205757058,0.0999963039993291,0.100006158389824,0.100002184448214
1.838,0.100000985217526,0.100014020700374,0.0999985479656618,0.0999965453137883,0.100006888647167,0.100005970213494,0.100008122205162,0.0999963546602918,0.100006071663666,0.100002148512893
1.84,0.100000955510089,0.100013881038039,0.0999985683066882,0.0999966115046651,0.100006800972277,0.100005876304792,0.100008038653265,0.0999964053212545,0.100005984937508,0.100002112577572
1.842,0.100000925802652,0.100013741375705,0.0999985886477146,0.099996677695542,0.100006713297388,0.100005799030116,0.100007955101368,0.0999964559822173,0.10000589821135,0.100002083905923
1.844,0.100000896095214,0.10001360171337,0.0999986089887411,0.0999967438864188,0.100006625622499,0.100005732014776,0.100007871549472,0.09999650664318,0.100005812374854,0.10000205869041
1.846,0.100000866387777,0.100013462051036,0.0999986293297675,0.0999968024351926,0.10000653794761,0.100005664999436,0.100007787997575,0.0999965573041427,0.100005749203651,0.100002033474898
1.848,0.100000842234139,0.100013322388702,0.0999986496707939,0.0999968490228047,0.10000645027272,0.100005597984096,0.100007704445679,0.0999966079651054,0.100005686032449,0.100002008259385
1.85,0.100000823136539,0.100013182726367,0.0999986700118203,0.0999968956104169,0.100006362597831,0.100005530968756,0.100007620893782,0.0999966586260681,0.100005622861247,0.100001983043873
1.852,0.100000804038939,0.100013043064033,0.0999986903528467,0.099996942198029,0.100006274922942,0.100005463953416,0.100007537341885,0.0999967092870308,0.100005559690045,0.10000195782836
1.854,0.10000078494134,0.100012903401699,0.0999987106938731,0.0999969887856412,0.100006187248052,0.100005396938076,0.100007453789989,0.0999967599479936,0.100005496518843,0.100001932612848
1.856,0.10000076584374,0.100012763739364,0.0999987310348995,0.0999970353732534,0.100006099573163,0.100005329922737,0.100007370238092,0.0999968106089563,0.100005433347641,0.100001907397335
1.858,0.10000074674614,0.10001262407703,0.099998751375926,0.0999970819608655,0.100006011898274,0.100005262907397,0.100007286686195,0.099996861269919,0.100005370176439,0.100001882181823
1.86,0.10000072764854,0.100012484414695,0.0999987717169524,0.0999971285484776,0.100005924223385,0.100005195892057,0.100007203134299,0.0999969119308817,0.100005307005237,0.10000185696631
1.862,0.10000070855094,0.100012344752361,0.0999987920579788,0.0999971751360898,0.100005836548495,0.100005128876717,0.100007119582402,0.0999969625918444,0.100005243834035,0.100001831750797
1.864,0.10000068945334,0.100012205090027,0.0999988123990052,0.099997221723702,0.100005748873606,0.100005061861377,0.100007036030505,0.0999970132528071,0.100005180662832,0.100001806535285
1.866,0.10000067035574,0.100012065427692,0.0999988327400316,0.0999972683113141,0.100005661198717,0.100004994846037,0.100006952478609,0.0999970639137698,0.10000511749163,0.100001781319772
1.868,0.10000065125814,0.100011925765358,0.099998853081058,0.0999973148989263,0.100005573523827,0.100004927830697,0.100006868926712,0.0999971145747326,0.100005054320428,0.10000175610426
1.87,0.10000063216054,0.100011786103024,0.0999988734220844,0.0999973614865384,0.100005489876783,0.100004860815358,0.100006785374815,0.0999971652356953,0.100004991149226,0.100001730888747
1.872,0.10000061306294,0.100011646440689,0.0999988937631109,0.0999974080741506,0.10000542713484,0.100004793800018,0.100006701822919,0.099997215896658,0.100004927978024,0.100001705673235
1.874,0.10000059396534,0.100011506778355,0.0999989141041373,0.0999974546617628,0.100005364392897,0.100004726784678,0.100006618271022,0.0999972542325829,0.100004864806822,0.100001680457722
1.876,0.10000057486774,0.10001136711602,0.0999989344451637,0.0999975012493749,0.100005301650953,0.100004659769338,0.100006534719126,0.0999972909901506,0.10000480163562,0.10000165524221
1.878,0.10000055577014,0.100011227453686,0.0999989547861901,0.0999975478369871,0.10000523890901,0.100004592753998,0.100006451167229,0.0999973277477183,0.100004738464418,0.100001630026697
1.88,0.10000053667254,0.100011087791352,0.0999989734354021,0.0999975944245992,0.100005176167067,0.100004525738658,0.100006370961314,0.0999973645052861,0.100004675293216,0.100001604811185
1.882,0.10000051757494,0.100010948129017,0.0999989912020035,0.0999976410122114,0.100005113425124,0.100004458723318,0.100006307980821,0.0999974012628538,0.100004612122013,0.100001579595672
1.884,0.100000498477341,0.100010808466683,0.0999990089686048,0.0999976875998235,0.100005050683181,0.100004391707978,0.100006245000327,0.0999974380204215,0.100004548950811,0.100001554380159
1.886,0.100000479379741,0.100010668804349,0.0999990267352062,0.0999977341874357,0.100004987941238,0.100004324692639,0.100006182019834,0.0999974747779892,0.100004485779609,0.100001529164647
1.888,0.100000460282141,0.100010534142239,0.0999990445018075,0.0999977807750479,0.100004925199295,0.100004257677299,0.100006119039341,0.099997511535557,0.100004422608407,0.100001503949134
1.89,0.100000441184541,0.100010429214399,0.0999990622684089,0.09999782736266,0.100004862457352,0.100004190661959,0.100006056058847,0.0999975482931247,0.100004359437205,0.100001478733622
1.892,0.100000422086941,0.100010324286559,0.0999990800350102,0.0999978739502722,0.100004799715409,0.100004135524759,0.100005993078354,0.0999975850506924,0.100004296266003,0.100001458631005
1.894,0.100000402989341,0.100010219358719,0.0999990978016115,0.0999979205378843,0.100004736973466,0.100004087713617,0.10000593009786,0.0999976218082602,0.100004233742802,0.100001440961161
1.896,0.100000383891741,0.100010114430879,0.0999991155682129,0.0999979614057696,0.100004674231523,0.100004039902474,0.100005867117367,0.0999976585658279,0.100004187728284,0.100001423291318
1.898,0.100000368932464,0.100010009503039,0.0999991333348142,0.0999979933213316,0.10000461148958,0.100003992091332,0.100005804136874,0.0999976953233956,0.100004141713766,0.100001405621474
1.9,0.100000357740611,0.100009904575199,0.0999991511014156,0.0999980252368936,0.100004548747637,0.10000394428019,0.10000574115638,0.0999977320809634,0.100004095699249,0.100001387951631
1.902,0.100000346548759,0.100009799647359,0.0999991688680169,0.0999980571524555,0.100004486005694,0.100003896469047,0.100005678175887,0.0999977688385311,0.100004049684731,0.100001370281787
1.904,0.100000335356906,0.100009694719519,0.0999991866346183,0.0999980890680175,0.100004423263751,0.100003848657905,0.100005615195394,0.0999978055960988,0.100004003670213,0.100001352611943
1.906,0.100000324165054,0.100009589791679,0.0999992044012196,0.0999981209835795,0.100004360521808,0.100003800846763,0.1000055522149,0.0999978423536665,0.100003957655695,0.1000013349421
1.908,0.100000312973201,0.100009484863839,0.099999222167821,0.0999981528991415,0.100004297779865,0.10000375303562,0.100005489234407,0.0999978791112343,0.100003911641177,0.100001317272256
1.91,0.100000301781349,0.100009379935999,0.0999992399344223,0.0999981848147034,0.100004235037922,0.100003705224478,0.100005426253914,0.099997915868802,0.100003865626659,0.100001299602413
1.912,0.100000290589496,0.100009275008159,0.0999992577010236,0.0999982167302654,0.100004172295979,0.100003657413336,0.10000536327342,0.0999979526263697,0.100003819612142,0.100001281932569
1.914,0.100000279397643,0.100009170080318,0.099999275467625,0.0999982486458274,0.100004109554036,0.100003609602194,0.100005300292927,0.0999979893839374,0.100003773597624,0.100001264262725
1.916,0.100000268205791,0.100009065152478,0.0999992932342263,0.0999982805613894,0.100004046812093,0.100003561791051,0.100005237312433,0.0999980261415052,0.100003727583106,0.100001246592882
1.918,0.100000257013938,0.100008960224638,0.0999993110008277,0.0999983124769514,0.10000398407015,0.100003513979909,0.10000517433194,0.0999980628990729,0.100003681568588,0.100001228923038
1.92,0.100000245822086,0.100008855296798,0.099999328767429,0.0999983443925134,0.100003924213671,0.100003466168767,0.100005111351447,0.0999980996566406,0.10000363555407,0.100001211253195
1.922,0.100000234630233,0.100008750368958,0.0999993465340304,0.0999983763080753,0.100003879333177,0.100003418357624,0.100005048370953,0.0999981364142083,0.100003589539552,0.100001193583351
1.924,0.100000223438381,0.100008645441118,0.0999993643006317,0.0999984082236373,0.100003834452683,0.100003370546482,0.10000498539046,0.0999981636826729,0.100003543525035,0.100001175913508
1.926,0.100000212246528,0.100008540513278,0.0999993820672331,0.0999984401391993,0.100003789572188,0.10000332273534,0.100004922409967,0.0999981897359531,0.100003497510517,0.100001158243664
1.928,0.100000201054675,0.100008435585438,0.0999993998338344,0.0999984720547613,0.100003744691694,0.100003274924198,0.100004859429473,0.0999982157892332,0.100003451495999,0.10000114057382
1.93,0.100000189862823,0.100008330657598,0.0999994145586464,0.0999985039703233,0.1000036998112,0.100003227113055,0.10000479896126,0.0999982418425133,0.100003405481481,0.100001122903977
1.932,0.10000017867097,0.100008225729758,0.0999994276965728,0.0999985358858853,0.100003654930705,0.100003179301913,0.100004751426494,0.0999982678957935,0.100003359466963,0.100001105234133
1.934,0.100000167479118,0.100008120801918,0.0999994408344993,0.0999985678014472,0.100003610050211,0.100003131490771,0.100004703891728,0.0999982939490736,0.100003313452446,0.10000108756429
1.936,0.100000156287265,0.100008015874078,0.0999994539724257,0.0999985997170092,0.100003565169717,0.100003083679628,0.100004656356962,0.0999983200023538,0.100003267437928,0.100001069894446
1.938,0.100000145095413,0.100007914702216,0.0999994671103522,0.0999986316325712,0.100003520289223,0.100003035868486,0.100004608822196,0.0999983460556339,0.10000322142341,0.100001052224602
1.94,0.10000013390356,0.100007835865601,0.0999994802482786,0.0999986635481332,0.100003475408728,0.100002988057344,0.10000456128743,0.099998372108914,0.100003175408892,0.100001034554759
1.942,0.100000122711707,0.100007757028987,0.099999493386205,0.0999986954636952,0.100003430528234,0.100002948724859,0.100004513752665,0.0999983981621942,0.100003129394374,0.100001020476733
1.944,0.100000111519855,0.100007678192372,0.0999995065241315,0.0999987273792571,0.10000338564774,0.10000291462174,0.100004466217899,0.0999984242154743,0.100003083851863,0.100001008107734
1.946,0.100000100328002,0.100007599355757,0.0999995196620579,0.0999987551329778,0.100003340767245,0.100002880518621,0.100004418683133,0.0999984502687545,0.10000305033435,0.100000995738735
1.948,0.100000091972315,0.100007520519143,0.0999995327999844,0.0999987763727249,0.100003295886751,0.100002846415502,0.100004371148367,0.0999984763220346,0.100003016816836,0.100000983369736
1.95,0.1000000861986,0.100007441682528,0.0999995459379108,0.0999987976124721,0.100003251006257,0.100002812312384,0.100004323613601,0.0999985023753148,0.100002983299323,0.100000971000737
1.952,0.100000080424886,0.100007362845913,0.0999995590758373,0.0999988188522193,0.100003206125762,0.100002778209265,0.100004276078835,0.0999985284285949,0.100002949781809,0.100000958631738
1.954,0.100000074651171,0.100007284009299,0.0999995722137637,0.0999988400919664,0.100003161245268,0.100002744106146,0.100004228544069,0.099998554481875,0.100002916264295,0.100000946262739
1.956,0.100000068877456,0.100007205172684,0.0999995853516902,0.0999988613317136,0.100003116364774,0.100002710003027,0.100004181009303,0.0999985805351552,0.100002882746782,0.100000933893741
1.958,0.100000063103742,0.10000712633607,0.0999995984896166,0.0999988825714607,0.100003071484279,0.100002675899908,0.100004133474537,0.0999986065884353,0.100002849229268,0.100000921524742
1.96,0.100000057330027,0.100007047499455,0.099999611627543,0.0999989038112079,0.100003026603785,0.100002641796789,0.100004085939772,0.0999986326417155,0.100002815711754,0.100000909155743
1.962,0.100000051556312,0.10000696866284,0.0999996247654695,0.099998925050955,0.100002981723291,0.10000260769367,0.100004038405006,0.0999986586949956,0.100002782194241,0.100000896786744
1.964,0.100000045782598,0.100006889826226,0.0999996379033959,0.0999989462907022,0.100002936842796,0.100002573590551,0.10000399087024,0.0999986847482758,0.100002748676727,0.100000884417745
1.966,0.100000040008883,0.100006810989611,0.0999996510413224,0.0999989675304494,0.100002891962302,0.100002539487432,0.100003943335474,0.0999987108015559,0.100002715159214,0.100000872048746
1.968,0.100000034235168,0.100006732152996,0.0999996641792488,0.0999989887701965,0.100002847081808,0.100002505384313,0.100003895800708,0.099998736854836,0.1000026816417,0.100000859679747
1.97,0.100000028461454,0.100006653316382,0.0999996773171753,0.0999990100099437,0.100002803944714,0.100002471281194,0.100003848265942,0.0999987629081162,0.100002648124186,0.100000847310748
1.972,0.100000022687739,0.100006574479767,0.0999996904551017,0.0999990312496908,0.100002769856122,0.100002437178075,0.100003800731176,0.0999987889613963,0.100002614606673,0.10000083494175
1.974,0.100000016914025,0.100006495643152,0.0999997035930282,0.099999052489438,0.100002735767531,0.100002403074956,0.10000375319641,0.0999988091927999,0.100002581089159,0.100000822572751
1.976,0.10000001114031,0.100006416806538,0.0999997167309546,0.0999990737291852,0.10000270167894,0.100002368971837,0.100003705661645,0.0999988286786478,0.100002547571645,0.100000810203752
1.978,0.100000005366595,0.100006337969923,0.0999997298688811,0.0999990949689323,0.100002667590348,0.100002334868718,0.100003658126879,0.0999988481644958,0.100002514054132,0.100000797834753
1.98,0.0999999995928806,0.100006259133309,0.0999997407203991,0.0999991162086795,0.100002633501757,0.100002300765599,0.100003612012849,0.0999988676503438,0.100002480536618,0.100000785465754
1.982,0.0999999938191659,0.100006180296694,0.0999997503791098,0.0999991374484266,0.100002599413165,0.10000226666248,0.100003573212897,0.0999988871361918,0.100002447019105,0.100000773096755
1.984,0.0999999880454513,0.100006101460079,0.0999997600378206,0.0999991586881738,0.100002565324574,0.100002232559362,0.100003534412946,0.0999989066220397,0.100002413501591,0.100000760727756
1.986,0.0999999822717366,0.100006022623465,0.0999997696965313,0.0999991799279209,0.100002531235982,0.100002198456243,0.100003495612994,0.0999989261078877,0.100002379984077,0.100000748358757
1.988,0.099999976498022,0.100005945697965,0.0999997793552421,0.0999992011676681,0.100002497147391,0.100002164353124,0.100003456813043,0.0999989455937357,0.100002346466564,0.100000735989758
1.99,0.0999999707243074,0.100005880137076,0.0999997890139528,0.0999992224074153,0.1000024630588,0.100002130250005,0.100003418013091,0.0999989650795836,0.10000231294905,0.10000072362076
1.992,0.0999999649505927,0.100005814576186,0.0999997986726636,0.0999992436471624,0.100002428970208,0.100002100130552,0.10000337921314,0.0999989845654316,0.100002279431536,0.100000712921171
1.994,0.0999999591768781,0.100005749015297,0.0999998083313744,0.0999992648869096,0.100002394881617,0.100002072468097,0.100003340413189,0.0999990040512796,0.100002246128727,0.100000703015906
1.996,0.0999999534031634,0.100005683454408,0.0999998179900851,0.0999992842963025,0.100002360793025,0.100002044805641,0.100003301613237,0.0999990235371276,0.100002218295779,0.100000693110642
1.998,0.0999999487650003,0.100005617893519,0.0999998276487959,0.0999993008408868,0.100002326704434,0.100002017143186,0.100003262813286,0.0999990430229755,0.100002190462832,0.100000683205377
2,0.0999999451606144,0.100005552332629,0.0999998373075066,0.0999993173854711,0.100002292615842,0.100001989480731,0.100003224013334,0.0999990625088235,0.100002162629884,0.100000673300113
