Tempo,Sim_1,Sim_2,Sim_3,Sim_4,Sim_5,Sim_6,Sim_7,Sim_8,Sim_9,Sim_10
0,0,0,0,0,0,0,0,0,0,0
0.01,0.333459207324284,0.333401055912947,0.310216317810825,0.307364297786491,0.326825198990556,0.330117318345965,0.352178097853595,0.324021125275552,0.330819088298028,0.298015205420359
0.02,0.761854535560947,0.744815696081273,0.601226614427966,0.311787921312072,0.639742658373428,0.735193929578861,0.756484376583259,0.66548542585154,0.666184505872683,0.300017878623868
0.03,0.710749007090071,0.783515349284515,0.625465400614639,0.504005540840356,0.573753629030182,0.760350946394984,0.776068319838345,0.701155036260141,0.688638379973472,0.571057959390064
0.04,0.728934695564856,0.807272651168653,0.639027807529035,0.528225935151979,0.592584806975165,0.784622871813537,0.808402357292479,0.721520337204854,0.712044933981055,0.584106052669617
0.05,0.742829928225435,0.826130830963832,0.649177356222423,0.540277376069543,0.607153399122754,0.803291247504127,0.834731570687295,0.737274552950136,0.730046447065528,0.593733993271565
0.06,0.752385464031356,0.839811797623296,0.656531008708749,0.54925942824254,0.617526521962405,0.816639883699448,0.855144364099053,0.748542584793752,0.743007516502645,0.601081338402501
0.07,0.75791441086657,0.848961561986143,0.661599098727262,0.555660853082275,0.624106017916055,0.825479914568938,0.869723945053832,0.755662392046508,0.751383590516409,0.606701834386554
0.08,0.760024237933518,0.854069377146716,0.664779288142208,0.559894567959518,0.627143105030535,0.830231904395419,0.878984552906965,0.759563367642374,0.756105488827509,0.610733847929064
0.09,0.759200435230222,0.855762904656211,0.666548264306568,0.562281809673762,0.627637474317851,0.831890075214485,0.883275015643945,0.760881726140518,0.757709541050042,0.613574043623772
0.1,0.75609562903999,0.85487959276683,0.667225061243367,0.563377434752881,0.626086345565729,0.831142710029402,0.883833614122918,0.760184701159408,0.756839921487241,0.615477680691561
0.11,0.751232289451039,0.851811681609848,0.666726616361492,0.563475209797253,0.622493256543979,0.828008268468398,0.880700051370054,0.757339491907638,0.754236429972175,0.616437149172542
0.12,0.745095007923417,0.846784278983529,0.66564106331494,0.562433531175341,0.617958631701325,0.823379402928496,0.874735462707277,0.753576072966146,0.74961161606791,0.616764686534942
0.13,0.737731996529288,0.840840943090217,0.664208982848451,0.560876750169194,0.612659596361976,0.817953551955745,0.86659500818903,0.748963921001439,0.744127293228872,0.616759663182302
0.14,0.729953834025449,0.834017819148347,0.6621920384532,0.558950885285462,0.606497082716589,0.811340559324055,0.856785625112169,0.743478791727169,0.737954485239822,0.616217495899544
0.15,0.721850836995744,0.826544177387119,0.660127394522098,0.556522657177439,0.600232645151565,0.804502369931804,0.845636815869863,0.737841130441585,0.731088295813498,0.615509260533435
0.16,0.713651258391464,0.818860928134525,0.657825182263686,0.554041853006249,0.593757097537221,0.797290670327127,0.833563916431381,0.731861315801192,0.724107747025502,0.614530677197422
0.17,0.705452291550394,0.811074716261886,0.655522908423741,0.551307430346553,0.587363310296954,0.790122650188419,0.821103369703311,0.725889332329934,0.717022112506309,0.613466908017337
0.18,0.697711524905545,0.803269976249762,0.653214964768518,0.548573007686858,0.581193136898955,0.783022678822596,0.808399521315245,0.720104703881961,0.709931380924756,0.612233376953243
0.19,0.689970758260695,0.795834532472001,0.650907021113295,0.545851796377179,0.575022963500955,0.775956804630155,0.795739616631142,0.714320075433988,0.703248742722988,0.610999845889148
0.2,0.683079821468887,0.788605854600408,0.648693242741537,0.543134157930604,0.569632290984427,0.769612791663189,0.783246878948818,0.708954173470758,0.696704648108202,0.609679295277164
0.21,0.676312537231341,0.781396667949653,0.646646512355615,0.540445935275253,0.564294335848139,0.763268778696222,0.771225930298849,0.703880452629526,0.69019525670266,0.608351894289655
0.22,0.669964432955445,0.775263429593283,0.644599781969692,0.537996828179954,0.559060678669539,0.757242323460998,0.759494156313067,0.698806731788294,0.684694382948598,0.607024493302145
0.23,0.664528701545357,0.769130191236913,0.642553051583769,0.535547721084654,0.554875413371001,0.752075931667852,0.748711984947191,0.694382450963721,0.679193509194536,0.605749129847349
0.24,0.65909297013527,0.763297574818832,0.640818015834711,0.533098613989354,0.550690148072463,0.746909539874706,0.737929813581314,0.690337751142088,0.673897169179391,0.604474134745274
0.25,0.654338644201876,0.758484103390636,0.639217175382314,0.530923728827343,0.546553581347886,0.742140467760559,0.728626295375476,0.686293051320455,0.669634615385572,0.6031991396432
0.26,0.650324628991603,0.753670631962441,0.637616334929918,0.528931924538563,0.543563649284179,0.738284722810716,0.719525270489147,0.682749351129458,0.665372061591752,0.601953770025247
0.27,0.64631061378133,0.749130725789519,0.636015494477521,0.526940120249783,0.540573717220473,0.734428977860874,0.711140959660802,0.679799170717075,0.661168604362216,0.600860303168377
0.28,0.642800610017546,0.745684812262892,0.634711529641041,0.524948315961003,0.537583785156767,0.730618450008071,0.703930631890274,0.676848990304692,0.658169602068595,0.599766836311507
0.29,0.640140837196002,0.742238898736264,0.633578158858808,0.523242899348697,0.535317385063863,0.728043204656653,0.696720304119745,0.67389880989231,0.655170599774975,0.598673369454637
0.3,0.637481064374458,0.738792985209637,0.632444788076575,0.521760759388175,0.533410686108752,0.725467959305236,0.690862996271839,0.671904218320387,0.652171597481354,0.597579902597768
0.31,0.634821291552914,0.73634769432949,0.631311417294342,0.520278619427652,0.531503987153642,0.722892713953818,0.685712967286404,0.669963567118301,0.649778921211272,0.596550893647609
0.32,0.633099576886106,0.734144722103611,0.630209424169929,0.518796479467129,0.529597288198531,0.720639999931825,0.680562938300969,0.668022915916214,0.647899648054879,0.59569779982031
0.33,0.631557048897869,0.731941749877732,0.6294638550237,0.517373760351659,0.528510885648705,0.71911651302062,0.676080259131277,0.666160368106011,0.646020374898487,0.594844705993011
0.34,0.630014520909633,0.729880126532197,0.62871828587747,0.516359438036729,0.527439877631563,0.717593026109415,0.672948322782078,0.665018152449572,0.644141101742095,0.593991612165713
0.35,0.628663426726811,0.728649910860618,0.627972716731241,0.5153451157218,0.52636886961442,0.71606953919821,0.669816386432879,0.663875936793134,0.642983400466402,0.593138518338414
0.36,0.62791891387562,0.72741969518904,0.627227147585011,0.514330793406871,0.525459141290028,0.715010095261513,0.66668445008368,0.662733721136695,0.641957656545058,0.592344909815694
0.37,0.627174401024428,0.726189479517461,0.626658018753538,0.513316471091942,0.524964239799964,0.714235220275948,0.664722922949841,0.66170833510327,0.640931912623713,0.591713645452089
0.38,0.626429888173237,0.725244535920408,0.626192406502243,0.512417803820168,0.524469338309901,0.713460345290381,0.663213377917239,0.661129953362836,0.639930491776685,0.591082381088484
0.39,0.625950264408922,0.724702801074303,0.625726794250947,0.51177620229362,0.523974436819837,0.712685470304816,0.661703832884637,0.660551571622403,0.639500890462469,0.59045111672488
0.4,0.625741133746982,0.724161066228198,0.625261181999651,0.511134600767073,0.523601250854145,0.712279500826995,0.660360900371248,0.659973189881969,0.639071289148254,0.589819852361275
0.41,0.625532003085041,0.723619331382094,0.624795569748355,0.510492999240526,0.523481799227197,0.712014061928777,0.660010368564578,0.659406158730779,0.638641687834038,0.589237546060947
0.42,0.625322872423101,0.723264260616623,0.624503971544964,0.509851397713979,0.523362347600248,0.71174862303056,0.659659836757909,0.659204953637859,0.638212086519822,0.588788853527428
0.43,0.625246547103872,0.723176829271563,0.624235305812908,0.509315603945699,0.5232428959733,0.711483184132342,0.659309304951239,0.659003748544939,0.638139764064045,0.588340160993908
0.44,0.625357900058021,0.723089397926502,0.623966640080852,0.508940691048477,0.523123444346352,0.711347165208619,0.65927492265593,0.658802543452019,0.638096519470704,0.587891468460389
0.45,0.625469253012171,0.723001966581441,0.623697974348796,0.508565778151254,0.523194682297098,0.711391783858915,0.659693458468762,0.658601338359099,0.638053274877364,0.58744277592687
0.46,0.62558060596632,0.722914535236381,0.623429308616741,0.508190865254031,0.523286335518307,0.71143640250921,0.660111994281594,0.658476297398786,0.638010030284024,0.587032038167408
0.47,0.625691958920469,0.723061435350304,0.623272297782725,0.507815952356808,0.523377988739516,0.711481021159506,0.660530530094426,0.658495361486448,0.63802333694056,0.586724884577556
0.48,0.625914720389143,0.723226624650608,0.623130001408717,0.507512011506537,0.523469641960725,0.711525639809801,0.661097221598467,0.658514425574109,0.63818540838877,0.586417730987703
0.49,0.626170837215211,0.723391813950911,0.62298770503471,0.50731598377078,0.523561295181934,0.711631046697464,0.661933944145406,0.658533489661771,0.638347479836979,0.586110577397851
0.5,0.62642695404128,0.723557003251214,0.622845408660702,0.507119956035022,0.523727493101327,0.711816456721044,0.662770666692345,0.658552553749433,0.638509551285189,0.585803423807999
0.51,0.626683070867348,0.723722192551518,0.622703112286695,0.506923928299265,0.523901671793416,0.712001866744623,0.663607389239283,0.658605403672784,0.638671622733399,0.585524491008272
0.52,0.626939187693417,0.72397245065629,0.622626976065941,0.506727900563507,0.524075850485504,0.712187276768203,0.664444111786222,0.658722177510268,0.638852574138879,0.585322576902071
0.53,0.627211777607908,0.72422934824185,0.622559558772401,0.506576612889005,0.524250029177593,0.712372686791783,0.665358921864905,0.658838951347752,0.639083191518432,0.585120662795869
0.54,0.627489299513046,0.72448624582741,0.622492141478861,0.506493352551475,0.524424207869682,0.712570147010749,0.666302064070526,0.658955725185235,0.639313808897986,0.584918748689668
0.55,0.627766821418185,0.724743143412971,0.622424724185322,0.506410092213944,0.524603798649545,0.712783466439673,0.667245206276147,0.659072499022719,0.639544426277539,0.584716834583466
0.56,0.628044343323324,0.725000040998531,0.622357306891782,0.506326831876414,0.524783968848781,0.712996785868597,0.668188348481768,0.659197915022099,0.639775043657093,0.584535186512111
0.57,0.628321865228462,0.725252999701731,0.62232734658923,0.506243571538883,0.524964139048017,0.713210105297521,0.669131490687389,0.659339682276483,0.640003718827128,0.58440884743529
0.58,0.628569701922663,0.725505650981617,0.622302322562699,0.506186834461368,0.525144309247253,0.713423424726445,0.669990081013546,0.659481449530868,0.640227284783931,0.584282508358469
0.59,0.628808650958461,0.725758302261504,0.622277298536168,0.506170426044477,0.525324479446489,0.713627038682799,0.670817993784296,0.659623216785252,0.640450850740733,0.584156169281647
0.6,0.62904759999426,0.72601095354139,0.622252274509637,0.506154017627585,0.525482124084405,0.713817879308738,0.671645906555045,0.659764984039636,0.640674416697535,0.584029830204826
0.61,0.629286549030058,0.726263604821277,0.622227250483106,0.506137609210694,0.525637357130497,0.714008719934677,0.672473819325795,0.659903647572832,0.640897982654337,0.583917571697685
0.62,0.629525498065856,0.726476776027675,0.622222096116319,0.506121200793802,0.525792590176588,0.714199560560616,0.673301732096544,0.660036438763291,0.641111426697632,0.583843741139442
0.63,0.629722412116291,0.726686865879034,0.62221956027607,0.506119182325128,0.525947823222679,0.714390401186555,0.673977058605692,0.66016922995375,0.641298243843068,0.5837699105812
0.64,0.629906741024864,0.726896955730392,0.622217024435821,0.506139043796467,0.526103056268771,0.714564655171795,0.674597022968848,0.66030202114421,0.641485060988505,0.583696080022958
0.65,0.630091069933436,0.72710704558175,0.622214488595572,0.506158905267806,0.526228907460768,0.714717079551049,0.675216987332003,0.660434812334669,0.641671878133941,0.583622249464715
0.66,0.630275398842009,0.727317135433108,0.622211952755323,0.506178766739144,0.526351613024644,0.714869503930304,0.675836951695158,0.660560118523748,0.641858695279378,0.583557804298697
0.67,0.630459727750582,0.727480517626395,0.622218766592805,0.506198628210483,0.526474318588521,0.715021928309558,0.676456916058314,0.660671262843637,0.64203380055671,0.583518973250644
0.68,0.630605143635083,0.727640254363509,0.62222681257918,0.506225127991974,0.526597024152397,0.715174352688812,0.676923438997553,0.660782407163526,0.642178096371431,0.583480142202591
0.69,0.630738909083074,0.727799991100622,0.622234858565555,0.506261721335005,0.526719729716273,0.715310398356829,0.677334289516334,0.660893551483415,0.642322392186152,0.583441311154538
0.7,0.630872674531066,0.727959727837735,0.62224290455193,0.506298314678037,0.526815352844262,0.715424888073923,0.677745140035114,0.661004695803303,0.642466688000873,0.583402480106484
0.71,0.631006439979056,0.728119464574848,0.622250950538305,0.506334908021068,0.526908076520376,0.715539377791018,0.678155990553894,0.66110769275626,0.642610983815594,0.583369669675787
0.72,0.631140205427048,0.728238114426698,0.622262780477718,0.5063715013641,0.52700080019649,0.715653867508112,0.678566841072675,0.661195274622582,0.642744883812053,0.583353290396766
0.73,0.631243394314273,0.728353557514481,0.622275109086034,0.506410027019887,0.527093523872604,0.715768357225206,0.678854939554002,0.661282856488903,0.642851436371604,0.583336911117744
0.74,0.631337428675773,0.728469000602265,0.62228743769435,0.506451490760407,0.527186247548718,0.715869389890995,0.67909850049868,0.661370438355225,0.642957988931155,0.583320531838722
0.75,0.631431463037274,0.728584443690048,0.622299766302667,0.506492954500928,0.527257327283133,0.715952711789845,0.679342061443358,0.661458020221546,0.643064541490706,0.583304152559701
0.76,0.631525497398774,0.728699886777831,0.622312094910983,0.506534418241449,0.527326089812125,0.716036033688694,0.679585622388036,0.661538343316923,0.643171094050257,0.583291423745546
0.77,0.631619531760274,0.728783212239228,0.622325017130881,0.506575881981969,0.527394852341116,0.716119355587544,0.679829183332713,0.661604932578544,0.643269494703346,0.583288657587772
0.78,0.631691873352365,0.728864030972516,0.622338017579984,0.506616637527818,0.527463614870108,0.716202677486394,0.679988742092708,0.661671521840166,0.643346450796513,0.583285891429998
0.79,0.631757720197805,0.728944849705804,0.622351018029086,0.506656316262499,0.5275323773991,0.716275882216641,0.680117822740432,0.661738111101788,0.643423406889681,0.583283125272224
0.8,0.631823567043245,0.729025668439092,0.622364018478189,0.506695994997179,0.527584727201629,0.716335771785108,0.680246903388155,0.661804700363409,0.643500362982848,0.58328035911445
0.81,0.631889413888685,0.72910648717238,0.622377018927291,0.50673567373186,0.527635319853852,0.716395661353575,0.680375984035879,0.661865425314542,0.643577319076016,0.583279590635277
0.82,0.631955260734125,0.729164537086991,0.622389033621047,0.50677535246654,0.527685912506076,0.716455550922043,0.680505064683603,0.661915054797039,0.643648239840833,0.583284274115288
0.83,0.632006004974635,0.729220809932614,0.622400918406865,0.506813288481033,0.527736505158299,0.71651544049051,0.680584196352257,0.661964684279537,0.643703283956296,0.583288957595299
0.84,0.632052227542925,0.729277082778237,0.622412803192682,0.506848574686603,0.527787097810523,0.716568140419544,0.680645205270919,0.662014313762035,0.64375832807176,0.58329364107531
0.85,0.632098450111216,0.72933335562386,0.6224246879785,0.506883860892174,0.527825884532317,0.716611378095258,0.680706214189581,0.662063943244533,0.643813372187223,0.583298324555321
0.86,0.632144672679507,0.729389628469484,0.622436572764317,0.506919147097744,0.527863407308457,0.716654615770973,0.680767223108243,0.662109066369346,0.643868416302687,0.583303970341887
0.87,0.632190895247797,0.72943028063242,0.622446879997427,0.506954433303314,0.527900930084598,0.716697853446687,0.680828232026904,0.662145663316968,0.643919167468378,0.5833122424048
0.88,0.63222705722928,0.729469713626669,0.622456979332481,0.50698741431468,0.527938452860739,0.716741091122402,0.680863840474112,0.662182260264589,0.643958625518886,0.583320514467713
0.89,0.632260207102847,0.729509146620918,0.622467078667535,0.507016890274453,0.52797597563688,0.716779225580042,0.680890232989333,0.66221885721221,0.643998083569395,0.583328786530626
0.9,0.632293356976413,0.729548579615167,0.622477178002589,0.507046366234225,0.528005075779793,0.716810643714479,0.680916625504554,0.662255454159831,0.644037541619903,0.583337058593539
0.91,0.63232650684998,0.729588012609416,0.622487277337643,0.507075842193998,0.528033274193637,0.716842061848916,0.680943018019775,0.662288683269573,0.644076999670411,0.58334562096226
0.92,0.632359656723546,0.729616801482319,0.622495707068263,0.507105318153771,0.528061472607481,0.716873479983353,0.680969410534996,0.662315540319098,0.644113466324433,0.583354975618296
0.93,0.632386352721224,0.729644759598992,0.622503916769775,0.507132322725383,0.528089671021325,0.71690489811779,0.680985408412815,0.662342397368624,0.64414206375406,0.583364330274332
0.94,0.632411116448843,0.729672717715666,0.622512126471286,0.507155569547218,0.52811786943517,0.716932756051077,0.680997634853891,0.66236925441815,0.644170661183687,0.583373684930368
0.95,0.632435880176463,0.729700675832339,0.622520336172798,0.507178816369054,0.52813977757652,0.716955928419053,0.681009861294966,0.662396111467676,0.644199258613314,0.583383039586404
0.96,0.632460643904082,0.729728633949013,0.62252854587431,0.507202063190889,0.528161012279836,0.716979100787028,0.681022087736042,0.662420483865632,0.64422785604294,0.583392369227472
0.97,0.632485407631702,0.729749738078317,0.62253522209785,0.507225310012725,0.528182246983153,0.717002273155003,0.681034314177118,0.662440155220966,0.644254331912796,0.583401630599003
0.98,0.632505475307794,0.729770307265138,0.62254169623173,0.507246312315734,0.528203481686469,0.717025445522978,0.681044228382706,0.662459826576301,0.644275226767235,0.583410891970535
0.99,0.63252413700089,0.729790876451959,0.62254817036561,0.507263901824163,0.528224716389786,0.71704605076428,0.681053303650912,0.662479497931635,0.644296121621675,0.583420153342067
1,0.632542798693987,0.729811445638781,0.62255464449949,0.507281491332593,0.528241324411966,0.717063277421285,0.681062378919119,0.662499169286969,0.644317016476115,0.583429414713599
1.01,0.632561460387083,0.729832014825602,0.622561118633371,0.507299080841022,0.52825743710059,0.71708050407829,0.681071454187326,0.662517030402799,0.644337911330554,0.583438396901937
1.02,0.63258012208018,0.729847665756978,0.622566268440865,0.507316670349452,0.528273549789214,0.717097730735296,0.681080529455533,0.662531466485852,0.644357341322223,0.583446617158214
1.03,0.632595441689906,0.729862932826575,0.622571243721778,0.507332412730218,0.528289662477838,0.717114957392301,0.681090010707669,0.662545902568904,0.644372917818076,0.58345483741449
1.04,0.632609760690426,0.729878199896173,0.62257621900269,0.507345346550323,0.528305775166462,0.717130381453938,0.68109963926102,0.662560338651957,0.644388494313928,0.583463057670767
1.05,0.632624079690947,0.729893466965771,0.622581194283603,0.507358280370429,0.528318500463189,0.717143433127616,0.68110926781437,0.66257477473501,0.64440407080978,0.583471277927043
1.06,0.632638398691467,0.729908734035368,0.622586169564516,0.507371214190534,0.528330863104952,0.717156484801295,0.681118896367721,0.662587909025837,0.644419647305633,0.583479108515608
1.07,0.632652717691988,0.729920427164879,0.622590043918928,0.507384148010639,0.528343225746716,0.717169536474974,0.681128524921072,0.662598580282887,0.644434145089684,0.583485875643585
1.08,0.632664742146934,0.729931841354222,0.622593773187551,0.507395662384463,0.528355588388479,0.717182588148652,0.681139120179448,0.662609251539938,0.644445805193991,0.583492642771561
1.09,0.632676079622182,0.729943255543566,0.622597502456174,0.507405018487871,0.528367951030243,0.717194294452104,0.6811500661828,0.662619922796988,0.644457465298298,0.583499409899538
1.1,0.632687417097431,0.729954669732909,0.622601231724796,0.507414374591279,0.528377760408768,0.717204230119627,0.681161012186153,0.662630594054039,0.644469125402605,0.583506177027515
1.11,0.632698754572679,0.729966083922252,0.622604960993419,0.507423730694688,0.528387296434338,0.717214165787151,0.681171958189505,0.662640304443571,0.644480785506912,0.583512594753289
1.12,0.632710092047927,0.729975129938686,0.622607844792024,0.507433086798096,0.528396832459908,0.717224101454674,0.681182904192858,0.662648196840106,0.644491659740981,0.583518058908982
1.13,0.632719450175422,0.729983991123104,0.622610617170217,0.507441323669563,0.528406368485478,0.717234037122197,0.68119430813659,0.662656089236641,0.644500466649883,0.583523523064675
1.14,0.63272821569245,0.729992852307523,0.622613389548409,0.507447858747017,0.528415904511048,0.717243005195654,0.681205878232648,0.662663981633176,0.644509273558785,0.583528987220368
1.15,0.632736981209478,0.730001713491941,0.622616161926602,0.50745439382447,0.528423518196275,0.717250699822751,0.681217448328705,0.662671874029711,0.644518080467687,0.583534451376061
1.16,0.632745746726507,0.73001057467636,0.622618934304794,0.507460928901924,0.528430926075298,0.717258394449848,0.681229018424763,0.66267905732085,0.644526887376588,0.583539583772052
1.17,0.632754512243535,0.730017566284892,0.622621054191227,0.507467463979377,0.528438333954321,0.717266089076945,0.68124058852082,0.662684898961222,0.644535126087314,0.583543810746947
1.18,0.632761839061005,0.730024411976089,0.622623088088921,0.507473142578225,0.528445741833345,0.717273783704041,0.681251788888631,0.662690740601594,0.64454187008513,0.583548037721843
1.19,0.632768735136372,0.730031257667287,0.622625121986615,0.507477518899941,0.528453149712368,0.717280737900492,0.681262855109704,0.662696582241965,0.644548614082945,0.583552264696738
1.2,0.632775631211739,0.730038103358485,0.622627155884308,0.507481895221656,0.52845903451995,0.717286717619375,0.681273921330777,0.662702423882337,0.64455535808076,0.583556491671633
1.21,0.632782527287106,0.730044949049683,0.622629189782002,0.507486271543371,0.528464756267151,0.717292697338258,0.68128498755185,0.662707741960895,0.644562102078575,0.583560426003693
1.22,0.632789423362473,0.730050319265227,0.622630721195285,0.507490647865086,0.528470478014351,0.717298677057142,0.681296053772923,0.662712069443255,0.644568395555396,0.583563561670345
1.23,0.632795212742824,0.730055574322314,0.622632186388574,0.50749441879644,0.528476199761551,0.717304656776025,0.681306169964609,0.662716396925615,0.644573503883132,0.583566697336997
1.24,0.632800670782184,0.730060829379401,0.622633651581862,0.50749726923075,0.528481921508751,0.717310030396579,0.681315941461661,0.662720724407974,0.644578612210868,0.583569833003649
1.25,0.632806128821543,0.730066084436488,0.622635116775151,0.50750011966506,0.528486484757703,0.717314606333746,0.681325712958714,0.662725051890334,0.644583720538604,0.583572968670302
1.26,0.632811586860902,0.730071339493575,0.622636581968439,0.50750297009937,0.528490923977563,0.717319182270913,0.681335484455766,0.662728996040394,0.64458882886634,0.583575876814528
1.27,0.632817044900262,0.73007543200546,0.622637690033141,0.50750582053368,0.528495363197423,0.71732375820808,0.681345255952818,0.662732214913117,0.644593605211199,0.583578164016538
1.28,0.632821565202833,0.730079433782597,0.622638751033591,0.50750823606058,0.528499802417284,0.717328334145247,0.681353779319681,0.66273543378584,0.644597508235596,0.583580451218549
1.29,0.632825804749972,0.730083435559734,0.622639812034041,0.507509990310045,0.528504241637144,0.717332451626875,0.681361849833417,0.662738652658563,0.644601411259993,0.583582738420559
1.3,0.632830044297111,0.730087437336872,0.62264087303449,0.507511744559509,0.528507776622088,0.717335965737153,0.681369920347153,0.662741871531286,0.64460531428439,0.583585025622569
1.31,0.63283428384425,0.730091439114009,0.62264193403494,0.507513498808974,0.528511214799432,0.717339479847432,0.68137799086089,0.662744813582594,0.644609217308787,0.583587125722593
1.32,0.632838523391389,0.730094625998038,0.622642728150431,0.507515253058439,0.528514652976776,0.71734299395771,0.681386061374626,0.662747231878666,0.644612869514441,0.583588715193733
1.33,0.632842038010135,0.730097749280996,0.622643487094442,0.507516713529417,0.52851809115412,0.717346508067989,0.681392868854446,0.662749650174738,0.644615861911548,0.583590304664873
1.34,0.632845335587611,0.730100872563954,0.622644246038453,0.50751772730972,0.528521529331464,0.717349645934274,0.681399218073692,0.66275206847081,0.644618854308655,0.583591894136013
1.35,0.632848633165086,0.730103995846911,0.622645004982464,0.507518741090024,0.528524256101239,0.71735228862747,0.681405567292937,0.662754486766882,0.644621846705762,0.583593483607153
1.36,0.632851930742562,0.730107119129869,0.622645763926475,0.507519754870327,0.528526906707555,0.717354931320665,0.681411916512183,0.662756691579063,0.644624839102869,0.583594937768896
1.37,0.632855228320037,0.730109614912076,0.622646322184951,0.50752076865063,0.528529557313871,0.717357574013861,0.681418265731428,0.662758492472691,0.644627630575218,0.58359602265136
1.38,0.632857943152303,0.730112061718877,0.622646853996049,0.507521596481729,0.528532207920186,0.717360216707057,0.681423474649242,0.662760293366318,0.644629893491087,0.583597107533824
1.39,0.632860483512494,0.730114508525679,0.622647385807147,0.507522141576755,0.528534858526502,0.717362630006982,0.681428269836923,0.662762094259945,0.644632156406955,0.583598192416288
1.4,0.632863023872685,0.73011695533248,0.622647917618245,0.50752268667178,0.528536961966882,0.717364741403419,0.681433065024604,0.662763895153572,0.644634419322823,0.583599277298752
1.41,0.632865564232876,0.730119402139282,0.622648449429343,0.507523231766806,0.528539006827551,0.717366852799856,0.681437860212285,0.662765538178292,0.644636682238691,0.583600262227643
1.42,0.632868104593066,0.730121267048887,0.622648843400173,0.507523776861832,0.52854105168822,0.717368964196292,0.681442655399966,0.662766882509839,0.644638797591064,0.583600974368509
1.43,0.632870227444351,0.730123086542369,0.6226492192057,0.507524201505123,0.528543096548889,0.717371075592729,0.681446561502287,0.662768226841386,0.644640524760105,0.583601686509376
1.44,0.632872225294787,0.730124906035852,0.622649595011227,0.507524443001354,0.528545141409557,0.717372987752388,0.681450145022003,0.662769571172934,0.644642251929146,0.583602398650243
1.45,0.632874223145224,0.730126725529334,0.622649970816754,0.507524684497585,0.528546781643027,0.717374637697386,0.681453728541719,0.662770915504481,0.644643979098187,0.583603110791109
1.46,0.632876220995661,0.730128545022816,0.622650346622281,0.507524925993815,0.528548378557014,0.717376287642385,0.681457312061436,0.662772142651361,0.644645706267228,0.583603748316535
1.47,0.632878218846098,0.730129983489239,0.622650621518398,0.507525167490046,0.528549975471002,0.717377937587383,0.681460895581152,0.662773148080992,0.64464732221811,0.583604182205433
1.48,0.632879891370533,0.730131392217123,0.622650883116152,0.507525337006062,0.528551572384989,0.717379587532382,0.681463785363352,0.662774153510622,0.644648645596391,0.58360461609433
1.49,0.632881466493391,0.730132800945008,0.622651144713906,0.507525397076045,0.528553169298977,0.717381048438386,0.681466423440076,0.662775158940253,0.644649968974673,0.583605049983227
1.5,0.632883041616249,0.730134209672892,0.62265140631166,0.507525457146027,0.528554440505977,0.717382260550989,0.6814690615168,0.662776164369883,0.644651292352954,0.583605483872124
1.51,0.632884616739108,0.730135618400777,0.622651667909414,0.507525517216009,0.528555676842712,0.717383472663593,0.681471699593524,0.66277708051455,0.644652615731235,0.583605868224281
1.52,0.632886191861966,0.730136726233562,0.622651858024835,0.507525577285992,0.528556913179446,0.717384684776196,0.681474337670248,0.662777827729124,0.644653851286866,0.583606117383376
1.53,0.632887447587658,0.730137810581978,0.622652038719945,0.5075255985922,0.528558149516181,0.717385896888799,0.681476439548807,0.662778574943699,0.644654855814564,0.583606366542471
1.54,0.632888607686848,0.730138894930393,0.622652219415055,0.507525560958024,0.528559385852916,0.717386984192813,0.68147834688114,0.662779322158273,0.644655860342263,0.583606615701566
1.55,0.632889767786038,0.730139979278809,0.622652400110165,0.507525523323849,0.528560356232276,0.717387907236782,0.681480254213474,0.662780069372847,0.644656864869961,0.583606864860661
1.56,0.632890927885228,0.730141063627224,0.622652580805274,0.507525485689674,0.528561298138179,0.717388830280752,0.681482161545807,0.662780753505019,0.644657869397659,0.583607081262899
1.57,0.632892087984417,0.730141883643158,0.622652713879712,0.507525448055498,0.528562240044082,0.717389753324722,0.681484068878141,0.662781318283208,0.644658809324401,0.583607208266848
1.58,0.632893048508936,0.730142683028374,0.62265284067845,0.507525391392588,0.528563181949984,0.717390676368691,0.681485595203825,0.662781883061396,0.644659579310638,0.583607335270798
1.59,0.632893949281428,0.730143482413591,0.622652967477189,0.507525305796453,0.528564123855887,0.717391513296049,0.681486983290683,0.662782447839585,0.644660349296875,0.583607462274747
1.6,0.632894850053921,0.730144281798807,0.622653094275927,0.507525220200319,0.528564875015689,0.717392236885707,0.681488371377541,0.662783012617774,0.644661119283112,0.583607589278697
1.61,0.632895750826413,0.730145081184024,0.622653221074666,0.507525134604185,0.528565605754168,0.717392960475365,0.681489759464399,0.66278352507112,0.644661889269349,0.583607695085345
1.62,0.632896651598905,0.730145717586315,0.622653311763205,0.507525049008051,0.528566336492648,0.717393684065022,0.681491147551257,0.66278393852414,0.644662607053038,0.583607743041433
1.63,0.632897419454601,0.730146341268057,0.622653397692955,0.507524956482633,0.528567067231127,0.71739440765468,0.681492289244045,0.662784351977159,0.644663187511715,0.583607790997521
1.64,0.632898147515427,0.730146964949798,0.622653483622704,0.507524853421227,0.528567797969607,0.71739505944536,0.681493341538848,0.662784765430179,0.644663767970392,0.583607838953609
1.65,0.632898875576253,0.730147588631539,0.622653569552454,0.507524750359821,0.528568386216398,0.717395616741715,0.681494393833651,0.662785178883198,0.64466434842907,0.583607886909697
1.66,0.632899603637079,0.730148212313281,0.622653655482204,0.507524647298415,0.528568959207996,0.717396174038071,0.681495446128453,0.662785557055527,0.644664928887746,0.583607921549349
1.67,0.632900331697905,0.73014870479391,0.622653716181769,0.507524544237009,0.528569532199594,0.717396731334427,0.681496498423256,0.662785868475625,0.644665470569551,0.583607919846486
1.68,0.632900935135487,0.730149187034508,0.622653773556369,0.507524441907137,0.528570105191192,0.717397288630783,0.681497372915197,0.662786179895724,0.644665910244176,0.583607918143623
1.69,0.632901501261263,0.730149669275107,0.622653830930969,0.507524340689565,0.52857067818279,0.717397790111055,0.681498182895773,0.662786491315823,0.644666349918802,0.58360791644076
1.7,0.632902067387039,0.730150151515705,0.622653888305569,0.507524239471992,0.528571132015796,0.71739821813202,0.68149899287635,0.662786802735921,0.644666789593428,0.583607914737896
1.71,0.632902633512815,0.730150633756303,0.622653945680169,0.507524138254419,0.528571573091655,0.717398646152986,0.681499802856926,0.662787086791027,0.644667229268054,0.583607906754938
1.72,0.632903199638591,0.730151008368961,0.622653987120514,0.507524037036846,0.528572014167513,0.717399074173951,0.681500612837502,0.662787319070663,0.64466763923602,0.583607881632676
1.73,0.632903650567318,0.730151374581435,0.622654026460961,0.507523940499694,0.528572455243372,0.717399502194917,0.681501297367022,0.6627875513503,0.644667971057082,0.583607856510414
1.74,0.632904067006413,0.730151740793909,0.622654065801408,0.507523851079131,0.528572896319231,0.717399887710891,0.681501936379732,0.662787783629937,0.644668302878144,0.583607831388152
1.75,0.632904483445507,0.730152107006383,0.622654105141855,0.507523761658567,0.528573241709356,0.717400217286231,0.681502575392442,0.662788015909574,0.644668634699206,0.58360780626589
1.76,0.632904899884602,0.730152473218857,0.622654144482301,0.507523672238004,0.528573576855344,0.717400546861571,0.681503214405153,0.662788227755244,0.644668966520269,0.583607778716057
1.77,0.632905316323697,0.730152753720588,0.622654172649408,0.50752358281744,0.528573912001332,0.717400876436911,0.681503853417863,0.662788400939178,0.644669276872173,0.583607744541023
1.78,0.632905669420886,0.730153027532736,0.622654199344033,0.507523498590905,0.528574247147321,0.717401206012251,0.68150437709976,0.662788574123112,0.644669530746903,0.583607710365989
1.79,0.63290600355371,0.730153301344884,0.622654226038659,0.507523422261897,0.528574582293309,0.717401500836253,0.681504858936728,0.662788747307045,0.644669784621632,0.583607676190956
1.8,0.632906337686533,0.730153575157031,0.622654252733284,0.50752334593289,0.528574849660958,0.717401749924171,0.681505340773696,0.662788920490979,0.644670038496362,0.583607642015922
1.81,0.632906671819356,0.730153848969179,0.62265427942791,0.507523269603883,0.528575109772242,0.71740199901209,0.681505822610665,0.662789079006085,0.644670292371092,0.583607608180825
1.82,0.632907005952179,0.730154069396809,0.622654298286819,0.507523193274876,0.528575369883527,0.717402248100008,0.681506304447633,0.662789209767285,0.644670529474729,0.583607575273466
1.83,0.632907288013384,0.730154285657864,0.622654316113097,0.507523123448599,0.528575629994811,0.717402497187926,0.681506708961989,0.662789340528485,0.644670722460012,0.583607542366107
1.84,0.63290755448451,0.730154501918919,0.622654333939374,0.507523063509736,0.528575890106096,0.717402720196224,0.68150708542175,0.662789471289686,0.644670915445296,0.583607509458748
1.85,0.632907820955637,0.730154718179974,0.622654351765652,0.507523003570873,0.528576098273138,0.717402908881245,0.681507461881511,0.662789602050886,0.644671108430579,0.583607476551389
1.86,0.632908087426763,0.73015493444103,0.62265436959193,0.50752294363201,0.528576300879018,0.717403097566267,0.681507838341272,0.66278972106852,0.644671301415862,0.583607443066003
1.87,0.63290835389789,0.730155101714416,0.622654382123875,0.507522883693146,0.528576503484898,0.717403286251288,0.681508214801033,0.662789817866941,0.644671481758425,0.583607408003094
1.88,0.632908570404392,0.730155265164396,0.622654393958107,0.507522829533543,0.528576706090778,0.71740347493631,0.681508543668849,0.662789914665362,0.644671628842808,0.583607372940186
1.89,0.632908771951644,0.730155428614375,0.622654405792338,0.507522784161312,0.528576908696658,0.717403644947222,0.681508855269106,0.662790011463783,0.64467177592719,0.583607337877278
1.9,0.632908973498895,0.730155592064355,0.622654417626569,0.507522738789082,0.528577069893019,0.71740379038122,0.681509166869364,0.662790108262204,0.644671923011572,0.58360730281437
1.91,0.632909175046147,0.730155755514334,0.6226544294608,0.507522693416852,0.528577226656068,0.717403935815219,0.681509478469622,0.662790196456542,0.644672070095955,0.583607269021687
1.92,0.632909376593398,0.730155881056888,0.622654437876069,0.507522648044621,0.528577383419116,0.717404081249217,0.681509790069879,0.662790268371675,0.644672207212632,0.583607238695637
1.93,0.632909544101936,0.73015600364083,0.622654445840768,0.507522607505072,0.528577540182164,0.717404226683215,0.681510051536657,0.662790340286807,0.644672318108074,0.583607208369587
1.94,0.63290970141939,0.730156126224772,0.622654453805468,0.507522574313622,0.528577696945213,0.717404359003027,0.681510294813742,0.66279041220194,0.644672429003516,0.583607178043538
1.95,0.632909858736845,0.730156248808714,0.622654461770168,0.507522541122172,0.528577821475505,0.717404474063315,0.681510538090828,0.662790484117073,0.644672539898959,0.583607147717488
1.96,0.632910016054299,0.730156371392656,0.622654469734868,0.507522507930722,0.528577942554951,0.717404589123604,0.681510781367914,0.662790549649711,0.644672650794401,0.583607118778801
1.97,0.632910173371754,0.730156470490964,0.622654475234576,0.507522474739271,0.528578063634398,0.717404704183893,0.681511024645,0.662790603106459,0.644672754324256,0.583607093626433
1.98,0.632910299699497,0.730156567756256,0.622654480409435,0.507522443852277,0.528578184713844,0.717404819244181,0.681511225456973,0.662790656563208,0.644672838478059,0.583607068474066
1.99,0.632910416749018,0.730156665021548,0.622654485584295,0.507522416469212,0.52857830579329,0.717404922612625,0.681511410861533,0.662790710019956,0.644672922631861,0.583607043321698
2,0.63291053379854,0.73015676228684,0.622654490759154,0.507522389086147,0.528578402145862,0.717405010593482,0.681511596266092,0.662790763476705,0.644673006785664,0.58360701816933
2.01,0.632910650848062,0.730156859552132,0.622654495934013,0.507522361703081,0.52857849585117,0.717405098574339,0.681511781670651,0.662790812358728,0.644673090939466,0.583606994415787
2.02,0.632910767897583,0.730156933755019,0.6226544994304,0.507522334320016,0.528578589556478,0.717405186555196,0.681511967075211,0.662790852585219,0.644673169530244,0.583606974479844
2.03,0.632910866030623,0.730157006157924,0.622654502705589,0.507522311419337,0.528578683261785,0.717405274536053,0.681512124411233,0.662790892811709,0.644673233486823,0.583606954543901
2.04,0.632910958500128,0.730157078560828,0.622654505980778,0.507522295334132,0.528578776967093,0.717405352773038,0.681512271563282,0.6627909330382,0.644673297443403,0.583606934607957
2.05,0.632911050969632,0.730157150963732,0.622654509255966,0.507522279248927,0.528578851465078,0.717405418186154,0.681512418715331,0.66279097326469,0.644673361399982,0.583606914672014
2.06,0.632911143439137,0.730157223366636,0.622654512531155,0.507522263163722,0.528578923906722,0.71740548359927,0.68151256586738,0.662791010002786,0.644673425356562,0.583606896206103
2.07,0.632911235908642,0.730157278308466,0.622654514797438,0.507522247078517,0.528578996348367,0.717405549012387,0.681512713019429,0.662791040140722,0.644673484952152,0.583606881752129
2.08,0.632911314272248,0.730157331887487,0.622654516930762,0.507522233846599,0.528579068790011,0.717405614425503,0.681512836735071,0.662791070278657,0.64467353307564,0.583606867298154
2.09,0.632911388412593,0.730157385466509,0.622654519064085,0.507522224953107,0.528579141231656,0.717405673683637,0.681512951947393,0.662791100416593,0.644673581199129,0.583606852844179
2.1,0.632911462552938,0.73015743904553,0.622654521197409,0.507522216059616,0.528579199022688,0.717405724841225,0.681513067159714,0.662791130554529,0.644673629322617,0.583606838390205
2.11,0.632911536693283,0.730157492624552,0.622654523330733,0.507522207166124,0.528579255245222,0.717405775998813,0.681513182372037,0.662791157951611,0.644673677446105,0.583606824688177
2.12,0.632911610833628,0.730157536460477,0.622654524738006,0.507522198272632,0.528579311467757,0.717405827156401,0.681513297584358,0.662791180162906,0.64467372250274,0.583606813038322
2.13,0.632911671627985,0.730157579535969,0.622654526049596,0.50752218961888,0.528579367690291,0.71740587831399,0.681513391926612,0.662791202374201,0.644673759491651,0.583606801388468
2.14,0.632911728426596,0.730157622611461,0.622654527361186,0.507522181329653,0.528579423912826,0.717405924473532,0.681513478696677,0.662791224585496,0.644673796480561,0.583606789738613
2.15,0.632911785225207,0.730157665686953,0.622654528672775,0.507522173040425,0.52857946852099,0.717405964055168,0.681513565466743,0.662791246796791,0.644673833469472,0.583606778088758
2.16,0.632911842023818,0.730157708762445,0.622654529984366,0.507522164751198,0.528579511885716,0.717406003636804,0.681513652236809,0.662791267100816,0.644673870458383,0.583606767235871
2.17,0.632911898822428,0.730157741557343,0.622654530911464,0.50752215646197,0.528579555250443,0.71740604321844,0.681513739006874,0.662791283796223,0.64467390506895,0.583606758558026
2.18,0.632911945982922,0.730157773549858,0.622654531787893,0.507522149665273,0.52857959861517,0.717406082800076,0.681513811958279,0.66279130049163,0.644673933423,0.583606749880181
2.19,0.632911990257793,0.730157805542372,0.622654532664321,0.507522145137972,0.528579641979896,0.717406118170359,0.681513879895925,0.662791317187038,0.644673961777051,0.583606741202336
2.2,0.632912034532665,0.730157837534887,0.62265453354075,0.50752214061067,0.528579676305804,0.717406147998098,0.681513947833571,0.662791333882445,0.644673990131101,0.58360673252449
2.21,0.632912078807536,0.730157869527402,0.622654534417178,0.507522136083369,0.528579709664014,0.717406177825838,0.681514015771217,0.662791349109059,0.644674018485152,0.583606724633241
2.22,0.632912123082408,0.730157894428872,0.622654535037696,0.507522131556067,0.528579743022223,0.717406207653577,0.681514083708862,0.662791361556668,0.644674044861287,0.583606718888728
2.23,0.632912159269594,0.730157918776897,0.622654535624488,0.507522127610256,0.528579776380433,0.717406237481316,0.681514139404798,0.662791374004276,0.64467406603428,0.583606713144214
2.24,0.632912193035353,0.730157943124923,0.62265453621128,0.507522124548603,0.528579809738643,0.717406264462791,0.681514190659131,0.662791386451885,0.644674087207273,0.5836067073997
2.25,0.632912226801111,0.730157967472948,0.622654536798072,0.50752212148695,0.528579836049828,0.717406287698307,0.681514241913465,0.662791398899493,0.644674108380266,0.583606701655187
2.26,0.63291226056687,0.730157991820974,0.622654537384864,0.507522118425297,0.528579861606558,0.717406310933823,0.681514293167799,0.662791410274204,0.644674129553259,0.583606696495815
2.27,0.632912294332629,0.730158011568243,0.622654537638508,0.507522115363643,0.528579887163287,0.71740633416934,0.681514344422133,0.662791419618957,0.644674149342477,0.583606692933382
2.28,0.632912322732133,0.730158030956431,0.622654537848247,0.507522112863785,0.528579912720016,0.717406357404856,0.681514385578479,0.66279142896371,0.644674165491513,0.583606689370949
2.29,0.632912349524997,0.730158050344619,0.622654538057986,0.507522111218137,0.528579938276746,0.71740637835852,0.681514423071021,0.662791438308463,0.644674181640549,0.583606685808516
2.3,0.632912376317862,0.730158069732806,0.622654538267725,0.507522109572489,0.528579958615839,0.717406396309045,0.681514460563563,0.662791447653216,0.644674197789585,0.583606682246083
2.31,0.632912403110726,0.730158089120994,0.622654538477465,0.507522107926841,0.52857997839633,0.717406414259571,0.681514498056104,0.662791456148889,0.644674213938621,0.583606678938365
2.32,0.63291242990359,0.730158103957756,0.622654538712507,0.507522106281193,0.528579998176821,0.717406432210097,0.681514535548646,0.662791463038077,0.644674229031445,0.583606676325799
2.33,0.632912451644798,0.730158118439286,0.622654538950885,0.507522105126825,0.528580017957313,0.717406450160623,0.681514568628572,0.662791469927264,0.644674241345776,0.583606673713234
2.34,0.632912471873555,0.730158132920816,0.622654539189262,0.507522104719451,0.528580037737804,0.717406466214214,0.681514600107489,0.662791476816452,0.644674253660108,0.583606671100668
2.35,0.632912492102312,0.730158147402346,0.622654539427639,0.507522104312076,0.528580053544144,0.717406479771257,0.681514631586407,0.662791483705639,0.644674265974439,0.583606668488103
2.36,0.632912512331069,0.730158161883876,0.622654539666017,0.507522103904701,0.52858006892501,0.7174064933283,0.681514663065325,0.662791489989458,0.644674278288771,0.583606666155844
2.37,0.632912532559826,0.730158173125525,0.622654539883846,0.507522103497327,0.528580084305876,0.717406506885343,0.681514694544242,0.662791495127897,0.644674289796431,0.583606664588586
2.38,0.632912549239491,0.730158184114306,0.622654540098967,0.507522103166225,0.528580099686743,0.717406520442387,0.681514721490409,0.662791500266337,0.644674299182049,0.583606663021328
2.39,0.63291256485657,0.730158195103087,0.622654540314088,0.507522102951097,0.528580115067609,0.717406532570129,0.681514746791979,0.662791505404777,0.644674308567667,0.58360666145407
2.4,0.632912580473648,0.730158206091868,0.622654540529208,0.507522102735969,0.528580127340956,0.717406542816775,0.681514772093549,0.662791510543217,0.644674317953284,0.583606659886812
2.41,0.632912596090726,0.730158217080649,0.622654540744329,0.507522102520841,0.528580139281612,0.717406553063421,0.681514797395119,0.662791515258618,0.644674327338902,0.583606658531297
2.42,0.632912611707804,0.730158225055168,0.622654540832475,0.507522102305713,0.528580151222267,0.717406563310067,0.68151482269669,0.662791519173616,0.644674336115924,0.583606657753663
2.43,0.632912624876468,0.730158232794429,0.622654540903888,0.507522102204078,0.528580163162923,0.717406573556713,0.681514843008907,0.662791523088615,0.644674343291964,0.583606656976029
2.44,0.632912637312085,0.73015824053369,0.622654540975301,0.507522102275009,0.528580175103579,0.717406582812089,0.681514861510861,0.662791527003613,0.644674350468003,0.583606656198394
2.45,0.632912649747702,0.730158248272951,0.622654541046713,0.50752210234594,0.528580184644545,0.717406590762858,0.681514880012815,0.662791530918612,0.644674357644043,0.58360665542076
2.46,0.632912662183318,0.730158256012212,0.622654541118126,0.507522102416871,0.528580193928599,0.717406598713627,0.68151489851477,0.662791534480693,0.644674364820083,0.583606654749155
2.47,0.632912674618935,0.730158262907297,0.622654541154206,0.507522102487802,0.528580203212654,0.717406606664396,0.681514917016724,0.662791537375045,0.644674371488089,0.583606654366922
2.48,0.632912684977949,0.730158269736496,0.622654541185629,0.507522102630894,0.528580212496709,0.717406614615165,0.681514932371785,0.662791540269396,0.644674376819655,0.583606653984688
2.49,0.632912694715235,0.730158276565694,0.622654541217052,0.507522102883706,0.528580221780764,0.71740662184498,0.681514946585073,0.662791543163748,0.64467438215122,0.583606653602455
2.5,0.632912704452521,0.730158283394893,0.622654541248475,0.507522103136519,0.528580229205685,0.717406628125949,0.681514960798361,0.662791546058099,0.644674387482785,0.583606653220221
2.51,0.632912714189807,0.730158290224092,0.622654541279899,0.507522103389332,0.528580236431566,0.717406634406919,0.681514975011649,0.662791548696794,0.64467439281435,0.583606652928253
2.52,0.632912723927093,0.730158295797184,0.622654541302918,0.507522103642144,0.528580243657448,0.717406640687888,0.681514989224937,0.66279155085178,0.64467439778691,0.58360665288263
2.53,0.632912732010136,0.730158301272239,0.622654541324829,0.507522103867193,0.528580250883329,0.717406646968858,0.681515001102555,0.662791553006765,0.644674401815065,0.583606652837008
2.54,0.632912739597905,0.730158306747294,0.622654541346741,0.507522104050028,0.528580258109211,0.717406652475556,0.681515012132732,0.662791555161751,0.64467440584322,0.583606652791385
2.55,0.632912747185673,0.730158312222348,0.622654541368652,0.507522104232862,0.528580263785107,0.71740665696324,0.681515023162909,0.662791557316736,0.644674409871375,0.583606652745763
2.56,0.632912754773441,0.730158317697403,0.622654541390563,0.507522104415697,0.528580269295063,0.717406661450924,0.681515034193087,0.662791559300989,0.64467441389953,0.583606652749005
2.57,0.63291276236121,0.730158321373762,0.622654541408549,0.507522104598531,0.528580274805018,0.717406665938608,0.681515045223264,0.662791560962212,0.64467441775652,0.583606652885606
2.58,0.632912768509836,0.730158324909737,0.622654541426018,0.507522104804928,0.528580280314973,0.717406670426292,0.681515054422342,0.662791562623434,0.644674421163243,0.583606653022208
2.59,0.632912774227588,0.73015832844571,0.622654541443487,0.50752210504715,0.528580285824928,0.717406674516149,0.681515062957051,0.662791564284657,0.644674424569967,0.583606653158809
2.6,0.632912779945339,0.730158331981684,0.622654541460956,0.507522105289371,0.52858029015969,0.717406678082425,0.68151507149176,0.662791565945879,0.64467442797669,0.58360665329541
2.61,0.632912785663091,0.730158335517659,0.622654541478424,0.507522105531593,0.528580294368637,0.717406681648702,0.681515080026469,0.662791567401073,0.644674431383413,0.583606653435903
2.62,0.632912791380843,0.73015833841877,0.622654541484602,0.507522105773815,0.528580298577583,0.717406685214979,0.681515088561178,0.662791568466453,0.644674434447088,0.583606653587017
2.63,0.632912796316496,0.730158341270332,0.622654541489291,0.50752210602634,0.52858030278653,0.717406688781256,0.68151509559008,0.662791569531833,0.644674436608335,0.583606653738132
2.64,0.632912801017991,0.730158344121893,0.62265454149398,0.507522106294529,0.528580306995476,0.717406692068801,0.681515102072638,0.662791570597214,0.644674438769582,0.583606653889246
2.65,0.632912805719485,0.730158346973455,0.622654541498669,0.507522106562718,0.528580310406923,0.717406694989508,0.681515108555195,0.662791571662594,0.644674440930829,0.58360665404036
2.66,0.63291281042098,0.730158349825016,0.622654541503359,0.507522106830908,0.52858031373299,0.717406697910215,0.681515115037752,0.66279157265832,0.644674443092076,0.583606654145717
2.67,0.632912815122475,0.730158352109014,0.62265454150577,0.507522107099097,0.528580317059056,0.717406700830922,0.681515121520309,0.662791573522259,0.644674445139777,0.583606654126194
2.68,0.632912819173237,0.730158354348714,0.622654541507882,0.507522107331588,0.528580320385122,0.717406703751629,0.681515126964486,0.662791574386198,0.644674446888785,0.583606654106672
2.69,0.632912823029173,0.730158356588415,0.622654541509994,0.507522107509798,0.528580323711189,0.717406706363724,0.681515132031912,0.662791575250136,0.644674448637792,0.583606654087149
2.7,0.632912826885108,0.730158358828116,0.622654541512106,0.507522107688007,0.528580326325615,0.717406708569654,0.681515137099338,0.662791576114075,0.644674450386799,0.583606654067626
2.71,0.632912830741044,0.730158361067816,0.622654541514218,0.507522107866217,0.528580328863853,0.717406710775585,0.681515142166764,0.66279157694979,0.644674452135806,0.583606654053742
2.72,0.632912834596979,0.730158362691215,0.622654541514047,0.507522108044427,0.528580331402091,0.717406712981517,0.681515147234189,0.662791577732105,0.644674453768986,0.583606654055245
2.73,0.632912837468055,0.730158364266512,0.622654541513575,0.507522108204093,0.528580333940329,0.717406715187448,0.681515151480504,0.66279157851442,0.644674455097468,0.583606654056749
2.74,0.632912840044268,0.73015836584181,0.622654541513103,0.507522108335563,0.528580336478567,0.717406717016756,0.681515155428898,0.662791579296735,0.644674456425951,0.583606654058253
2.75,0.63291284262048,0.730158367417107,0.622654541512631,0.507522108467033,0.528580338477333,0.717406718350393,0.681515159377293,0.66279158007905,0.644674457754434,0.583606654059756
2.76,0.632912845196693,0.730158368992404,0.622654541512159,0.507522108598503,0.528580340418344,0.71740671968403,0.681515163325687,0.662791580772771,0.644674459082917,0.583606654100451
2.77,0.632912847772905,0.730158370269189,0.622654541511323,0.507522108729973,0.528580342359354,0.717406721017667,0.681515167274082,0.662791581298867,0.644674460302488,0.583606654248102
2.78,0.632912849560782,0.730158371522675,0.62265454151044,0.507522108859319,0.528580344300365,0.717406722351304,0.681515170550041,0.662791581824964,0.644674461235555,0.583606654395754
2.79,0.632912851112635,0.730158372776161,0.622654541509556,0.507522108985438,0.528580346241375,0.717406723670093,0.681515173582024,0.66279158235106,0.644674462168623,0.583606654543405
2.8,0.632912852664487,0.730158374029647,0.622654541508673,0.507522109111556,0.52858034782656,0.71740672496934,0.681515176614006,0.662791582877157,0.64467446310169,0.583606654691057
2.81,0.632912854216339,0.730158375283134,0.62265454150779,0.507522109237674,0.52858034937365,0.717406726268587,0.681515179645989,0.66279158334669,0.644674464034758,0.583606654836613
2.82,0.632912855768191,0.730158376314681,0.622654541506034,0.507522109363793,0.52858035092074,0.717406727567834,0.681515182677971,0.662791583709203,0.644674464933045,0.583606654976452
2.83,0.632912857389197,0.730158377328907,0.622654541504163,0.507522109476831,0.52858035246783,0.717406728867081,0.681515185556767,0.662791584071715,0.644674465739841,0.58360665511629
2.84,0.632912859030907,0.730158378343133,0.622654541502292,0.507522109569981,0.528580354014921,0.717406730107375,0.681515188379982,0.662791584434228,0.644674466546637,0.583606655256129
2.85,0.632912860672617,0.730158379357359,0.622654541500421,0.507522109663131,0.52858035532836,0.71740673127008,0.681515191203197,0.66279158479674,0.644674467353433,0.583606655395967
2.86,0.632912862314327,0.730158380371585,0.62265454149855,0.50752210975628,0.528580356616786,0.717406732432785,0.681515194026412,0.66279158513525,0.644674468160229,0.58360665554021
2.87,0.632912863956038,0.730158381196856,0.622654541496939,0.50752210984943,0.528580357905211,0.71740673359549,0.681515196849628,0.662791585428343,0.644674468918201,0.583606655696473
2.88,0.632912865294955,0.73015838200738,0.622654541495363,0.507522109938838,0.528580359193636,0.717406734758194,0.681515198547601,0.662791585721437,0.644674469547735,0.583606655852737
2.89,0.632912866543218,0.730158382817903,0.622654541493787,0.507522110022554,0.528580360482062,0.717406735713511,0.681515199837309,0.662791586014531,0.644674470177269,0.583606656009
2.9,0.63291286779148,0.730158383628427,0.622654541492211,0.50752211010627,0.528580361402399,0.717406736395886,0.681515201127017,0.662791586307625,0.644674470806803,0.583606656165263
2.91,0.632912869039743,0.730158384438951,0.622654541490634,0.507522110189986,0.528580362283328,0.717406737078261,0.681515202416725,0.662791586567638,0.644674471436337,0.583606656295563
2.92,0.632912870288005,0.730158385006729,0.622654541489482,0.507522110273703,0.528580363164257,0.717406737760635,0.681515203706433,0.66279158676506,0.644674472019955,0.583606656355006
2.93,0.632912871203057,0.730158385555561,0.622654541488385,0.507522110345275,0.528580364045187,0.71740673844301,0.681515205237775,0.662791586962483,0.644674472482789,0.583606656414449
2.94,0.632912872018346,0.730158386104393,0.622654541487289,0.507522110398381,0.528580364926116,0.717406739070544,0.681515206856788,0.662791587159905,0.644674472945622,0.583606656473891
2.95,0.632912872833636,0.730158386653225,0.622654541486192,0.507522110451488,0.528580365615968,0.717406739625903,0.681515208475801,0.662791587357328,0.644674473408455,0.583606656533334
2.96,0.632912873648925,0.730158387202057,0.622654541485096,0.507522110504595,0.528580366285363,0.717406740181262,0.681515210094814,0.662791587529431,0.644674473871288,0.58360665658028
2.97,0.632912874464214,0.73015838759978,0.622654541483911,0.507522110557701,0.528580366954757,0.717406740736621,0.681515211713827,0.662791587653628,0.644674474313143,0.583606656593121
2.98,0.632912875392275,0.730158387985709,0.622654541482716,0.50752211059771,0.528580367624152,0.71740674129198,0.681515213299039,0.662791587777826,0.644674474699814,0.583606656605963
2.99,0.632912876354099,0.730158388371638,0.62265454148152,0.507522110617802,0.528580368293547,0.717406741809051,0.681515214871988,0.662791587902024,0.644674475086485,0.583606656618804
3,0.632912877315922,0.730158388757567,0.622654541480325,0.507522110637894,0.528580368839695,0.717406742275732,0.681515216444936,0.662791588026222,0.644674475473156,0.583606656631645
3.01,0.632912878277746,0.730158389143496,0.622654541479129,0.507522110657987,0.528580369372648,0.717406742742413,0.681515218017885,0.662791588147787,0.644674475859827,0.583606656654
3.02,0.63291287923957,0.73015838946305,0.622654541478372,0.507522110678079,0.5285803699056,0.717406743209094,0.681515219590833,0.662791588264371,0.644674476225498,0.583606656702319
3.03,0.632912879902459,0.730158389777424,0.622654541477673,0.507522110698742,0.528580370438553,0.717406743675775,0.681515220243243,0.662791588380956,0.644674476535924,0.583606656750638
3.04,0.632912880475847,0.730158390091799,0.622654541476974,0.507522110720272,0.528580370971506,0.717406744092827,0.681515220561658,0.66279158849754,0.644674476846349,0.583606656798957
3.05,0.632912881049236,0.730158390406173,0.622654541476275,0.507522110741802,0.528580371367495,0.717406744444562,0.681515220880073,0.662791588614124,0.644674477156775,0.583606656847275
3.06,0.632912881622625,0.730158390720547,0.622654541475575,0.507522110763332,0.528580371748821,0.717406744796298,0.681515221198488,0.662791588717887,0.644674477467201,0.583606656893858
3.07,0.632912882196014,0.730158390982516,0.622654541474915,0.507522110784863,0.528580372130147,0.717406745148033,0.681515221516903,0.66279158879739,0.644674477745351,0.583606656935702
3.08,0.632912882598919,0.730158391240395,0.62265454147426,0.507522110801864,0.528580372511472,0.717406745499768,0.681515221895583,0.662791588876892,0.644674477938594,0.583606656977546
3.09,0.632912882950783,0.730158391498274,0.622654541473604,0.507522110811979,0.528580372892798,0.717406745815018,0.681515222296128,0.662791588956395,0.644674478131838,0.58360665701939
3.1,0.632912883302646,0.730158391756153,0.622654541472949,0.507522110822094,0.528580373216889,0.71740674608225,0.681515222696674,0.662791589035898,0.644674478325081,0.583606657061234
3.11,0.632912883654509,0.730158392014032,0.622654541472294,0.507522110832209,0.528580373534853,0.717406746349482,0.681515223097219,0.662791589110585,0.644674478518324,0.583606657092095
3.12,0.632912884006373,0.730158392218774,0.622654541471681,0.507522110842324,0.528580373852816,0.717406746616713,0.681515223497765,0.66279158917616,0.644674478693554,0.583606657092978
3.13,0.632912884395833,0.730158392419369,0.622654541471075,0.507522110851828,0.52858037417078,0.717406746883945,0.681515224181189,0.662791589241735,0.644674478821395,0.583606657093862
3.14,0.63291288479655,0.730158392619964,0.622654541470468,0.507522110860403,0.528580374488743,0.717406747121987,0.681515224967249,0.66279158930731,0.644674478949236,0.583606657094746
3.15,0.632912885197266,0.730158392820559,0.622654541469862,0.507522110868978,0.528580374733716,0.717406747321614,0.681515225753309,0.662791589372885,0.644674479077077,0.583606657095629
3.16,0.632912885597983,0.730158393021154,0.622654541469255,0.507522110877553,0.528580374970875,0.71740674752124,0.681515226539368,0.662791589433629,0.644674479204918,0.583606657098789
3.17,0.632912885998699,0.730158393145562,0.622654541468884,0.507522110886128,0.528580375208033,0.717406747720866,0.681515227325428,0.662791589485232,0.644674479318709,0.583606657108159
3.18,0.632912886345321,0.730158393264025,0.622654541468543,0.507522110893883,0.528580375445192,0.717406747920492,0.681515227798727,0.662791589536835,0.64467447939554,0.58360665711753
3.19,0.632912886675746,0.730158393382487,0.622654541468202,0.50752211090039,0.528580375682351,0.717406748101057,0.681515228158548,0.662791589588437,0.64467447947237,0.5836066571269
3.2,0.632912887006171,0.730158393500949,0.622654541467861,0.507522110906897,0.528580375883211,0.717406748256533,0.681515228518368,0.66279158964004,0.644674479549201,0.58360665713627
3.21,0.632912887336597,0.730158393619412,0.622654541467521,0.507522110913405,0.528580376080185,0.71740674841201,0.681515228878189,0.662791589685057,0.644674479626031,0.583606657148961
3.22,0.632912887667022,0.730158393737752,0.622654541467309,0.507522110919912,0.52858037627716,0.717406748567487,0.68151522923801,0.662791589717615,0.64467447969855,0.583606657170714
3.23,0.632912887900587,0.730158393856083,0.622654541467115,0.507522110924374,0.528580376474134,0.717406748722964,0.681515229574672,0.662791589750172,0.644674479759728,0.583606657192467
3.24,0.632912888105151,0.730158393974414,0.622654541466921,0.507522110925728,0.528580376671108,0.717406748860103,0.681515229902933,0.66279158978273,0.644674479820906,0.583606657214219
3.25,0.632912888309716,0.730158394092745,0.622654541466727,0.507522110927081,0.528580376841955,0.717406748973108,0.681515230231193,0.662791589815287,0.644674479882084,0.583606657235972
3.26,0.63291288851428,0.730158394211077,0.622654541466533,0.507522110928434,0.528580377010004,0.717406749086113,0.681515230559453,0.662791589846729,0.644674479943262,0.583606657252964
3.27,0.632912888718845,0.730158394313116,0.622654541466334,0.507522110929788,0.528580377178053,0.717406749199118,0.681515230887713,0.662791589876059,0.644674480007014,0.583606657256964
3.28,0.632912888902197,0.730158394413885,0.622654541466135,0.507522110930712,0.528580377346103,0.717406749312123,0.681515231142358,0.662791589905389,0.644674480077538,0.583606657260964
3.29,0.632912889079199,0.730158394514653,0.622654541465936,0.507522110930985,0.528580377514152,0.717406749417881,0.681515231370293,0.66279158993472,0.644674480148062,0.583606657264964
3.3,0.632912889256201,0.730158394615421,0.622654541465737,0.507522110931258,0.528580377634787,0.717406749514101,0.681515231598228,0.66279158996405,0.644674480218586,0.583606657268964
3.31,0.632912889433203,0.730158394716189,0.622654541465537,0.50752211093153,0.528580377750345,0.717406749610321,0.681515231826164,0.662791589989651,0.64467448028911,0.583606657272517
3.32,0.632912889610205,0.730158394773617,0.622654541465385,0.507522110931803,0.528580377865904,0.71740674970654,0.681515232054099,0.662791590008196,0.644674480354733,0.583606657274851
3.33,0.632912889755634,0.730158394827662,0.622654541465239,0.507522110931941,0.528580377981463,0.71740674980276,0.681515232187144,0.662791590026742,0.644674480407462,0.583606657277184
3.34,0.63291288989161,0.730158394881707,0.622654541465093,0.507522110931876,0.528580378097021,0.717406749888235,0.68151523228576,0.662791590045287,0.644674480460191,0.583606657279517
3.35,0.632912890027586,0.730158394935751,0.622654541464946,0.507522110931811,0.52858037818472,0.71740674995957,0.681515232384377,0.662791590063833,0.64467448051292,0.583606657281851
3.36,0.632912890163562,0.730158394989796,0.6226545414648,0.507522110931746,0.528580378269435,0.717406750030905,0.681515232482993,0.662791590080478,0.644674480565649,0.583606657283818
3.37,0.632912890299538,0.730158395053593,0.622654541464593,0.507522110931681,0.528580378354151,0.71740675010224,0.68151523258161,0.662791590093526,0.644674480619163,0.583606657284787
3.38,0.632912890407897,0.730158395118151,0.622654541464379,0.50752211093142,0.528580378438866,0.717406750173575,0.681515232721991,0.662791590106574,0.64467448067474,0.583606657285756
3.39,0.632912890507988,0.730158395182709,0.622654541464164,0.507522110930859,0.528580378523582,0.717406750236027,0.681515232877527,0.662791590119623,0.644674480730317,0.583606657286725
3.4,0.632912890608079,0.730158395247268,0.622654541463949,0.507522110930298,0.528580378598302,0.717406750286789,0.681515233033063,0.662791590132671,0.644674480785894,0.583606657287694
3.41,0.63291289070817,0.730158395311826,0.622654541463734,0.507522110929737,0.528580378671951,0.717406750337551,0.681515233188599,0.662791590145887,0.64467448084147,0.583606657288439
3.42,0.632912890808261,0.730158395342892,0.622654541463654,0.507522110929177,0.528580378745601,0.717406750388313,0.681515233344134,0.662791590159418,0.644674480890598,0.583606657288572
3.43,0.632912890890248,0.730158395371344,0.622654541463592,0.507522110928585,0.52858037881925,0.717406750439075,0.68151523347724,0.662791590172949,0.644674480922762,0.583606657288705
3.44,0.632912890966815,0.730158395399796,0.62265454146353,0.507522110927947,0.5285803788929,0.717406750485807,0.681515233602209,0.662791590186481,0.644674480954925,0.583606657288838
3.45,0.632912891043382,0.730158395428248,0.622654541463467,0.507522110927309,0.528580378949397,0.717406750527235,0.681515233727177,0.662791590200012,0.644674480987088,0.583606657288971
3.46,0.632912891119949,0.7301583954567,0.622654541463405,0.507522110926671,0.528580379004057,0.717406750568663,0.681515233852145,0.662791590211752,0.644674481019251,0.583606657289009
3.47,0.632912891196516,0.730158395484016,0.622654541463441,0.507522110926032,0.528580379058717,0.717406750610091,0.681515233977113,0.662791590220101,0.644674481046409,0.583606657288788
3.48,0.632912891261734,0.730158395511244,0.622654541463489,0.507522110925449,0.528580379113378,0.717406750651519,0.681515234113805,0.662791590228451,0.644674481060402,0.583606657288568
3.49,0.632912891323554,0.730158395538471,0.622654541463538,0.50752211092495,0.528580379168038,0.717406750687621,0.68151523425475,0.6627915902368,0.644674481074395,0.583606657288347
3.5,0.632912891385373,0.730158395565699,0.622654541463587,0.50752211092445,0.528580379208999,0.717406750716713,0.681515234395695,0.662791590245149,0.644674481088388,0.583606657288126
3.51,0.632912891447193,0.730158395592926,0.622654541463635,0.50752211092395,0.528580379248494,0.717406750745805,0.681515234536639,0.662791590252312,0.64467448110238,0.583606657287853
3.52,0.632912891509013,0.730158395625841,0.622654541463612,0.50752211092345,0.528580379287988,0.717406750774897,0.681515234677584,0.662791590257228,0.644674481117736,0.583606657287438
3.53,0.632912891558668,0.730158395659199,0.622654541463579,0.50752211092304,0.528580379327483,0.71740675080399,0.681515234779575,0.662791590262145,0.644674481136675,0.583606657287022
3.54,0.632912891604681,0.730158395692557,0.622654541463546,0.507522110922766,0.528580379366978,0.717406750830123,0.681515234867432,0.662791590267061,0.644674481155615,0.583606657286607
3.55,0.632912891650695,0.730158395725916,0.622654541463512,0.507522110922493,0.528580379400125,0.717406750852364,0.681515234955289,0.662791590271978,0.644674481174555,0.583606657286192
3.56,0.632912891696708,0.730158395759274,0.622654541463479,0.507522110922219,0.528580379432592,0.717406750874604,0.681515235043146,0.662791590277186,0.644674481193494,0.58360665728574
3.57,0.632912891742722,0.730158395779201,0.622654541463451,0.507522110921945,0.52858037946506,0.717406750896845,0.681515235131004,0.662791590282946,0.644674481211059,0.58360665728519
3.58,0.632912891783285,0.730158395798079,0.622654541463424,0.507522110921531,0.528580379497527,0.717406750919085,0.68151523516775,0.662791590288706,0.644674481225008,0.58360665728464
3.59,0.632912891822216,0.730158395816957,0.622654541463397,0.507522110920905,0.528580379529995,0.717406750939059,0.681515235185951,0.662791590294466,0.644674481238958,0.58360665728409
3.6,0.632912891861148,0.730158395835835,0.622654541463369,0.507522110920279,0.528580379556915,0.717406750956048,0.681515235204153,0.662791590300226,0.644674481252907,0.58360665728354
3.61,0.632912891900079,0.730158395854713,0.622654541463342,0.507522110919653,0.528580379583241,0.717406750973038,0.681515235222355,0.662791590305396,0.644674481266856,0.58360665728297
3.62,0.63291289193901,0.730158395875234,0.622654541463322,0.507522110919028,0.528580379609566,0.717406750990027,0.681515235240557,0.662791590309448,0.644674481280444,0.583606657282344
3.63,0.632912891975472,0.730158395895884,0.622654541463304,0.507522110918428,0.528580379635893,0.717406751007017,0.681515235264607,0.6627915903135,0.644674481293084,0.583606657281719
3.64,0.632912892011195,0.730158395916534,0.622654541463286,0.507522110917869,0.528580379662218,0.717406751021877,0.68151523529078,0.662791590317552,0.644674481305723,0.583606657281093
3.65,0.632912892046917,0.730158395937183,0.622654541463268,0.50752211091731,0.528580379677123,0.717406751033933,0.681515235316952,0.662791590321604,0.644674481318362,0.583606657280468
3.66,0.632912892082639,0.730158395957833,0.622654541463249,0.507522110916751,0.528580379690805,0.71740675104599,0.681515235343125,0.662791590325199,0.644674481331002,0.583606657279908
3.67,0.632912892118362,0.730158395962688,0.622654541463239,0.507522110916192,0.528580379704487,0.717406751058047,0.681515235369297,0.662791590327931,0.644674481343,0.583606657279527
3.68,0.632912892142137,0.73015839596631,0.622654541463229,0.507522110915745,0.528580379718169,0.717406751070103,0.681515235400597,0.662791590330663,0.644674481353309,0.583606657279146
3.69,0.632912892162336,0.730158395969932,0.62265454146322,0.507522110915468,0.52858037973185,0.717406751081528,0.681515235433756,0.662791590333396,0.644674481363618,0.583606657278765
3.7,0.632912892182535,0.730158395973555,0.62265454146321,0.507522110915191,0.528580379746399,0.717406751092121,0.681515235466916,0.662791590336128,0.644674481373928,0.583606657278383
3.71,0.632912892202733,0.730158395977177,0.6226545414632,0.507522110914914,0.528580379761041,0.717406751102714,0.681515235500076,0.662791590338603,0.644674481384237,0.583606657278027
3.72,0.632912892222932,0.730158395977044,0.622654541463195,0.507522110914638,0.528580379775682,0.717406751113307,0.681515235533236,0.662791590340594,0.644674481393305,0.583606657277738
3.73,0.632912892236445,0.730158395976619,0.622654541463189,0.507522110914393,0.528580379790324,0.717406751123899,0.681515235562359,0.662791590342585,0.644674481399109,0.58360665727745
3.74,0.632912892247955,0.730158395976194,0.622654541463184,0.507522110914198,0.528580379804965,0.717406751133087,0.681515235590019,0.662791590344575,0.644674481404913,0.583606657277161
3.75,0.632912892259466,0.730158395975769,0.622654541463179,0.507522110914002,0.528580379819736,0.717406751140426,0.681515235617679,0.662791590346566,0.644674481410717,0.583606657276872
3.76,0.632912892270977,0.730158395975343,0.622654541463173,0.507522110913806,0.528580379834522,0.717406751147765,0.681515235645338,0.662791590348263,0.644674481416522,0.583606657276555
3.77,0.632912892282487,0.730158395983306,0.622654541463167,0.507522110913611,0.528580379849307,0.717406751155103,0.681515235672998,0.662791590349404,0.644674481421697,0.583606657276159
3.78,0.632912892292439,0.730158395991923,0.622654541463161,0.507522110913464,0.528580379864092,0.717406751162442,0.681515235696323,0.662791590350545,0.644674481425221,0.583606657275763
3.79,0.632912892301924,0.73015839600054,0.622654541463155,0.507522110913391,0.528580379878877,0.717406751169308,0.681515235718076,0.662791590351687,0.644674481428744,0.583606657275367
3.8,0.632912892311408,0.730158396009157,0.622654541463149,0.507522110913319,0.528580379887074,0.717406751175553,0.681515235739829,0.662791590352828,0.644674481432268,0.58360665727497
3.81,0.632912892320893,0.730158396017774,0.622654541463143,0.507522110913246,0.528580379894566,0.717406751181798,0.681515235761581,0.662791590353973,0.644674481435792,0.583606657274594
3.82,0.632912892330378,0.730158396024066,0.622654541463137,0.507522110913174,0.528580379902058,0.717406751188042,0.681515235783334,0.662791590355125,0.644674481438945,0.58360665727427
3.83,0.632912892344277,0.730158396030178,0.622654541463132,0.507522110913071,0.528580379909549,0.717406751194287,0.681515235805275,0.662791590356276,0.644674481441125,0.583606657273947
3.84,0.632912892359497,0.730158396036289,0.622654541463128,0.507522110912922,0.528580379917041,0.717406751200139,0.681515235827285,0.662791590357428,0.644674481443305,0.583606657273624
3.85,0.632912892374718,0.7301583960424,0.622654541463123,0.507522110912774,0.528580379924457,0.717406751205476,0.681515235849294,0.662791590358579,0.644674481445485,0.5836066572733
3.86,0.632912892389938,0.730158396048511,0.622654541463118,0.507522110912625,0.528580379931865,0.717406751210812,0.681515235871304,0.662791590359622,0.644674481447665,0.583606657273016
3.87,0.632912892405159,0.730158396050322,0.622654541463115,0.507522110912476,0.528580379939273,0.717406751216149,0.681515235893314,0.662791590360457,0.644674481449981,0.583606657272836
3.88,0.632912892418625,0.730158396051796,0.622654541463114,0.507522110912347,0.528580379946682,0.717406751221485,0.681515235910614,0.662791590361292,0.644674481452657,0.583606657272657
3.89,0.632912892431567,0.730158396053271,0.622654541463112,0.507522110912247,0.52858037995409,0.717406751226,0.681515235926207,0.662791590362128,0.644674481455333,0.583606657272478
3.9,0.632912892444508,0.730158396054745,0.62265454146311,0.507522110912147,0.52858037995924,0.717406751229434,0.681515235941799,0.662791590362963,0.644674481458009,0.583606657272299
3.91,0.63291289245745,0.73015839605622,0.622654541463108,0.507522110912047,0.528580379964148,0.717406751232867,0.681515235957391,0.662791590363691,0.644674481460685,0.583606657272143
3.92,0.632912892470391,0.730158396057821,0.622654541463107,0.507522110911947,0.528580379969056,0.717406751236301,0.681515235972984,0.662791590364214,0.644674481463216,0.583606657272049
3.93,0.632912892476625,0.730158396059432,0.622654541463105,0.507522110911873,0.528580379973964,0.717406751239735,0.681515235982452,0.662791590364737,0.644674481465368,0.583606657271956
3.94,0.63291289248085,0.730158396061043,0.622654541463103,0.507522110911839,0.528580379978873,0.717406751242767,0.681515235989699,0.66279159036526,0.644674481467519,0.583606657271862
3.95,0.632912892485075,0.730158396062654,0.622654541463102,0.507522110911804,0.528580379982452,0.717406751245271,0.681515235996945,0.662791590365783,0.64467448146967,0.583606657271769
3.96,0.6329128924893,0.730158396064265,0.6226545414631,0.50752211091177,0.528580379985889,0.717406751247774,0.681515236004192,0.662791590366254,0.644674481471821,0.583606657271676
3.97,0.632912892493525,0.730158396068669,0.622654541463099,0.507522110911736,0.528580379989326,0.717406751250278,0.681515236011438,0.662791590366628,0.644674481473344,0.583606657271587
3.98,0.632912892490418,0.730158396073291,0.622654541463097,0.507522110911652,0.528580379992764,0.717406751252782,0.681515236004685,0.662791590367002,0.644674481473215,0.583606657271497
3.99,0.632912892485115,0.730158396077913,0.622654541463096,0.507522110911492,0.528580379996201,0.717406751254254,0.681515235992852,0.662791590367376,0.644674481473086,0.583606657271407
4,0.632912892479813,0.730158396082535,0.622654541463094,0.507522110911331,0.528580380005988,0.717406751254368,0.681515235981019,0.662791590367749,0.644674481472957,0.583606657271317
4.01,0.256770774714577,0.252533987148804,0.233186332469757,0.238791578467556,0.249568659415119,0.246786305211964,0.278334858452171,0.244875282355315,0.250987122116925,0.230862938505977
4.02,0.270711314035767,0.270159725841308,0.253101017543515,0.253428471149417,0.264147310567493,0.265807054902077,0.28977229040924,0.262536688537238,0.267807017922626,0.249029075185866
4.03,0.301297684915748,0.312691327090273,0.306360252348778,0.289499695094302,0.29824113400292,0.315030854777411,0.320926280024644,0.306442585828435,0.311274098897905,0.291315403733508
4.04,0.349221412014765,0.37855215476854,0.38070640539808,0.343213105391356,0.351660234160093,0.388159570485245,0.369677377827379,0.376063739038356,0.377201282955938,0.354227584000599
4.05,0.41158941004134,0.461372600771061,0.469262379240008,0.411230233549284,0.418942331261358,0.479344572515871,0.432509710040076,0.461089603436514,0.460183186425305,0.433135437617005
4.06,0.48466486829595,0.555397695165419,0.560297665284318,0.487366067594534,0.49424295259729,0.577178898737905,0.507015380215729,0.554189951920919,0.550791511098192,0.519141340668089
4.07,0.564571691449822,0.651778808937074,0.649136904279227,0.566712236954187,0.573072160467218,0.67458065432007,0.589106919312152,0.648511609464064,0.642807467917365,0.606560653539485
4.08,0.647796522577338,0.747154825777214,0.734593367698049,0.645698266599015,0.652240421595116,0.769601927472167,0.675287478067499,0.740120679348263,0.73305394296182,0.692668407046368
4.09,0.732038225390909,0.839439178163196,0.813419585029585,0.721231283738748,0.72832218735572,0.860507123733845,0.763466013268504,0.829700662807563,0.818785101140606,0.774110913319813
4.1,0.813621335742419,1.4348075644803,0.889500088743593,0.79487257605327,0.799638783737184,1.40629356829648,0.851179692946431,1.31179825713777,0.903104552522132,0.851397117064596
4.11,0.894517274727988,1.4762633383415,0.957360134846435,0.860118492384555,0.866789717249141,1.46929563839451,1.34909124440705,1.41643656317839,1.32234418643073,0.92445961194241
4.12,1.4581390768452,1.52394843962121,1.29851052867618,0.925046445469284,0.929153387246751,1.52170034452631,1.39627728038573,1.46839434216415,1.38547413935672,1.38295206169661
4.13,1.43561096005792,1.55299563891319,1.33236448079396,0.979176099544899,0.981776258573098,1.54975583374509,1.44051149305832,1.49890038258861,1.42426869783766,1.39799639576315
4.14,1.44569931372203,1.56216264711902,1.34796292131179,1.20675856949515,1.23550477093266,1.55498303573823,1.47050551496058,1.50546342144647,1.44035073970735,1.40774053567652
4.15,1.44314777750814,1.55425661450512,1.34674373926991,1.27235951741224,1.25033325573967,1.541659666815,1.48589076516087,1.49156940087579,1.43686821345867,1.40316563131675
4.16,1.42765735816616,1.53252082553434,1.33215114591463,1.27996109238761,1.25034659311218,1.51377303727579,1.48802944606709,1.46131176112434,1.41764172808495,1.38387285960212
4.17,1.40132118638564,1.50039301808675,1.3080880226552,1.2715139861374,1.23321041969979,1.47579173422338,1.47892016296842,1.41924832916108,1.38676452811845,1.35318010287571
4.18,1.36655757802804,1.46111377345788,1.27749196410643,1.25025489908056,1.20290897529693,1.43069700892717,1.46060115202297,1.36935349848616,1.34747871498174,1.31422060751712
4.19,1.32605450060222,1.41701382322704,1.24300355215889,1.21964085214006,1.1632571280114,1.38148408440673,1.43516671328451,1.31489569078321,1.30279641927222,1.27031264939344
4.2,1.28194179488302,1.37026259140351,1.20650527378257,1.18265498698954,1.11735138493258,1.33051413697231,1.40417294853445,1.25849092204938,1.25506870016578,1.22369656293002
4.21,1.2361042102892,1.32265557361821,1.16928492373588,1.14151948169247,1.06822534300223,1.27946585290465,1.36934494731084,1.20228247832531,1.20632184448173,1.17625133318165
4.22,1.1899075412785,1.27540667419011,1.13245343340965,1.09829771590468,1.01821376425774,1.2297651783619,1.33192002721248,1.14776837750974,1.15791390387904,1.12935666163067
4.23,1.14454866818581,1.22939552699686,1.09678891602026,1.05455548845909,0.968954469378843,1.18208950953978,1.29299523194134,1.09616186709146,1.1111033314996,1.08403464739822
4.24,1.1006386932276,1.18563395929792,1.06265086919547,1.0113949262874,0.921756042885709,1.1372266456901,1.25337760368156,1.04799191534248,1.06652264967132,1.04110488585275
4.25,1.0589698989536,1.14439037444988,1.0303836975175,0.969561319469148,0.877252982839688,1.09575729819925,1.2138500836363,1.00411260862204,1.02462250600751,1.00078942834024
4.26,1.01984581419705,1.10593767651898,1.00011358708068,0.929651845263389,0.836361800509369,1.05759718561831,1.174936880156,0.96414195743304,0.98576469928338,0.963400380898613
4.27,0.983391851452957,1.07046749921783,0.971937969429556,0.892106624866463,0.798877572527444,1.02283425551823,1.13711865757124,0.928215641970142,0.950225219278588,0.929115436770437
4.28,0.949751291867769,1.03806203963848,0.945816922864538,0.857214552077178,0.764939850229826,0.991428206967265,1.10080123701382,0.896347030514983,0.917955685788928,0.898023497881887
4.29,0.918968584927586,1.00867178863932,0.921958659397246,0.825088389344538,0.734708143281112,0.963200803746752,1.06627171856144,0.868348325640617,0.889067048323114,0.869999087787536
4.3,0.891003367561148,0.982099505751374,0.900373083736228,0.7957141903322,0.708007053071401,0.937841837260714,1.03367561357954,0.844029631162204,0.863336935619931,0.844986720764168
4.31,0.865734366705287,0.95807204870804,0.880118033749672,0.768926070446321,0.684417703719227,0.915876322983411,1.0029855435072,0.823010808397744,0.840492785247267,0.822738532321872
4.32,0.842961887759385,0.937392464344345,0.862273948938333,0.744435944415627,0.663825609403511,0.89661739259074,0.97409823658322,0.804835067630677,0.820094514608607,0.802944434279078
4.33,0.822411976454055,0.918939753806084,0.845991136955395,0.722746888798331,0.646196745854614,0.879228660003287,0.947747977720939,0.788814179475144,0.801814910206563,0.785201421484698
4.34,0.804704048818053,0.902004509834206,0.831158984286839,0.703625695219819,0.63086032950363,0.864492317258357,0.923630541102594,0.775383948772099,0.786818371689559,0.769628722036232
4.35,0.789030229096588,0.888243921420117,0.81815025666459,0.6859150049366,0.617238090587573,0.851734350661863,0.901067775007612,0.764108970229759,0.773057251081222,0.756447014461624
4.36,0.774838892259034,0.875805642988966,0.80635653408264,0.671067910122517,0.606096360040415,0.840548051358204,0.881062975117841,0.75418146849826,0.761734076864447,0.744020975481574
4.37,0.76295638123314,0.865022477312963,0.795430972482246,0.657538572939993,0.596447660650936,0.831079801666879,0.86303241610458,0.746414115415777,0.7515569956969,0.734477838432737
4.38,0.752419500260301,0.856268213581676,0.786679903384382,0.645898005393712,0.588270910941948,0.823413077022556,0.846227943279398,0.739581885437967,0.743721037714757,0.7249347013839
4.39,0.743438520311049,0.848437093982001,0.777928834286518,0.635727295108203,0.581391524408746,0.815746352378232,0.832450204975406,0.734047999991163,0.735885079732614,0.718096133242182
4.4,0.735578778156731,0.841822956401424,0.770786268069103,0.627042874735472,0.576051827948625,0.810885974968425,0.819564265813446,0.73013356230495,0.730422989902139,0.711376183972359
4.41,0.729332130534939,0.836882900164095,0.764745190231185,0.619320099214019,0.570712131488505,0.806551204135644,0.808740941882517,0.726219124618737,0.725901193951129,0.705800832282946
4.42,0.723336114503521,0.831942843926766,0.758704112393267,0.613366390490251,0.56752632837921,0.802216433302864,0.799216138971104,0.722843236933427,0.721379398000119,0.701685472586246
4.43,0.719496283408562,0.828791046558818,0.754181873999168,0.607412681766483,0.564860152153509,0.798814591407641,0.791225066470882,0.721515409693411,0.71822408280759,0.697570112889546
4.44,0.715656452313602,0.826421431868303,0.750449248474523,0.603408512058438,0.562193975927809,0.797250354192601,0.784476844648678,0.720187582453395,0.71647625018591,0.693971537844286
4.45,0.712606510453482,0.824051817177788,0.746716622949878,0.599984739321612,0.559588482149108,0.795686116977561,0.77911274791073,0.718859755213379,0.714728417564231,0.692147644010292
4.46,0.710885011131663,0.821814224369025,0.743188787505081,0.596560966584785,0.559030953495028,0.794121879762521,0.774473205982204,0.717531927973363,0.712980584942552,0.690323750176299
4.47,0.709163511809845,0.82154129285198,0.741487997464823,0.59422936437084,0.558473424840948,0.792557642547481,0.771493985780312,0.7175396529372,0.71158699103709,0.688499856342305
4.48,0.707442012488026,0.821268361334935,0.739787207424565,0.592996892430073,0.557915896186868,0.792590463678694,0.768514765578421,0.717906704083958,0.711775339579332,0.686675962508312
4.49,0.707324865298583,0.820995429817891,0.738086417384306,0.591764420489307,0.557358367532788,0.79284644020741,0.767389724677035,0.718273755230715,0.711963688121575,0.686285457006658
4.5,0.707324036273442,0.820722498300846,0.736385627344048,0.590531948548541,0.55736452244116,0.793102416736126,0.766512397003447,0.718640806377473,0.712152036663818,0.686131863554959
4.51,0.707323207248302,0.82090197905579,0.73513559492028,0.589651039039779,0.558046383471898,0.793358393264842,0.765767317910568,0.719007857524231,0.71234038520606,0.685978270103259
4.52,0.707322378223161,0.821885491468957,0.734910997034366,0.589995078661796,0.558728244502636,0.793614369793558,0.766644784191364,0.719991667030909,0.712793894059715,0.68582467665156
4.53,0.707739237217471,0.822869003882124,0.734686399148451,0.590339118283814,0.559410105533374,0.794638679530315,0.76752225047216,0.721141413463614,0.713946950427892,0.68567108319986
4.54,0.708822740509513,0.823852516295291,0.734461801262537,0.590683157905831,0.560091966564111,0.795770347713215,0.768399716752956,0.722291159896318,0.715100006796069,0.686291704237808
4.55,0.709906243801555,0.824836028708458,0.734237203376623,0.591027197527849,0.561017646957126,0.796902015896116,0.770178496907445,0.723440906329023,0.716253063164246,0.687040288325063
4.56,0.710989747093598,0.825991195752997,0.734253846692756,0.591555891737759,0.562235601680664,0.798033684079017,0.772333080776748,0.724590652761727,0.717406119532423,0.687788872412318
4.57,0.71207325038564,0.827451429141773,0.734819292849891,0.592727978006495,0.563453556404202,0.799165352261918,0.774487664646052,0.725917268617459,0.718642991199156,0.688537456499572
4.58,0.713318262097504,0.828911662530549,0.735384739007026,0.593900064275231,0.564671511127739,0.800530025787785,0.776642248515355,0.727291470643517,0.720100984886267,0.689286040586827
4.59,0.714821046745377,0.830371895919326,0.735950185164161,0.595072150543968,0.565889465851277,0.801927256921865,0.779087799067495,0.728665672669576,0.721558978573379,0.690347194375044
4.6,0.71632383139325,0.831832129308102,0.736515631321295,0.596244236812704,0.567161772343033,0.803324488055945,0.781863586569994,0.730039874695634,0.72301697226049,0.691460010038091
4.61,0.717826616041124,0.833304138290813,0.737185308818776,0.597478301987886,0.568499232096289,0.804721719190025,0.784639374072493,0.731414076721692,0.724474965947601,0.692572825701139
4.62,0.719329400688998,0.834797074977974,0.738092103588171,0.598928320293054,0.569836691849545,0.806118950324105,0.787415161574992,0.732755163044828,0.72592354607768,0.693685641364186
4.63,0.72083666285182,0.836290011665134,0.738998898357565,0.600378338598223,0.571174151602801,0.807483023485943,0.790190949077491,0.734087339690685,0.72734729130547,0.694798457027233
4.64,0.72235107128092,0.837782948352295,0.739905693126961,0.601828356903391,0.572511611356057,0.808842463516816,0.792941358935941,0.735419516336542,0.728771036533259,0.695974652458206
4.65,0.723865479710021,0.839275885039455,0.740812487896355,0.603278375208559,0.573812303775685,0.81020190354769,0.795662966061047,0.736751692982399,0.730194781761049,0.697161323369135
4.66,0.725379888139122,0.840707824055936,0.741744134903633,0.604725129184966,0.57506892197692,0.811561343578563,0.798384573186153,0.738083869628256,0.731618526988839,0.698347994280065
4.67,0.726894296568223,0.84203135739613,0.742732318599668,0.606160509259288,0.576325540178156,0.812920783609436,0.801106180311258,0.739292799998559,0.732992874557411,0.699534665190994
4.68,0.728340570002398,0.843354890736324,0.743720502295703,0.607595889333609,0.577582158379391,0.814130793643299,0.803827787436364,0.740468571340239,0.734236900926913,0.700721336101923
4.69,0.729678097665259,0.844678424076518,0.744708685991737,0.60903126940793,0.578838776580626,0.815319923970132,0.806331381160629,0.74164434268192,0.735480927296415,0.701842999921908
4.7,0.731015625328121,0.846001957416712,0.745696869687772,0.610466649482252,0.580020429937265,0.816509054296964,0.808587537343491,0.742820114023601,0.736724953665917,0.702953919296143
4.71,0.732353152990982,0.847239909871718,0.746667101775109,0.611867195729479,0.581112220456257,0.817698184623796,0.810843693526353,0.743995885365281,0.737968980035419,0.704064838670378
4.72,0.733690680653844,0.848325767113373,0.747596495507432,0.613146370458205,0.58220401097525,0.818887314950629,0.813099849709215,0.745021875694701,0.739151669307292,0.705175758044612
4.73,0.73493466881832,0.849411624355029,0.748525889239755,0.614425545186931,0.583295801494243,0.819892402239572,0.815356005892077,0.746007567906791,0.74017253868249,0.706286677418847
4.74,0.736029364759158,0.850497481596684,0.749455282972078,0.615704719915657,0.584387592013235,0.820871773375205,0.817335712926613,0.746993260118882,0.741193408057688,0.707275073870276
4.75,0.737124060699996,0.85158333883834,0.750384676704401,0.616983894644383,0.585394650592738,0.821851144510838,0.819001659901811,0.747978952330972,0.742214277432886,0.708243219594005
4.76,0.738218756640834,0.852584004622839,0.751276209567413,0.618216415666931,0.586300138195034,0.82283051564647,0.820667606877009,0.748964644543063,0.743235146808085,0.709211365317733
4.77,0.739313452581671,0.853433267289421,0.752081612231836,0.619286381161275,0.587205625797331,0.823809886782103,0.822333553852207,0.749804510083565,0.744196763908625,0.710179511041461
4.78,0.740314707656685,0.854282529956003,0.752887014896259,0.620356346655619,0.588111113399627,0.82461133062353,0.823999500827405,0.750605141409847,0.745002061304886,0.71114765676519
4.79,0.741166827928985,0.855131792622585,0.753692417560681,0.621426312149964,0.589016601001924,0.825387912858518,0.825407366847853,0.751405772736128,0.745807358701147,0.711976146696495
4.8,0.742018948201284,0.855981055289167,0.754497820225104,0.622496277644308,0.589841644803162,0.826164495093506,0.826522320062576,0.752206404062409,0.746612656097408,0.712781554159969
4.81,0.742871068473583,0.856756217877952,0.755259344914513,0.623518699260999,0.590570257960502,0.826941077328494,0.8276372732773,0.753007035388691,0.747417953493669,0.713586961623443
4.82,0.743723188745883,0.857399689060214,0.755921051010995,0.62437546372464,0.591298871117842,0.827717659563481,0.828752226492023,0.753678314859328,0.748172024417632,0.714392369086918
4.83,0.744493780181407,0.858043160242476,0.756582757107477,0.625232228188281,0.592027484275183,0.828339705781907,0.829867179706746,0.754314792613934,0.748790949356954,0.715197776550392
4.84,0.74513424881808,0.858686631424738,0.757244463203959,0.626088992651922,0.592756097432523,0.828940158834193,0.830777629159183,0.75495127036854,0.749409874296275,0.715868074333079
4.85,0.745774717454754,0.859330102607001,0.757906169300441,0.626945757115563,0.593414560940218,0.82954061188648,0.831455974034781,0.755587748123146,0.750028799235597,0.716516041034425
4.86,0.746415186091428,0.859913847178066,0.758525493703735,0.627759523875116,0.593988933743651,0.830141064938766,0.832134318910379,0.756224225877752,0.750647724174919,0.717164007735771
4.87,0.747055654728102,0.860391445012594,0.759048403425663,0.628423473716101,0.594563306547084,0.830741517991053,0.832812663785977,0.756752162751907,0.751225091273048,0.717811974437117
4.88,0.747630063424165,0.860869042847122,0.75957131314759,0.629087423557086,0.595137679350517,0.831215718201754,0.833491008661574,0.757250897038435,0.751692820226767,0.718459941138463
4.89,0.748099038206242,0.861346640681651,0.760094222869518,0.62975137339807,0.59571205215395,0.831672277226637,0.834024728470955,0.757749631324963,0.752160549180485,0.718988158567767
4.9,0.748568012988319,0.861824238516179,0.760617132591445,0.630415323239055,0.596228282112879,0.83212883625152,0.834394303917319,0.758248365611491,0.752628278134203,0.719496583701515
4.91,0.749036987770396,0.862256116200612,0.761102520278239,0.631043046203682,0.596674814321829,0.832585395276402,0.834763879363683,0.758747099898019,0.753096007087922,0.720005008835263
4.92,0.749505962552472,0.862606739572615,0.761502548584849,0.631544543847668,0.597121346530778,0.833041954301285,0.835133454810047,0.759158312420023,0.753531359236816,0.720513433969011
4.93,0.749924516069532,0.862957362944618,0.761902576891459,0.632046041491654,0.597567878739728,0.833398850076827,0.835503030256412,0.759545977482422,0.753881294706187,0.721021859102759
4.94,0.750262595531213,0.863307986316621,0.762302605198069,0.63254753913564,0.598014410948677,0.833741820004215,0.83578161520206,0.759933642544822,0.754231230175557,0.721429184689385
4.95,0.750600674992894,0.863658609688624,0.762702633504679,0.633049036779626,0.598414252210401,0.834084789931604,0.83595692912996,0.760321307607222,0.754581165644927,0.721819800428151
4.96,0.750938754454575,0.863974796632014,0.763071681742923,0.633521358183361,0.598758123490027,0.834427759858992,0.836132243057859,0.760708972669622,0.754931101114297,0.722210416166917
4.97,0.751276833916256,0.864229782806735,0.763370253008785,0.633892020800831,0.599101994769653,0.83477072978638,0.836307556985758,0.761026964370302,0.755256299874568,0.722601031905683
4.98,0.751577291669123,0.864484768981455,0.763668824274646,0.6342626834183,0.599445866049278,0.835037090300597,0.836482870913658,0.761326210668858,0.755516238101406,0.722991647644449
4.99,0.751817703894025,0.864739755156176,0.763967395540508,0.634633346035769,0.599789737328904,0.835292746256593,0.83660721942338,0.761625456967414,0.755776176328244,0.723300484115601
5,0.752058116118927,0.864994741330897,0.76426596680637,0.635004008653239,0.600096773836026,0.835548402212589,0.836673723976164,0.76192470326597,0.756036114555083,0.723595804016613
5.01,0.752298528343829,0.865224202693741,0.764539799783231,0.635351950689738,0.600359655283544,0.835804058168585,0.836740228528949,0.762223949564526,0.756296052781921,0.723891123917624
5.02,0.752538940568731,0.865408301103169,0.764757355295173,0.635620727396338,0.600622536731063,0.836059714124581,0.836806733081733,0.762468229049651,0.756537411455755,0.724186443818636
5.03,0.752751767162287,0.865592399512596,0.764974910807114,0.635889504102938,0.600885418178582,0.836258044091799,0.836873237634518,0.762697719883908,0.756729753442078,0.724481763719647
5.04,0.752920566149161,0.865776497922024,0.765192466319056,0.636158280809538,0.601148299626101,0.836448363954788,0.83691519649482,0.762927210718166,0.756922095428402,0.724712022799173
5.05,0.753089365136035,0.865960596331452,0.765410021830998,0.636427057516138,0.601382434157897,0.836638683817777,0.836929296857544,0.763156701552423,0.757114437414725,0.724931528552303
5.06,0.753258164122909,0.866126420793448,0.765608636820804,0.636678663670754,0.601582108811407,0.836829003680766,0.836943397220267,0.76338619238668,0.757306779401048,0.725151034305434
5.07,0.753426963109783,0.866259768611539,0.76576416376317,0.636870442463819,0.601781783464918,0.837019323543754,0.83695749758299,0.763573222274725,0.757485329382994,0.725370540058564
5.08,0.753576393406633,0.86639311642963,0.765919690705537,0.637062221256884,0.601981458118428,0.837166519933605,0.836971597945713,0.763748828176735,0.757627493216761,0.725590045811694
5.09,0.753694910614865,0.866526464247721,0.766075217647904,0.63725400004995,0.602181132771938,0.837307690722818,0.836976808122261,0.763924434078744,0.757769657050528,0.725759250779841
5.1,0.753813427823097,0.866659812065812,0.766230744590271,0.637445778843015,0.602358870508141,0.837448861512031,0.836971928250209,0.764100039980754,0.757911820884296,0.725920141977173
5.11,0.75393194503133,0.866780067369774,0.766372150041818,0.637624829917523,0.602510311736305,0.837590032301244,0.836967048378158,0.764275645882764,0.758053984718063,0.726081033174505
5.12,0.754050462239562,0.866877054525419,0.766481430324798,0.637759533796869,0.602661752964469,0.837731203090457,0.836962168506106,0.764418889682728,0.75818589580083,0.726241924371836
5.13,0.754155308693287,0.866974041681065,0.766590710607778,0.637894237676215,0.602813194192633,0.837839879933705,0.836957288634054,0.764553426559395,0.758290758014778,0.726402815569168
5.14,0.754238336157446,0.86707102883671,0.766699990890758,0.638028941555561,0.602964635420797,0.83794401642973,0.836951389330741,0.764687963436062,0.758395620228727,0.726526085674882
5.15,0.754321363621604,0.867168015992356,0.766809271173738,0.638163645434908,0.603099336594395,0.838048152925756,0.836944333008803,0.764822500312728,0.758500482442675,0.726643137723887
5.16,0.754404391085763,0.867255419408739,0.766908080994164,0.638289098732283,0.603213970911139,0.838152289421781,0.836937276686865,0.764957037189395,0.758605344656623,0.726760189772892
5.17,0.754487418549922,0.86732579050693,0.766983071419114,0.638382320222977,0.603328605227883,0.838256425917806,0.836930220364927,0.765066371240529,0.758702659061094,0.726877241821897
5.18,0.754560716408824,0.86739616160512,0.767058061844063,0.63847554171367,0.603443239544627,0.838336703605926,0.836923164042989,0.765168924549531,0.7587800607896,0.726994293870902
5.19,0.754618485486529,0.86746653270331,0.767133052269013,0.638568763204364,0.60355787386137,0.8384136475262,0.836918233207445,0.765271477858534,0.758857462518106,0.727083131532773
5.2,0.754676254564233,0.867536903801501,0.767208042693963,0.638661984695058,0.603659759344376,0.838490591446475,0.836915714724197,0.765374031167536,0.758934864246611,0.727167305888726
5.21,0.754734023641937,0.867600341552363,0.767275359229782,0.638748586746214,0.603746362378888,0.838567535366749,0.836913196240948,0.765476584476538,0.759012265975117,0.727251480244678
5.22,0.754791792719641,0.867651457288341,0.767325218332455,0.638812124681383,0.603832965413401,0.838644479287024,0.836910677757699,0.765559766529241,0.759084133735331,0.727335654600631
5.23,0.754842803922774,0.867702573024319,0.767375077435129,0.638875662616552,0.603919568447913,0.838704019168678,0.836908159274451,0.765637736805448,0.759141401747404,0.727419828956584
5.24,0.754883029328042,0.867753688760297,0.767424936537803,0.638939200551721,0.604006171482426,0.838761127201073,0.836908186577688,0.765715707081654,0.759198669759476,0.72748311532154
5.25,0.754923254733311,0.867804804496275,0.767474795640476,0.63900273848689,0.604083137857584,0.838818235233468,0.836911103259042,0.765793677357861,0.759255937771549,0.727542949295644
5.26,0.754963480138579,0.867850970010099,0.7675191899361,0.639061655379192,0.604148552450577,0.838875343265863,0.836914019940395,0.765871647634068,0.759313205783621,0.727602783269749
5.27,0.755003705543848,0.867888337939127,0.767551152268986,0.639104471169873,0.604213967043569,0.838932451298258,0.836916936621748,0.765935353815089,0.759366351091682,0.727662617243853
5.28,0.755039316170834,0.867925705868154,0.767583114601872,0.639147286960555,0.604279381636561,0.838976450353245,0.836919853303101,0.76599522228549,0.759408619857437,0.727722451217958
5.29,0.755067561454587,0.867963073797181,0.767615076934758,0.639190102751236,0.604344796229553,0.839018617703666,0.836924620260236,0.766055090755891,0.759450888623193,0.727766960992185
5.3,0.75509580673834,0.868000441726209,0.767647039267644,0.639232918541918,0.604402935832638,0.839060785054087,0.836931487215301,0.766114959226292,0.759493157388949,0.72780893796527
5.31,0.755124052022094,0.868034216248223,0.767675641210572,0.639272520266828,0.604452354664802,0.839102952404509,0.836938354170365,0.766174827696693,0.759535426154704,0.727850914938354
5.32,0.755152297305847,0.868061604531007,0.767696598557383,0.63930092322101,0.604501773496965,0.83914511975493,0.83694522112543,0.766223395606789,0.759574661217748,0.727892891911439
5.33,0.75517726695023,0.86808899281379,0.767717555904195,0.639329326175192,0.604551192329129,0.839177595529193,0.836952088080495,0.766268923136143,0.759605892748209,0.727934868884524
5.34,0.755197008562669,0.868116381096574,0.767738513251006,0.639357729129373,0.604600611161292,0.839208717109017,0.83695989673356,0.766314450665497,0.75963712427867,0.727965959131021
5.35,0.755216750175108,0.868143769379358,0.767759470597818,0.639386132083555,0.604644522654113,0.839239838688842,0.836968774180732,0.766359978194851,0.759668355809131,0.727995250006995
5.36,0.755236491787547,0.868168493442304,0.767778132721826,0.639412329609356,0.604681832317185,0.839270960268666,0.836977651627904,0.766405505724206,0.759699587339592,0.728024540882969
5.37,0.755256233399986,0.868188482626849,0.767791573412744,0.639430842760115,0.604719141980257,0.839302081848491,0.836986529075077,0.766442330537998,0.759728615890294,0.728053831758944
5.38,0.755273697288519,0.868208471811394,0.767805014103662,0.639449355910873,0.604756451643329,0.83932604855896,0.836995406522249,0.766476813913128,0.75975183252666,0.728083122634918
5.39,0.755287525852158,0.868228460995939,0.767818454794579,0.639467869061632,0.604793761306401,0.839349015526547,0.837004422852225,0.766511297288259,0.759775049163026,0.728104681708502
5.4,0.755301354415798,0.868248450180484,0.767831895485497,0.639486382212391,0.604826886430029,0.839371982494134,0.837013596809298,0.76654578066339,0.759798265799392,0.728124962861015
5.41,0.755315182979438,0.868266508340686,0.767843578726037,0.639503415395079,0.60485499540788,0.83939494946172,0.837022770766371,0.766580264038521,0.759821482435759,0.728145244013528
5.42,0.755329011543078,0.868281134664926,0.767851263919179,0.639515291924392,0.604883104385732,0.839417916429307,0.837031944723444,0.766608429439532,0.759843060933426,0.728165525166041
5.43,0.755341258049733,0.868295760989166,0.767858949112321,0.639527168453706,0.604911213363583,0.839435646078655,0.837041118680517,0.76663489500918,0.759860317683811,0.728185806318554
5.44,0.755350979539584,0.868310387313405,0.767866634305462,0.639539044983019,0.604939322341435,0.839452643922659,0.837049877318701,0.766661360578828,0.759877574434196,0.728200586158444
5.45,0.755360701029436,0.868325013637645,0.767874319498604,0.639550921512333,0.604964286237267,0.839469641766662,0.837058164584555,0.766687826148476,0.759894831184581,0.728214456735142
5.46,0.755370422519288,0.868338270882642,0.767880959009238,0.639561817095705,0.604985480019304,0.839486639610665,0.837066451850409,0.766714291718124,0.759912087934965,0.728228327311841
5.47,0.755380144009139,0.868349094986182,0.767885219682733,0.63956929476872,0.605006673801341,0.839503637454669,0.837074739116262,0.766735710570691,0.759928111499254,0.728242197888539
5.48,0.755388762240971,0.868359919089722,0.767889480356228,0.639576772441735,0.605027867583377,0.839516800224032,0.837083026382116,0.766755771619662,0.759940881664632,0.728256068465237
5.49,0.755395619635445,0.868370743193263,0.767893741029723,0.63958425011475,0.605049061365414,0.839529427122174,0.837090654544795,0.766775832668633,0.759953651830011,0.72826611595959
5.5,0.755402477029919,0.868381567296803,0.767898001703218,0.639591727787764,0.605067885944057,0.839542054020316,0.837097534648555,0.766795893717604,0.759966421995389,0.728275531570555
5.51,0.755409334424394,0.868391347692557,0.767901632109836,0.63959856438536,0.605083870480265,0.839554680918457,0.837104414752315,0.766815954766576,0.759979192160767,0.72828494718152
5.52,0.755416191818868,0.868399273200293,0.767903828713896,0.639603167283601,0.605099855016472,0.839567307816599,0.837111294856075,0.766832072812663,0.759991043553633,0.728294362792484
5.53,0.75542227025141,0.868407198708029,0.767906025317957,0.639607770181842,0.605115839552679,0.839577087739647,0.837118174959835,0.766847130006041,0.760000471035381,0.72830377840345
5.54,0.75542710543419,0.868415124215765,0.767908221922018,0.639612373080083,0.605131824088886,0.839586469857655,0.837124280894131,0.766862187199418,0.760009898517129,0.728310538250887
5.55,0.75543194061697,0.868423049723501,0.767910418526078,0.639616975978324,0.605146037955857,0.839595851975663,0.837129508173316,0.766877244392795,0.760019325998877,0.728316859150716
5.56,0.75543677579975,0.868430215714455,0.76791221448695,0.639621166693649,0.605158129263075,0.839605234093671,0.837134735452502,0.766892301586172,0.760028753480625,0.728323180050545
5.57,0.75544161098253,0.868436031884515,0.767913099019267,0.639623921239867,0.605170220570293,0.839614616211679,0.837139962731687,0.76690454836896,0.760037518896712,0.728329500950374
5.58,0.755445896426802,0.868441848054575,0.767913983551583,0.639626675786086,0.605182311877511,0.839621839817931,0.837145190010873,0.766916039019484,0.760044537647224,0.728335821850202
5.59,0.755449304469701,0.868447664224636,0.767914868083899,0.639629430332304,0.605194403184729,0.839628761817451,0.837149749326548,0.766927529670009,0.760051556397737,0.728340315693005
5.6,0.755452712512599,0.868453480394696,0.767915752616216,0.639632184878522,0.605205130303572,0.839635683816971,0.837153550527135,0.766939020320534,0.760058575148249,0.72834450755775
5.61,0.755456120555498,0.86845874347686,0.767916425428365,0.639634680129001,0.605214222124707,0.839642605816491,0.837157351727721,0.766950510971058,0.760065593898762,0.728348699422495
5.62,0.755459528598397,0.86846302360563,0.767916616595473,0.639636271915224,0.605223313945841,0.839649527816012,0.837161152928308,0.766960005254051,0.760072119822824,0.72835289128724
5.63,0.755462555348758,0.868467303734399,0.76791680776258,0.639637863701447,0.605232405766976,0.839654874086774,0.837164954128894,0.766968962420544,0.760077345569209,0.728357083151985
5.64,0.755464973543249,0.868471583863169,0.767916998929688,0.63963945548767,0.605241497588111,0.839660000182501,0.837168205972818,0.766977919587037,0.760082571315594,0.728360043757033
5.65,0.755467391737741,0.868475863991939,0.767917190096795,0.639641047273894,0.605249564383413,0.839665126278228,0.837170834316253,0.76698687675353,0.760087797061978,0.728362800858082
5.66,0.755469809932233,0.868479736887329,0.767917266396263,0.639642479023665,0.605256402446361,0.839670252373955,0.837173462659688,0.766995833920023,0.760093022808363,0.728365557959131
5.67,0.755472228126725,0.868482886043447,0.7679170813818,0.639643353158358,0.605263240509308,0.839675378469682,0.837176091003123,0.767003048315211,0.760097871859898,0.72836831506018
5.68,0.755474372594658,0.868486035199565,0.767916896367336,0.639644227293052,0.605270078572256,0.839679342264174,0.837178719346558,0.76700979382318,0.760101727112836,0.728371072161229
5.69,0.755476080185687,0.868489184355683,0.767916711352873,0.639645101427745,0.605276916635204,0.839683143651454,0.837180925141525,0.767016539331148,0.760105582365773,0.72837299986424
5.7,0.755477787776715,0.8684923335118,0.767916526338409,0.639645975562438,0.605282998096078,0.839686945038734,0.837182651358842,0.767023284839116,0.760109437618711,0.728374790483402
5.71,0.755479495367744,0.868495183385227,0.767916289208088,0.639646753878945,0.605288172593032,0.839690746426013,0.83718437757616,0.767030030347084,0.760113292871648,0.728376581102565
5.72,0.755481202958772,0.868497501370435,0.767915933518704,0.639647198336105,0.605293347089987,0.839694547813293,0.837186103793478,0.767035454172221,0.76011687441302,0.728378371721727
5.73,0.755482716258797,0.868499819355642,0.76791557782932,0.639647642793264,0.605298521586941,0.839697483940961,0.837187830010796,0.767040522402687,0.760119733846909,0.728380162340889
5.74,0.755483919463765,0.868502137340849,0.767915222139936,0.639648087250423,0.605303696083896,0.839700299166752,0.837189276230979,0.767045590633153,0.760122593280798,0.728381394353605
5.75,0.755485122668733,0.868504455326056,0.767914866450552,0.639648531707582,0.605308292269712,0.839703114392543,0.837190404664264,0.767050658863619,0.760125452714686,0.728382534039215
5.76,0.755486325873702,0.868506550027192,0.767914499156777,0.639648920564113,0.605312195214848,0.839705929618334,0.837191533097549,0.767055727094085,0.760128312148575,0.728383673724824
5.77,0.75548752907867,0.868508247905622,0.767914105464016,0.639649115691349,0.605316098159984,0.839708744844125,0.837192661530834,0.767059866308914,0.760130971245661,0.728384813410433
5.78,0.755488599982679,0.868509945784052,0.767913711771255,0.639649310818586,0.605320001105119,0.839710917810395,0.837193789964119,0.767063755574965,0.760133101813001,0.728385953096042
5.79,0.755489459729853,0.868511643662481,0.767913318078494,0.639649505945822,0.605323904050255,0.839713001034371,0.837194726618641,0.767067644841016,0.760135232380341,0.728386728247078
5.8,0.755490319477027,0.868513341540911,0.767912924385733,0.639649701073059,0.605327372282397,0.839715084258347,0.837195445611013,0.767071534107067,0.760137362947681,0.728387443147427
5.81,0.755491179224201,0.868514879717242,0.767912535655491,0.639649865521959,0.605330319409702,0.839717167482324,0.837196164603386,0.767075423373118,0.760139493515021,0.728388158047776
5.82,0.755492038971375,0.868516134069392,0.767912158214547,0.639649923078317,0.605333266537006,0.8397192507063,0.837196883595758,0.767078590171016,0.760141473775974,0.728388872948124
5.83,0.755492802748006,0.868517388421542,0.767911780773604,0.639649980634675,0.605336213664311,0.839720862044538,0.83719760258813,0.767081562591096,0.760143057497723,0.728389587848473
5.84,0.755493413352383,0.868518642773692,0.767911403332661,0.639650038191034,0.605339160791615,0.839722407446645,0.837198192917729,0.767084535011175,0.760144641219472,0.728390067664183
5.85,0.755494023956759,0.868519897125841,0.767911025891717,0.639650095747392,0.60534177902189,0.839723952848751,0.837198637219604,0.767087507431255,0.760146224941221,0.728390508624837
5.86,0.755494634561136,0.868521031862098,0.767910660253641,0.639650138094332,0.605344002992421,0.839725498250858,0.83719908152148,0.767090479851335,0.76014780866297,0.728390949585491
5.87,0.755495245165512,0.868521954015783,0.767910321466065,0.63965012744709,0.605346226962952,0.839727043652964,0.837199525823356,0.767092894431005,0.760149279148629,0.728391390546145
5.88,0.755495786308241,0.868522876169467,0.767909982678488,0.639650116799847,0.605348450933484,0.839728241364222,0.837199970125231,0.76709515892544,0.76015045089416,0.728391831506799
5.89,0.755496216587815,0.868523798323151,0.767909643890912,0.639650106152605,0.605350674904015,0.839729390492979,0.837200338887993,0.767097423419876,0.760151622639691,0.728392120825818
5.9,0.755496646867389,0.868524720476835,0.767909305103335,0.639650095505362,0.605352647583768,0.839730539621736,0.837200621916518,0.767099687914311,0.760152794385223,0.728392385081336
5.91,0.755497077146963,0.868525554273814,0.7679089845182,0.639650077211133,0.605354319032959,0.839731688750493,0.837200904945043,0.767101952408746,0.760153966130754,0.728392649336854
5.92,0.755497507426536,0.868526231042361,0.76790870534204,0.639650032272505,0.605355990482149,0.839732837879249,0.837201187973567,0.76710379105519,0.760155054432714,0.728392913592372
5.93,0.755497889229848,0.868526907810908,0.76790842616588,0.639649987333878,0.605357661931339,0.839733714180697,0.837201471002092,0.76710551512855,0.760155922593345,0.72839317784789
5.94,0.755498193663395,0.868527584579456,0.76790814698972,0.63964994239525,0.605359333380529,0.839734552360253,0.837201711625586,0.767107239201911,0.760156790753976,0.72839334670969
5.95,0.755498498096942,0.868528261348003,0.767907867813561,0.639649897456623,0.605360819938113,0.839735390539808,0.837201904120864,0.767108963275272,0.760157658914607,0.728393499804707
5.96,0.755498802530489,0.868528872918357,0.767907607223103,0.639649850299515,0.605362084860016,0.839736228719363,0.837202096616141,0.767110687348632,0.760158527075237,0.728393652899724
5.97,0.755499106964036,0.868529368617823,0.767907388913509,0.639649795412554,0.605363349781919,0.839737066898919,0.837202289111418,0.76711209241842,0.760159334208052,0.728393805994742
5.98,0.755499377023712,0.86852986431729,0.767907170603914,0.639649740525594,0.605364614703822,0.839737728275525,0.837202481606696,0.767113411661285,0.76015998033692,0.728393959089759
5.99,0.755499592221519,0.868530360016756,0.76790695229432,0.639649685638633,0.605365879625725,0.839738364947629,0.837202650424583,0.76711473090415,0.760160626465787,0.728394053294557
6,0.755499807419326,0.868530855716222,0.767906733984725,0.639649630751673,0.605367002976466,0.839739001619732,0.837202792369466,0.767116050147015,0.760161272594654,0.728394137765912
6.01,0.755500022617133,0.868531304333542,0.767906531004536,0.639649575902761,0.605367956621175,0.839739638291836,0.837202934314349,0.76711736938988,0.760161918723522,0.728394222237267
6.02,0.75550023781494,0.868531669275994,0.767906362897413,0.63964952118642,0.605368910265885,0.839740274963939,0.837203076259232,0.767118438417287,0.760162519444161,0.728394306708622
6.03,0.755500429226618,0.868532034218446,0.767906194790291,0.63964946647008,0.605369863910594,0.839740767888335,0.837203218204114,0.767119440124999,0.760163000368545,0.728394391179977
6.04,0.755500582674823,0.868532399160898,0.767906026683169,0.63964941175374,0.605370817555303,0.839741240727005,0.837203344439216,0.767120441832711,0.760163481292928,0.728394440230193
6.05,0.755500736123028,0.86853276410335,0.767905858576047,0.639649357037399,0.605371663844765,0.839741713565674,0.837203452844268,0.767121443540424,0.760163962217311,0.728394483425963
6.06,0.755500889571234,0.868533094462615,0.767905704198629,0.639649305314674,0.605372381443943,0.839742186404344,0.837203561249321,0.767122445248136,0.760164443141695,0.728394526621732
6.07,0.755501043019439,0.868533363360291,0.767905581055098,0.639649264022599,0.605373099043121,0.839742659243014,0.837203669654373,0.767123263718058,0.760164889817777,0.728394569817502
6.08,0.75550117953663,0.868533632257967,0.767905457911567,0.639649222730525,0.605373816642299,0.8397430206136,0.837203778059426,0.767124032888421,0.760165246139787,0.728394613013272
6.09,0.755501289031347,0.868533901155643,0.767905334768035,0.639649181438451,0.605374534241477,0.839743366408859,0.837203873867516,0.767124802058783,0.760165602461796,0.728394634667495
6.1,0.755501398526063,0.868534170053319,0.767905211624504,0.639649140146377,0.605375171309714,0.839743712204119,0.837203955378499,0.767125571229145,0.760165958783806,0.728394652761306
6.11,0.75550150802078,0.868534413204782,0.767905097922821,0.639649100737042,0.605375711842849,0.839744057999379,0.837204036889481,0.767126340399508,0.760166315105816,0.728394670855118
6.12,0.755501617515497,0.868534610599817,0.767905005700524,0.639649067887735,0.605376252375985,0.839744403794638,0.837204118400463,0.767126959005224,0.760166646072251,0.72839468894893
6.13,0.755501714611657,0.868534807994851,0.767904913478226,0.639649035038429,0.605376792909121,0.839744671669404,0.837204199911445,0.767127537101989,0.760166910145456,0.728394707042742
6.14,0.755501791919299,0.868535005389885,0.767904821255929,0.639649002189122,0.605377333442257,0.839744928656416,0.837204274102234,0.767128115198753,0.76016717421866,0.72839471361899
6.15,0.75550186922694,0.86853520278492,0.767904729033632,0.639648969339815,0.605377814627488,0.839745185643427,0.837204339984862,0.767128693295518,0.760167438291865,0.728394718291602
6.16,0.755501946534582,0.868535381488287,0.767904644124269,0.639648936791279,0.605378224670423,0.839745442630439,0.83720440586749,0.767129271392283,0.76016770236507,0.728394722964214
6.17,0.755502023842223,0.868535526972634,0.767904575851197,0.63964890529072,0.605378634713359,0.83974569961745,0.837204471750117,0.767129737081277,0.760167947725524,0.728394727636826
6.18,0.755502092297349,0.868535672456982,0.767904507578125,0.639648873790161,0.605379044756295,0.839745900879765,0.837204537632745,0.767130172527308,0.760168143717885,0.728394732309438
6.19,0.755502146623557,0.86853581794133,0.767904439305054,0.639648842289602,0.60537945479923,0.839746094355722,0.837204597795099,0.76713060797334,0.760168339710246,0.728394731514161
6.2,0.755502200949765,0.868535963425677,0.767904371031982,0.639648810789042,0.605379819377007,0.83974628783168,0.837204651465143,0.767131043419371,0.760168535702607,0.728394729815146
6.21,0.755502255275974,0.868536095048147,0.767904309163789,0.639648781042936,0.605380129454195,0.839746481307637,0.837204705135187,0.767131478865402,0.760168731694968,0.72839472811613
6.22,0.755502309602182,0.868536202035147,0.767904261866142,0.639648757409871,0.605380439531383,0.839746674783594,0.837204758805231,0.767131836821305,0.760168913800301,0.728394726417114
6.23,0.755502357953977,0.868536309022147,0.767904214568494,0.639648733776806,0.605380749608571,0.839746820635883,0.837204812475275,0.767132173928729,0.760169059268792,0.728394724718098
6.24,0.755502396770405,0.868536416009146,0.767904167270846,0.639648710143741,0.605381059685759,0.839746959833763,0.837204860726084,0.767132511036153,0.760169204737283,0.728394719952825
6.25,0.755502435586832,0.868536522996146,0.767904119973198,0.639648686510676,0.605381334410427,0.839747099031644,0.837204902826252,0.767132848143577,0.760169350205774,0.728394714680756
6.26,0.75550247440326,0.868536619762807,0.767904077031995,0.639648664251092,0.605381566756859,0.839747238229524,0.83720494492642,0.767133185251001,0.760169495674265,0.728394709408688
6.27,0.755502513219688,0.868536698365777,0.767904044001325,0.639648646777127,0.60538179910329,0.839747377427404,0.837204987026588,0.76713345973614,0.760169630949806,0.72839470413662
6.28,0.755502547738843,0.868536776968747,0.767904010970655,0.639648629303163,0.605382031449722,0.839747483478042,0.837205029126756,0.767133717372947,0.760169739334245,0.728394698864552
6.29,0.755502575399407,0.868536855571717,0.767903977939985,0.639648611829198,0.605382263796154,0.839747584897048,0.837205066455509,0.767133975009755,0.760169847718685,0.72839469204401
6.3,0.755502603059971,0.868536934174686,0.767903944909315,0.639648594355233,0.605382470079541,0.839747686316055,0.837205098368873,0.767134232646562,0.760169956103124,0.728394684967535
6.31,0.755502630720535,0.868537005232354,0.76790391517667,0.639648578162821,0.605382645120294,0.839747787735061,0.837205130282237,0.767134490283369,0.760170064487563,0.728394677891059
6.32,0.755502658381098,0.868537062880433,0.767903892946744,0.639648566435721,0.605382820161046,0.839747889154067,0.837205162195602,0.767134697712203,0.760170165126025,0.728394670814584
6.33,0.755502682797251,0.868537120528512,0.767903870716819,0.639648554708621,0.6053829952018,0.839747973057557,0.837205194108966,0.767134891632737,0.760170245329002,0.728394663738109
6.34,0.755502702035215,0.868537178176591,0.767903848486894,0.639648542981521,0.605383170242552,0.839748054513621,0.837205222372563,0.767135085553272,0.760170325531978,0.728394657979664
6.35,0.755502721273179,0.86853723582467,0.767903826256969,0.639648531254421,0.605383325424589,0.839748135969685,0.837205246493803,0.767135279473806,0.760170405734955,0.728394652439065
6.36,0.755502740511142,0.86853728790791,0.767903806457017,0.639648520332568,0.605383456801327,0.839748217425749,0.837205270615044,0.76713547339434,0.760170485937932,0.728394646898466
6.37,0.755502759749106,0.868537330101259,0.767903792185046,0.639648512216435,0.605383588178065,0.839748298881813,0.837205294736284,0.767135631344759,0.760170560437994,0.728394641357867
6.38,0.755502776865361,0.868537372294609,0.767903777913076,0.639648504100302,0.605383719554804,0.839748361337009,0.837205318857524,0.767135779617531,0.760170619892595,0.728394635817268
6.39,0.755502790595297,0.868537414487958,0.767903763641105,0.639648495984169,0.605383850931542,0.839748421137232,0.837205340243877,0.767135927890302,0.760170679347196,0.728394631780868
6.4,0.755502804325234,0.868537456681308,0.767903749369134,0.639648487868036,0.605383964911039,0.839748480937456,0.837205358526227,0.767136076163074,0.760170738801796,0.728394627993083
6.41,0.75550281805517,0.868537494823825,0.767903736592144,0.639648480195398,0.605384058035888,0.839748540737679,0.837205376808578,0.767136224435845,0.760170798256397,0.728394624205298
6.42,0.755502831785106,0.868537525767161,0.767903727216105,0.639648474068028,0.605384151160738,0.839748600537902,0.837205395090929,0.767136344790999,0.760170853546396,0.728394620417513
6.43,0.7555028439775,0.868537556710498,0.767903717840067,0.639648467940658,0.605384244285587,0.839748644475881,0.837205413373279,0.767136457635004,0.760170897849319,0.728394616629728
6.44,0.755502853715923,0.868537587653834,0.767903708464028,0.639648461813289,0.605384337410436,0.839748686197444,0.8372054292215,0.767136570479009,0.760170942152242,0.728394612188014
6.45,0.755502863454346,0.86853761859717,0.76790369908799,0.639648455685919,0.605384424252611,0.839748727919007,0.837205442307069,0.767136683323014,0.760170986455165,0.728394607638217
6.46,0.75550287319277,0.8685376465939,0.767903690793783,0.639648450073832,0.605384503563535,0.83974876964057,0.837205455392637,0.767136796167019,0.760171030758088,0.728394603088421
6.47,0.755502882931193,0.868537669353889,0.767903684960648,0.639648446257149,0.60538458287446,0.839748811362133,0.837205468478206,0.767136887692757,0.760171071912085,0.728394598538624
6.48,0.755502891598876,0.868537692113878,0.767903679127514,0.639648442440465,0.605384662185384,0.839748843204938,0.837205481563774,0.767136973482883,0.760171104758563,0.728394593988828
6.49,0.755502898557622,0.868537714873868,0.76790367329438,0.639648438623781,0.605384741496309,0.839748873667394,0.837205492908104,0.767137059273008,0.760171137605041,0.72839458989298
6.5,0.755502905516367,0.868537737633857,0.767903667461246,0.639648434807097,0.605384813982437,0.839748904129849,0.837205502276188,0.767137145063133,0.760171170451519,0.728394585872162
6.51,0.755502912475113,0.868537758230052,0.767903662328718,0.63964843122507,0.605384878287455,0.839748934592305,0.837205511644272,0.767137230853258,0.760171203297998,0.728394581851344
6.52,0.755502919433858,0.868537774980728,0.767903658790009,0.639648428460655,0.605384942592474,0.839748965054761,0.837205521012356,0.767137300438266,0.76017123383977,0.728394577830526
6.53,0.755502925667272,0.868537791731404,0.767903655251299,0.639648425696241,0.605385006897493,0.839748989050317,0.83720553038044,0.767137365663336,0.76017125830125,0.728394573809708
6.54,0.75550293074303,0.86853780848208,0.76790365171259,0.639648422931826,0.605385071202511,0.839749012142259,0.837205538446239,0.767137430888406,0.760171282762731,0.728394571268862
6.55,0.755502935818788,0.868537825232757,0.767903648173881,0.639648420167412,0.605385125771162,0.839749035234201,0.837205545033988,0.767137496113477,0.760171307224212,0.728394568972627
6.56,0.755502940894546,0.868537840396195,0.767903645074551,0.639648417554403,0.605385168668506,0.839749058326143,0.837205551621738,0.767137561338547,0.760171331685693,0.728394566676392
6.57,0.755502945970305,0.868537852738777,0.76790364297477,0.639648415468939,0.605385211565851,0.839749081418085,0.837205558209487,0.767137613951224,0.760171354365002,0.728394564380157
6.58,0.755502950372949,0.868537865081359,0.76790364087499,0.639648413383474,0.605385254463196,0.839749098909182,0.837205564797237,0.767137663170575,0.760171372342575,0.728394562083922
6.59,0.755502953701279,0.868537877423942,0.767903638775209,0.639648411298009,0.60538529736054,0.839749115617679,0.837205570368411,0.767137712389927,0.760171390320149,0.728394560158853
6.6,0.75550295702961,0.868537889766524,0.767903636675429,0.639648409212545,0.605385334870702,0.839749132326176,0.837205574785808,0.767137761609278,0.760171408297722,0.728394558295131
6.61,0.755502960357941,0.868537900973013,0.767903634880961,0.639648407264631,0.60538536592307,0.839749149034672,0.837205579203206,0.76713781082863,0.760171426275295,0.728394556431408
6.62,0.755502963686272,0.868537910160426,0.767903633781052,0.639648405795987,0.605385396975437,0.839749165743169,0.837205583620603,0.767137851211258,0.760171442972788,0.728394554567686
6.63,0.755502966642444,0.868537919347839,0.767903632681143,0.639648404327343,0.605385428027804,0.839749178928299,0.837205588038,0.767137889216392,0.760171456293165,0.728394552703964
6.64,0.75550296900464,0.868537928535252,0.767903631581235,0.6396484028587,0.605385459080172,0.839749191621113,0.837205592088648,0.767137927221527,0.760171469613542,0.728394550820012
6.65,0.755502971366835,0.868537937722665,0.767903630481326,0.639648401390056,0.605385486781125,0.839749204313927,0.837205595723049,0.767137965226662,0.760171482933919,0.728394548932718
6.66,0.755502973729031,0.868537946023525,0.767903629576483,0.639648400032865,0.605385510464628,0.839749217006741,0.837205599357451,0.767138003231797,0.760171496254296,0.728394547045423
6.67,0.755502976091226,0.868537952748794,0.767903629115395,0.639648399064009,0.60538553414813,0.839749229699555,0.837205602991852,0.767138034059138,0.760171508639849,0.728394545158128
6.68,0.755502978256122,0.868537959474063,0.767903628654307,0.639648398095154,0.605385557831633,0.839749239857754,0.837205606626253,0.767138062955316,0.760171518559146,0.728394543270833
6.69,0.755502980106122,0.868537966199332,0.76790362819322,0.639648397126298,0.605385581515136,0.839749249661795,0.837205609523864,0.767138091851493,0.760171528478442,0.72839454186179
6.7,0.755502981956121,0.868537972924602,0.767903627732132,0.639648396157443,0.605385602688913,0.839749259465835,0.837205611585244,0.767138120747671,0.760171538397739,0.728394540531793
6.71,0.755502983806121,0.868537978991016,0.76790362737338,0.63964839529494,0.605385620854198,0.839749269269876,0.837205613646624,0.767138149643849,0.760171548317035,0.728394539201797
6.72,0.75550298565612,0.868537983886508,0.767903627247431,0.639648394803001,0.605385639019484,0.839749279073917,0.837205615708004,0.767138173081635,0.760171557552702,0.7283945378718
6.73,0.755502987245028,0.868537988782001,0.767903627121483,0.639648394311063,0.605385657184769,0.839749286239719,0.837205617769384,0.767138195050858,0.760171564984811,0.728394536541803
6.74,0.755502988417224,0.868537993677493,0.767903626995535,0.639648393819124,0.605385675350055,0.839749293036882,0.837205619575822,0.767138217020081,0.76017157241692,0.728394535637308
6.75,0.75550298958942,0.868537998572984,0.767903626869586,0.639648393327185,0.60538569138948,0.839749299834046,0.837205621092912,0.767138238989305,0.760171579849029,0.72839453480314
6.76,0.755502990761616,0.868538003019181,0.767903626785827,0.639648392875608,0.605385704880566,0.83974930663121,0.837205622610001,0.767138260958528,0.760171587281138,0.728394533968972
6.77,0.755502991933813,0.868538006666885,0.767903626798043,0.639648392564661,0.605385718371652,0.839749313428373,0.83720562412709,0.767138278832799,0.760171594207615,0.728394533134805
6.78,0.755502992965249,0.86853801031459,0.76790362681026,0.639648392253715,0.605385731862738,0.839749318724695,0.837205625644179,0.767138295605336,0.76017159980013,0.728394532300637
6.79,0.755502993772028,0.868538013962294,0.767903626822476,0.639648391942769,0.605385745353824,0.839749323811305,0.837205627167077,0.767138312377873,0.760171605392645,0.728394531598972
6.8,0.755502994578807,0.868538017609998,0.767903626834693,0.639648391631822,0.60538575687984,0.839749328897915,0.837205628696566,0.76713832915041,0.760171610985161,0.728394530919208
6.81,0.755502995385586,0.868538020887407,0.767903626874976,0.639648391339655,0.605385766050261,0.839749333984525,0.837205630226055,0.767138345922947,0.760171616577676,0.728394530239444
6.82,0.755502996192365,0.868538023506723,0.767903626979109,0.639648391112918,0.605385775220683,0.839749339071135,0.837205631755545,0.76713835957495,0.760171621766057,0.728394529559679
6.83,0.755502996937026,0.868538026126039,0.767903627083241,0.639648390886181,0.605385784391104,0.839749343083183,0.837205633285034,0.767138372387383,0.760171625888246,0.728394528879915
6.84,0.755502997582547,0.868538028745354,0.767903627187374,0.639648390659444,0.605385793561525,0.839749346945084,0.837205634495258,0.767138385199817,0.760171630010435,0.72839452843255
6.85,0.755502998228068,0.86853803136467,0.767903627291507,0.639648390432707,0.605385801870478,0.839749350806985,0.837205635343128,0.76713839801225,0.760171634132624,0.728394528023597
6.86,0.755502998873588,0.868538033733794,0.767903627414851,0.639648390227929,0.60538580914676,0.839749354668885,0.837205636190997,0.767138410824683,0.760171638254814,0.728394527614644
6.87,0.755502999519109,0.868538035658272,0.7679036275819,0.639648390099662,0.605385816423043,0.839749358530786,0.837205637038866,0.767138421184364,0.760171642075325,0.72839452720569
6.88,0.755503000085361,0.868538037582751,0.767903627748949,0.639648389971395,0.605385823699325,0.839749361482044,0.837205637886736,0.767138430884139,0.760171645099949,0.728394526796737
6.89,0.755503000525099,0.86853803950723,0.767903627915998,0.639648389843128,0.605385830975607,0.83974936430606,0.83720563860335,0.767138440583914,0.760171648124572,0.728394526567607
6.9,0.755503000964837,0.868538041431709,0.767903628083048,0.63964838971486,0.605385838038995,0.839749367130076,0.837205639170995,0.76713845028369,0.760171651149195,0.728394526368198
6.91,0.755503001404575,0.868538043189051,0.767903628243735,0.639648389597845,0.605385844847178,0.839749369954092,0.83720563973864,0.767138459983465,0.760171654173818,0.728394526168789
6.92,0.755503001844313,0.868538044649356,0.767903628389949,0.639648389520033,0.605385851655361,0.839749372778108,0.837205640306284,0.767138467778365,0.760171656979439,0.728394525969381
6.93,0.75550300223267,0.868538046109661,0.767903628536164,0.639648389442222,0.605385858463544,0.83974937506643,0.837205640873929,0.767138475060765,0.760171659207284,0.728394525769972
6.94,0.755503002539021,0.868538047569967,0.767903628682378,0.639648389364411,0.605385865271727,0.839749377279901,0.837205641430697,0.767138482343164,0.760171661435129,0.728394525528185
6.95,0.755503002845373,0.868538049030272,0.767903628828593,0.639648389286599,0.605385871064641,0.839749379493371,0.837205641975121,0.767138489625563,0.760171663662975,0.728394525279393
6.96,0.755503003151724,0.868538050338337,0.767903628971571,0.639648389216942,0.605385875640519,0.839749381706842,0.837205642519544,0.767138496907963,0.76017166589082,0.728394525030602
6.97,0.755503003458075,0.868538051375838,0.767903629107189,0.639648389175697,0.605385880216397,0.839749383920313,0.837205643063967,0.767138502829705,0.760171667956727,0.72839452478181
6.98,0.755503003734068,0.868538052413339,0.767903629242806,0.639648389134452,0.605385884792276,0.839749385608161,0.837205643608391,0.767138508385367,0.760171669595406,0.728394524533019
6.99,0.755503003961605,0.86853805345084,0.767903629378423,0.639648389093208,0.605385889368154,0.839749387222564,0.837205644077843,0.767138513941028,0.760171671234085,0.728394524351419
7,0.755503004189143,0.868538054488341,0.767903629514041,0.639648389051963,0.605385893453558,0.839749388836968,0.837205644462206,0.76713851949669,0.760171672872764,0.728394524180926
7.01,0.755503004416681,0.868538055430035,0.767903629646471,0.63964838901472,0.605385896951013,0.839749390451371,0.83720564484657,0.767138525052352,0.760171674511443,0.728394524010432
7.02,0.755503004644219,0.868538056201458,0.767903629771651,0.639648388991419,0.605385900448468,0.839749392065775,0.837205645230933,0.767138529643728,0.760171676032443,0.728394523839938
7.03,0.755503004843313,0.868538056972882,0.767903629896831,0.639648388968119,0.605385903945923,0.839749393274189,0.837205645615296,0.767138533975667,0.760171677242985,0.728394523669444
7.04,0.755503004997012,0.868538057744305,0.767903630022011,0.639648388944819,0.605385907443379,0.839749394425874,0.837205645920364,0.767138538307606,0.760171678453526,0.728394523589391
7.05,0.75550300515071,0.868538058515729,0.76790363014719,0.639648388921518,0.605385910648554,0.839749395577559,0.837205646135434,0.767138542639545,0.760171679664067,0.728394523524285
7.06,0.755503005304409,0.868538059217763,0.767903630253762,0.639648388901399,0.605385913503363,0.839749396729245,0.837205646350504,0.767138546971484,0.760171680874609,0.72839452345918
7.07,0.755503005458107,0.868538059796478,0.767903630318,0.639648388892365,0.605385916358172,0.83974939788093,0.837205646565574,0.767138550742046,0.760171682007601,0.728394523394075
7.08,0.755503005594178,0.868538060375193,0.767903630382238,0.639648388883331,0.605385919212981,0.839749398776787,0.837205646780644,0.767138554361571,0.760171682936004,0.728394523328969
7.09,0.755503005702117,0.868538060953909,0.767903630446477,0.639648388874298,0.60538592206779,0.839749399636898,0.83720564697526,0.767138557981097,0.760171683864407,0.728394523256395
7.1,0.755503005810055,0.868538061532624,0.767903630510715,0.639648388865264,0.605385924380979,0.839749400497009,0.837205647146659,0.767138561600622,0.76017168479281,0.728394523182587
7.11,0.755503005917994,0.868538062049251,0.767903630577952,0.639648388857399,0.605385926044909,0.83974940135712,0.83720564731806,0.767138565220147,0.760171685721212,0.728394523108778
7.12,0.755503006025932,0.868538062455535,0.767903630652012,0.63964838885361,0.60538592770884,0.83974940221723,0.837205647489459,0.767138567884696,0.760171686580804,0.72839452303497
7.13,0.755503006124222,0.868538062861818,0.767903630726071,0.639648388849821,0.60538592937277,0.839749402907693,0.83720564766086,0.767138570292311,0.76017168725886,0.728394522961161
7.14,0.755503006207111,0.868538063268102,0.76790363080013,0.639648388846031,0.6053859310367,0.839749403574452,0.837205647822196,0.767138572699927,0.760171687936915,0.728394522906772
7.15,0.755503006290001,0.868538063674385,0.767903630874189,0.639648388842242,0.605385932611942,0.83974940424121,0.83720564797211,0.767138575107542,0.76017168861497,0.728394522855592
7.16,0.75550300637289,0.868538064042865,0.767903630944453,0.639648388839275,0.605385934080868,0.839749404907969,0.837205648122024,0.767138577515158,0.760171689293026,0.728394522804412
7.17,0.75550300645578,0.868538064344159,0.767903631006086,0.639648388839176,0.605385935549795,0.839749405574727,0.837205648271938,0.767138579344173,0.760171689920935,0.728394522753232
7.18,0.7555030065279,0.868538064645454,0.767903631067718,0.639648388839076,0.605385937018721,0.839749406078745,0.837205648421852,0.767138581017518,0.760171690416549,0.728394522702053
7.19,0.755503006582833,0.868538064946748,0.767903631129351,0.639648388838976,0.605385938487648,0.839749406560024,0.837205648556642,0.767138582690863,0.760171690912163,0.728394522666924
7.2,0.755503006637765,0.868538065248043,0.767903631190983,0.639648388838877,0.605385939838277,0.839749407041303,0.837205648674267,0.767138584364208,0.760171691407777,0.728394522634448
7.21,0.755503006692698,0.868538065521781,0.767903631244446,0.639648388839152,0.605385941047098,0.839749407522582,0.837205648791892,0.767138586037552,0.760171691903391,0.728394522601972
7.22,0.75550300674763,0.868538065746544,0.767903631279323,0.639648388840735,0.60538594225592,0.83974940800386,0.837205648909516,0.767138587556388,0.760171692366864,0.728394522569496
7.23,0.755503006795762,0.868538065971308,0.7679036313142,0.639648388842319,0.605385943464742,0.839749408375369,0.837205649027141,0.767138589033652,0.76017169274554,0.728394522537019
7.24,0.755503006833038,0.868538066196071,0.767903631349077,0.639648388843902,0.605385944673563,0.83974940873154,0.837205649127135,0.767138590510917,0.760171693124216,0.728394522511248
7.25,0.755503006870313,0.868538066420835,0.767903631383954,0.639648388845485,0.605385945691459,0.839749409087711,0.837205649207117,0.767138591988181,0.760171693502891,0.728394522486586
7.26,0.755503006907589,0.868538066625962,0.767903631418584,0.63964838884724,0.605385946480486,0.839749409443881,0.8372056492871,0.767138593465446,0.760171693881567,0.728394522461923
7.27,0.755503006944865,0.868538066796192,0.767903631452652,0.639648388849595,0.605385947269514,0.839749409800052,0.837205649367083,0.767138594742042,0.760171694233099,0.728394522437261
7.28,0.755503006978546,0.868538066966423,0.76790363148672,0.63964838885195,0.605385948058541,0.839749410076992,0.837205649447065,0.767138595964649,0.760171694513018,0.728394522412598
7.29,0.755503007006487,0.868538067136653,0.767903631520788,0.639648388854305,0.605385948847568,0.839749410342861,0.837205649522303,0.767138597187257,0.760171694792938,0.728394522399641
7.3,0.755503007034429,0.868538067306883,0.767903631554856,0.63964838885666,0.60538594955987,0.83974941060873,0.837205649592155,0.767138598409864,0.760171695072857,0.72839452238862
7.31,0.75550300706237,0.868538067460639,0.767903631585504,0.639648388858981,0.605385950180198,0.839749410874599,0.837205649662008,0.767138599632471,0.760171695352776,0.728394522377598
7.32,0.755503007090312,0.868538067585119,0.76790363160837,0.639648388861184,0.605385950800527,0.839749411140468,0.83720564973186,0.767138600464159,0.76017169561248,0.728394522366577
7.33,0.755503007115173,0.868538067709599,0.767903631631238,0.639648388863388,0.605385951420855,0.839749411336131,0.837205649801712,0.767138601190671,0.760171695818849,0.728394522355555
7.34,0.755503007135117,0.868538067834079,0.767903631654105,0.639648388865591,0.605385952041184,0.839749411521985,0.837205649851023,0.767138601917184,0.760171696025219,0.728394522347353
7.35,0.755503007155061,0.868538067958559,0.767903631676972,0.639648388867795,0.60538595259339,0.839749411707838,0.837205649877019,0.767138602643697,0.760171696231589,0.728394522339617
7.36,0.755503007175005,0.868538068070235,0.767903631696373,0.639648388869958,0.605385953063935,0.839749411893692,0.837205649903014,0.767138603370209,0.760171696437959,0.728394522331881
7.37,0.755503007194949,0.868538068159155,0.767903631707892,0.639648388871981,0.605385953534481,0.839749412079545,0.83720564992901,0.767138603981999,0.760171696629695,0.728394522324145
7.38,0.755503007212784,0.868538068248075,0.767903631719411,0.639648388874004,0.605385954005027,0.839749412227856,0.837205649955006,0.767138604562923,0.760171696782827,0.728394522316409
7.39,0.755503007227253,0.868538068336995,0.76790363173093,0.639648388876028,0.605385954475572,0.839749412370922,0.837205649978902,0.767138605143847,0.760171696935959,0.728394522308636
7.4,0.755503007241722,0.868538068425915,0.767903631742449,0.639648388878051,0.605385954891488,0.839749412513987,0.837205650000414,0.767138605724771,0.76017169708909,0.728394522300858
7.41,0.755503007256191,0.868538068505701,0.76790363175335,0.639648388880037,0.605385955241918,0.839749412657053,0.837205650021927,0.767138606305695,0.760171697242222,0.72839452229308
7.42,0.75550300727066,0.868538068569254,0.767903631762844,0.639648388881892,0.605385955592348,0.839749412800118,0.837205650043439,0.76713860682817,0.760171697384037,0.728394522285302
7.43,0.755503007283403,0.868538068632808,0.767903631772338,0.639648388883747,0.605385955942778,0.839749412916073,0.837205650064951,0.76713860733492,0.760171697495996,0.728394522277524
7.44,0.755503007293393,0.868538068696361,0.767903631781833,0.639648388885601,0.605385956293208,0.839749413028239,0.837205650089903,0.767138607841671,0.760171697607956,0.728394522272879
7.45,0.755503007303383,0.868538068759915,0.767903631791327,0.639648388887456,0.605385956591906,0.839749413140406,0.837205650118759,0.767138608348421,0.760171697719915,0.728394522268753
7.46,0.755503007313373,0.868538068818154,0.767903631800175,0.639648388889179,0.605385956828592,0.839749413252572,0.837205650147614,0.767138608855172,0.760171697831875,0.728394522264627
7.47,0.755503007323363,0.868538068866949,0.767903631807555,0.639648388890439,0.605385957065279,0.839749413364738,0.83720565017647,0.767138609231485,0.760171697936177,0.728394522260501
7.48,0.755503007332196,0.868538068915744,0.767903631814935,0.639648388891699,0.605385957301965,0.83974941344782,0.837205650205325,0.767138609572704,0.760171698020276,0.728394522256375
7.49,0.755503007339184,0.868538068964539,0.767903631822315,0.639648388892959,0.605385957538651,0.839749413526837,0.837205650227801,0.767138609913923,0.760171698104375,0.728394522254784
7.5,0.755503007346171,0.868538069013334,0.767903631829695,0.639648388894219,0.605385957762278,0.839749413605854,0.837205650243036,0.767138610255142,0.760171698188473,0.728394522253612
7.51,0.755503007353158,0.868538069057584,0.767903631835881,0.6396483888954,0.605385957970251,0.839749413684872,0.837205650258271,0.767138610596362,0.760171698272572,0.72839452225244
7.52,0.755503007360145,0.868538069093758,0.767903631839348,0.639648388896305,0.605385958178224,0.839749413763889,0.837205650273506,0.76713861092647,0.760171698351106,0.728394522251268
7.53,0.755503007366321,0.868538069129932,0.767903631842816,0.639648388897209,0.605385958386196,0.839749413824147,0.837205650288741,0.767138611253589,0.760171698414956,0.728394522250096
7.54,0.755503007371201,0.868538069166106,0.767903631846284,0.639648388898114,0.605385958594169,0.839749413881784,0.837205650302075,0.767138611580708,0.760171698478807,0.728394522248835
7.55,0.755503007376081,0.868538069202279,0.767903631849751,0.639648388899018,0.605385958784977,0.839749413939421,0.837205650313251,0.767138611907827,0.760171698542657,0.728394522247558
7.56,0.755503007380961,0.868538069234857,0.767903631852977,0.639648388899881,0.605385958955209,0.839749413997058,0.837205650324428,0.767138612234946,0.760171698606508,0.728394522246281
7.57,0.755503007385841,0.868538069261042,0.767903631855655,0.639648388900598,0.605385959125441,0.839749414054695,0.837205650335604,0.767138612495212,0.760171698665803,0.728394522245005
7.58,0.755503007390199,0.868538069287228,0.767903631858332,0.639648388901315,0.605385959295673,0.839749414099764,0.837205650346781,0.767138612737493,0.760171698713079,0.728394522243728
7.59,0.755503007393722,0.868538069313413,0.767903631861009,0.639648388902031,0.605385959465905,0.839749414143077,0.837205650356449,0.767138612979773,0.760171698760355,0.728394522242795
7.6,0.755503007397246,0.868538069339599,0.767903631863687,0.639648388902748,0.605385959609515,0.839749414186389,0.837205650364406,0.767138613222054,0.760171698807632,0.728394522241918
7.61,0.75550300740077,0.868538069363407,0.767903631866119,0.639648388903431,0.605385959721213,0.839749414229702,0.837205650372362,0.767138613464334,0.760171698854908,0.728394522241042
7.62,0.755503007404293,0.868538069382991,0.767903631867995,0.639648388903994,0.605385959832911,0.839749414273015,0.837205650380319,0.767138613657903,0.760171698898491,0.728394522240166
7.63,0.755503007407432,0.868538069402574,0.76790363186987,0.639648388904557,0.605385959944608,0.839749414306193,0.837205650388276,0.767138613838366,0.76017169893233,0.728394522239289
7.64,0.755503007409956,0.868538069422158,0.767903631871746,0.63964838890512,0.605385960056306,0.839749414337954,0.837205650395262,0.76713861401883,0.76017169896617,0.728394522238861
7.65,0.75550300741248,0.868538069441742,0.767903631873621,0.639648388905683,0.605385960156566,0.839749414369716,0.837205650401148,0.767138614199294,0.760171699000009,0.728394522238508
7.66,0.755503007415005,0.868538069459327,0.767903631875156,0.639648388906216,0.605385960243115,0.839749414401478,0.837205650407034,0.767138614379757,0.760171699033849,0.728394522238155
7.67,0.755503007417529,0.868538069473361,0.767903631875918,0.639648388906641,0.605385960329664,0.839749414433239,0.83720565041292,0.767138614504931,0.760171699065331,0.728394522237802
7.68,0.755503007419752,0.868538069487395,0.767903631876679,0.639648388907066,0.605385960416212,0.839749414458909,0.837205650418806,0.76713861461523,0.760171699090594,0.728394522237448
7.69,0.755503007421494,0.868538069501428,0.767903631877441,0.639648388907491,0.605385960502761,0.839749414483728,0.837205650423886,0.767138614725529,0.760171699115858,0.728394522237239
7.7,0.755503007423236,0.868538069515462,0.767903631878202,0.639648388907917,0.605385960579004,0.839749414508547,0.837205650428053,0.767138614835828,0.760171699141121,0.728394522237053
7.71,0.755503007424978,0.868538069528114,0.767903631878882,0.639648388908309,0.605385960642891,0.839749414533366,0.837205650432219,0.767138614946127,0.760171699166385,0.728394522236867
7.72,0.755503007426721,0.86853806953831,0.767903631879377,0.639648388908586,0.605385960706779,0.839749414558186,0.837205650436386,0.767138615045387,0.760171699190065,0.728394522236682
7.73,0.755503007428284,0.868538069548505,0.767903631879872,0.639648388908863,0.605385960770666,0.839749414577443,0.837205650440552,0.767138615141676,0.76017169920957,0.728394522236496
7.74,0.755503007429562,0.868538069558701,0.767903631880366,0.639648388909139,0.605385960834554,0.839749414595923,0.837205650444193,0.767138615237965,0.760171699229075,0.728394522236422
7.75,0.75550300743084,0.868538069568896,0.767903631880861,0.639648388909416,0.605385960891128,0.839749414614403,0.837205650447236,0.767138615334254,0.760171699248579,0.728394522236367
7.76,0.755503007432118,0.868538069578126,0.767903631881291,0.639648388909671,0.605385960938935,0.839749414632883,0.837205650450279,0.767138615430544,0.760171699268084,0.728394522236311
7.77,0.755503007433396,0.868538069585641,0.767903631881572,0.639648388909851,0.605385960986742,0.839749414651363,0.837205650453323,0.76713861551399,0.760171699286145,0.728394522236256
7.78,0.755503007434526,0.868538069593155,0.767903631881853,0.639648388910031,0.605385961034549,0.839749414664953,0.837205650456366,0.76713861559398,0.7601716993004,0.7283945222362
7.79,0.75550300743542,0.868538069600669,0.767903631882134,0.639648388910211,0.605385961082356,0.839749414677861,0.837205650459026,0.767138615673971,0.760171699314654,0.728394522236202
7.8,0.755503007436314,0.868538069608183,0.767903631882416,0.639648388910391,0.605385961124714,0.839749414690768,0.837205650461252,0.767138615753962,0.760171699328908,0.728394522236214
7.81,0.755503007437208,0.868538069615046,0.767903631882635,0.639648388910562,0.605385961160539,0.839749414703675,0.837205650463478,0.767138615833953,0.760171699343162,0.728394522236225
7.82,0.755503007438102,0.86853806962075,0.767903631882713,0.639648388910704,0.605385961196364,0.839749414716583,0.837205650465704,0.767138615888368,0.760171699356349,0.728394522236237
7.83,0.755503007438874,0.868538069626455,0.767903631882791,0.639648388910846,0.605385961232189,0.839749414726326,0.837205650467929,0.767138615935901,0.760171699366719,0.728394522236248
7.84,0.755503007439452,0.868538069632159,0.767903631882869,0.639648388910988,0.605385961268014,0.839749414735627,0.837205650469942,0.767138615983435,0.760171699377089,0.728394522236271
7.85,0.755503007440031,0.868538069637864,0.767903631882946,0.63964838891113,0.605385961300098,0.839749414744929,0.837205650471712,0.767138616030969,0.760171699387459,0.728394522236296
7.86,0.755503007440609,0.868538069643021,0.767903631883007,0.639648388911261,0.605385961327696,0.83974941475423,0.837205650473482,0.767138616078503,0.760171699397829,0.728394522236321
7.87,0.755503007441188,0.868538069647205,0.767903631883028,0.639648388911353,0.605385961355294,0.839749414763532,0.837205650475253,0.76713861612487,0.760171699407489,0.728394522236346
7.88,0.755503007441717,0.868538069651389,0.767903631883049,0.639648388911445,0.605385961382892,0.839749414771044,0.837205650477023,0.767138616170923,0.760171699415275,0.728394522236371
7.89,0.755503007442167,0.868538069655573,0.767903631883071,0.639648388911537,0.605385961410491,0.839749414778306,0.837205650478558,0.767138616216977,0.760171699423061,0.728394522236406
7.9,0.755503007442618,0.868538069659757,0.767903631883092,0.639648388911629,0.605385961434337,0.839749414785569,0.837205650479825,0.76713861626303,0.760171699430847,0.728394522236442
7.91,0.755503007443068,0.868538069663521,0.767903631883098,0.639648388911713,0.605385961453684,0.839749414792831,0.837205650481093,0.767138616309083,0.760171699438632,0.728394522236479
7.92,0.755503007443519,0.86853806966654,0.76790363188307,0.639648388911766,0.605385961473032,0.839749414800093,0.837205650482361,0.767138616343173,0.760171699445878,0.728394522236515
7.93,0.755503007443925,0.868538069669558,0.767903631883042,0.639648388911819,0.605385961492379,0.839749414805883,0.837205650483628,0.767138616374044,0.760171699451697,0.728394522236552
7.94,0.75550300744426,0.868538069672577,0.767903631883014,0.639648388911872,0.605385961511727,0.839749414811466,0.837205650484719,0.767138616404915,0.760171699457517,0.728394522236589
7.95,0.755503007444595,0.868538069675595,0.767903631882986,0.639648388911925,0.605385961529655,0.83974941481705,0.837205650485608,0.767138616435786,0.760171699463337,0.728394522236626
7.96,0.75550300744493,0.868538069678332,0.767903631882951,0.639648388911975,0.605385961545882,0.839749414822633,0.837205650486498,0.767138616466657,0.760171699469156,0.728394522236664
7.97,0.755503007445265,0.868538069680569,0.7679036318829,0.639648388912016,0.605385961562108,0.839749414828217,0.837205650487387,0.767138616491992,0.76017169947455,0.728394522236701
7.98,0.755503007445555,0.868538069682806,0.767903631882849,0.639648388912057,0.605385961578335,0.839749414832513,0.837205650488277,0.767138616515838,0.760171699478818,0.728394522236739
7.99,0.755503007445773,0.868538069685042,0.767903631882798,0.639648388912098,0.605385961594561,0.839749414836629,0.837205650489067,0.767138616539684,0.760171699483087,0.728394522236769
8,0.755503007445991,0.868538069687279,0.767903631882747,0.639648388912138,0.605385961609582,0.839749414840745,0.837205650489744,0.76713861656353,0.760171699487356,0.728394522236799
8.01,0.755503007446209,0.868538069689313,0.767903631882692,0.639648388912177,0.605385961623158,0.839749414844861,0.837205650490422,0.767138616587376,0.760171699491624,0.728394522236829
8.02,0.755503007446427,0.868538069690985,0.767903631882627,0.639648388912206,0.605385961636734,0.839749414848977,0.837205650491099,0.767138616606689,0.760171699495575,0.728394522236859
8.03,0.75550300744662,0.868538069692657,0.767903631882562,0.639648388912235,0.605385961650309,0.839749414851968,0.837205650491777,0.767138616624782,0.760171699498687,0.728394522236889
8.04,0.755503007446773,0.868538069694329,0.767903631882496,0.639648388912265,0.605385961663885,0.839749414854802,0.837205650492302,0.767138616642876,0.760171699501799,0.728394522236919
8.05,0.755503007446926,0.868538069696002,0.767903631882431,0.639648388912294,0.60538596167532,0.839749414857635,0.837205650492655,0.767138616660969,0.760171699504911,0.728394522236949
8.06,0.75550300744708,0.868538069697508,0.767903631882368,0.639648388912321,0.605385961684187,0.839749414860469,0.837205650493008,0.767138616679062,0.760171699508023,0.728394522236979
8.07,0.755503007447233,0.868538069698718,0.767903631882309,0.639648388912339,0.605385961693055,0.839749414863302,0.83720565049336,0.767138616693596,0.76017169951093,0.728394522237009
8.08,0.755503007447371,0.868538069699929,0.767903631882249,0.639648388912357,0.605385961701922,0.839749414865509,0.837205650493713,0.767138616707172,0.760171699513296,0.728394522237039
8.09,0.755503007447485,0.86853806970114,0.76790363188219,0.639648388912374,0.60538596171079,0.839749414867629,0.837205650494079,0.767138616720748,0.760171699515662,0.728394522237067
8.1,0.755503007447598,0.86853806970235,0.767903631882131,0.639648388912392,0.605385961718353,0.839749414869748,0.83720565049446,0.767138616734324,0.760171699518027,0.728394522237094
8.11,0.755503007447712,0.868538069703441,0.767903631882078,0.639648388912408,0.605385961724353,0.839749414871867,0.837205650494841,0.7671386167479,0.760171699520393,0.728394522237122
8.12,0.755503007447825,0.868538069704321,0.767903631882041,0.639648388912417,0.605385961730353,0.839749414873987,0.837205650495221,0.767138616759002,0.760171699522601,0.72839452223715
8.13,0.755503007447925,0.8685380697052,0.767903631882004,0.639648388912425,0.605385961736353,0.839749414875693,0.837205650495602,0.767138616769438,0.760171699524394,0.728394522237177
8.14,0.755503007448004,0.86853806970608,0.767903631881967,0.639648388912434,0.605385961742353,0.839749414877341,0.837205650495969,0.767138616779874,0.760171699526187,0.728394522237197
8.15,0.755503007448083,0.868538069706959,0.767903631881929,0.639648388912442,0.605385961747747,0.83974941487899,0.837205650496319,0.76713861679031,0.76017169952798,0.728394522237215
8.16,0.755503007448161,0.86853806970775,0.767903631881894,0.63964838891245,0.605385961752414,0.839749414880638,0.837205650496669,0.767138616800746,0.760171699529773,0.728394522237234
8.17,0.75550300744824,0.868538069708385,0.767903631881861,0.639648388912456,0.605385961757081,0.839749414882287,0.83720565049702,0.767138616809268,0.760171699531435,0.728394522237253
8.18,0.75550300744831,0.86853806970902,0.767903631881829,0.639648388912462,0.605385961761748,0.839749414883546,0.83720565049737,0.767138616817274,0.760171699532749,0.728394522237271
8.19,0.755503007448368,0.868538069709654,0.767903631881797,0.639648388912468,0.605385961766415,0.83974941488475,0.837205650497644,0.76713861682528,0.760171699534062,0.728394522237284
8.2,0.755503007448426,0.868538069710289,0.767903631881765,0.639648388912473,0.605385961770982,0.839749414885954,0.837205650497831,0.767138616833286,0.760171699535376,0.728394522237297
8.21,0.755503007448483,0.868538069710868,0.767903631881733,0.639648388912479,0.60538596177543,0.839749414887158,0.837205650498018,0.767138616841292,0.76017169953669,0.728394522237309
8.22,0.755503007448541,0.868538069711347,0.767903631881702,0.639648388912482,0.605385961779878,0.839749414888362,0.837205650498205,0.767138616847758,0.760171699537912,0.728394522237322
8.23,0.755503007448591,0.868538069711826,0.767903631881671,0.639648388912486,0.605385961784326,0.839749414889278,0.837205650498392,0.767138616853809,0.760171699538892,0.728394522237334
8.24,0.755503007448631,0.868538069712305,0.76790363188164,0.63964838891249,0.605385961788774,0.839749414890154,0.837205650498537,0.76713861685986,0.760171699539872,0.728394522237346
8.25,0.75550300744867,0.868538069712784,0.767903631881609,0.639648388912493,0.605385961792736,0.839749414891029,0.837205650498634,0.767138616865912,0.760171699540851,0.728394522237357
8.26,0.75550300744871,0.86853806971322,0.76790363188158,0.639648388912496,0.605385961796118,0.839749414891905,0.83720565049873,0.767138616871963,0.760171699541831,0.728394522237369
8.27,0.755503007448749,0.868538069713579,0.767903631881554,0.639648388912498,0.605385961799499,0.839749414892781,0.837205650498827,0.76713861687649,0.760171699542735,0.728394522237381
8.28,0.755503007448784,0.868538069713938,0.767903631881529,0.6396483889125,0.605385961802881,0.839749414893466,0.837205650498924,0.767138616880608,0.760171699543437,0.728394522237392
8.29,0.755503007448812,0.868538069714296,0.767903631881503,0.639648388912502,0.605385961806263,0.839749414894124,0.837205650499027,0.767138616884726,0.760171699544139,0.728394522237402
8.3,0.75550300744884,0.868538069714655,0.767903631881477,0.639648388912504,0.605385961809109,0.839749414894782,0.837205650499139,0.767138616888843,0.760171699544842,0.728394522237412
8.31,0.755503007448868,0.868538069714976,0.767903631881454,0.639648388912506,0.605385961811314,0.839749414895441,0.83720565049925,0.767138616892961,0.760171699545544,0.728394522237423
8.32,0.755503007448896,0.868538069715231,0.767903631881435,0.639648388912507,0.605385961813519,0.839749414896099,0.837205650499362,0.767138616896677,0.760171699546196,0.728394522237433
8.33,0.755503007448922,0.868538069715485,0.767903631881416,0.639648388912508,0.605385961815723,0.839749414896598,0.837205650499473,0.767138616900285,0.760171699546719,0.728394522237442
8.34,0.755503007448943,0.868538069715739,0.767903631881397,0.63964838891251,0.605385961817928,0.839749414897074,0.83720565049958,0.767138616903894,0.760171699547241,0.728394522237448
8.35,0.755503007448965,0.868538069715993,0.767903631881378,0.639648388912511,0.605385961819879,0.839749414897551,0.837205650499681,0.767138616907502,0.760171699547763,0.728394522237453
8.36,0.755503007448987,0.868538069716223,0.767903631881362,0.639648388912512,0.605385961821524,0.839749414898027,0.837205650499783,0.767138616911111,0.760171699548285,0.728394522237458
8.37,0.755503007449009,0.868538069716413,0.76790363188135,0.639648388912512,0.605385961823169,0.839749414898504,0.837205650499884,0.767138616914055,0.760171699548776,0.728394522237463
8.38,0.755503007449028,0.868538069716602,0.767903631881338,0.639648388912513,0.605385961824814,0.839749414898874,0.837205650499986,0.76713861691682,0.760171699549185,0.728394522237468
8.39,0.755503007449042,0.868538069716791,0.767903631881326,0.639648388912513,0.605385961826459,0.83974941489923,0.837205650500063,0.767138616919586,0.760171699549593,0.728394522237474
8.4,0.755503007449057,0.86853806971698,0.767903631881314,0.639648388912514,0.605385961827927,0.839749414899586,0.837205650500114,0.767138616922352,0.760171699550001,0.728394522237479
8.41,0.755503007449071,0.868538069717153,0.767903631881303,0.639648388912514,0.605385961829181,0.839749414899942,0.837205650500164,0.767138616925117,0.760171699550409,0.728394522237484
8.42,0.755503007449086,0.868538069717296,0.767903631881294,0.639648388912515,0.605385961830436,0.839749414900298,0.837205650500215,0.767138616927534,0.760171699550787,0.728394522237489
8.43,0.755503007449098,0.868538069717439,0.767903631881286,0.639648388912515,0.60538596183169,0.839749414900586,0.837205650500265,0.767138616929857,0.760171699551085,0.728394522237494
8.44,0.755503007449108,0.868538069717582,0.767903631881277,0.639648388912515,0.605385961832944,0.839749414900864,0.837205650500309,0.76713861693218,0.760171699551383,0.728394522237497
8.45,0.755503007449117,0.868538069717725,0.767903631881269,0.639648388912515,0.60538596183401,0.839749414901142,0.837205650500347,0.767138616934503,0.760171699551681,0.728394522237501
8.46,0.755503007449126,0.868538069717854,0.767903631881261,0.639648388912515,0.605385961834848,0.83974941490142,0.837205650500384,0.767138616936826,0.760171699551978,0.728394522237504
8.47,0.755503007449135,0.868538069717955,0.767903631881257,0.639648388912515,0.605385961835686,0.839749414901699,0.837205650500421,0.767138616938523,0.760171699552253,0.728394522237508
8.48,0.755503007449144,0.868538069718057,0.767903631881252,0.639648388912515,0.605385961836525,0.839749414901912,0.837205650500458,0.767138616940052,0.760171699552468,0.728394522237511
8.49,0.755503007449151,0.868538069718159,0.767903631881248,0.639648388912514,0.605385961837363,0.839749414902117,0.837205650500491,0.767138616941581,0.760171699552684,0.728394522237514
8.5,0.755503007449158,0.868538069718261,0.767903631881244,0.639648388912514,0.605385961838153,0.839749414902321,0.837205650500518,0.767138616943109,0.760171699552899,0.728394522237515
8.51,0.755503007449165,0.868538069718352,0.767903631881239,0.639648388912514,0.605385961838883,0.839749414902526,0.837205650500546,0.767138616944638,0.760171699553114,0.728394522237517
8.52,0.755503007449172,0.868538069718424,0.767903631881236,0.639648388912514,0.605385961839613,0.83974941490273,0.837205650500574,0.767138616945804,0.760171699553314,0.728394522237519
8.53,0.755503007449178,0.868538069718497,0.767903631881232,0.639648388912513,0.605385961840343,0.839749414902887,0.837205650500601,0.767138616946872,0.760171699553477,0.728394522237521
8.54,0.755503007449183,0.868538069718569,0.767903631881229,0.639648388912513,0.605385961841073,0.839749414903038,0.837205650500626,0.767138616947941,0.760171699553639,0.728394522237523
8.55,0.755503007449188,0.868538069718641,0.767903631881226,0.639648388912513,0.605385961841725,0.839749414903188,0.837205650500648,0.767138616949009,0.760171699553802,0.728394522237524
8.56,0.755503007449193,0.868538069718707,0.767903631881222,0.639648388912513,0.605385961842284,0.839749414903338,0.83720565050067,0.767138616950077,0.760171699553964,0.728394522237525
8.57,0.755503007449198,0.868538069718761,0.767903631881219,0.639648388912513,0.605385961842843,0.839749414903488,0.837205650500691,0.767138616951101,0.760171699554114,0.728394522237527
8.58,0.755503007449202,0.868538069718815,0.767903631881215,0.639648388912514,0.605385961843402,0.839749414903599,0.837205650500713,0.767138616952112,0.760171699554233,0.728394522237528
8.59,0.755503007449206,0.86853806971887,0.767903631881212,0.639648388912514,0.60538596184396,0.839749414903703,0.837205650500732,0.767138616953124,0.760171699554352,0.728394522237529
8.6,0.75550300744921,0.868538069718924,0.767903631881208,0.639648388912514,0.605385961844436,0.839749414903808,0.837205650500748,0.767138616954135,0.760171699554471,0.728394522237531
8.61,0.755503007449214,0.868538069718974,0.767903631881205,0.639648388912515,0.605385961844812,0.839749414903913,0.837205650500764,0.767138616955147,0.760171699554589,0.728394522237532
8.62,0.755503007449217,0.868538069719015,0.767903631881202,0.639648388912514,0.605385961845188,0.839749414904018,0.83720565050078,0.767138616955888,0.760171699554699,0.728394522237533
8.63,0.755503007449221,0.868538069719056,0.7679036318812,0.639648388912514,0.605385961845564,0.839749414904099,0.837205650500796,0.767138616956556,0.760171699554787,0.728394522237534
8.64,0.755503007449223,0.868538069719098,0.767903631881198,0.639648388912514,0.60538596184594,0.839749414904176,0.837205650500808,0.767138616957224,0.760171699554875,0.728394522237535
8.65,0.755503007449226,0.868538069719139,0.767903631881195,0.639648388912513,0.605385961846305,0.839749414904253,0.837205650500816,0.767138616957892,0.760171699554962,0.728394522237536
8.66,0.755503007449229,0.868538069719176,0.767903631881193,0.639648388912513,0.605385961846656,0.839749414904331,0.837205650500824,0.76713861695856,0.76017169955505,0.728394522237537
8.67,0.755503007449232,0.868538069719207,0.767903631881192,0.639648388912513,0.605385961847008,0.839749414904408,0.837205650500832,0.767138616959118,0.760171699555132,0.728394522237537
8.68,0.755503007449234,0.868538069719237,0.767903631881191,0.639648388912512,0.60538596184736,0.839749414904471,0.83720565050084,0.767138616959646,0.760171699555198,0.728394522237538
8.69,0.755503007449236,0.868538069719267,0.767903631881189,0.639648388912512,0.605385961847711,0.839749414904532,0.837205650500848,0.767138616960174,0.760171699555265,0.728394522237539
8.7,0.755503007449237,0.868538069719297,0.767903631881188,0.639648388912512,0.60538596184802,0.839749414904593,0.837205650500857,0.767138616960702,0.760171699555331,0.72839452223754
8.71,0.755503007449239,0.868538069719324,0.767903631881187,0.639648388912512,0.605385961848276,0.839749414904654,0.837205650500866,0.767138616961229,0.760171699555398,0.728394522237541
8.72,0.75550300744924,0.868538069719345,0.767903631881187,0.639648388912511,0.605385961848532,0.839749414904716,0.837205650500875,0.767138616961687,0.760171699555459,0.728394522237542
8.73,0.755503007449242,0.868538069719367,0.767903631881186,0.639648388912511,0.605385961848789,0.839749414904763,0.837205650500884,0.767138616962126,0.760171699555509,0.728394522237543
8.74,0.755503007449243,0.868538069719388,0.767903631881186,0.63964838891251,0.605385961849045,0.839749414904808,0.837205650500893,0.767138616962564,0.760171699555559,0.728394522237543
8.75,0.755503007449244,0.86853806971941,0.767903631881186,0.63964838891251,0.605385961849265,0.839749414904853,0.837205650500902,0.767138616963003,0.760171699555608,0.728394522237543
8.76,0.755503007449245,0.868538069719429,0.767903631881186,0.63964838891251,0.60538596184944,0.839749414904899,0.837205650500911,0.767138616963442,0.760171699555657,0.728394522237543
8.77,0.755503007449246,0.868538069719444,0.767903631881185,0.63964838891251,0.605385961849616,0.839749414904944,0.83720565050092,0.767138616963741,0.760171699555703,0.728394522237544
8.78,0.755503007449247,0.86853806971946,0.767903631881185,0.63964838891251,0.605385961849791,0.83974941490498,0.83720565050093,0.767138616964002,0.76017169955574,0.728394522237544
8.79,0.755503007449249,0.868538069719476,0.767903631881184,0.639648388912509,0.605385961849966,0.839749414905014,0.837205650500936,0.767138616964264,0.760171699555776,0.728394522237544
8.8,0.75550300744925,0.868538069719491,0.767903631881184,0.63964838891251,0.605385961850122,0.839749414905048,0.83720565050094,0.767138616964525,0.760171699555813,0.728394522237545
8.81,0.755503007449251,0.868538069719506,0.767903631881184,0.63964838891251,0.605385961850254,0.839749414905083,0.837205650500944,0.767138616964786,0.760171699555849,0.728394522237545
8.82,0.755503007449253,0.868538069719519,0.767903631881183,0.63964838891251,0.605385961850385,0.839749414905117,0.837205650500948,0.767138616965005,0.760171699555883,0.728394522237546
8.83,0.755503007449254,0.868538069719532,0.767903631881183,0.639648388912511,0.605385961850517,0.839749414905143,0.837205650500952,0.767138616965213,0.76017169955591,0.728394522237546
8.84,0.755503007449254,0.868538069719544,0.767903631881183,0.639648388912511,0.605385961850649,0.839749414905168,0.837205650500955,0.76713861696542,0.760171699555937,0.728394522237547
8.85,0.755503007449255,0.868538069719557,0.767903631881182,0.639648388912512,0.605385961850765,0.839749414905193,0.837205650500958,0.767138616965628,0.760171699555964,0.728394522237547
8.86,0.755503007449256,0.868538069719569,0.767903631881182,0.639648388912512,0.605385961850862,0.839749414905217,0.83720565050096,0.767138616965835,0.760171699555991,0.728394522237547
8.87,0.755503007449256,0.868538069719577,0.767903631881182,0.639648388912512,0.60538596185096,0.839749414905242,0.837205650500963,0.767138616966037,0.760171699556015,0.728394522237548
8.88,0.755503007449257,0.868538069719586,0.767903631881181,0.639648388912512,0.605385961851057,0.839749414905261,0.837205650500966,0.767138616966237,0.760171699556035,0.728394522237548
8.89,0.755503007449256,0.868538069719595,0.767903631881181,0.639648388912511,0.605385961851154,0.83974941490528,0.837205650500968,0.767138616966437,0.760171699556055,0.728394522237548
8.9,0.755503007449256,0.868538069719603,0.767903631881181,0.639648388912511,0.605385961851241,0.839749414905298,0.83720565050097,0.767138616966637,0.760171699556075,0.728394522237549
8.91,0.755503007449256,0.868538069719611,0.76790363188118,0.639648388912511,0.605385961851315,0.839749414905316,0.837205650500972,0.767138616966837,0.760171699556095,0.728394522237549
8.92,0.755503007449255,0.868538069719617,0.767903631881181,0.639648388912511,0.605385961851389,0.839749414905334,0.837205650500975,0.767138616966994,0.760171699556113,0.728394522237549
8.93,0.755503007449256,0.868538069719623,0.767903631881181,0.639648388912512,0.605385961851463,0.839749414905348,0.837205650500977,0.767138616967138,0.760171699556128,0.728394522237549
8.94,0.755503007449256,0.868538069719629,0.767903631881181,0.639648388912512,0.605385961851537,0.839749414905361,0.837205650500978,0.767138616967283,0.760171699556143,0.728394522237549
8.95,0.755503007449257,0.868538069719635,0.767903631881181,0.639648388912512,0.605385961851603,0.839749414905374,0.83720565050098,0.767138616967427,0.760171699556158,0.728394522237549
8.96,0.755503007449257,0.868538069719641,0.767903631881181,0.639648388912513,0.605385961851659,0.839749414905387,0.837205650500981,0.767138616967572,0.760171699556173,0.728394522237548
8.97,0.755503007449258,0.868538069719646,0.76790363188118,0.639648388912513,0.605385961851716,0.8397494149054,0.837205650500983,0.76713861696768,0.760171699556187,0.728394522237548
8.98,0.755503007449258,0.868538069719651,0.767903631881179,0.639648388912513,0.605385961851772,0.839749414905411,0.837205650500984,0.767138616967778,0.760171699556198,0.728394522237548
8.99,0.755503007449258,0.868538069719656,0.767903631881179,0.639648388912513,0.605385961851828,0.83974941490542,0.837205650500985,0.767138616967877,0.76017169955621,0.728394522237548
9,0.755503007449258,0.868538069719661,0.767903631881178,0.639648388912513,0.605385961851874,0.83974941490543,0.837205650500987,0.767138616967975,0.760171699556221,0.728394522237548
9.01,0.755503007449258,0.868538069719665,0.767903631881178,0.639648388912513,0.605385961851907,0.83974941490544,0.837205650500988,0.767138616968074,0.760171699556232,0.728394522237548
9.02,0.755503007449259,0.868538069719668,0.767903631881178,0.639648388912513,0.605385961851941,0.83974941490545,0.837205650500989,0.767138616968149,0.760171699556242,0.728394522237548
9.03,0.755503007449259,0.868538069719671,0.767903631881178,0.639648388912513,0.605385961851974,0.839749414905458,0.837205650500991,0.767138616968218,0.76017169955625,0.728394522237548
9.04,0.75550300744926,0.868538069719675,0.767903631881178,0.639648388912513,0.605385961852007,0.839749414905465,0.837205650500992,0.767138616968287,0.760171699556259,0.728394522237548
9.05,0.755503007449261,0.868538069719678,0.767903631881179,0.639648388912513,0.605385961852041,0.839749414905472,0.837205650500992,0.767138616968357,0.760171699556267,0.728394522237547
9.06,0.755503007449262,0.868538069719681,0.767903631881179,0.639648388912512,0.605385961852074,0.83974941490548,0.837205650500992,0.767138616968426,0.760171699556275,0.728394522237547
9.07,0.755503007449263,0.868538069719683,0.767903631881179,0.639648388912512,0.605385961852108,0.839749414905487,0.837205650500992,0.767138616968486,0.760171699556283,0.728394522237547
9.08,0.755503007449263,0.868538069719685,0.76790363188118,0.639648388912512,0.605385961852141,0.839749414905493,0.837205650500992,0.767138616968544,0.760171699556289,0.728394522237547
9.09,0.755503007449263,0.868538069719688,0.76790363188118,0.639648388912512,0.605385961852174,0.839749414905498,0.837205650500993,0.767138616968602,0.760171699556296,0.728394522237547
9.1,0.755503007449263,0.86853806971969,0.767903631881181,0.639648388912512,0.605385961852206,0.839749414905504,0.837205650500994,0.76713861696866,0.760171699556303,0.728394522237547
9.11,0.755503007449263,0.868538069719692,0.767903631881181,0.639648388912512,0.605385961852234,0.83974941490551,0.837205650500995,0.767138616968718,0.760171699556309,0.728394522237548
9.12,0.755503007449263,0.868538069719694,0.767903631881181,0.639648388912512,0.605385961852262,0.839749414905515,0.837205650500996,0.767138616968769,0.760171699556315,0.728394522237548
9.13,0.755503007449262,0.868538069719696,0.76790363188118,0.639648388912511,0.605385961852291,0.83974941490552,0.837205650500997,0.767138616968819,0.76017169955632,0.728394522237548
9.14,0.755503007449262,0.868538069719698,0.76790363188118,0.639648388912511,0.605385961852319,0.839749414905525,0.837205650500998,0.767138616968869,0.760171699556324,0.728394522237549
9.15,0.755503007449262,0.868538069719699,0.76790363188118,0.63964838891251,0.605385961852343,0.83974941490553,0.837205650500999,0.767138616968918,0.760171699556328,0.728394522237549
9.16,0.755503007449261,0.868538069719701,0.76790363188118,0.63964838891251,0.605385961852362,0.839749414905534,0.837205650501,0.767138616968968,0.760171699556332,0.728394522237549
9.17,0.755503007449261,0.868538069719703,0.76790363188118,0.63964838891251,0.605385961852381,0.839749414905539,0.837205650501,0.767138616969002,0.760171699556336,0.72839452223755
9.18,0.755503007449261,0.868538069719704,0.76790363188118,0.63964838891251,0.6053859618524,0.839749414905542,0.837205650501001,0.767138616969032,0.76017169955634,0.72839452223755
9.19,0.755503007449261,0.868538069719706,0.76790363188118,0.63964838891251,0.605385961852419,0.839749414905545,0.837205650501001,0.767138616969061,0.760171699556343,0.72839452223755
9.2,0.755503007449261,0.868538069719707,0.76790363188118,0.63964838891251,0.605385961852436,0.839749414905548,0.837205650501001,0.767138616969091,0.760171699556347,0.72839452223755
9.21,0.755503007449262,0.868538069719709,0.76790363188118,0.63964838891251,0.605385961852452,0.839749414905551,0.837205650501001,0.76713861696912,0.76017169955635,0.728394522237549
9.22,0.755503007449262,0.868538069719709,0.76790363188118,0.63964838891251,0.605385961852467,0.839749414905554,0.837205650501001,0.767138616969144,0.760171699556353,0.728394522237549
9.23,0.755503007449262,0.86853806971971,0.76790363188118,0.63964838891251,0.605385961852482,0.839749414905556,0.837205650501,0.767138616969167,0.760171699556356,0.728394522237549
9.24,0.755503007449263,0.868538069719711,0.767903631881181,0.63964838891251,0.605385961852497,0.839749414905558,0.837205650501,0.76713861696919,0.760171699556359,0.728394522237549
9.25,0.755503007449263,0.868538069719711,0.767903631881181,0.63964838891251,0.605385961852511,0.83974941490556,0.837205650501001,0.767138616969213,0.760171699556361,0.728394522237549
9.26,0.755503007449263,0.868538069719712,0.767903631881181,0.63964838891251,0.605385961852521,0.839749414905562,0.837205650501002,0.767138616969236,0.760171699556364,0.728394522237549
9.27,0.755503007449264,0.868538069719713,0.767903631881181,0.63964838891251,0.605385961852531,0.839749414905564,0.837205650501002,0.767138616969256,0.760171699556366,0.728394522237549
9.28,0.755503007449264,0.868538069719713,0.76790363188118,0.63964838891251,0.605385961852542,0.839749414905565,0.837205650501003,0.767138616969277,0.760171699556368,0.728394522237548
9.29,0.755503007449264,0.868538069719714,0.76790363188118,0.63964838891251,0.605385961852552,0.839749414905566,0.837205650501004,0.767138616969297,0.760171699556369,0.728394522237548
9.3,0.755503007449264,0.868538069719714,0.76790363188118,0.63964838891251,0.605385961852561,0.839749414905568,0.837205650501005,0.767138616969318,0.760171699556371,0.728394522237548
9.31,0.755503007449264,0.868538069719715,0.76790363188118,0.63964838891251,0.605385961852567,0.839749414905569,0.837205650501006,0.767138616969338,0.760171699556372,0.728394522237548
9.32,0.755503007449264,0.868538069719715,0.76790363188118,0.63964838891251,0.605385961852573,0.83974941490557,0.837205650501007,0.767138616969354,0.760171699556373,0.728394522237548
9.33,0.755503007449264,0.868538069719716,0.76790363188118,0.63964838891251,0.605385961852579,0.839749414905572,0.837205650501007,0.76713861696937,0.760171699556375,0.728394522237548
9.34,0.755503007449264,0.868538069719716,0.76790363188118,0.63964838891251,0.605385961852585,0.839749414905573,0.837205650501008,0.767138616969385,0.760171699556377,0.728394522237548
9.35,0.755503007449263,0.868538069719717,0.76790363188118,0.63964838891251,0.605385961852591,0.839749414905574,0.837205650501007,0.767138616969401,0.760171699556378,0.728394522237548
9.36,0.755503007449263,0.868538069719717,0.76790363188118,0.639648388912511,0.605385961852597,0.839749414905576,0.837205650501007,0.767138616969417,0.76017169955638,0.728394522237548
9.37,0.755503007449263,0.868538069719718,0.76790363188118,0.639648388912511,0.605385961852602,0.839749414905577,0.837205650501006,0.76713861696943,0.760171699556381,0.728394522237548
9.38,0.755503007449263,0.868538069719718,0.76790363188118,0.639648388912511,0.605385961852608,0.839749414905579,0.837205650501006,0.767138616969443,0.760171699556382,0.728394522237548
9.39,0.755503007449263,0.868538069719719,0.76790363188118,0.639648388912511,0.605385961852613,0.83974941490558,0.837205650501006,0.767138616969456,0.760171699556383,0.728394522237548
9.4,0.755503007449262,0.86853806971972,0.76790363188118,0.639648388912511,0.605385961852619,0.839749414905581,0.837205650501005,0.767138616969469,0.760171699556384,0.728394522237548
9.41,0.755503007449262,0.86853806971972,0.76790363188118,0.639648388912511,0.605385961852624,0.839749414905582,0.837205650501005,0.767138616969482,0.760171699556385,0.728394522237548
9.42,0.755503007449262,0.868538069719721,0.767903631881181,0.639648388912511,0.60538596185263,0.839749414905583,0.837205650501004,0.767138616969492,0.760171699556386,0.728394522237548
9.43,0.755503007449262,0.868538069719721,0.767903631881181,0.639648388912511,0.605385961852635,0.839749414905584,0.837205650501004,0.767138616969501,0.760171699556387,0.728394522237548
9.44,0.755503007449262,0.868538069719722,0.767903631881182,0.639648388912511,0.605385961852641,0.839749414905585,0.837205650501004,0.76713861696951,0.760171699556387,0.728394522237549
9.45,0.755503007449262,0.868538069719722,0.767903631881183,0.639648388912511,0.605385961852646,0.839749414905586,0.837205650501005,0.767138616969519,0.760171699556388,0.728394522237549
9.46,0.755503007449262,0.868538069719723,0.767903631881183,0.639648388912511,0.60538596185265,0.839749414905587,0.837205650501006,0.767138616969528,0.760171699556389,0.728394522237549
9.47,0.755503007449262,0.868538069719723,0.767903631881183,0.639648388912511,0.605385961852654,0.839749414905588,0.837205650501007,0.767138616969534,0.760171699556389,0.728394522237549
9.48,0.755503007449262,0.868538069719723,0.767903631881183,0.639648388912511,0.605385961852658,0.839749414905588,0.837205650501008,0.767138616969539,0.76017169955639,0.728394522237549
9.49,0.755503007449263,0.868538069719724,0.767903631881183,0.639648388912511,0.605385961852662,0.839749414905588,0.837205650501009,0.767138616969545,0.760171699556391,0.728394522237549
9.5,0.755503007449263,0.868538069719724,0.767903631881183,0.639648388912511,0.605385961852666,0.839749414905588,0.837205650501009,0.76713861696955,0.760171699556392,0.728394522237549
9.51,0.755503007449263,0.868538069719724,0.767903631881183,0.639648388912511,0.605385961852668,0.839749414905589,0.837205650501009,0.767138616969556,0.760171699556393,0.728394522237549
9.52,0.755503007449263,0.868538069719725,0.767903631881182,0.639648388912511,0.605385961852671,0.839749414905589,0.837205650501009,0.767138616969561,0.760171699556394,0.728394522237549
9.53,0.755503007449264,0.868538069719725,0.767903631881182,0.639648388912511,0.605385961852673,0.839749414905589,0.83720565050101,0.767138616969566,0.760171699556395,0.728394522237549
9.54,0.755503007449264,0.868538069719725,0.767903631881182,0.639648388912511,0.605385961852676,0.839749414905589,0.83720565050101,0.76713861696957,0.760171699556396,0.728394522237549
9.55,0.755503007449264,0.868538069719725,0.767903631881181,0.639648388912511,0.605385961852678,0.839749414905589,0.83720565050101,0.767138616969575,0.760171699556397,0.728394522237548
9.56,0.755503007449264,0.868538069719725,0.767903631881181,0.639648388912511,0.605385961852679,0.839749414905589,0.83720565050101,0.76713861696958,0.760171699556398,0.728394522237548
9.57,0.755503007449265,0.868538069719725,0.767903631881181,0.639648388912511,0.605385961852681,0.839749414905589,0.837205650501009,0.767138616969585,0.760171699556398,0.728394522237548
9.58,0.755503007449265,0.868538069719725,0.767903631881181,0.639648388912511,0.605385961852683,0.839749414905589,0.837205650501009,0.767138616969589,0.760171699556398,0.728394522237547
9.59,0.755503007449264,0.868538069719725,0.767903631881181,0.639648388912511,0.605385961852684,0.839749414905589,0.837205650501009,0.767138616969594,0.760171699556397,0.728394522237547
9.6,0.755503007449264,0.868538069719725,0.767903631881181,0.639648388912511,0.605385961852686,0.839749414905589,0.837205650501008,0.767138616969598,0.760171699556397,0.728394522237547
9.61,0.755503007449264,0.868538069719725,0.767903631881181,0.639648388912511,0.605385961852687,0.839749414905589,0.837205650501007,0.767138616969603,0.760171699556397,0.728394522237548
9.62,0.755503007449264,0.868538069719725,0.767903631881181,0.639648388912511,0.605385961852689,0.839749414905589,0.837205650501006,0.767138616969607,0.760171699556397,0.728394522237548
9.63,0.755503007449263,0.868538069719726,0.767903631881181,0.639648388912511,0.60538596185269,0.83974941490559,0.837205650501006,0.76713861696961,0.760171699556396,0.728394522237548
9.64,0.755503007449263,0.868538069719727,0.767903631881181,0.639648388912511,0.605385961852692,0.83974941490559,0.837205650501005,0.767138616969613,0.760171699556396,0.728394522237548
9.65,0.755503007449263,0.868538069719727,0.767903631881181,0.639648388912511,0.605385961852693,0.839749414905591,0.837205650501005,0.767138616969617,0.760171699556396,0.728394522237548
9.66,0.755503007449263,0.868538069719727,0.767903631881181,0.639648388912511,0.605385961852694,0.839749414905592,0.837205650501005,0.76713861696962,0.760171699556396,0.728394522237548
9.67,0.755503007449263,0.868538069719727,0.767903631881181,0.639648388912511,0.605385961852695,0.839749414905592,0.837205650501004,0.767138616969622,0.760171699556396,0.728394522237548
9.68,0.755503007449263,0.868538069719727,0.767903631881182,0.639648388912511,0.605385961852696,0.839749414905593,0.837205650501004,0.767138616969625,0.760171699556396,0.728394522237549
9.69,0.755503007449263,0.868538069719726,0.767903631881182,0.639648388912511,0.605385961852696,0.839749414905594,0.837205650501004,0.767138616969627,0.760171699556396,0.728394522237549
9.7,0.755503007449263,0.868538069719726,0.767903631881182,0.639648388912511,0.605385961852697,0.839749414905594,0.837205650501004,0.76713861696963,0.760171699556396,0.728394522237549
9.71,0.755503007449264,0.868538069719726,0.767903631881182,0.639648388912511,0.605385961852698,0.839749414905595,0.837205650501003,0.767138616969632,0.760171699556397,0.728394522237549
9.72,0.755503007449264,0.868538069719725,0.767903631881182,0.639648388912511,0.605385961852699,0.839749414905596,0.837205650501003,0.767138616969634,0.760171699556397,0.72839452223755
9.73,0.755503007449264,0.868538069719725,0.767903631881182,0.639648388912511,0.6053859618527,0.839749414905596,0.837205650501003,0.767138616969636,0.760171699556397,0.72839452223755
9.74,0.755503007449264,0.868538069719725,0.767903631881182,0.639648388912511,0.605385961852701,0.839749414905596,0.837205650501003,0.767138616969637,0.760171699556397,0.72839452223755
9.75,0.755503007449264,0.868538069719724,0.767903631881182,0.639648388912511,0.605385961852702,0.839749414905596,0.837205650501003,0.767138616969639,0.760171699556397,0.728394522237549
9.76,0.755503007449264,0.868538069719724,0.767903631881182,0.639648388912511,0.605385961852703,0.839749414905596,0.837205650501003,0.767138616969641,0.760171699556398,0.728394522237549
9.77,0.755503007449264,0.868538069719725,0.767903631881182,0.639648388912511,0.605385961852704,0.839749414905596,0.837205650501003,0.767138616969643,0.760171699556398,0.728394522237549
9.78,0.755503007449264,0.868538069719725,0.767903631881181,0.639648388912511,0.605385961852705,0.839749414905596,0.837205650501003,0.767138616969644,0.760171699556398,0.728394522237548
9.79,0.755503007449264,0.868538069719726,0.767903631881181,0.639648388912511,0.605385961852706,0.839749414905596,0.837205650501003,0.767138616969646,0.760171699556398,0.728394522237548
9.8,0.755503007449264,0.868538069719726,0.767903631881181,0.639648388912511,0.605385961852707,0.839749414905596,0.837205650501003,0.767138616969647,0.760171699556398,0.728394522237549
9.81,0.755503007449264,0.868538069719727,0.767903631881181,0.639648388912511,0.605385961852708,0.839749414905597,0.837205650501003,0.767138616969649,0.760171699556398,0.728394522237549
9.82,0.755503007449264,0.868538069719726,0.767903631881181,0.639648388912511,0.605385961852708,0.839749414905597,0.837205650501003,0.76713861696965,0.760171699556398,0.728394522237549
9.83,0.755503007449264,0.868538069719726,0.767903631881181,0.639648388912511,0.605385961852709,0.839749414905597,0.837205650501003,0.767138616969651,0.760171699556398,0.728394522237549
9.84,0.755503007449264,0.868538069719726,0.767903631881181,0.639648388912511,0.60538596185271,0.839749414905597,0.837205650501004,0.767138616969651,0.760171699556398,0.728394522237549
9.85,0.755503007449264,0.868538069719726,0.767903631881181,0.639648388912511,0.605385961852711,0.839749414905597,0.837205650501004,0.767138616969652,0.760171699556398,0.728394522237549
9.86,0.755503007449264,0.868538069719726,0.767903631881181,0.639648388912511,0.605385961852711,0.839749414905597,0.837205650501004,0.767138616969653,0.760171699556397,0.728394522237549
9.87,0.755503007449264,0.868538069719726,0.767903631881181,0.639648388912511,0.605385961852712,0.839749414905597,0.837205650501005,0.767138616969654,0.760171699556397,0.728394522237549
9.88,0.755503007449264,0.868538069719726,0.767903631881181,0.639648388912511,0.605385961852712,0.839749414905597,0.837205650501005,0.767138616969655,0.760171699556398,0.72839452223755
9.89,0.755503007449264,0.868538069719726,0.76790363188118,0.639648388912511,0.605385961852713,0.839749414905596,0.837205650501005,0.767138616969656,0.760171699556398,0.728394522237549
9.9,0.755503007449264,0.868538069719726,0.767903631881181,0.639648388912511,0.605385961852713,0.839749414905596,0.837205650501006,0.767138616969657,0.760171699556399,0.728394522237549
9.91,0.755503007449264,0.868538069719727,0.76790363188118,0.639648388912511,0.605385961852713,0.839749414905596,0.837205650501006,0.767138616969658,0.760171699556399,0.728394522237549
9.92,0.755503007449264,0.868538069719727,0.767903631881181,0.639648388912511,0.605385961852713,0.839749414905595,0.837205650501006,0.767138616969658,0.760171699556399,0.728394522237549
9.93,0.755503007449264,0.868538069719727,0.767903631881181,0.639648388912511,0.605385961852713,0.839749414905595,0.837205650501007,0.767138616969658,0.760171699556399,0.728394522237549
9.94,0.755503007449264,0.868538069719727,0.767903631881181,0.639648388912511,0.605385961852713,0.839749414905595,0.837205650501007,0.767138616969659,0.760171699556399,0.728394522237549
9.95,0.755503007449264,0.868538069719727,0.767903631881181,0.639648388912511,0.605385961852713,0.839749414905595,0.837205650501006,0.767138616969659,0.760171699556399,0.728394522237549
9.96,0.755503007449264,0.868538069719728,0.767903631881181,0.639648388912511,0.605385961852713,0.839749414905595,0.837205650501006,0.767138616969659,0.760171699556399,0.728394522237549
9.97,0.755503007449264,0.868538069719728,0.767903631881181,0.639648388912511,0.605385961852713,0.839749414905595,0.837205650501006,0.76713861696966,0.760171699556398,0.728394522237549
9.98,0.755503007449264,0.868538069719728,0.767903631881181,0.639648388912511,0.605385961852713,0.839749414905595,0.837205650501005,0.767138616969661,0.760171699556398,0.728394522237549
9.99,0.755503007449264,0.868538069719728,0.767903631881181,0.639648388912511,0.605385961852713,0.839749414905594,0.837205650501003,0.767138616969661,0.760171699556398,0.728394522237548
10,0.755503007449264,0.868538069719729,0.767903631881181,0.639648388912511,0.605385961852699,0.839749414905594,0.837205650500998,0.767138616969662,0.760171699556397,0.728394522237548
