Tempo,Sim_1,Sim_2,Sim_3,Sim_4,Sim_5,Sim_6,Sim_7,Sim_8,Sim_9,Sim_10
0,0,0,0,0,0,0,0,0,0,0
0.002,0.00178045933613512,0.00132335798623791,0.00418439682757834,-0.0044212989965537,-0.00074174668588831,-0.000657860234379093,0.00509318891565824,-0.0050187719039631,0.00174652862342231,0.000306912069473924
0.004,0.00434101187890545,0.0037809551907966,0.00950520310700899,-0.00739626264984728,-0.000313969018362918,-0.000218600891675527,0.0111240229650274,-0.00777465238921889,0.00470560150947618,0.00164980284115315
0.006,0.00765018251592581,0.00726340062298778,0.0158766489825431,-0.00906757881813327,0.00117356840822883,0.00122688664586386,0.018055026959686,-0.0086144002633472,0.00876470416979029,0.00397186635130716
0.008,0.0115835122453327,0.0116622009031222,0.023151607573078,-0.00948017354948055,0.00363267785037056,0.00358592394016127,0.0257283938540576,-0.00752976145593814,0.0138052367008149,0.00716016286376163
0.01,0.0161560145319636,0.0167323755979905,0.0311058416420374,-0.00912628107613028,0.00678668296546953,0.00663724814263263,0.0340694376145102,-0.00566766383266616,0.0195381961690175,0.0110627828943738
0.012,0.0212667956676245,0.0229399961441595,0.0401655632690034,-0.00705159098518514,0.0111212626277163,0.0107913497272246,0.0431815339190081,-0.000779509084243489,0.0265324571500813,0.0159681558201883
0.014,0.0273685527519738,0.0298034130963463,0.0497789340001378,-0.00426737466671361,0.0161591152174263,0.0157405925210684,0.0529750769329315,0.00410864566417919,0.0341330196981898,0.0217692920992577
0.016,0.0334703098363231,0.0366668300485331,0.0593923047312723,-0.00148315834824208,0.0211969678071362,0.0206898353149122,0.0627686199468549,0.0097651278823529,0.0417335822462983,0.0275704283783271
0.018,0.0395720669206724,0.0445287211871915,0.070351463322258,0.00293745005026106,0.0275630561830833,0.0263291993671273,0.0734426958810809,0.0176078966278602,0.0504961122900986,0.0334945687277866
0.02,0.0467716021067809,0.0533731433599998,0.0818084409637018,0.00843421144503907,0.0347086930174983,0.0334461833804168,0.0848491721546559,0.0254506653733675,0.0601346666109793,0.0414552941999312
0.022,0.0546575507916,0.062217565532808,0.0932654186051456,0.0139309728398171,0.0418543298519133,0.0405631673937063,0.0962556484282308,0.0352163643571791,0.0697732209318599,0.0494160196720759
0.024,0.0625434994764192,0.0711116169906639,0.104900567239574,0.0202237129092577,0.0495531037442487,0.0476801514069957,0.107662124701806,0.0454098373055141,0.079587721793064,0.0573767451442205
0.026,0.0704294481612384,0.0816091139741405,0.117947071692491,0.0280237880073327,0.0585557153852677,0.056175434626785,0.120449045734767,0.055603310253849,0.0908946102881473,0.0659936658191981
0.028,0.0791113198304631,0.0921066109576171,0.130993576145408,0.0358238631054076,0.0675583270262867,0.0651802596818291,0.133310857609254,0.0675505231748992,0.102201498783231,0.0758011966068932
0.03,0.0885358895161556,0.102604107941094,0.144040080598325,0.0436354653473868,0.0765609386673057,0.0741850847368733,0.14617266948374,0.0797384888763555,0.113508387278314,0.0856087273945882
0.032,0.0979604592018481,0.113388484291178,0.157086585051242,0.0533889192336597,0.0865278030729493,0.0831899097919174,0.159034481358227,0.0919264545778119,0.125173638990374,0.0954162581822833
0.034,0.107385028887541,0.125137781079621,0.170977534233088,0.0631423731199325,0.0970478979956694,0.0934304940882969,0.172289842566258,0.104953645299911,0.137710526423596,0.105644311816958
0.036,0.116809598573233,0.136887077868063,0.185147106605104,0.0728958270062053,0.10756799291839,0.103963700536849,0.18625284951056,0.118542008738196,0.150247413856818,0.116981319190233
0.038,0.127401912282172,0.148636374656506,0.19931667897712,0.0830024397161993,0.11808808784111,0.114496906985401,0.200215856454861,0.132130372176482,0.162784301290041,0.128318326563508
0.04,0.138048099726676,0.160469489972692,0.213486251349136,0.094351484674442,0.129341960867775,0.125030113433953,0.214178863399163,0.146109662448417,0.175420098174619,0.139655333936783
0.042,0.14869428717118,0.173025685741428,0.227658634072358,0.105700529632685,0.140975348850317,0.136196311667449,0.228141870343465,0.160509621681717,0.188712842434012,0.150992341310058
0.044,0.159340474615684,0.185581881510164,0.242381916468202,0.117049574590927,0.15260873683286,0.147837931754131,0.242230280162461,0.174909580915015,0.202005586693406,0.163020348871265
0.046,0.169986662060188,0.198138077278901,0.257105198864046,0.128528127230588,0.164242124815402,0.159479551840814,0.256767350557394,0.189608268125846,0.215298330952799,0.175488904303062
0.048,0.181412120844449,0.210694273047637,0.27182848125989,0.141012748127281,0.176118193248138,0.171121171927496,0.271304420952327,0.204427142437724,0.228591075212192,0.187957459734859
0.05,0.192882049985524,0.22345518879975,0.286551763655734,0.153497369023974,0.188420612997489,0.182769258573765,0.28584149134726,0.219246016749602,0.242035580058018,0.200426015166657
0.052,0.204351979126599,0.236343152044645,0.301360632424276,0.165981989920667,0.200723032746841,0.195063461208511,0.300378561742193,0.234202139322379,0.255589961622721,0.212894570598454
0.054,0.215821908267673,0.249231115289541,0.316189234201985,0.17846661081736,0.213025452496192,0.207357663843256,0.314968068269433,0.249169752375486,0.269144343187424,0.225618887771321
0.056,0.227291837408748,0.262119078534437,0.331017835979694,0.191396630864501,0.225327872245544,0.219651866478002,0.329623652411957,0.264137365428593,0.282698724752127,0.238716094446442
0.058,0.238953600372331,0.275007041779332,0.345846437757403,0.204510648836933,0.237762956604803,0.231946069112747,0.344279236554481,0.278958492064279,0.296253106316829,0.251813301121562
0.06,0.250795540666215,0.287770177062337,0.360675039535112,0.217624666809365,0.250256669918669,0.244250979571404,0.358934820697005,0.29372220181406,0.309628417454202,0.264910507796683
0.062,0.2626374809601,0.300469583045045,0.375186707597467,0.230738684781797,0.262750383232536,0.256711828996105,0.37359040483953,0.308485911563841,0.322914218406328,0.278007714471803
0.064,0.274479421253985,0.313168989027753,0.389689995878936,0.243943241001905,0.275244096546402,0.269172678420806,0.388181511827195,0.323249621313623,0.336200019358455,0.291121387551834
0.066,0.28632136154787,0.325868395010461,0.404193284160406,0.257233719910256,0.287737809860269,0.281633527845507,0.402502759412936,0.338013331063404,0.349485820310581,0.304344502303852
0.068,0.298163301841755,0.338567800993169,0.418696572441876,0.270524198818607,0.300053629916028,0.294094377270209,0.416824006998678,0.352369370743535,0.362771621262707,0.317567617055871
0.07,0.309931775551134,0.351258214912378,0.433199860723345,0.283814677726959,0.312205439593824,0.30655522669491,0.431145254584419,0.366456473126096,0.376057422214834,0.330790731807889
0.072,0.321645882485375,0.36314576002457,0.447703149004815,0.29710515663531,0.32435724927162,0.318797201599383,0.445466502170161,0.380543575508656,0.388580856683399,0.344013846559907
0.074,0.333359989419616,0.375033305136763,0.461666707204122,0.31016030096485,0.336509058949416,0.330884887416119,0.459787749755903,0.394630677891217,0.40094279021697,0.357236961311925
0.076,0.345074096353857,0.386920850248956,0.475316160765016,0.323160242879954,0.348660868627212,0.342972573232856,0.474108997341644,0.408717780273777,0.413304723750542,0.370356254239963
0.078,0.356788203288099,0.398808395361148,0.488965614325909,0.336160184795057,0.360812678305008,0.355060259049592,0.488285947855947,0.422463626737047,0.425666657284114,0.383172294614733
0.08,0.36850231022234,0.410695940473341,0.502615067886803,0.349160126710161,0.372387726839914,0.367147944866329,0.501704779824654,0.435466097129867,0.438028590817686,0.395988334989502
0.082,0.380216417156581,0.422583485585533,0.516264521447697,0.362160068625264,0.383541873995487,0.379235630683065,0.515123611793361,0.448468567522687,0.450390524351257,0.408804375364272
0.084,0.391275241429143,0.434162693206311,0.529913975008591,0.375160010540368,0.39469602115106,0.391030282299766,0.528542443762068,0.461471037915508,0.462752457884829,0.421620415739041
0.086,0.402280083084364,0.444439930220785,0.543563428569484,0.387416492071494,0.405850168306633,0.402081105839713,0.541961275730774,0.474473508308328,0.474064512841484,0.434436456113811
0.088,0.413284924739585,0.45471716723526,0.556682731630897,0.399501068132982,0.417004315462206,0.413131929379659,0.555380107699481,0.487475978701148,0.484747254461092,0.447252496488581
0.09,0.424289766394806,0.464994404249735,0.568893923556364,0.411585644194469,0.428158462617779,0.424182752919606,0.568798939668188,0.499673357863787,0.4954299960807,0.460018911251139
0.092,0.435294608050027,0.475271641264209,0.581105115481831,0.423670220255957,0.439312609773352,0.435233576459553,0.582217771636895,0.511094406971069,0.506112737700309,0.471758061978496
0.094,0.446299449705248,0.485548878278684,0.593316307407298,0.435754796317445,0.449896753640649,0.446284399999499,0.595412097703363,0.522515456078351,0.516795479319917,0.483497212705853
0.096,0.457304291360469,0.495826115293159,0.605527499332766,0.447839372378932,0.459250367996466,0.457335223539446,0.607275432768517,0.533936505185633,0.527478220939525,0.495236363433211
0.098,0.468046684625989,0.506103352307633,0.617738691258233,0.45992394844042,0.468603982352283,0.468386047079393,0.61913876783367,0.545357554292915,0.538160962559133,0.506975514160568
0.1,0.477593850728547,0.516380589322108,0.6299498831837,0.471357596801083,0.4779575967081,0.478450508677791,0.631002102898824,0.556778603400198,0.548843704178741,0.518714664887926
0.102,0.487141016831105,0.525098364094977,0.642161075109167,0.481849600744738,0.487311211063917,0.487681686343425,0.642865437963977,0.56819965250748,0.558882594165323,0.530453815615283
0.104,0.496688182933663,0.533060364871021,0.654372267034634,0.492341604688393,0.496664825419734,0.496912864009058,0.65472877302913,0.579620701614762,0.56724014147023,0.54219296634264
0.106,0.506235349036221,0.541022365647064,0.666091833918472,0.502833608632048,0.506018439775551,0.506144041674691,0.666592108094284,0.589254189801918,0.575597688775137,0.553932117069997
0.108,0.515782515138779,0.548984366423107,0.677213184212608,0.513325612575703,0.515372054131369,0.515375219340324,0.678455443159437,0.598546358871517,0.583955236080044,0.565186697595069
0.11,0.525329681241337,0.55694636719915,0.688112183860668,0.523817616519357,0.524725668487186,0.524606397005957,0.690318778224591,0.607838527941115,0.592312783384951,0.575105387851264
0.112,0.534876847343895,0.564908367975193,0.698786324652537,0.534309620463012,0.532845385982993,0.53383757467159,0.702182113289744,0.617130697010714,0.600670330689858,0.585024078107458
0.114,0.544424013446453,0.572870368751237,0.709242228257007,0.544801624406667,0.539770345308048,0.543068752337224,0.713734507578351,0.626422866080313,0.609027877994765,0.594942768363653
0.116,0.553971179549011,0.58083236952728,0.71948202550206,0.555293628350322,0.546695304633103,0.552299930002857,0.724431777494929,0.635715035149912,0.617385425299672,0.604861458619847
0.118,0.562358877771704,0.588794370303323,0.729495883859453,0.563747805603083,0.553620263958157,0.56072010451768,0.734976458339994,0.645007204219511,0.625742972604578,0.614780148876042
0.12,0.569735189076868,0.595016907346065,0.73928644676287,0.572087942393206,0.560545223283212,0.567538210921882,0.744913069628108,0.654299373289109,0.633957780749864,0.624698839132236
0.122,0.577111500382033,0.600320476941822,0.748466687852803,0.58042807918333,0.567470182608266,0.574356317326084,0.75376174428347,0.663591542358708,0.639624504712091,0.634617529388431
0.124,0.584487811687197,0.60562404653758,0.756656075528101,0.588768215973453,0.574395141933321,0.581174423730286,0.76171621759826,0.67216723912899,0.645291228674319,0.644536219644625
0.126,0.591864122992361,0.610927616133337,0.763981297195331,0.597108352763577,0.581320101258376,0.587992530134489,0.768725300566322,0.680023500868482,0.650957952636547,0.65445490990082
0.128,0.599240434297525,0.616231185729094,0.770466440922296,0.605448489553701,0.58824506058343,0.594810636538691,0.774957103631981,0.687651717857567,0.656624676598775,0.664364676755988
0.13,0.60661674560269,0.621534755324852,0.77612048392312,0.613788626343824,0.594214506724209,0.601628742942893,0.780281544176012,0.695002593474243,0.662291400561003,0.673005227048221
0.132,0.613993056907854,0.626838324920609,0.780999055520502,0.622128763133948,0.598442301046361,0.608446849347095,0.784850493368373,0.702128399458494,0.667958124523231,0.681434589870894
0.134,0.621369368213018,0.632141894516366,0.785113347006194,0.630468899924071,0.602670095368513,0.615264955751298,0.788612263157215,0.709005570097861,0.673624848485459,0.689637694341168
0.136,0.628745679518182,0.637445464112124,0.788506713886111,0.637731573000866,0.606897889690664,0.6220830621555,0.791591861822946,0.715578402725723,0.679291572447686,0.697619410616226
0.138,0.635192339192443,0.642749033707881,0.791199415760521,0.643580539965215,0.611125684012816,0.626967834959975,0.793851373275169,0.720980307700127,0.684958296409914,0.705326768059949
0.14,0.639982739583235,0.645385197343358,0.793184088379733,0.649429506929563,0.615353478334968,0.631107794212099,0.795445554379921,0.725262152148455,0.690459615706507,0.712908442464186
0.142,0.644773139974028,0.648001140680067,0.794523612183043,0.655278473893912,0.61958127265712,0.635247753464222,0.796287304684601,0.728448520101477,0.694546343087669,0.720133613747148
0.144,0.64956354036482,0.650617084016776,0.795243622415526,0.661127440858261,0.623809066979272,0.639387712716346,0.796542684489629,0.730650845104727,0.698360825194314,0.727140882555755
0.146,0.654353940755612,0.653233027353485,0.795345148454128,0.66697640782261,0.628036861301423,0.64352767196847,0.796090345779293,0.731894460597225,0.701969738286991,0.733972352496596
0.148,0.659144341146405,0.655848970690194,0.794858697414233,0.672825374786959,0.632264655623575,0.647667631220594,0.79506677447754,0.732247959466345,0.705290289594378,0.740413160996494
0.15,0.663934741537197,0.658464914026903,0.793846499375616,0.678674341751308,0.635161001879065,0.651807590472717,0.793483147289576,0.731729105544099,0.708365807339292,0.745866292494759
0.152,0.66872514192799,0.661080857363612,0.79225805422177,0.684523308715657,0.636719526581729,0.655947549724841,0.79127600665468,0.73051818512926,0.711182427307686,0.75041325126432
0.154,0.673515542318782,0.663696800700321,0.790149664370291,0.690372275680006,0.638278051284392,0.660087508976965,0.788534032697306,0.728490003106842,0.713503453342604,0.75405638416987
0.156,0.678305942709575,0.66631274403703,0.787559396515789,0.696081020029508,0.639836575987056,0.664227468229088,0.785280491762335,0.725826327059183,0.714942480620278,0.756895417771794
0.158,0.683096343100367,0.668928687373739,0.784500421049636,0.700430364177093,0.641395100689719,0.667837887299039,0.781530271208439,0.722539765518687,0.715594844318859,0.75889987515107
0.16,0.686179049971243,0.670317188292935,0.780988280114791,0.704608070506383,0.642953625392383,0.670410886084741,0.777300359457569,0.718630082266303,0.715496848882741,0.760143122454208
0.162,0.688195685110656,0.671307700987286,0.777038650541203,0.70856182237605,0.644512150095046,0.672665982895529,0.772609536417347,0.714159316744251,0.714629139501889,0.760677143056653
0.164,0.690212320250069,0.672102408532568,0.772669363202766,0.712292821813436,0.64607067479771,0.674246928928817,0.767477529732268,0.709177885442058,0.713152300657007,0.760505105140654
0.166,0.692228955389482,0.672658710177185,0.767898733720752,0.715633014518556,0.647629199500373,0.675569269771196,0.761926900167119,0.703726707289912,0.711009222533327,0.759666327456578
0.168,0.694245590528895,0.672991323634232,0.762746651187826,0.717950836536984,0.649187724203036,0.676891610613576,0.755978811171736,0.697841748955001,0.708259089094639,0.758180862212879
0.17,0.696262225668308,0.673116815074868,0.757234308474527,0.719388101629781,0.650304944448132,0.678213951455955,0.74965881988109,0.691540459264756,0.704917741840323,0.756131830170063
0.172,0.698278860807721,0.672828730090939,0.751381387767846,0.719934073777609,0.650421832813914,0.679536292298334,0.742992134300459,0.684807175822266,0.701003578432612,0.753456872840424
0.174,0.700295495947134,0.671737290333886,0.745210252091349,0.71968861700543,0.650300977389711,0.680858633140713,0.735934808835203,0.677738333942478,0.696565592729883,0.750234020504697
0.176,0.702312131086547,0.669943780966178,0.738744328407873,0.718653810971063,0.649508166240416,0.682032486071303,0.728532872197698,0.670375855125552,0.691640356598035,0.746501258948428
0.178,0.704328766225959,0.667461531740308,0.731929718180754,0.716898520591733,0.648647497870242,0.682379283605332,0.720847100906765,0.66276280762202,0.686261466809728,0.742279301577031
0.18,0.706345401365372,0.66431486205447,0.72482805628696,0.714492843791198,0.647786829500068,0.68193842510715,0.712905987050891,0.654756041553221,0.680448725277178,0.737585960134035
0.182,0.708362036504785,0.660593310296588,0.717486860031774,0.711468095602496,0.646926161129894,0.680768760444895,0.704636501111695,0.646564488704884,0.674198705315746,0.732443970240699
0.184,0.708942135020457,0.65632096735909,0.709931048972057,0.70779492746051,0.646065492759719,0.678877501394927,0.696089640412412,0.638183437509394,0.667538566665492,0.726876746530781
0.186,0.709093756656677,0.651459331442123,0.702054606644018,0.703605907420396,0.645204824389545,0.676330486956641,0.687356935313705,0.62950693728267,0.660526437816262,0.720909226917466
0.188,0.708602223417342,0.646135355669604,0.693976960681986,0.698898242101001,0.64372605034174,0.673114314878636,0.678347457940304,0.620743067317712,0.653218685516983,0.714569266944792
0.19,0.707568183013528,0.640312063733263,0.68574643163402,0.693710921226776,0.641768536157316,0.669356321789179,0.669111017486949,0.611718114185368,0.645608529912785,0.707883571886983
0.192,0.705978306292672,0.634130245881695,0.677221024251604,0.688076561422251,0.639110706699362,0.665049964191508,0.659757671146235,0.602620282747586,0.637602669645266,0.700881283615905
0.194,0.703884501033776,0.627449292995214,0.668555583336722,0.682019275608876,0.635843483445961,0.660193797170547,0.650082163119734,0.593331887175842,0.629400500870979,0.693505801891276
0.196,0.701289591059497,0.620370657420992,0.659729256988349,0.675585918686501,0.631987729241639,0.654843141458299,0.640333324218207,0.583982170777106,0.620960960170009,0.685828113685338
0.198,0.698242496367398,0.61302658090856,0.650683322522703,0.668801418775895,0.627603544425613,0.649026406847,0.630357245052174,0.57447638694293,0.612204127973485,0.677907488774632
0.2,0.694754611998879,0.605277854083643,0.641573548847623,0.661706501715354,0.622649517133595,0.642776418256594,0.620277595181986,0.564948487036124,0.603355646755097,0.669769048645264
0.202,0.690839266639661,0.597179769763808,0.632201828953045,0.654222997241531,0.617294239683409,0.63610340586796,0.610029144969612,0.555276093113723,0.594179382277273,0.661275976706273
0.204,0.686541230863329,0.588941400561557,0.622802999027597,0.646482507799729,0.611440243651603,0.629107291710393,0.599682534231751,0.545603699191322,0.584925598104684,0.652616181012151
0.206,0.681845347891031,0.580301720114493,0.613186034649928,0.638535544033001,0.605239692173001,0.621779428444725,0.589192698951914,0.535839536477836,0.575432656884332,0.643778515813893
0.208,0.676814694261788,0.571542108373439,0.60355050991809,0.630303505949309,0.59856602140577,0.614076193885781,0.578640390883994,0.526056275710284,0.56587360506833,0.634657769967328
0.21,0.671432454459503,0.562432291118463,0.593713924366232,0.621839843271555,0.591543553167202,0.60608685251772,0.567944233078809,0.516255492176795,0.556105633709834,0.625445174123241
0.212,0.665749769125992,0.553312744849922,0.583877338814373,0.613262679116642,0.584280368966824,0.597880857304061,0.557239775311098,0.506421424036095,0.546307760538129,0.615989285592821
0.214,0.659739688484841,0.543835839434346,0.573864371876831,0.60438896014849,0.576663419344583,0.589335061351847,0.546377747601984,0.496587355895396,0.536313486363643,0.606432692725316
0.216,0.653419295351712,0.534358934018769,0.56383617022271,0.595436386210185,0.568806863541662,0.580632291917065,0.53551571989287,0.486762281145954,0.526319212189158,0.596705540090754
0.218,0.646845479961913,0.524597661421954,0.553710847032803,0.586288677766172,0.560562873903274,0.571705526204293,0.524577876860724,0.476941576373513,0.516185480323539,0.586873643836816
0.22,0.640031366196785,0.514825813258936,0.543523451988321,0.577053321355052,0.552318884264886,0.562553485746451,0.513596705931732,0.467120871601073,0.506019918973045,0.576906809681891
0.222,0.633010053956035,0.504910056137517,0.533321215418625,0.567668641489105,0.543665441178886,0.553284815626264,0.50261221057386,0.457364507484536,0.495815339987933,0.566862410756059
0.224,0.625707723245764,0.494909471560169,0.523011171493417,0.558218214006963,0.534962871018361,0.543834216984767,0.491564973597905,0.44762467376431,0.485542579002492,0.556691832910628
0.226,0.618199101239247,0.484879948038554,0.512701127568208,0.548639654704369,0.525914983293477,0.534266921259791,0.480517736621951,0.437884840044084,0.47526981801705,0.546492373278449
0.228,0.61054271501203,0.474731079950602,0.502358895999293,0.539044947174995,0.516867095568592,0.52457189587392,0.469469229863372,0.428250111091612,0.464967867948196,0.536157940314185
0.23,0.602663106183596,0.464582211862649,0.491969039085653,0.529320166827859,0.507651240122081,0.514763569056058,0.458416721367269,0.418661190903951,0.454656201954313,0.525823507349921
0.232,0.594606990282471,0.454398320668566,0.481579182172013,0.519595386480723,0.498296981702865,0.504924908423539,0.447364212871166,0.409072270716289,0.44434453596043,0.515395503891267
0.234,0.586460437378681,0.444185694682615,0.471178000353354,0.509803556940837,0.48889356562302,0.49493663841304,0.436324408065553,0.399562316112643,0.434065130062041,0.50494294955913
0.236,0.578065841955663,0.433973068696665,0.460760232899505,0.499986751996529,0.479324917898452,0.484948368402541,0.4253359861481,0.390195924721069,0.423788165389014,0.494477306444512
0.238,0.5696117709679,0.42377959895656,0.450342465445656,0.490165823026121,0.469756270173885,0.474884615381074,0.414347564230647,0.380829533329495,0.413511200715986,0.48395998737208
0.24,0.56098383087717,0.413592221656991,0.439928098239231,0.480316308982772,0.460113097840369,0.464789647813689,0.403359142313193,0.371463141937921,0.40333827006094,0.473442668299648
0.242,0.552281432684105,0.403404844357421,0.429545565741847,0.470466794939422,0.450409692017928,0.454694344184077,0.392499970582745,0.362317641196517,0.393173479376136,0.462923864413921
0.244,0.543443276075443,0.393311478315999,0.419163033244462,0.460627343770174,0.440706286195488,0.444570024730878,0.381654442726711,0.35324573288419,0.383008688691332,0.452402857934648
0.246,0.534538994520444,0.383236881473339,0.408780500747078,0.450810672722826,0.430969193452271,0.434445705277678,0.370808914870678,0.344173824571862,0.372983200778561,0.441881851455376
0.248,0.525514862139306,0.373162284630679,0.398443053355686,0.440994001675479,0.42122287545735,0.424329770072902,0.360030608562284,0.335101916259535,0.363010362107923,0.431385205483678
0.25,0.516463961385467,0.363240541887774,0.388173414776647,0.431201422499422,0.411476557462429,0.414258525685661,0.349417176816246,0.326344180869726,0.353037523437284,0.420928741957544
0.252,0.507281133705217,0.353362560825391,0.377903776197608,0.421488765578625,0.401770436185588,0.404187281298421,0.338803745070208,0.317637567888971,0.343148509164852,0.410472278431411
0.254,0.498098306024966,0.343484579763008,0.367634137618569,0.411776108657828,0.392073078986264,0.394132043953521,0.32819031332417,0.308930954908215,0.333446685389451,0.400030632032431
0.256,0.488811065156219,0.333767793695156,0.357409226066401,0.40206345173703,0.38237572178694,0.384197224269709,0.317684424630017,0.30022434192746,0.323744861614049,0.389713749734102
0.258,0.479501805820478,0.324166043586539,0.347347910372814,0.392509369110792,0.372769667624607,0.374262404585896,0.307398275223189,0.291804870765592,0.314043037838648,0.379396867435774
0.26,0.470170720819828,0.314564293477921,0.337286594679227,0.382976955272804,0.363212317986716,0.364327584902083,0.297112125816361,0.283531958720207,0.304583764241075,0.369079985137445
0.262,0.460772320368814,0.305041454959185,0.32722527898564,0.373444541434816,0.353654968348826,0.354589033073272,0.286825976409533,0.275259046674822,0.295227970685101,0.358889827009093
0.264,0.451373919917801,0.295783753473511,0.317163963292053,0.363969797760705,0.344176093010362,0.344871626328299,0.276564229349036,0.266986134629436,0.285872177129127,0.348796461663305
0.266,0.441956592454159,0.286526051987836,0.307256411635308,0.35469784967129,0.334845342929325,0.335154219583326,0.266704951687579,0.258775089214496,0.276516383573153,0.338703096317516
0.268,0.432513727729144,0.277268350502162,0.297520676900284,0.345425901581875,0.325514592848288,0.325592757657305,0.256845674026121,0.251000651450938,0.267531712715898,0.328609730971728
0.27,0.42307086300413,0.268339837626677,0.28778494216526,0.33615395349246,0.316183842767251,0.31616872102597,0.246986396364664,0.24322621368738,0.258588167892109,0.318724571717796
0.272,0.413630624366144,0.259480195797711,0.278049207430236,0.326959809593922,0.307114931191714,0.306744684394635,0.237127118703206,0.235451775923823,0.24964462306832,0.308945586979286
0.274,0.404196938409835,0.250620553968746,0.268313472695212,0.31803114998502,0.298089213583534,0.297320914978135,0.227479563383445,0.227677338160265,0.240701078244532,0.299166602240777
0.276,0.394763252453525,0.241911441454077,0.258587503285859,0.309102490376117,0.289063495975354,0.288258253799395,0.218141371473657,0.220020640501884,0.232207969746396,0.289387617502267
0.278,0.385329566497215,0.23349900879759,0.249146011327862,0.300173830767215,0.28013067609877,0.279195592620655,0.208803179563869,0.212802634321711,0.223733413954687,0.279780929172729
0.28,0.375952879129255,0.225086576141104,0.239713974291484,0.291245171158312,0.271477149860269,0.270132931441915,0.199464987654081,0.205584628141539,0.215258858162977,0.270403351147158
0.282,0.36659440447357,0.216674143484617,0.230481510859958,0.282682725745925,0.262823623621769,0.261211278050848,0.190126795744293,0.198366621961366,0.206784302371268,0.261025773121586
0.284,0.357235929817884,0.208599846383285,0.221266432890342,0.274179887644357,0.254170097383268,0.252567731536911,0.181094015184408,0.191148615781194,0.198754043705149,0.251648195096015
0.286,0.347877455162199,0.200670492422753,0.212337500466317,0.265677049542788,0.245732417076473,0.243924185022973,0.172353345307856,0.183930609601021,0.19080192153247,0.242270617070443
0.288,0.3386376435227,0.192741138462221,0.203408568042291,0.25717421144122,0.237506991444819,0.235280638509036,0.163612675431304,0.177267462492507,0.182849799359791,0.233357004677269
0.29,0.329436930326449,0.184824478269124,0.194479635618265,0.2487250453278,0.229281565813165,0.226891025949194,0.154872005554753,0.170656245401267,0.174897677187111,0.224464567579928
0.292,0.320236217130198,0.17740204613017,0.186025235737815,0.240726591362181,0.221056140181511,0.218714063203969,0.146131335678201,0.164045028310027,0.167229050314107,0.215572130482588
0.294,0.311035503933947,0.169979613991215,0.177699728183945,0.232728137396562,0.213133740419196,0.210537100458744,0.137670672329088,0.157433811218786,0.159842624032604,0.206679693385247
0.296,0.301868696560287,0.162557181852261,0.169374220630076,0.224729683430943,0.205379936612245,0.202360137713519,0.129591214757039,0.150822594127546,0.152456197751101,0.197871926585363
0.298,0.292930320552125,0.15525950294123,0.161048713076206,0.216731229465324,0.197626132805295,0.194499927010793,0.12151175718499,0.144324045135151,0.145069771469597,0.189540138148975
0.3,0.283991944543964,0.148365907310627,0.152723205522337,0.208732775499705,0.189872328998345,0.18682786321393,0.113432299612941,0.138361688698521,0.137683345188094,0.181208349712588
0.302,0.275053568535803,0.141472311680023,0.144397697968467,0.201278928218029,0.182454339813101,0.179155799417068,0.105352842040892,0.132399332261891,0.130883750764071,0.1728765612762
0.304,0.266115192527642,0.13457871604942,0.136441687483411,0.193855661528681,0.175206203645055,0.171483735620205,0.0973499668109966,0.12643697582526,0.124091823827293,0.164544772839812
0.306,0.257176816519481,0.127848310925206,0.12913344788616,0.186432394839334,0.167958067477008,0.164115446013484,0.0899816624838528,0.12047461938863,0.117299896890515,0.156286343544724
0.308,0.248522490638831,0.121503137134823,0.121825208288908,0.179009128149987,0.160709931308962,0.156977918215092,0.082613358156709,0.114512262952,0.110507969953736,0.148567750154194
0.31,0.239977144237191,0.11515796334444,0.114516968691657,0.171585861460639,0.153749316515225,0.149840390416699,0.0752450538295653,0.10854990651537,0.10389596749842,0.140849156763664
0.312,0.231431797835551,0.108812789554057,0.107208729094405,0.164401177329052,0.147031566311447,0.142702862618307,0.0678767495024215,0.103235882048974,0.0977170160367819,0.133130563373134
0.314,0.222886451433911,0.10255074710868,0.0999004894971537,0.157611659161352,0.140313816107669,0.13576771171871,0.0605084451752778,0.0979536645912636,0.091538064575144,0.125411969982604
0.316,0.214341105032271,0.096768721987074,0.0925922498999023,0.150822140993651,0.13359606590389,0.129186017712727,0.0535912326595612,0.0926714471335535,0.085359113113506,0.117693376592074
0.318,0.205795758630631,0.0909866968654677,0.0852840103026508,0.144032622825951,0.127032971299296,0.122604323706744,0.046970543682865,0.0873892296758433,0.0791801616518681,0.110608842511744
0.32,0.197450103931803,0.0852046717438614,0.0779757707053993,0.137243104658251,0.12086284481493,0.116022629700761,0.0403498547061688,0.0821070122181332,0.0732672414410252,0.103544621014376
0.322,0.189451698217772,0.0794226466222551,0.0708870030549726,0.13045358649055,0.114692718330564,0.109440935694778,0.0337291657294726,0.076824794760423,0.0677152754202136,0.0964803995170092
0.324,0.181453292503741,0.0740957332230346,0.0648172703612334,0.123937453693606,0.108522591846198,0.103427166569505,0.0271084767527764,0.0716835932478746,0.0621633093994021,0.0894161780196419
0.326,0.17345488678971,0.0688934425846269,0.0587475376674942,0.117826000209487,0.102352465361832,0.0974161318959174,0.0204877877760802,0.0671024888620912,0.0566113433785905,0.0823519565222746
0.328,0.165456481075679,0.0636911519462191,0.0526778049737551,0.111714546725368,0.0966520898986099,0.0914050972223293,0.0145185821798165,0.0625213844763077,0.051059377357779,0.0756790927223181
0.33,0.157458075361648,0.0584888613078114,0.0466080722800159,0.105603093241249,0.0910432312574907,0.0853940625487413,0.00865617787980694,0.0579402800905243,0.0456829160637841,0.06930507327677
0.332,0.149459669647617,0.0533027493459247,0.0405383395862767,0.0994916397571305,0.0854343726163716,0.0796337317929647,0.00279377357979738,0.0533591757047409,0.0407774924342174,0.062931053831222
0.334,0.141461263933586,0.0486882975199849,0.0344686068925375,0.0933801862730117,0.0798255139752524,0.0742025438166723,-0.00306863072021218,0.0487780713189574,0.0358720688046507,0.0565570343856739
0.336,0.134136935269457,0.0440738456940451,0.0283988741987983,0.0872785728069567,0.0743039483096891,0.0687713558403798,-0.00893103502022174,0.044196966933174,0.0309666451750839,0.0501830149401258
0.338,0.12684247730608,0.0394593938681053,0.0223291415050591,0.0818740327998927,0.0692653279417752,0.0633401678640873,-0.014720360999419,0.0396158625473906,0.0260612215455172,0.0438089954945777
0.34,0.119548019342702,0.0348449420421656,0.0162594088113199,0.0764694927928288,0.0642267075738613,0.0579089798877949,-0.0198314850124032,0.0356245721257951,0.0211557979159505,0.0380753508029342
0.342,0.112253561379324,0.0302415024799993,0.0102216452576284,0.0710649527857648,0.0591880872059474,0.0528542922062205,-0.0249426090253873,0.0317556087650253,0.0166869765895081,0.0324001174290282
0.344,0.104959103415947,0.0262062692162601,0.00539937211473288,0.065660412778701,0.0541494668380336,0.0480087589432998,-0.0300537330383714,0.0278866454042556,0.0124471668390452,0.0267248840551224
0.346,0.0976646454525689,0.0221710359525208,0.000577098971837225,0.0602558727716371,0.0492232698539751,0.0431632256803788,-0.0351648570513555,0.0240176820434859,0.00820735708858214,0.0210496506812165
0.348,0.0903701874891912,0.0181358026887815,-0.00424517417105843,0.0548513327645731,0.0447602545560367,0.0383176924174579,-0.0402759810643397,0.0201487186827161,0.00396754733811911,0.0153744173073105
0.35,0.0830757295258135,0.0141005694250422,-0.00906744731395408,0.0495973380986614,0.0402972392580982,0.033472159154537,-0.0452688765955673,0.0162797553219463,-0.000272262412343936,0.00986559143923394
0.352,0.0763014216570101,0.0100653361613029,-0.0138897204568497,0.044912458075893,0.0358342239601598,0.0289529396855193,-0.0496321472546558,0.0124107919611765,-0.00451207216280698,0.00488552147889541
0.354,0.0698333706768384,0.00644361652837536,-0.0187119935997454,0.0402275780531245,0.0313712086622213,0.0246968525928663,-0.0539954179137442,0.0085418286004067,-0.00839957369369961,-9.45484814431231e-05
0.356,0.0633653196966665,0.00299187489988362,-0.023534266742641,0.0355426980303561,0.0269081933642829,0.0204407655002133,-0.0583586885728327,0.00518396496102221,-0.011953946925977,-0.00507461844178166
0.358,0.0568972687164948,-0.000459866728608113,-0.0283565398855367,0.0308578180075877,0.0229534504439763,0.0161846784075604,-0.0627219592319212,0.00202773527686572,-0.0155083201582544,-0.0100546884021202
0.36,0.0504292177363229,-0.00391160835709985,-0.0331788130284323,0.0261729379848192,0.0190692066797152,0.0119285913149074,-0.0670852298910097,-0.00112849440729077,-0.0190626933905318,-0.0150347583624587
0.362,0.0439611667561511,-0.00736334998559159,-0.038001086171328,0.0214880579620508,0.0151849629154541,0.00772490861481329,-0.0714485005500982,-0.00428472409144726,-0.0226170666228092,-0.019812396264271
0.364,0.0374931157759793,-0.0108150916140833,-0.0428233593142236,0.0168031779392823,0.011300719151193,0.00405853639072337,-0.0751298563413186,-0.00744095377560376,-0.0261714398550866,-0.0241309116116924
0.366,0.0310250647958075,-0.0138172539423832,-0.0468194728723844,0.0128158042667175,0.00741647538693189,0.000392164166633439,-0.0787714561284482,-0.0105971834597602,-0.029725813087364,-0.0284494269591139
0.368,0.0245570138156357,-0.0166048873802069,-0.0504866807380926,0.00884898501055791,0.00359732548469173,-0.00327420805745649,-0.0824130559155778,-0.0137534131439167,-0.0329010632375994,-0.0327679423065353
0.37,0.0187717145922255,-0.0193925208180307,-0.0541538886038009,0.00488216575439834,0.000291694145365017,-0.00694058028154641,-0.0860546557027074,-0.0169096428280732,-0.0357551106001649,-0.0370864576539567
0.372,0.0131902002550556,-0.0221801542558545,-0.0578210964695091,0.000915346498238765,-0.00301393719396169,-0.0106069525056363,-0.089696255489837,-0.0200658725122297,-0.0386091579627305,-0.0414049730013781
0.374,0.00760868591788557,-0.0249677876936782,-0.0614883043352173,-0.00305147275792081,-0.0063195685332884,-0.0141742892172706,-0.0933378552769666,-0.0227280123885049,-0.041463205325296,-0.0453195250384239
0.376,0.00202717158071558,-0.027755421131502,-0.0651555122009256,-0.00701829201408038,-0.00962519987261511,-0.0172477106487583,-0.0964788469275274,-0.0251809918128556,-0.0443172526878615,-0.0490569518239832
0.378,-0.0035543427564544,-0.0305430545693258,-0.0688227200666338,-0.01098511127024,-0.0129308312119418,-0.0203211320802459,-0.099442639275858,-0.0276339712372063,-0.0471713000504271,-0.0527943786095425
0.38,-0.00913585709362438,-0.0333306880071496,-0.072489927932342,-0.0147695926230862,-0.0162364625512685,-0.0233945535117335,-0.102406431624189,-0.0300869506615569,-0.0500253474129926,-0.0565318053951018
0.382,-0.0147173714307944,-0.0360004448688137,-0.0761571357980503,-0.0180320858715211,-0.0190978700042175,-0.0264679749432212,-0.105370223972519,-0.0325399300859076,-0.0528793947755582,-0.0602692321806611
0.384,-0.0202988857679644,-0.038023932797838,-0.0798243436637585,-0.021294579119956,-0.021836680461994,-0.0295413963747088,-0.10833401632085,-0.0349929095102583,-0.0553095481207428,-0.0636771880148005
0.386,-0.0258804001051343,-0.0400474207268623,-0.0834915515294668,-0.0245570723683909,-0.0245754909197705,-0.0326148178061965,-0.11129780866918,-0.0374458889346089,-0.0574975266978788,-0.0668644706599677
0.388,-0.0307719802863365,-0.0420709086558866,-0.087158759395175,-0.0278195656168258,-0.0273143013775471,-0.035382615706495,-0.114000320855727,-0.0398988683589596,-0.0596855052750148,-0.070051753305135
0.39,-0.0354661408296273,-0.0440943965849109,-0.0902790305190408,-0.0310820588652607,-0.0300531118353236,-0.0378564652397571,-0.116319872544124,-0.0423518477833102,-0.0618734838521508,-0.0732390359503022
0.392,-0.040160301372918,-0.0461178845139352,-0.0929153555676412,-0.0343445521136956,-0.0327919222931001,-0.0403303147730191,-0.11863942423252,-0.0448048272076609,-0.0640614624292868,-0.0764263185954694
0.394,-0.0448544619162088,-0.0481413724429595,-0.0955516806162417,-0.0376070453621305,-0.0355307327508766,-0.0428041643062812,-0.120958975920917,-0.0469033964299149,-0.0662494410064228,-0.0796136012406367
0.396,-0.0495486224594996,-0.0501648603719838,-0.0981880056648421,-0.0408695386105654,-0.0377598861339327,-0.0452780138395433,-0.123278527609313,-0.0486718167370606,-0.0684374195835588,-0.082307198627669
0.398,-0.0542427830027903,-0.0521883483010081,-0.100824330713443,-0.0434513540950348,-0.0399557763075328,-0.0477518633728053,-0.12559807929771,-0.0504402370442062,-0.0706253981606948,-0.0849276024139704
0.4,-0.0589369435460811,-0.0542118362300324,-0.103460655762043,-0.0460309595919761,-0.0421516664811328,-0.0502257129060674,-0.127917630986107,-0.0522086573513518,-0.0725484539014684,-0.0875480062002719
0.402,-0.0636311040893719,-0.0562353241590568,-0.106096980810644,-0.0486105650889175,-0.0443475566547329,-0.0526995624393295,-0.129788389312019,-0.0539770776584975,-0.0741240012955803,-0.0901684099865734
0.404,-0.0683252646326626,-0.0582588120880811,-0.108733305859244,-0.0511901705858589,-0.0465434468283329,-0.0546593261257912,-0.131495952702523,-0.0557454979656432,-0.0756995486896921,-0.0927888137728748
0.406,-0.0722728713843904,-0.0596763816948389,-0.111369630907844,-0.0537697760828003,-0.048739337001933,-0.0565411364294372,-0.133203516093028,-0.0575139182727888,-0.077275096083804,-0.0954092175591763
0.408,-0.0761224129935395,-0.0609903568030031,-0.114005955956445,-0.0563493815797416,-0.050935227175533,-0.058422946733083,-0.134911079483532,-0.0592823385799344,-0.0788506434779158,-0.0977228245027772
0.41,-0.0799719546026887,-0.0623043319111673,-0.116642281005045,-0.058928987076683,-0.0528832050261482,-0.0603047570367289,-0.136618642874036,-0.06105075888708,-0.0804261908720276,-0.0997822268727499
0.412,-0.0838214962118379,-0.0636183070193315,-0.119278606053646,-0.0615085925736244,-0.0545429174771531,-0.0621865673403749,-0.13832620626454,-0.0628191791942257,-0.0820017382661395,-0.101841629242723
0.414,-0.0876710378209871,-0.0649322821274956,-0.121914931102246,-0.0640875808373125,-0.056202629928158,-0.0640683776440208,-0.140033769655044,-0.0645875995013713,-0.0835772856602513,-0.103901031612695
0.416,-0.0915205794301363,-0.0662462572356598,-0.124551256150847,-0.0660110782806612,-0.0578623423791629,-0.0659501879476667,-0.141342241338717,-0.066356019808517,-0.0851528330543632,-0.105960433982668
0.418,-0.0953701210392855,-0.067560232343824,-0.126962016610627,-0.0679345757240099,-0.0595220548301678,-0.0678319982513126,-0.142475282831494,-0.067664817041212,-0.0865883269906537,-0.108019836352641
0.42,-0.0992196626484346,-0.0688742074519882,-0.128664953246019,-0.0698580731673586,-0.0611817672811727,-0.069608284203302,-0.143608324324272,-0.0687837413350168,-0.0875829709747021,-0.110079238722613
0.422,-0.102858052070424,-0.0701881825601524,-0.130367889881411,-0.0717815706107072,-0.0628414797321776,-0.0709185441156149,-0.144741365817049,-0.0699026656288216,-0.0885776149587506,-0.111733103107243
0.424,-0.105930134010828,-0.0715021576683166,-0.132070826516804,-0.0737050680540559,-0.0645011921831825,-0.0722288040279277,-0.145874407309826,-0.0710215899226264,-0.089572258942799,-0.113247430451191
0.426,-0.109002215951232,-0.0728161327764808,-0.133773763152196,-0.0756285654974046,-0.0661609046341874,-0.0735390639402406,-0.147007448802603,-0.0721405142164312,-0.0905669029268475,-0.114761757795138
0.428,-0.112074297891637,-0.0740088975981389,-0.135476699787588,-0.0775520629407533,-0.0675942637652981,-0.0748493238525535,-0.14814049029538,-0.073259438510236,-0.0915615469108959,-0.116276085139086
0.43,-0.115146379832041,-0.0747442212464104,-0.137179636422981,-0.0794755603841019,-0.0687076524818995,-0.0761595837648664,-0.149195876029927,-0.0743783628040408,-0.0925561908949444,-0.117790412483033
0.432,-0.118218461772446,-0.0754795448946819,-0.138882573058373,-0.0813990578274506,-0.0698210411985009,-0.0774698436771793,-0.14979110915834,-0.0754972870978456,-0.0935508348789928,-0.11930473982698
0.434,-0.12129054371285,-0.0762148685429534,-0.140585509693765,-0.0833072649706097,-0.0709344299151023,-0.0787801035894921,-0.150386342286752,-0.0766162113916504,-0.0945454788630413,-0.120819067170928
0.436,-0.124362625653254,-0.0769501921912249,-0.142288446329157,-0.084613801671309,-0.0720478186317037,-0.080090363501805,-0.150981575415165,-0.0777351356854552,-0.0955401228470897,-0.122230921528883
0.438,-0.127434707593659,-0.0776855158394964,-0.14399138296455,-0.0859203383720084,-0.0731612073483051,-0.0814006234141179,-0.151576808543578,-0.07885405997926,-0.0965347668311382,-0.123221538325099
0.44,-0.129835767474955,-0.0784208394877679,-0.145694319599942,-0.0872268750727077,-0.0742745960649065,-0.0827108833264308,-0.15217204167199,-0.0799729842730648,-0.0973624915476471,-0.124212155121316
0.442,-0.132203948649865,-0.0791561631360394,-0.147397256235334,-0.0885334117734071,-0.0753879847815079,-0.0835018034156606,-0.152767274800403,-0.0810919085668696,-0.097816715891562,-0.125202771917532
0.444,-0.134572129824775,-0.0798914867843109,-0.149100192870727,-0.0898399484741064,-0.0765013734981093,-0.0842659601891348,-0.153362507928816,-0.0822108328606744,-0.098270940235477,-0.126193388713749
0.446,-0.136940310999684,-0.0806268104325824,-0.150803129506119,-0.0911464851748058,-0.0776147622147107,-0.0850301169626089,-0.153957741057228,-0.0828664333263584,-0.0987251645793919,-0.127184005509966
0.448,-0.139308492174594,-0.0813621340808539,-0.152506066141511,-0.0924530218755051,-0.0787281509313121,-0.0857942737360831,-0.154162095960203,-0.0833943224146787,-0.0991793889233069,-0.128174622306182
0.45,-0.141676673349504,-0.0820974577291253,-0.154209002776904,-0.0937595585762045,-0.0798415396479135,-0.0865584305095573,-0.154262448142086,-0.083922211502999,-0.0996336132672218,-0.129165239102399
0.452,-0.144044854524413,-0.0828327813773968,-0.155911939412296,-0.0950660952769038,-0.0804615516058312,-0.0873225872830314,-0.15436280032397,-0.0844501005913193,-0.100087837611137,-0.130155855898616
0.454,-0.146413035699323,-0.0835627442887165,-0.157614876047688,-0.0963726319776032,-0.0810395619005023,-0.0880867440565056,-0.154463152505853,-0.0849779896796396,-0.100542061955052,-0.130741993595368
0.456,-0.148227850912919,-0.0837943883692781,-0.158536437934312,-0.0976791686783025,-0.0816175721951735,-0.0888509008299798,-0.154563504687737,-0.0855058787679599,-0.100996286298967,-0.131240632170044
0.458,-0.149964781585883,-0.0840260324498397,-0.159444728365783,-0.0984674983143872,-0.0821955824898446,-0.089615057603454,-0.15466385686962,-0.0860337678562803,-0.101450510642882,-0.131739270744719
0.46,-0.151701712258847,-0.0842576765304014,-0.160353018797254,-0.0992095630519401,-0.0827735927845158,-0.0903792143769281,-0.154764209051504,-0.0865616569446006,-0.101904734986797,-0.132237909319395
0.462,-0.153438642931811,-0.084489320610963,-0.161261309228726,-0.099951627789493,-0.0833516030791869,-0.0911433711504023,-0.154864561233387,-0.0870895460329209,-0.102358959330712,-0.132736547894071
0.464,-0.155175573604774,-0.0847209646915246,-0.162169599660197,-0.100693692527046,-0.083929613373858,-0.0919075279238765,-0.154964913415271,-0.0876174351212412,-0.102813183674626,-0.133235186468746
0.466,-0.156912504277738,-0.0849526087720862,-0.163077890091668,-0.101435757264599,-0.0845076236685292,-0.0925022794683438,-0.154859685557284,-0.0881453242095615,-0.103253084488222,-0.133733825043422
0.468,-0.158649434950702,-0.0851842528526478,-0.16398618052314,-0.102177822002152,-0.0850856339632003,-0.0927641425476986,-0.154521764520864,-0.0886732132978818,-0.103236139261066,-0.134232463618098
0.47,-0.160386365623666,-0.0854158969332094,-0.164894470954611,-0.102919886739705,-0.0856636442578714,-0.0930260056270533,-0.154183843484444,-0.0892011023862021,-0.10321919403391,-0.134731102192773
0.472,-0.161572081368806,-0.085647541013771,-0.165802761386082,-0.103661951477257,-0.0862416545525425,-0.0932878687064081,-0.153845922448024,-0.0897289914745224,-0.103202248806754,-0.135094997456131
0.474,-0.162745621065093,-0.0858791850943326,-0.166711051817553,-0.10440401621481,-0.0868196648472137,-0.0935497317857629,-0.153508001411605,-0.0902568805628427,-0.103185303579599,-0.135142759136896
0.476,-0.163919160761379,-0.0861108291748942,-0.167619342249025,-0.105146080952363,-0.0873976751418848,-0.0938115948651176,-0.153170080375185,-0.090784769651163,-0.103168358352443,-0.13519052081766
0.478,-0.165092700457666,-0.0863424732554558,-0.168527632680496,-0.105888145689916,-0.0879756854365559,-0.0940734579444724,-0.152832159338765,-0.0913126587394833,-0.103151413125287,-0.135238282498425
0.48,-0.166266240153953,-0.0865741173360174,-0.169435923111967,-0.106630210427469,-0.088504447385626,-0.0943353210238272,-0.152494238302345,-0.0914367368584389,-0.103134467898131,-0.13528604417919
0.482,-0.167439779850239,-0.086805761416579,-0.170344213543438,-0.107257532926936,-0.088598549224076,-0.0945971841031819,-0.152156317265925,-0.0914595899539179,-0.103117522670975,-0.135333805859955
0.484,-0.168613319546526,-0.0870374054971406,-0.17125250397491,-0.107498376979464,-0.0886926510625259,-0.0948590471825367,-0.151818396229505,-0.0914824430493969,-0.103100577443819,-0.13538156754072
0.486,-0.169713597900589,-0.0872690495777022,-0.172160794406381,-0.107739221031992,-0.0887867529009758,-0.0951209102618915,-0.151480475193085,-0.0915052961448759,-0.103083632216664,-0.135429329221485
0.488,-0.170384414392471,-0.0875006936582639,-0.173069084837852,-0.10798006508452,-0.0888808547394257,-0.0953827733412462,-0.150827667847899,-0.0915281492403549,-0.103066686989508,-0.13547709090225
0.49,-0.171055230884353,-0.0876886831785977,-0.173977375269324,-0.108220909137049,-0.0889749565778756,-0.095644636420601,-0.150122053545581,-0.0915510023358339,-0.103049741762352,-0.135524852583015
0.492,-0.171726047376235,-0.0875115607016987,-0.174885665700795,-0.108461753189577,-0.0890690584163255,-0.0959064994999558,-0.149416439243263,-0.0915738554313129,-0.103032796535196,-0.13557261426378
0.494,-0.172396863868118,-0.0873344382247997,-0.175793956132266,-0.108702597242105,-0.0891631602547755,-0.0961683625793105,-0.148710824940944,-0.0915967085267919,-0.10301585130804,-0.135540615582345
0.496,-0.17306768036,-0.0871573157479006,-0.176702246563737,-0.108943441294633,-0.0892572620932254,-0.0964302256586653,-0.148005210638626,-0.0916195616222709,-0.102998906080884,-0.135197085510643
0.498,-0.173738496851882,-0.0869801932710016,-0.177610536995209,-0.109184285347161,-0.0893513639316753,-0.0966133309325729,-0.147299596336308,-0.0916424147177499,-0.102981960853728,-0.134853555438941
0.5,-0.174409313343764,-0.0868030707941026,-0.17837354642615,-0.109425129399689,-0.0894454657701252,-0.0964540870361956,-0.14659398203399,-0.0916652678132289,-0.102847189141393,-0.134510025367239
0.502,-0.174976132821427,-0.0866259483172036,-0.178899607243206,-0.109665973452217,-0.0895395676085751,-0.0962948431398184,-0.145888367731672,-0.0916881209087079,-0.102464817429755,-0.134166495295537
0.504,-0.175198665165189,-0.0864488258403046,-0.179425668060262,-0.109906817504745,-0.0896336694470251,-0.0961355992434411,-0.145182753429353,-0.0917109740041869,-0.102082445718117,-0.133822965223835
0.506,-0.17542119750895,-0.0862717033634055,-0.179951728877318,-0.110147661557273,-0.089727771285475,-0.0959763553470639,-0.144477139127035,-0.0917338270996659,-0.101700074006479,-0.133479435152133
0.508,-0.175643729852711,-0.0860945808865065,-0.180436887774569,-0.110388505609801,-0.0898218731239249,-0.0958171114506866,-0.143771524824717,-0.0917566801951449,-0.10131770229484,-0.133135905080431
0.51,-0.175866262196472,-0.0859174584096075,-0.180876749635613,-0.11062934966233,-0.0899159749623748,-0.0956578675543094,-0.143065910522399,-0.0917795332906239,-0.100935330583202,-0.132792375008729
0.512,-0.176088794540233,-0.0857403359327085,-0.181316611496656,-0.110776768719913,-0.0900100768008248,-0.0954986236579322,-0.14227129637525,-0.0918023863861029,-0.100552958871564,-0.132448844937027
0.514,-0.176311326883994,-0.0855632134558094,-0.181756473357699,-0.110598462916932,-0.0901041786392747,-0.0953393797615549,-0.141291071731504,-0.0918252394815819,-0.100170587159926,-0.132105314865325
0.516,-0.176533859227756,-0.0853860909789104,-0.182162140074859,-0.110420157113951,-0.0901982804777246,-0.0951801358651777,-0.140310847087758,-0.0918480925770609,-0.0997882154482875,-0.131761784793623
0.518,-0.176724569184459,-0.0852089685020114,-0.182541896958566,-0.11024185131097,-0.0902923823161745,-0.0950208919688004,-0.139330622444013,-0.0918709456725399,-0.0994058437366493,-0.131418254721921
0.52,-0.176549200307475,-0.0850318460251124,-0.18289721667231,-0.110063545507989,-0.090327812779149,-0.0948616480724232,-0.138350397800267,-0.0918937987680189,-0.0990234720250111,-0.131051279194091
0.522,-0.17637383143049,-0.0848547235482134,-0.183239673800357,-0.109885239705007,-0.0900587302256064,-0.0947024041760459,-0.137370173156521,-0.0919166518634979,-0.0986411003133728,-0.130401500885458
0.524,-0.176198462553506,-0.0846776010713143,-0.183560089429941,-0.109706933902026,-0.0897896476720637,-0.0945431602796687,-0.136389948512775,-0.0916254431112043,-0.0982587286017346,-0.129751722576824
0.526,-0.176023093676521,-0.0845004785944153,-0.183864611400538,-0.109528628099045,-0.089520565118521,-0.0943839163832914,-0.135409723869029,-0.0912940152721309,-0.0978763568900964,-0.12910194426819
0.528,-0.175847724799537,-0.0843233561175163,-0.184136770888295,-0.109350322296064,-0.0892514825649783,-0.0942246724869142,-0.134429499225283,-0.0909625874330575,-0.0974939851784581,-0.128452165959556
0.53,-0.175672355922552,-0.0841462336406173,-0.184328359175202,-0.109172016493083,-0.0889824000114356,-0.0940654285905369,-0.133449274581537,-0.0906311595939841,-0.0971116134668199,-0.127802387650923
0.532,-0.175496987045568,-0.0839691111637182,-0.184442729925532,-0.108993710690102,-0.088713317457893,-0.0939061846941597,-0.132469049937791,-0.0902997317549108,-0.0967292417551817,-0.127152609342289
0.534,-0.175321618168583,-0.0837919886868192,-0.184471712498146,-0.108815404887121,-0.0884442349043503,-0.0937469407977825,-0.131488825294046,-0.0899683039158374,-0.0963468700435435,-0.126502831033655
0.536,-0.174974894028659,-0.0836148662099202,-0.184433046299506,-0.10863709908414,-0.0881751523508076,-0.0935876969014052,-0.1305086006503,-0.089636876076764,-0.0959644983319052,-0.125853052725021
0.538,-0.174450774645592,-0.0834041443244556,-0.184318746531865,-0.108458793281159,-0.087906069797265,-0.093428453005028,-0.129528376006554,-0.0893054482376906,-0.095582126620267,-0.125203274416387
0.54,-0.173926655262526,-0.0829936206504941,-0.184126600730994,-0.108280487478177,-0.0876369872437223,-0.0932692091086507,-0.128548151362808,-0.0889740203986172,-0.0951997549086288,-0.124553496107754
0.542,-0.173402535879459,-0.0825830969765326,-0.183867075308947,-0.108102181675196,-0.0873679046901796,-0.092941121569618,-0.127562951430481,-0.0886425925595438,-0.0948173831969906,-0.12390371779912
0.544,-0.172878416496393,-0.0821725733025711,-0.183524901996315,-0.107923875872215,-0.0870988221366369,-0.0925088966598839,-0.126436159276594,-0.0883111647204705,-0.0944274266560247,-0.123253939490486
0.546,-0.172354297113327,-0.0817620496286096,-0.183182728683683,-0.107745570069234,-0.0868297395830942,-0.0920766717501498,-0.125309367122706,-0.0879797368813971,-0.0938442366124197,-0.122604161181852
0.548,-0.17183017773026,-0.0813515259546481,-0.182680540587239,-0.107567264266253,-0.0865606570295516,-0.0916444468404158,-0.124182574968819,-0.0876483090423237,-0.0932610465688147,-0.121954382873219
0.55,-0.171306058347194,-0.0809410022806866,-0.182168533411477,-0.107132440662407,-0.0862915744760089,-0.0912122219306817,-0.123055782814931,-0.0873168812032503,-0.0926778565252097,-0.121304604564585
0.552,-0.170781938964127,-0.0805304786067251,-0.181656526235714,-0.106647136694406,-0.0860224919224662,-0.0907799970209477,-0.121928990661044,-0.0869854533641769,-0.0920946664816047,-0.120615242934432
0.554,-0.17018886067385,-0.0801199549327636,-0.180919197960414,-0.106161832726405,-0.0857534093689235,-0.0903477721112136,-0.120802198507157,-0.0866540255251035,-0.0915114764379997,-0.11977281091587
0.556,-0.169367912748158,-0.0797094312588021,-0.180158660763716,-0.105676528758403,-0.0854843268153808,-0.0899155472014796,-0.119675406353269,-0.0863225976860301,-0.0909282863943947,-0.118930378897308
0.558,-0.168546964822465,-0.0792989075848406,-0.179398123567018,-0.105191224790402,-0.0852152442618382,-0.0894833222917455,-0.118548614199382,-0.0859911698469567,-0.0903450963507897,-0.118087946878747
0.56,-0.167726016896772,-0.0788883839108791,-0.17863758637032,-0.104705920822401,-0.0849461617082955,-0.0890510973820114,-0.117421822045494,-0.0856597420078834,-0.0897619063071847,-0.117245514860185
0.562,-0.16690506897108,-0.0784778602369176,-0.177877049173623,-0.1042206168544,-0.0846770791547528,-0.0886188724722774,-0.116295029891607,-0.08532831416881,-0.0891787162635797,-0.116403082841623
0.564,-0.166084121045387,-0.0780673365629562,-0.177116511976925,-0.103735312886399,-0.0844079966012102,-0.0881866475625434,-0.11516823773772,-0.0849968863297366,-0.0885955262199747,-0.115560650823062
0.566,-0.165263173119694,-0.0776568128889946,-0.176082740399262,-0.103250008918398,-0.0841389140476675,-0.0877544226528093,-0.114041445583832,-0.0846654584906632,-0.0880123361763697,-0.1147182188045
0.568,-0.164442225194002,-0.0772462892150332,-0.17502346369933,-0.102764704950397,-0.0838698314941248,-0.0873221977430753,-0.112914653429945,-0.0843340306515898,-0.0874291461327647,-0.113875786785939
0.57,-0.163621277268309,-0.0768357655410717,-0.173964186999397,-0.102279400982395,-0.0835707950374819,-0.0868899728333412,-0.111787861276057,-0.0840026028125164,-0.0868459560891597,-0.113033354767377
0.572,-0.162800329342616,-0.0764252418671102,-0.172904910299465,-0.101794097014394,-0.0831162934444655,-0.0864577479236071,-0.11066106912217,-0.083671174973443,-0.0862627660455547,-0.112190922748815
0.574,-0.161975382435716,-0.0760147181931487,-0.171845633599533,-0.101308793046393,-0.0826617918514491,-0.0860255230138731,-0.109534276968282,-0.0831890886053656,-0.0856795760019497,-0.111348490730254
0.576,-0.16091658076263,-0.0756041945191872,-0.1707863568996,-0.100823489078392,-0.0822072902584327,-0.085593298104139,-0.108407484814395,-0.0826877087494127,-0.0850963859583447,-0.110506058711692
0.578,-0.159857779089543,-0.0751936708452257,-0.169727080199668,-0.100338185110391,-0.0817527886654164,-0.085161073194405,-0.107280692660508,-0.0821863288934598,-0.0845131959147397,-0.109663626693131
0.58,-0.158798977416457,-0.0747831471712642,-0.168411602166879,-0.0998528811423897,-0.0812982870723999,-0.0847288482846709,-0.10615390050662,-0.0816849490375069,-0.0839300058711347,-0.108821194674569
0.582,-0.15774017574337,-0.0743726234973027,-0.167084694951455,-0.0993675771743886,-0.0808437854793835,-0.0842966233749369,-0.105043613571885,-0.081183569181554,-0.0833468158275297,-0.107978762656007
0.584,-0.156681374070284,-0.0739620998233412,-0.165757787736031,-0.0988822732063874,-0.0803892838863672,-0.0838643984652028,-0.103935365200869,-0.0806821893256011,-0.0827636257839247,-0.107136330637446
0.586,-0.155622572397197,-0.0735515761493797,-0.164430880520607,-0.0983969692383863,-0.0799347822933508,-0.0834321735554688,-0.102827116829854,-0.0801808094696482,-0.0821804357403196,-0.106293898618884
0.588,-0.154563770724111,-0.073130644084611,-0.163103973305183,-0.0979116652703851,-0.0794802807003344,-0.0829999486457347,-0.101718868458839,-0.0796794296136953,-0.0815972456967146,-0.105451466600322
0.59,-0.153504969051024,-0.0726478176238561,-0.161777066089759,-0.097426361302384,-0.079025779107318,-0.0825677237360006,-0.100610620087824,-0.0791780497577424,-0.0810140556531096,-0.104609034581761
0.592,-0.152446167377938,-0.0721649911631013,-0.160450158874335,-0.0969410573343828,-0.0785712775143016,-0.0820705209503092,-0.0995023717168092,-0.0786766699017895,-0.0804308656095046,-0.103738550208223
0.594,-0.151387365704851,-0.0716821647023465,-0.159123251658911,-0.0964557533663817,-0.0781167759212852,-0.0815332418842821,-0.0983941233457942,-0.0781752900458366,-0.0798462276390143,-0.102843751400676
0.596,-0.150328564031764,-0.0711993382415916,-0.157670545760776,-0.0959104200301576,-0.0776622743282688,-0.080995962818255,-0.0972858749747791,-0.0776739101898837,-0.0792247018268164,-0.101948952593129
0.598,-0.149195261434605,-0.0707165117808368,-0.156124822146717,-0.0952711307550294,-0.0772077727352524,-0.080458683752228,-0.096177626603764,-0.0771725303339308,-0.0786031760146184,-0.101054153785582
0.6,-0.147969641246334,-0.0702336853200819,-0.154579098532657,-0.0946318414799013,-0.076753271142236,-0.0799214046862009,-0.095069378232749,-0.0766711504779779,-0.0779816502024205,-0.100159354978036
0.602,-0.146744021058064,-0.0697508588593271,-0.153033374918598,-0.0939925522047731,-0.0762987695492196,-0.0793841256201738,-0.0939611298617339,-0.076169770622025,-0.0773601243902226,-0.099264556170489
0.604,-0.145518400869793,-0.0692680323985723,-0.151487651304539,-0.093353262929645,-0.0758442679562032,-0.0788468465541467,-0.0928528814907189,-0.0756683907660721,-0.0767385985780246,-0.0983697573629422
0.606,-0.144292780681523,-0.0687852059378174,-0.14994192769048,-0.0927139736545169,-0.0753897663631868,-0.0783095674881196,-0.0917446331197038,-0.0751670109101192,-0.0761170727658267,-0.0974749585553955
0.608,-0.143067160493252,-0.0683023794770626,-0.148396204076421,-0.0920746843793887,-0.0749352647701704,-0.0777722884220926,-0.0906363847486887,-0.0746656310541663,-0.0754955469536287,-0.0965801597478487
0.61,-0.141841540304982,-0.0678195530163077,-0.146850480462362,-0.0914353951042605,-0.074480763177154,-0.0772350093560655,-0.0895281363776737,-0.0741642511982134,-0.0748740211414308,-0.095685360940302
0.612,-0.140615920116711,-0.0673367265555529,-0.145304756848303,-0.0907961058291324,-0.0740262615841376,-0.0766977302900384,-0.0884198880066586,-0.0736628713422605,-0.0742524953292329,-0.0947905621327552
0.614,-0.139390299928441,-0.0668539000947981,-0.143759033234244,-0.0901568165540043,-0.0735717599911212,-0.0761604512240113,-0.0873116396356435,-0.0731614914863076,-0.0736309695170349,-0.0938957633252085
0.616,-0.138164679740171,-0.0663710736340432,-0.142213309620185,-0.0895175272788761,-0.0731172583981048,-0.0756231721579842,-0.0862033912646285,-0.0726601116303547,-0.073009443704837,-0.0930009645176618
0.618,-0.1369390595519,-0.0658882471732884,-0.14054126736846,-0.088878238003748,-0.0726627568050884,-0.0750858930919571,-0.0850951428936134,-0.0721587317744018,-0.0723879178926391,-0.092106165710115
0.62,-0.13571343936363,-0.0654054207125336,-0.13886346629714,-0.0882389487286198,-0.0722009417507788,-0.0745486140259301,-0.0839868945225983,-0.0716573519184489,-0.0717663920804411,-0.0912113669025683
0.622,-0.134487819175359,-0.0649225942517787,-0.137185665225821,-0.0875996594534917,-0.0717011687631242,-0.074011334959903,-0.0828786461515833,-0.071155972062496,-0.0711448662682432,-0.0903165680950216
0.624,-0.133262198987089,-0.0644397677910239,-0.135507864154501,-0.0869603701783635,-0.0712013957754696,-0.0734740558938759,-0.0817703977805682,-0.0706223316658906,-0.0705233404560453,-0.0894217692874748
0.626,-0.131962001323969,-0.063956941330269,-0.133830063083182,-0.0863210809032354,-0.0707016227878149,-0.0729367768278488,-0.0806621494095532,-0.0700845599509056,-0.0699018146438473,-0.0885269704799281
0.628,-0.130658535135381,-0.0634741148695142,-0.132152262011862,-0.0856817916281072,-0.0702018498001603,-0.0723994977618217,-0.0795539010385381,-0.0695467882359206,-0.0692802888316494,-0.0876321716723813
0.63,-0.129355068946792,-0.0629912884087594,-0.130474460940543,-0.0850425023529791,-0.0697020768125057,-0.0718622186957946,-0.0784723816403511,-0.0690090165209355,-0.0686587630194515,-0.0867373728648346
0.632,-0.128051602758203,-0.0625084619480045,-0.128796659869224,-0.0844032130778509,-0.069202303824851,-0.0713249396297676,-0.0775284654490017,-0.0684712448059505,-0.0680372372072535,-0.0858425740572879
0.634,-0.126748136569614,-0.0620256354872497,-0.127118858797904,-0.0837639238027228,-0.0687025308371964,-0.0707876605637405,-0.0765845492576523,-0.0679334730909655,-0.0674157113950556,-0.0849477752497411
0.636,-0.125444670381025,-0.0615428090264948,-0.125441057726585,-0.0831246345275946,-0.0682027578495417,-0.0702503814977134,-0.075640633066303,-0.0673957013759804,-0.0667941855828577,-0.0840529764421944
0.638,-0.124141204192437,-0.0610621670086414,-0.123763256655265,-0.0824853452524665,-0.0677029848618871,-0.0697131024316863,-0.0746967168749536,-0.0668579296609954,-0.0661726597706597,-0.0831581776346476
0.64,-0.122837738003848,-0.0605945149693974,-0.122085455583946,-0.0818460559773383,-0.0672032118742325,-0.0691758233656593,-0.0737528006836042,-0.0663201579460104,-0.0655511339584618,-0.0822633788271009
0.642,-0.121534271815259,-0.0601268629301535,-0.120407654512626,-0.0812067667022102,-0.0667034388865778,-0.0686414936813159,-0.0728088844922548,-0.0657823862310253,-0.0649296081462638,-0.0814207458430263
0.644,-0.12023080562667,-0.0596592108909096,-0.118734113189578,-0.080567477427082,-0.0662036658989232,-0.0681089830814753,-0.0718649683009054,-0.0652446145160403,-0.0643101123516078,-0.0806029339444694
0.646,-0.118927339438081,-0.0591915588516656,-0.117065459076307,-0.0799219093478786,-0.0657038929112685,-0.0675764724816346,-0.0709210521095561,-0.0647068428010553,-0.0637423339236972,-0.0797851220459125
0.648,-0.117623873249493,-0.0587239068124217,-0.115396804963037,-0.0792665138966814,-0.0652041199236139,-0.067043961881794,-0.0699771359182067,-0.0641690710860702,-0.0631745554957866,-0.0789673101473557
0.65,-0.116320407060904,-0.0582562547731778,-0.113728150849766,-0.0786111184454841,-0.0647043469359593,-0.0665114512819534,-0.0690332197268573,-0.0636312993710852,-0.0626067770678759,-0.0781494982487988
0.652,-0.115016940872315,-0.0577886027339338,-0.112059496736496,-0.0779557229942868,-0.0642045739483046,-0.0659789406821128,-0.0680893035355079,-0.0630935276561002,-0.0620389986399653,-0.0773316863502419
0.654,-0.113713474683726,-0.0573209506946899,-0.110390842623225,-0.0773003275430895,-0.06370480096065,-0.0654464300822721,-0.0671453873441585,-0.0625557559411151,-0.0614712202120547,-0.076513874451685
0.656,-0.112410008495138,-0.056853298655446,-0.108722188509954,-0.0766449320918922,-0.0632050279729954,-0.0649139194824315,-0.0662014711528092,-0.0620179842261301,-0.0609034417841441,-0.0756960625531281
0.658,-0.111131139887384,-0.056385646616202,-0.107053534396684,-0.0759895366406949,-0.0627052549853407,-0.0643814088825909,-0.0652575549614598,-0.061480212511145,-0.0603356633562335,-0.0748782506545713
0.66,-0.109861309852091,-0.0559179945769581,-0.105384880283413,-0.0753341411894976,-0.0622054819976861,-0.0638488982827503,-0.0643136387701104,-0.06094244079616,-0.0597678849283229,-0.0740604387560144
0.662,-0.108591479816798,-0.0554503425377142,-0.103716226170143,-0.0746787457383003,-0.0617057090100314,-0.0633163876829096,-0.063369722578761,-0.060404669081175,-0.0592001065004123,-0.0732426268574575
0.664,-0.107321649781505,-0.0549826904984702,-0.102047572056872,-0.074023350287103,-0.0612059360223768,-0.062783877083069,-0.0624258063874116,-0.05986689736619,-0.0586323280725017,-0.0724248149589007
0.666,-0.106051819746212,-0.0545150384592263,-0.100378917943602,-0.0733679548359057,-0.0607061630347222,-0.0622513664832284,-0.0614818901960623,-0.0593291256512049,-0.058064549644591,-0.0716070030603438
0.668,-0.104781989710918,-0.0540473864199824,-0.0987102638303312,-0.0727125593847084,-0.0602063900470675,-0.0617188558833878,-0.0605379740047129,-0.0587913539362199,-0.0574967712166804,-0.0707891911617869
0.67,-0.103512159675625,-0.0535797343807384,-0.0970416097170606,-0.0720571639335111,-0.0597109892386853,-0.0611863452835471,-0.0595940578133635,-0.0582535822212348,-0.0569289927887698,-0.06997137926323
0.672,-0.102242329640332,-0.0531120823414945,-0.0953729556037901,-0.0714017684823138,-0.0592382806799427,-0.0606538346837065,-0.0586501416220141,-0.0577158105062498,-0.0563612143608592,-0.0691535673646732
0.674,-0.100972499605039,-0.0526444303022506,-0.0937043014905195,-0.0707463730311166,-0.0587655721212001,-0.0601213240838659,-0.0577062254306647,-0.0572094453186717,-0.0557934359329486,-0.0683357554661163
0.676,-0.099702669569746,-0.0521767782630066,-0.092035647377249,-0.0700909775799193,-0.0582928635624575,-0.0595888134840253,-0.0567623092393154,-0.056707102083649,-0.055225657505038,-0.0675179435675594
0.678,-0.0984328395344529,-0.0517091262237627,-0.0903669932639784,-0.069435582128722,-0.0578201550037149,-0.0590563028841846,-0.055818393047966,-0.0562047588486264,-0.0546578790771274,-0.0667001316690025
0.68,-0.0971630094991598,-0.0512414741845188,-0.0888389445584645,-0.0687801866775247,-0.0573474464449724,-0.058523792284344,-0.0549105625398665,-0.0557024156136037,-0.0540901006492168,-0.0658823197704456
0.682,-0.0958931794638666,-0.0507738221452749,-0.0873842489548124,-0.0681247912263274,-0.0568747378862298,-0.0579912816845034,-0.0541885044431523,-0.0552000723785811,-0.0535223222213061,-0.0650645078718888
0.684,-0.0946233494285735,-0.0503061701060309,-0.0859295533511603,-0.0674693957751301,-0.0564020293274872,-0.0574587710846628,-0.0534664463464381,-0.0546977291435584,-0.0529545437933955,-0.0642466959733319
0.686,-0.0933535193932804,-0.049838518066787,-0.0844748577475082,-0.0668140003239328,-0.0559293207687446,-0.0569262604848221,-0.0527443882497238,-0.0541953859085358,-0.0523867653654849,-0.063428884074775
0.688,-0.0920836893579874,-0.0493787020451594,-0.0830201621438562,-0.0661586048727355,-0.055456612210002,-0.0563937498849815,-0.0520223301530097,-0.0536930426735132,-0.0518189869375743,-0.0626110721762182
0.69,-0.0908138593226943,-0.0489654835798963,-0.0815654665402041,-0.0655032094215382,-0.0549839036512594,-0.0558612392851409,-0.0513002720562954,-0.0531906994384905,-0.0512512085096637,-0.0617932602776613
0.692,-0.0895440292874012,-0.0485522651146331,-0.080110770936552,-0.064847813970341,-0.0545111950925169,-0.0553636918911144,-0.0505782139595812,-0.0526883562034679,-0.0506834300817531,-0.061071727456139
0.694,-0.088274199252108,-0.0481390466493699,-0.0786560753328999,-0.0641924185191437,-0.0540384865337743,-0.0548877086866986,-0.049856155862867,-0.0521860129684452,-0.0501190321830404,-0.0603960053023217
0.696,-0.0870043692168149,-0.0477258281841067,-0.0772013797292478,-0.0635607957980165,-0.0535657779750317,-0.0544117254822827,-0.0491340977661527,-0.0516836697334226,-0.0496407577116941,-0.0597202831485045
0.698,-0.085818179952293,-0.0473126097188435,-0.0757466841255957,-0.0629663813507754,-0.0530930694162891,-0.0539357422778669,-0.0484120396694385,-0.0511813264983999,-0.0491624832403479,-0.0590445609946872
0.7,-0.084708135123524,-0.0468993912535803,-0.0742919885219436,-0.0623719669035344,-0.0526203608575465,-0.053459759073451,-0.0476899815727243,-0.0506789832633773,-0.0486842087690017,-0.05836883884087
0.702,-0.083598090294755,-0.0464861727883172,-0.0728372929182915,-0.0617775524562933,-0.0521476522988039,-0.0529837758690352,-0.04696792347601,-0.0501766400283547,-0.0482059342976555,-0.0576931166870527
0.704,-0.0824880454659861,-0.046072954323054,-0.0713825973146394,-0.0611831380090523,-0.0516749437400613,-0.0525077926646193,-0.0462458653792958,-0.049674296793332,-0.0477276598263093,-0.0570173945332355
0.706,-0.0813780006372171,-0.0456597358577908,-0.0699279017109873,-0.0605887235618113,-0.0512022351813188,-0.0520318094602035,-0.0455238072825816,-0.0491719535583094,-0.0472493853549631,-0.0563416723794182
0.708,-0.0802679558084481,-0.0452465173925276,-0.0684732061073352,-0.0599943091145702,-0.0507295266225762,-0.0515558262557876,-0.0448017491858673,-0.0486696103232867,-0.0467711108836169,-0.055665950225601
0.71,-0.0791579109796791,-0.0448332989272644,-0.0670185105036831,-0.0593998946673292,-0.0502568180638336,-0.0510798430513718,-0.0440796910891531,-0.0481672670882641,-0.0462928364122706,-0.0549902280717837
0.712,-0.0780478661509102,-0.0444200804620013,-0.065563814900031,-0.0588054802200881,-0.049784109505091,-0.050603859846956,-0.0433576329924389,-0.0476649238532414,-0.0458145619409244,-0.0543145059179665
0.714,-0.0769378213221412,-0.0440068619967381,-0.0641091192963789,-0.0582110657728471,-0.0493114009463484,-0.0501278766425401,-0.0426355748957246,-0.0471625806182188,-0.0453362874695782,-0.0536387837641492
0.716,-0.0758277764933722,-0.0435936435314749,-0.0626544236927268,-0.057616651325606,-0.0488386923876058,-0.0496518934381243,-0.0419135167990104,-0.0466602373831961,-0.044858012998232,-0.052963061610332
0.718,-0.0747177316646032,-0.0431804250662117,-0.0611997280890747,-0.057022236878365,-0.0483659838288632,-0.0491759102337084,-0.0411914587022962,-0.0461578941481735,-0.0443797385268858,-0.0522873394565147
0.72,-0.0736076868358343,-0.0427672066009485,-0.0597450324854226,-0.056427822431124,-0.0479028621010833,-0.0486999270292926,-0.0404694006055819,-0.0456555509131508,-0.0439014640555396,-0.0516116173026975
0.722,-0.0724976420070653,-0.0423539881356853,-0.0582903368817705,-0.0558334079838829,-0.0474894974276017,-0.0482239438248767,-0.0397473425088677,-0.0451532076781282,-0.0434231895841933,-0.0509358951488802
0.724,-0.0713875971782963,-0.0419407696704222,-0.0568356412781184,-0.0552389935366419,-0.0470761327541201,-0.0477479606204609,-0.0390252844121535,-0.0447113270345332,-0.0429449151128471,-0.050260172995063
0.726,-0.0702775523495273,-0.041527551205159,-0.0553809456744663,-0.0546445790894008,-0.0466627680806385,-0.047271977416045,-0.0383032263154392,-0.0442771892932641,-0.0424666406415009,-0.0495844508412457
0.728,-0.0691675075207583,-0.0411143327398958,-0.0539262500708142,-0.0540501646421598,-0.0462494034071569,-0.0467959942116292,-0.037581168218725,-0.043843051551995,-0.0419883661701547,-0.0489087286874285
0.73,-0.0680574626919894,-0.0407011142746326,-0.0527141689515087,-0.0534557501949187,-0.0458360387336753,-0.0463200110072133,-0.0368935427409486,-0.0434089138107259,-0.0415100916988085,-0.0482330065336112
0.732,-0.0669474178632204,-0.0402878958093694,-0.0516286585329135,-0.0528613357476777,-0.0454226740601937,-0.0458440278027975,-0.0363831795476659,-0.0429747760694568,-0.0410318172274623,-0.047557284379794
0.734,-0.0658373730344514,-0.0398746773441062,-0.0505431481143183,-0.0522669213004367,-0.0450093093867121,-0.0453680445983816,-0.0358728163543832,-0.0425406383281876,-0.0405535427561161,-0.0468815622259767
0.736,-0.0647273282056824,-0.0394614588788431,-0.0494576376957231,-0.0516725068531956,-0.0445959447132305,-0.0448920613939658,-0.0353624531611005,-0.0421065005869185,-0.0400752682847698,-0.0462058400721595
0.738,-0.0636172833769135,-0.0390578961956071,-0.0483721272771279,-0.0510780924059546,-0.0441825800397489,-0.0444160781895499,-0.0348520899678178,-0.0416723628456494,-0.0395969938134236,-0.0455301179183422
0.74,-0.0625072385481445,-0.0387117524551659,-0.0472866168585327,-0.0504836779587135,-0.0437692153662673,-0.0439400949851341,-0.0343417267745351,-0.0412382251043803,-0.0391187193420774,-0.044854395764525
0.742,-0.0613971937193755,-0.0383656087147247,-0.0462011064399375,-0.0498892635114725,-0.0433558506927857,-0.0435106373663983,-0.0338313635812525,-0.0408040873631111,-0.0386404448707312,-0.0442820193174982
0.744,-0.0602871488906066,-0.0380194649742835,-0.0451155960213423,-0.0492948490642314,-0.0429424860193041,-0.0431098752441992,-0.0333210003879698,-0.040369949621842,-0.0381657593536006,-0.0437588159200928
0.746,-0.0591771040618376,-0.0376733212338422,-0.0440300856027471,-0.0487366735445807,-0.0425291213458225,-0.0427091131220002,-0.0328106371946871,-0.0399358118805729,-0.0377825071652834,-0.0432356125226874
0.748,-0.058192663924649,-0.037327177493401,-0.0429445751841519,-0.0482352179699738,-0.0421157566723409,-0.0423083509998011,-0.0323002740014044,-0.0395016741393038,-0.0373992549769663,-0.042712409125282
0.75,-0.057322571112098,-0.0369810337529598,-0.0418590647655567,-0.0477337623953669,-0.0417023919988593,-0.041907588877602,-0.0317899108081217,-0.0390675363980346,-0.0370160027886491,-0.0421892057278766
0.752,-0.0564524782995471,-0.0366348900125186,-0.0407735543469615,-0.04723230682076,-0.0412890273253776,-0.0415068267554029,-0.031279547614839,-0.0386333986567655,-0.0366327506003319,-0.0416660023304712
0.754,-0.0555823854869962,-0.0362887462720774,-0.0396880439283663,-0.0467308512461531,-0.040875662651896,-0.0411060646332038,-0.0307691844215563,-0.0381992609154964,-0.0362494984120148,-0.0411427989330658
0.756,-0.0547122926744453,-0.0359426025316362,-0.038602533509771,-0.0462293956715462,-0.0404622979784144,-0.0407053025110047,-0.0302588212282736,-0.0377651231742273,-0.0358662462236976,-0.0406195955356604
0.758,-0.0538421998618944,-0.035596458791195,-0.0375170230911758,-0.0457279400969393,-0.0400489333049328,-0.0403045403888057,-0.0297484580349909,-0.0373309854329581,-0.0354829940353804,-0.0400963921382551
0.76,-0.0529721070493434,-0.0352503150507538,-0.0364315126725806,-0.0452264845223324,-0.0396355686314512,-0.0399037782666066,-0.0292380948417082,-0.036896847691689,-0.0350997418470632,-0.0395731887408497
0.762,-0.0521020142367925,-0.0349041713103126,-0.0353460022539854,-0.0447250289477255,-0.0392222039579696,-0.0395030161444075,-0.0287277316484255,-0.0364627099504199,-0.0347164896587461,-0.0390499853434443
0.764,-0.0512319214242416,-0.0345580275698714,-0.0342604918353902,-0.0442235733731186,-0.038808839284488,-0.0391022540222084,-0.0282173684551428,-0.0360285722091508,-0.0343332374704289,-0.0385267819460389
0.766,-0.0503618286116907,-0.0342118838294302,-0.033174981416795,-0.0437221177985117,-0.0383954746110064,-0.0387014919000093,-0.0277070052618601,-0.0355944344678816,-0.0339499852821117,-0.0380035785486335
0.768,-0.0494917357991398,-0.033865740088989,-0.0320894709981998,-0.0432206622239048,-0.0379821099375248,-0.0383007297778102,-0.0271966420685774,-0.0351602967266125,-0.0335667330937945,-0.0374803751512281
0.77,-0.0486216429865888,-0.0335195963485478,-0.0310039605796046,-0.0427192066492979,-0.0375798979602404,-0.0378999676556112,-0.0266862788752947,-0.0347261589853434,-0.0331834809054774,-0.0369571717538227
0.772,-0.0477515501740379,-0.0331734526081066,-0.0299184501610094,-0.042217751074691,-0.0372355701067523,-0.0374992055334121,-0.026175915682012,-0.0342920212440743,-0.0328002287171602,-0.0364339683564174
0.774,-0.046881457361487,-0.0328273088676654,-0.0288329397424142,-0.0417162955000841,-0.0368912422532642,-0.037098443411213,-0.0256655524887293,-0.0339269130345667,-0.032416976528843,-0.035910764959012
0.776,-0.0460113645489361,-0.0324811651272242,-0.027747429323819,-0.0412148399254772,-0.0365469143997761,-0.0366976812890139,-0.0251551892954466,-0.0335706448186717,-0.0320337243405258,-0.0353875615616066
0.778,-0.0451412717363851,-0.032135021386783,-0.0266619189052238,-0.0407133843508703,-0.036202586546288,-0.0362969191668148,-0.0246448261021639,-0.0332143766027768,-0.0316504721522087,-0.0348643581642012
0.78,-0.0442711789238342,-0.0317888776463418,-0.0258243960189918,-0.0402119287762634,-0.0358582586927999,-0.0358961570446157,-0.0241623482974357,-0.0328581083868818,-0.0312672199638915,-0.0343411547667958
0.782,-0.0434010861112833,-0.0314427339059006,-0.0251162469243666,-0.0397104732016565,-0.0355139308393118,-0.0354953949224167,-0.0238234270339072,-0.0325018401709869,-0.0308839677755743,-0.0338179513693904
0.784,-0.0425309932987324,-0.0310965901654594,-0.0244080978297414,-0.0392090176270496,-0.0351696029858237,-0.0350946328002176,-0.0234845057703786,-0.0321455719550919,-0.0305007155872571,-0.033294747971985
0.786,-0.0416609004861815,-0.0307504464250182,-0.0236999487351162,-0.0387075620524427,-0.0348252751323355,-0.0346938706780185,-0.02314558450685,-0.031789303739197,-0.03011746339894,-0.0327715445745796
0.788,-0.0407908076736305,-0.0304138009514704,-0.022991799640491,-0.0382061064778358,-0.0344809472788474,-0.0342931085558194,-0.0228066632433215,-0.031433035523302,-0.0297342112106228,-0.0322483411771743
0.79,-0.0399207148610796,-0.0301336377433531,-0.0222836505458658,-0.0377046509032289,-0.0341366194253593,-0.0338923464336203,-0.0224677419797929,-0.0310767673074071,-0.0293509590223056,-0.0317251377797689
0.792,-0.0390506220485287,-0.0298534745352359,-0.0215755014512405,-0.037203195328622,-0.0337922915718712,-0.0335387678179721,-0.0221288207162644,-0.0307204990915121,-0.0289677068339884,-0.0312942403638982
0.794,-0.0381805292359778,-0.0295733113271187,-0.0208673523566153,-0.0367017397540151,-0.0334479637183831,-0.0332142904834583,-0.0217898994527358,-0.0303642308756172,-0.0285877100835539,-0.0309072631722084
0.796,-0.0373104364234268,-0.0292931481190014,-0.0201592032619901,-0.0362388593852274,-0.033103635864895,-0.0328898131489445,-0.0214509781892072,-0.0300079626597222,-0.0282906498947112,-0.0305202859805186
0.798,-0.0365676557349286,-0.0290129849108842,-0.0194510541673649,-0.0358363556252304,-0.0327593080114069,-0.0325653358144307,-0.0211120569256787,-0.0296516944438273,-0.0279935897058685,-0.0301333087888288
0.8,-0.0359407767742735,-0.028732821702767,-0.0187429050727397,-0.0354338518652334,-0.0324149801579188,-0.0322408584799169,-0.0207731356621501,-0.0292954262279323,-0.0276965295170258,-0.029746331597139
0.802,-0.0353138978136184,-0.0284526584946498,-0.0180347559781145,-0.0350313481052364,-0.0320706523044307,-0.0319163811454031,-0.0204342143986216,-0.0289391580120374,-0.0273994693281831,-0.0293593544054492
0.804,-0.0346870188529633,-0.0281724952865325,-0.0173266068834893,-0.0346288443452394,-0.0317263244509426,-0.0315919038108893,-0.020095293135093,-0.0285828897961425,-0.0271024091393404,-0.0289723772137593
0.806,-0.0340601398923082,-0.0278923320784153,-0.0166184577888641,-0.0342263405852424,-0.0313819965974545,-0.0312674264763755,-0.0197563718715644,-0.0282266215802475,-0.0268053489504977,-0.0285854000220695
0.808,-0.0334332609316531,-0.0276121688702981,-0.0159103086942388,-0.0338238368252455,-0.0310376687439664,-0.0309429491418617,-0.0194174506080359,-0.0278703533643526,-0.0265082887616549,-0.0281984228303797
0.81,-0.032806381970998,-0.0273320056621809,-0.0152021595996136,-0.0334213330652485,-0.0306933408904783,-0.0306184718073479,-0.0190785293445073,-0.0275140851484576,-0.0262112285728122,-0.0278114456386899
0.812,-0.0321795030103429,-0.0270518424540636,-0.0144940105049884,-0.0330188293052515,-0.0303490130369902,-0.0302939944728341,-0.0187396080809788,-0.0271578169325627,-0.0259141683839695,-0.0274244684470001
0.814,-0.0315526240496878,-0.0267716792459464,-0.0137858614103632,-0.0326163255452545,-0.0300046851835021,-0.0299695171383203,-0.0184006868174502,-0.0268015487166677,-0.0256171081951268,-0.0270374912553103
0.816,-0.0309257450890327,-0.0264915160378292,-0.013077712315738,-0.0322138217852575,-0.029660357330014,-0.0296450398038065,-0.0180617655539217,-0.0264452805007728,-0.0253200480062841,-0.0266505140636204
0.818,-0.0302988661283776,-0.026211352829712,-0.0123695632211128,-0.0318113180252605,-0.0293160294765258,-0.0293205624692927,-0.0177228442903931,-0.0260890122848778,-0.0250229878174414,-0.0262635368719306
0.82,-0.0296719871677225,-0.0259311896215947,-0.0116614141264876,-0.0314088142652636,-0.028982502247872,-0.0289960851347789,-0.0173839230268645,-0.0257327440689829,-0.0247259276285987,-0.0258765596802408
0.822,-0.0290451082070673,-0.0256510264134775,-0.0109532650318624,-0.0310063105052666,-0.0287050318411673,-0.0286716078002651,-0.017045001763336,-0.0253764758530879,-0.024428867439756,-0.025489582488551
0.824,-0.0284182292464122,-0.0253708632053603,-0.0102451159372372,-0.0306038067452696,-0.0284275614344627,-0.0283471304657512,-0.0167060804998074,-0.0250866224070826,-0.0241318072509133,-0.0251026052968612
0.826,-0.0277913502857571,-0.0250906999972431,-0.00953696684261197,-0.0302013029852726,-0.0281500910277581,-0.0280226531312374,-0.0163671592362789,-0.0248052741055658,-0.0238347470620706,-0.0247156281051713
0.828,-0.027164471325102,-0.0248105367891258,-0.00882881774798676,-0.0297987992252756,-0.0278726206210535,-0.0276981757967236,-0.0160282379727503,-0.024523925804049,-0.0235376868732279,-0.0243286509134815
0.83,-0.0265375923644469,-0.0245303735810086,-0.00832474323288888,-0.0293962954652786,-0.0275951502143488,-0.0273736984622098,-0.0157095652771045,-0.0242425775025322,-0.0232406266843851,-0.0239416737217917
0.832,-0.0259107134037918,-0.0242502103728914,-0.00792713335281685,-0.0289937917052816,-0.0273176798076442,-0.027049221127696,-0.0154951340684944,-0.0239612292010154,-0.0229435664955424,-0.0235546965301019
0.834,-0.0252838344431367,-0.0239700471647742,-0.00752952347274483,-0.0285912879452846,-0.0270402094009396,-0.0267247437931822,-0.0152807028598843,-0.0236798808994986,-0.0226465063066997,-0.0231677193384121
0.836,-0.0246569554824816,-0.0236898839566569,-0.00713191359267281,-0.0281887841852877,-0.026762738994235,-0.0264002664586684,-0.0150662716512742,-0.0233985325979818,-0.022349446117857,-0.0227807421467223
0.838,-0.0240300765218265,-0.0234181616853678,-0.00673430371260079,-0.0277862804252907,-0.0264852685875303,-0.0260757891241546,-0.0148518404426641,-0.023117184296465,-0.0220523859290143,-0.0223937649550324
0.84,-0.0234031975611714,-0.0231966341748452,-0.00633669383252877,-0.0273837766652937,-0.0262077981808257,-0.0257513117896408,-0.0146374092340541,-0.0228358359949482,-0.0217553257401716,-0.0220067877633426
0.842,-0.0227763186005162,-0.0229751066643226,-0.00593908395245675,-0.0269812729052967,-0.0259303277741211,-0.0254694556994239,-0.014422978025444,-0.0225544876934314,-0.0214582655513289,-0.0216945304574329
0.844,-0.0221494396398611,-0.0227535791537999,-0.00554147407238473,-0.0265787691452997,-0.0256528573674165,-0.0252138870325727,-0.0142085468168339,-0.0222731393919146,-0.0211639262752976,-0.0214178257135529
0.846,-0.021522560679206,-0.0225320516432773,-0.0051438641923127,-0.0262119176397493,-0.0253753869607118,-0.0249583183657215,-0.0139941156082238,-0.0219917910903978,-0.0209389058316662,-0.0211411209696729
0.848,-0.0210048433579674,-0.0223105241327547,-0.00474625431224068,-0.0259008678382604,-0.0250979165540072,-0.0247027496988703,-0.0137796843996137,-0.021710442788881,-0.0207138853880347,-0.0208644162257928
0.85,-0.0205865040238347,-0.0220889966222321,-0.00434864443216866,-0.0255898180367715,-0.0248204461473026,-0.0244471810320191,-0.0135652531910036,-0.0214290944873642,-0.0204888649444032,-0.0205877114819128
0.852,-0.0201681646897021,-0.0218674691117095,-0.00395103455209664,-0.0252787682352826,-0.024542975740598,-0.0241916123651679,-0.0133508219823935,-0.0211477461858474,-0.0202638445007718,-0.0203110067380328
0.854,-0.0197498253555695,-0.0216459416011868,-0.00355342467202462,-0.0249677184337937,-0.0242655053338933,-0.0239360436983167,-0.0131363907737835,-0.0208663978843306,-0.0200388240571403,-0.0200343019941528
0.856,-0.0193314860214369,-0.0214244140906642,-0.0031558147919526,-0.0246566686323048,-0.0239880349271887,-0.0236804750314655,-0.0129219595651734,-0.0205850495828138,-0.0198138036135088,-0.0197575972502728
0.858,-0.0189131466873043,-0.0212028865801416,-0.00275820491188058,-0.0243456188308159,-0.0237105645204841,-0.0234249063646143,-0.0127075283565633,-0.020303701281297,-0.0195887831698774,-0.0194808925063928
0.86,-0.0184948073531717,-0.020981359069619,-0.00236059503180855,-0.024034569029327,-0.0234330941137795,-0.0231693376977631,-0.0124930971479532,-0.0200223529797802,-0.0193637627262459,-0.0192041877625128
0.862,-0.0180764680190391,-0.0207598315590964,-0.00196298515173653,-0.0237235192278381,-0.0231556237070748,-0.0229137690309119,-0.0122786659393431,-0.0197410046782635,-0.0191387422826144,-0.0189274830186327
0.864,-0.0176581286849065,-0.0205383040485737,-0.00156537527166451,-0.0234124694263493,-0.0228781533003702,-0.0226582003640607,-0.012064234730733,-0.0194596563767467,-0.018913721838983,-0.0186507782747527
0.866,-0.0172397893507738,-0.0203167765380511,-0.00116776539159249,-0.0231014196248604,-0.0226006828936656,-0.0224026316972095,-0.011849803522123,-0.0191783080752299,-0.0186887013953515,-0.0183740735308727
0.868,-0.0168214500166412,-0.0200952490275285,-0.00077015551152047,-0.0227903698233715,-0.0223232124869609,-0.0221470630303583,-0.0116353723135129,-0.0188969597737131,-0.01846368095172,-0.0180973687869927
0.87,-0.0164031106825086,-0.0198737215170059,-0.000372545631448449,-0.0224793200218826,-0.0220553024012291,-0.0218914943635071,-0.0114209411049028,-0.0186156114721963,-0.0182386605080886,-0.0178206640431127
0.872,-0.015984771348376,-0.0196521940064833,2.50642486235727e-05,-0.0221682702203937,-0.0218370117790725,-0.0216359256966559,-0.0112065098962927,-0.0183342631706795,-0.0180136400644571,-0.0175439592992327
0.874,-0.0155664320142434,-0.0194306664959606,0.000422674128695594,-0.0218572204189048,-0.0216187211569158,-0.0213803570298048,-0.0109920786876826,-0.0181113626998996,-0.0177886196208256,-0.0172672545553526
0.876,-0.0151480926801108,-0.019209138985438,0.000820284008767615,-0.0215461706174159,-0.0214004305347591,-0.0211247883629536,-0.0107776474790725,-0.0178959471190966,-0.0175635991771942,-0.0169905498114726
0.878,-0.0147297533459782,-0.0189876114749154,0.00121789388883964,-0.021235120815927,-0.0211821399126024,-0.0208692196961024,-0.0105632162704625,-0.0176805315382935,-0.0173385787335627,-0.0167138450675926
0.88,-0.0143114140118456,-0.0187660839643928,0.00147040011920493,-0.0209240710144381,-0.0209638492904458,-0.0206136510292512,-0.010362280295442,-0.0174651159574905,-0.0171135582899312,-0.0164371403237126
0.882,-0.0138930746777129,-0.0185445564538702,0.00164720653853678,-0.0206130212129492,-0.0207455586682891,-0.0203580823624,-0.0102308190223075,-0.0172497003766875,-0.0168885378462998,-0.0161604355798326
0.884,-0.0134747353435803,-0.0183230289433475,0.00182401295786862,-0.0203019714114603,-0.0205272680461324,-0.0201025136955488,-0.0100993577491731,-0.0170342847958844,-0.0166635174026683,-0.0158837308359526
0.886,-0.0130563960094477,-0.0181015014328249,0.00200081937720047,-0.0199909216099714,-0.0203089774239758,-0.0198469450286976,-0.00996789647603864,-0.0168188692150814,-0.0164384969590368,-0.0156070260920725
0.888,-0.0126380566753151,-0.0178870556526272,0.00217762579653232,-0.0196798718084825,-0.0200906868018191,-0.0195913763618464,-0.0098364352029042,-0.0166034536342784,-0.0162134765154054,-0.0153303213481925
0.89,-0.0122197173411825,-0.0177147219941892,0.00235443221586417,-0.0193688220069936,-0.0198723961796624,-0.0193358076949952,-0.00970497392976977,-0.0163880380534754,-0.0159884560717739,-0.0150536166043125
0.892,-0.0118013780070499,-0.0175423883357512,0.00253123863519602,-0.0190577722055048,-0.0196541055575058,-0.0191163178176807,-0.00957351265663533,-0.0161726224726723,-0.0157634356281424,-0.0148336925639859
0.894,-0.0113830386729173,-0.0173700546773132,0.00270804505452787,-0.0187467224040159,-0.0194358149353491,-0.0189190801864167,-0.00944205138350089,-0.0159572068918693,-0.0155405789466054,-0.0146407854210234
0.896,-0.0109646993387847,-0.0171977210188752,0.00288485147385972,-0.0184661218769743,-0.0192175243131924,-0.0187218425551527,-0.00931059011036646,-0.0157417913110663,-0.0153728469501911,-0.0144478782780608
0.898,-0.0106304338125954,-0.0170253873604373,0.00306165789319157,-0.0182331795254948,-0.0189992336910358,-0.0185246049238888,-0.00917912883723202,-0.0155263757302632,-0.0152051149537767,-0.0142549711350983
0.9,-0.0103727069482146,-0.0168530537019993,0.00323846431252342,-0.0180002371740152,-0.0187809430688791,-0.0183273672926248,-0.00904766756409758,-0.0153109601494602,-0.0150373829573624,-0.0140620639921358
0.902,-0.0101149800838339,-0.0166807200435613,0.00341527073185526,-0.0177672948225357,-0.0185626524467224,-0.0181301296613608,-0.00891620629096315,-0.0150955445686572,-0.014869650960948,-0.0138691568491732
0.904,-0.00985725321945309,-0.0165083863851233,0.00359207715118711,-0.0175343524710562,-0.0183443618245657,-0.0179328920300968,-0.00878474501782871,-0.0148801289878541,-0.0147019189645337,-0.0136762497062107
0.906,-0.00959952635507231,-0.0163360527266853,0.00376888357051896,-0.0173014101195767,-0.0181260712024091,-0.0177356543988329,-0.00865328374469427,-0.0146647134070511,-0.0145341869681193,-0.0134833425632481
0.908,-0.00934179949069154,-0.0161637190682473,0.00394568998985081,-0.0170684677680971,-0.0179077805802524,-0.0175384167675689,-0.00852182247155983,-0.0144492978262481,-0.014366454971705,-0.0132904354202856
0.91,-0.00908407262631077,-0.0159913854098093,0.00412249640918266,-0.0168355254166176,-0.0176894899580957,-0.0173411791363049,-0.0083903611984254,-0.0142338822454451,-0.0141987229752906,-0.013097528277323
0.912,-0.00882634576192999,-0.0158190517513713,0.00429930282851451,-0.0166025830651381,-0.0174711993359391,-0.0171439415050409,-0.00825889992529096,-0.014018466664642,-0.0140309909788762,-0.0129046211343605
0.914,-0.00856861889754922,-0.0156467180929334,0.00447610924784636,-0.0163696407136586,-0.0172529087137824,-0.016946703873777,-0.00812743865215652,-0.013803051083839,-0.0138632589824619,-0.012711713991398
0.916,-0.00831089203316844,-0.0154743844344954,0.00465291566717821,-0.0161366983621791,-0.0170346180916257,-0.016749466242513,-0.00799597737902209,-0.013587635503036,-0.0136955269860475,-0.0125188068484354
0.918,-0.00805316516878767,-0.0153020507760574,0.00482972208651006,-0.0159037560106995,-0.0168163274694691,-0.016552228611249,-0.00786451610588765,-0.0133722199222329,-0.0135277949896332,-0.0123258997054729
0.92,-0.00779543830440689,-0.0151297171176194,0.0050065285058419,-0.01567081365922,-0.0166060553405204,-0.016354990979985,-0.00773305483275321,-0.0131568043414299,-0.0133600629932188,-0.0121329925625103
0.922,-0.00753771144002612,-0.0149573834591814,0.00518333492517375,-0.0154378713077405,-0.0164374003636314,-0.0161577533487211,-0.00760159355961878,-0.0129413887606269,-0.0131923309968045,-0.0119400854195478
0.924,-0.00727998457564535,-0.0147850498007434,0.0053601413445056,-0.015204928956261,-0.0162687453867424,-0.0159605157174571,-0.00747013228648434,-0.0127745627018406,-0.0130245990003901,-0.0117471782765852
0.926,-0.00702225771126457,-0.0146127161423054,0.00553694776383745,-0.0149719866047814,-0.0161000904098533,-0.0157632780861931,-0.0073386710133499,-0.0126139590677661,-0.0128568670039758,-0.0115542711336227
0.928,-0.0067645308468838,-0.0144403824838674,0.0057137541831693,-0.0147390442533019,-0.0159314354329643,-0.0155660404549291,-0.00720720974021547,-0.0124533554336916,-0.0126891350075614,-0.0113613639906602
0.93,-0.00650680398250302,-0.0142680488254294,0.00580041962431278,-0.0145061019018224,-0.0157627804560753,-0.0153688028236652,-0.00708410819400352,-0.0122927517996171,-0.0125214030111471,-0.0111684568476976
0.932,-0.00624907711812225,-0.0140957151669915,0.00584005899113613,-0.0142731595503429,-0.0155941254791863,-0.0151715651924012,-0.00700404328972394,-0.0121321481655425,-0.0123536710147327,-0.0109755497047351
0.934,-0.00599135025374147,-0.0139233815085535,0.00587969835795949,-0.0140402171988633,-0.0154254705022972,-0.0149743275611372,-0.00692397838544437,-0.011971544531468,-0.0121859390183183,-0.0107826425617725
0.936,-0.0057336233893607,-0.0137510478501155,0.00591933772478285,-0.0138072748473838,-0.0152568155254082,-0.0147770899298732,-0.0068439134811648,-0.0118109408973935,-0.012018207021904,-0.01058973541881
0.938,-0.00547589652497994,-0.0135844431561634,0.0059589770916062,-0.0135743324959043,-0.0150881605485192,-0.0145798522986093,-0.00676384857688524,-0.011650337263319,-0.0118504750254896,-0.0103968282758475
0.94,-0.00521816966059916,-0.0134519062449313,0.00599861645842956,-0.0133413901444248,-0.0149195055716302,-0.0143826146673453,-0.00668378367260566,-0.0114897336292444,-0.0116827430290753,-0.0102039211328849
0.942,-0.00496044279621839,-0.0133193693336991,0.00603825582525292,-0.0131084477929453,-0.0147508505947411,-0.0142146697873161,-0.00660371876832609,-0.0113291299951699,-0.0115150110326609,-0.0100522803932652
0.944,-0.00470271593183762,-0.013186832422467,0.00607789519207627,-0.0128755054414657,-0.0145821956178521,-0.0140647917414668,-0.00652365386404652,-0.0111685263610954,-0.0113489441803838,-0.00992027467247985
0.946,-0.00444498906745684,-0.0130542955112348,0.00611753455889963,-0.0126672362007894,-0.0144135406409631,-0.0139149136956175,-0.00644358895976695,-0.0110079227270209,-0.011225299064989,-0.00978826895169447
0.948,-0.00424678206998053,-0.0129217586000027,0.00615717392572299,-0.0124975844795011,-0.014244885664074,-0.0137650356497682,-0.00636352405548738,-0.0108473190929463,-0.0111016539495942,-0.00965626323090909
0.95,-0.00410276044932164,-0.0127892216887705,0.00619681329254635,-0.0123279327582128,-0.014076230687185,-0.0136151576039189,-0.00628345915120781,-0.0106867154588718,-0.0109780088341993,-0.00952425751012371
0.952,-0.00395873882866276,-0.0126566847775384,0.0062364526593697,-0.0121582810369245,-0.013907575710296,-0.0134652795580696,-0.00620339424692824,-0.0105261118247973,-0.0108543637188045,-0.00939225178933833
0.954,-0.00381471720800387,-0.0125241478663062,0.00627609202619306,-0.0119886293156362,-0.013738920733407,-0.0133154015122203,-0.00612332934264867,-0.0103655081907227,-0.0107307186034097,-0.00926024606855295
0.956,-0.00367069558734498,-0.0123916109550741,0.00631573139301642,-0.0118189775943479,-0.0135702657565179,-0.013165523466371,-0.0060432644383691,-0.0102049045566482,-0.0106070734880149,-0.00912824034776757
0.958,-0.00352667396668609,-0.0122590740438419,0.00635537075983977,-0.0116493258730595,-0.0134016107796289,-0.0130156454205217,-0.00596319953408952,-0.0100443009225737,-0.0104834283726201,-0.00899623462698219
0.96,-0.0033826523460272,-0.0121265371326098,0.00639501012666313,-0.0114796741517712,-0.0132329558027399,-0.0128657673746725,-0.00588313462980995,-0.00988369728849917,-0.0103597832572253,-0.00886422890619681
0.962,-0.00323863072536832,-0.0119940002213776,0.00643464949348649,-0.0113100224304829,-0.0130643008258508,-0.0127158893288232,-0.00580306972553038,-0.00972309365442464,-0.0102361381418305,-0.00873222318541143
0.964,-0.00309460910470943,-0.0118614633101455,0.00647428886030984,-0.0111403707091946,-0.0128956458489618,-0.0125660112829739,-0.00572300482125081,-0.00956249002035012,-0.0101124930264356,-0.00860021746462605
0.966,-0.00295058748405054,-0.0117289263989133,0.0065139282271332,-0.0109707189879063,-0.0127269908720728,-0.0124161332371246,-0.00564293991697124,-0.00940188638627559,-0.00998884791104082,-0.00846821174384067
0.968,-0.00280656586339165,-0.0115963894876812,0.00655356759395656,-0.010801067266618,-0.0125583358951838,-0.0122662551912753,-0.00556287501269167,-0.00924128275220106,-0.00986520279564601,-0.00833620602305529
0.97,-0.00266254424273277,-0.011463852576449,0.00659320696077991,-0.0106314155453297,-0.0123961690867317,-0.012116377145426,-0.0054828101084121,-0.00908067911812654,-0.00974155768025119,-0.00820420030226991
0.972,-0.00251852262207388,-0.0113313156652169,0.00663284632760327,-0.0104617638240414,-0.0122676768210426,-0.0119664990995767,-0.00540274520413253,-0.00892007548405201,-0.00961791256485638,-0.00807219458148453
0.974,-0.00237450100141499,-0.0111987787539847,0.00667248569442663,-0.0102921121027531,-0.0121391845553536,-0.0118166210537274,-0.00532268029985296,-0.00879824738902342,-0.00949426744946156,-0.00794018886069914
0.976,-0.0022304793807561,-0.0110662418427526,0.00671212506124999,-0.0101224603814648,-0.0120106922896645,-0.0116667430078782,-0.00524261539557339,-0.00868138492984296,-0.00937062233406675,-0.00780818313991376
0.978,-0.00208645776009721,-0.0109337049315204,0.00675176442807334,-0.00995280866017645,-0.0118822000239755,-0.0115168649620289,-0.00516255049129381,-0.00856452247066249,-0.00924697721867193,-0.00767617741912838
0.98,-0.00194243613943832,-0.0108011680202883,0.00674401052027332,-0.00978315693888814,-0.0117537077582864,-0.0113669869161796,-0.00508734703830143,-0.00844766001148202,-0.00912333210327712,-0.007544171698343
0.982,-0.00179841451877944,-0.0106686311090561,0.00671153179031687,-0.00961350521759983,-0.0116252154925974,-0.0112171088703303,-0.00503717078299846,-0.00833079755230156,-0.00899968698788231,-0.00741216597755763
0.984,-0.00165439289812055,-0.010536094197824,0.00667905306036042,-0.00944385349631152,-0.0114967232269083,-0.011067230824481,-0.00498699452769549,-0.00821393509312109,-0.00887604187248749,-0.00728016025677224
0.986,-0.00151037127746166,-0.0104035572865918,0.00664657433040398,-0.00927420177502321,-0.0113682309612192,-0.0109173527786317,-0.00493681827239252,-0.00809707263394062,-0.00875239675709268,-0.00714815453598686
0.988,-0.00136634965680277,-0.0102755448148348,0.00661409560044753,-0.0091045500537349,-0.0112397386955302,-0.0107674747327824,-0.00488664201708955,-0.00798021017476016,-0.00862875164169786,-0.00701614881520148
0.99,-0.00122232803614389,-0.0101744373136609,0.00658161687049108,-0.00893489833244659,-0.0111112464298411,-0.0106175966869331,-0.00483646576178658,-0.00786334771557969,-0.00850510652630305,-0.0068841430944161
0.992,-0.001078306415485,-0.0100733298124871,0.00654913814053463,-0.00876524661115828,-0.0109827541641521,-0.0104908232420431,-0.00478628950648361,-0.00774648525639922,-0.00838146141090823,-0.00678115994892175
0.994,-0.000934284794826109,-0.00997222231131332,0.00651665941057819,-0.00859559488986997,-0.010854261898463,-0.0103782999777175,-0.00473611325118064,-0.00762962279721875,-0.00825906955724053,-0.00669198607116815
0.996,-0.000790263174167221,-0.00987111481013951,0.00648418068062174,-0.00844516285954631,-0.010725769632774,-0.0102657767133919,-0.00468593699587767,-0.00751276033803829,-0.008168606194353,-0.00660281219341455
0.998,-0.000685231471366206,-0.00977000730896571,0.00645170195066529,-0.00832481284013647,-0.0105972773670849,-0.0101532534490663,-0.0046357607405747,-0.00739589787885782,-0.00807814283146547,-0.00651363831566095
1,-0.000615695200613119,-0.0096688998077919,0.00641922322070884,-0.00820446282072663,-0.0104687851013959,-0.0100407301847407,-0.00458558448527173,-0.00727903541967735,-0.00798767946857795,-0.00642446443790735
1.002,-0.000546158929860032,-0.00956779230661809,0.0063867444907524,-0.0080841128013168,-0.0103402928357068,-0.00992820692041507,-0.00453540822996876,-0.00716217296049689,-0.00789721610569042,-0.00633529056015375
1.004,-0.000476622659106944,-0.00946668480544428,0.00635426576079595,-0.00796376278190696,-0.0102118005700178,-0.00981568365608947,-0.00448523197466579,-0.00704531050131642,-0.00780675274280289,-0.00624611668240015
1.006,-0.000407086388353857,-0.00936557730427047,0.0063217870308395,-0.00784341276249712,-0.0100833083043287,-0.00970316039176387,-0.00443505571936282,-0.00692844804213595,-0.00771628937991536,-0.00615694280464655
1.008,-0.00033755011760077,-0.00926446980309666,0.00628930830088305,-0.00772306274308728,-0.00995481603863966,-0.00959063712743826,-0.00438487946405985,-0.00681158558295549,-0.00762582601702784,-0.00606776892689295
1.01,-0.000268013846847683,-0.00916336230192285,0.00625682957092661,-0.00760271272367744,-0.0098263237729506,-0.00947811386311266,-0.00433470320875688,-0.00669472312377502,-0.00753536265414031,-0.00597859504913936
1.012,-0.000198477576094595,-0.00906225480074904,0.00622435084097016,-0.0074823627042676,-0.00969783150726155,-0.00936559059878706,-0.00428452695345391,-0.00657786066459455,-0.00744489929125278,-0.00588942117138576
1.014,-0.000128941305341508,-0.00896114729957524,0.00619187211101371,-0.00736201268485776,-0.00956933924157249,-0.00925306733446146,-0.00423435069815094,-0.00646099820541409,-0.00735443592836525,-0.00580024729363216
1.016,-5.94050345884208e-05,-0.00886003979840143,0.00615939338105726,-0.00724166266544792,-0.00944084697588344,-0.00914054407013585,-0.00418417444284797,-0.00634413574623362,-0.00726397256547773,-0.00571107341587856
1.018,1.01312361646665e-05,-0.00875893229722762,0.00612691465110082,-0.00712131264603808,-0.00931235471019439,-0.00902802080581025,-0.004133998187545,-0.00622727328705315,-0.0071735092025902,-0.00562189953812496
1.02,7.96675069177538e-05,-0.00865782479605381,0.00609443592114437,-0.00700096262662824,-0.0091889786527605,-0.00891549754148465,-0.00408382193224203,-0.00611041082787269,-0.00708304583970267,-0.00553272566037136
1.022,0.000149203777670841,-0.00855671729488,0.00606195719118792,-0.0068806126072184,-0.00909215646416452,-0.00880297427715905,-0.00403364567693906,-0.00599354836869222,-0.00699258247681515,-0.00544355178261776
1.024,0.000218740048423928,-0.00845560979370619,0.00602947846123147,-0.00676026258780856,-0.00899533427556854,-0.00869045101283344,-0.00398346942163609,-0.00590663224910019,-0.00690211911392762,-0.00535437790486416
1.026,0.000288276319177016,-0.00835450229253238,0.00599699973127503,-0.00663991256839872,-0.00889851208697257,-0.00857792774850784,-0.00393329316633312,-0.00582355108889336,-0.00681165575104009,-0.00526520402711056
1.028,0.000357812589930103,-0.00825339479135857,0.00596452100131858,-0.00651956254898888,-0.00880168989837659,-0.00846540448418224,-0.00388311691103015,-0.00574046992868652,-0.00672119238815256,-0.00517603014935696
1.03,0.00042734886068319,-0.00815228729018477,0.00591367391469032,-0.00639921252957905,-0.00870486770978061,-0.00835288121985664,-0.00383563634966784,-0.00565738876847969,-0.00663072902526503,-0.00508685627160336
1.032,0.000496885131436277,-0.00805117978901096,0.00585324415297525,-0.00627886251016921,-0.00860804552118463,-0.00824035795553103,-0.00380203346827752,-0.00557430760827286,-0.00654026566237751,-0.00499768239384976
1.034,0.000566421402189365,-0.00795007228783715,0.00579281439126017,-0.00615851249075937,-0.00851122333258865,-0.00812783469120543,-0.00376843058688721,-0.00549122644806603,-0.00644980229948998,-0.00490850851609616
1.036,0.000635957672942452,-0.00784896478666334,0.0057323846295451,-0.00603816247134953,-0.00841440114399267,-0.00801531142687983,-0.0037348277054969,-0.00540814528785919,-0.00635933893660245,-0.00481933463834256
1.038,0.000705493943695539,-0.00775137072559924,0.00567195486783003,-0.00591781245193969,-0.00831757895539669,-0.00790278816255423,-0.00370122482410659,-0.00532506412765236,-0.00626887557371493,-0.00473016076058896
1.04,0.000775030214448626,-0.00767466963996739,0.00561152510611495,-0.00579746243252985,-0.00822075676680072,-0.00779026489822862,-0.00366762194271628,-0.00524198296744553,-0.0061784122108274,-0.00464098688283537
1.042,0.000844566485201714,-0.00759796855433554,0.00555109534439988,-0.00567711241312001,-0.00812393457820474,-0.00769558253774548,-0.00363401906132596,-0.00515890180723869,-0.00608794884793987,-0.00457173202547969
1.044,0.000914102755954801,-0.00752126746870369,0.0054906655826848,-0.00555676239371017,-0.00802711238960876,-0.00761190387741869,-0.00360041617993565,-0.00507582064703186,-0.00599841435811802,-0.00451195486205882
1.046,0.000983639026707888,-0.00744456638307183,0.00543023582096973,-0.00545091181405883,-0.00793029020101278,-0.0075282252170919,-0.00356681329854534,-0.00499273948682503,-0.00593254413129243,-0.00445217769863795
1.048,0.00102968101864791,-0.00736786529743998,0.00536980605925466,-0.00536775526761861,-0.0078334680124168,-0.00744454655676512,-0.00353321041715503,-0.0049096583266182,-0.00586667390446684,-0.00439240053521709
1.05,0.00105433441520375,-0.00729116421180813,0.00530937629753958,-0.00528459872117838,-0.00773664582382082,-0.00736086789643833,-0.00349960753576471,-0.00482657716641136,-0.00580080367764125,-0.00433262337179622
1.052,0.00107898781175959,-0.00721446312617628,0.00524894653582451,-0.00520144217473816,-0.00763982363522485,-0.00727718923611154,-0.0034660046543744,-0.00474349600620453,-0.00573493345081565,-0.00427284620837535
1.054,0.00110364120831544,-0.00713776204054442,0.00518851677410943,-0.00511828562829794,-0.00754300144662887,-0.00719351057578476,-0.00343240177298409,-0.0046604148459977,-0.00566906322399006,-0.00421306904495449
1.056,0.00112829460487128,-0.00706106095491257,0.00512808701239436,-0.00503512908185772,-0.00744617925803289,-0.00710983191545797,-0.00339879889159378,-0.00457733368579086,-0.00560319299716447,-0.00415329188153362
1.058,0.00115294800142712,-0.00698435986928072,0.00506765725067929,-0.0049519725354175,-0.00734935706943691,-0.00702615325513118,-0.00336519601020347,-0.00449425252558403,-0.00553732277033888,-0.00409351471811275
1.06,0.00117760139798297,-0.00690765878364887,0.00500722748896421,-0.00486881598897728,-0.00725253488084093,-0.0069424745948044,-0.00333159312881315,-0.0044111713653772,-0.00547145254351328,-0.00403373755469189
1.062,0.00120225479453881,-0.00683095769801702,0.00494679772724914,-0.00478565944253705,-0.00715571269224496,-0.00685879593447761,-0.00329799024742284,-0.00432809020517036,-0.00540558231668769,-0.00397396039127102
1.064,0.00122690819109465,-0.00675425661238516,0.00488636796553406,-0.00470250289609683,-0.00705889050364898,-0.00677511727415082,-0.00326438736603253,-0.00424500904496353,-0.0053397120898621,-0.00391418322785015
1.066,0.0012515615876505,-0.00667755552675331,0.00482593820381899,-0.00461934634965661,-0.006962068315053,-0.00669143861382404,-0.00323078448464222,-0.0041619278847567,-0.0052738418630365,-0.00385440606442929
1.068,0.00127621498420634,-0.00660085444112146,0.00476550844210392,-0.00453618980321639,-0.00686524612645702,-0.00660775995349725,-0.00319718160325191,-0.00407884672454987,-0.00520797163621091,-0.00379462890100842
1.07,0.00130086838076219,-0.00652415335548961,0.00470507868038884,-0.00445303325677617,-0.00677238317400545,-0.00652408129317046,-0.00316357872186159,-0.00399576556434303,-0.00514210140938532,-0.00373485173758755
1.072,0.00132552177731803,-0.00644745226985776,0.00464464891867377,-0.00436987671033595,-0.00670006923598673,-0.00644040263284368,-0.00312997584047128,-0.0039126844041362,-0.00507623118255973,-0.00367507457416669
1.074,0.00135017517387387,-0.0063707511842259,0.00458421915695869,-0.00428672016389572,-0.00662775529796801,-0.00635672397251689,-0.00309637295908097,-0.00385210611299008,-0.00501036095573413,-0.00361529741074582
1.076,0.00137482857042972,-0.00629405009859405,0.00452378939524362,-0.0042035636174555,-0.00655544135994929,-0.00627304531219011,-0.00306277007769066,-0.00379440956265383,-0.00494449072890854,-0.00355552024732496
1.078,0.00139948196698556,-0.0062173490129622,0.00446335963352855,-0.00412040707101528,-0.00648312742193058,-0.00618936665186332,-0.00302916719630034,-0.00373671301231758,-0.00487862050208295,-0.00349574308390409
1.08,0.0014241353635414,-0.00614064792733035,0.00440170394721335,-0.00403725052457506,-0.00641081348391186,-0.00610568799153653,-0.00299703829438653,-0.00367901646198134,-0.00481275027525736,-0.00343596592048322
1.082,0.00144878876009725,-0.00606394684169849,0.00433940870248073,-0.00395409397813484,-0.00633849954589314,-0.00602200933120975,-0.00297249757418412,-0.00362131991164509,-0.00474688004843176,-0.00337618875706236
1.084,0.00147344215665309,-0.00598724575606664,0.0042771134577481,-0.00387093743169461,-0.00626618560787442,-0.00593833067088296,-0.00294795685398171,-0.00356362336130884,-0.00468100982160617,-0.00331641159364149
1.086,0.00149809555320894,-0.00591054467043479,0.00421481821301548,-0.00378778088525439,-0.0061938716698557,-0.00585465201055617,-0.00292341613377931,-0.00350592681097259,-0.00461513959478058,-0.00325663443022062
1.088,0.00152274894976478,-0.00583654117098563,0.00415252296828285,-0.00370462433881417,-0.00612155773183699,-0.00577097335022939,-0.0028988754135769,-0.00344823026063634,-0.00454926936795498,-0.00319685726679976
1.09,0.00154740234632062,-0.00577857910104188,0.00409022772355023,-0.00362146779237395,-0.00604924379381827,-0.0056872946899026,-0.00287433469337449,-0.0033905337103001,-0.00448339914112939,-0.00313708010337889
1.092,0.00157205574287647,-0.00572061703109814,0.0040279324788176,-0.00353831124593373,-0.00597692985579955,-0.00561717634674433,-0.00284979397317209,-0.00333283715996385,-0.0044175289143038,-0.00309073403073659
1.094,0.00159670913943231,-0.00566265496115439,0.00396563723408498,-0.00345515469949351,-0.00590461591778083,-0.00555542157448276,-0.00282525325296968,-0.0032751406096276,-0.00435234023576629,-0.00305077862214639
1.096,0.00162136253598815,-0.00560469289121064,0.00390334198935235,-0.00338262933555864,-0.00583230197976211,-0.00549366680222119,-0.00280071253276727,-0.00321744405929135,-0.00430451489623572,-0.00301082321355619
1.098,0.00163329484590161,-0.00554673082126689,0.00384104674461973,-0.00332674353928078,-0.0057599880417434,-0.00543191202995962,-0.00277617181256487,-0.0031597475089551,-0.00425668955670515,-0.00297086780496599
1.1,0.00163364620126839,-0.00548876875132314,0.0037787514998871,-0.00327085774300292,-0.00568767410372468,-0.00537015725769805,-0.00275163109236246,-0.00310205095861886,-0.00420886421717459,-0.00293091239637579
1.102,0.00163399755663517,-0.00543080668137939,0.00371645625515448,-0.00321497194672506,-0.00561536016570596,-0.00530840248543648,-0.00272709037216005,-0.00304435440828261,-0.00416103887764402,-0.00289095698778559
1.104,0.00163434891200195,-0.00537284461143565,0.00365416101042185,-0.00315908615044719,-0.00554304622768724,-0.00524664771317491,-0.00270254965195765,-0.00298665785794636,-0.00411321353811345,-0.00285100157919538
1.106,0.00163470026736872,-0.0053148825414919,0.00359186576568922,-0.00310320035416933,-0.00547073228966852,-0.00518489294091334,-0.00267800893175524,-0.00292896130761011,-0.00406538819858288,-0.00281104617060518
1.108,0.0016350516227355,-0.00525692047154815,0.0035295705209566,-0.00304731455789147,-0.00539841835164981,-0.00512313816865177,-0.00265346821155283,-0.00287126475727386,-0.00401756285905232,-0.00277109076201498
1.11,0.00163540297810228,-0.0051989584016044,0.00346727527622397,-0.00299142876161361,-0.00532610441363109,-0.0050613833963902,-0.00262892749135043,-0.00281356820693762,-0.00396973751952175,-0.00273113535342478
1.112,0.00163575433346906,-0.00514099633166065,0.00340498003149135,-0.00293554296533574,-0.00525379047561237,-0.00499962862412863,-0.00260438677114802,-0.00275587165660137,-0.00392191217999118,-0.00269117994483458
1.114,0.00163610568883584,-0.0050830342617169,0.00334268478675872,-0.00287965716905788,-0.00518147653759365,-0.00493787385186706,-0.00257984605094561,-0.00269817510626512,-0.00387408684046061,-0.00265122453624438
1.116,0.00163645704420262,-0.00502507219177315,0.0032803895420261,-0.00282377137278002,-0.00510916259957493,-0.00487611907960549,-0.00255530533074321,-0.00264047855592887,-0.00382626150093005,-0.00261126912765417
1.118,0.0016368083995694,-0.0049671101218294,0.00321809429729347,-0.00276788557650216,-0.00503684866155622,-0.00481436430734392,-0.0025307646105408,-0.00258278200559262,-0.00377843616139948,-0.00257131371906397
1.12,0.00163715975493618,-0.00490914805188566,0.00315579905256085,-0.00271199978022429,-0.00496755422963116,-0.00475260953508235,-0.00250622389033839,-0.00252508545525638,-0.00373061082186891,-0.00253135831047377
1.122,0.00163751111030296,-0.00485118598194191,0.00309350380782822,-0.00265611398394643,-0.00491393147578632,-0.00469085476282079,-0.00248168317013599,-0.00246738890492013,-0.00368278548233834,-0.00249140290188357
1.124,0.00163786246566974,-0.00479322391199816,0.0030312085630956,-0.00260022818766857,-0.00486030872194148,-0.00462909999055921,-0.00245714244993358,-0.00242618989247908,-0.00363496014280778,-0.00245144749329337
1.126,0.00163821382103652,-0.00473526184205442,0.00296891331836298,-0.00254434239139071,-0.00480668596809664,-0.00456734521829765,-0.00243260172973118,-0.00238710357189464,-0.00358713480327721,-0.00241149208470317
1.128,0.00163856517640329,-0.00467729977211067,0.00290661807363035,-0.00248845659511285,-0.0047530632142518,-0.00450559044603608,-0.00240806100952877,-0.0023480172513102,-0.00353930946374665,-0.00237153667611297
1.13,0.00163891653177007,-0.00461933770216692,0.00285143567329072,-0.00243257079883499,-0.00469944046040696,-0.00444383567377451,-0.00238436948993754,-0.00230893093072576,-0.00349148412421608,-0.00233158126752277
1.132,0.00163926788713685,-0.00456137563222317,0.00279996400646847,-0.00237668500255712,-0.00464581770656212,-0.00438208090151294,-0.00236504973308101,-0.00226984461014132,-0.00344365878468551,-0.00229162585893257
1.134,0.00163961924250363,-0.00450341356227942,0.00274849233964621,-0.00232079920627926,-0.00459219495271728,-0.00432032612925137,-0.00234572997622448,-0.00223075828955687,-0.00339583344515494,-0.00225167045034237
1.136,0.00163997059787041,-0.00444545149233567,0.00269702067282396,-0.0022649134100014,-0.00453857219887244,-0.0042585713569898,-0.00232641021936795,-0.00219167196897243,-0.00334800810562438,-0.00221171504175217
1.138,0.00164032195323719,-0.00438954396501195,0.0026455490060017,-0.00220902761372354,-0.0044849494450276,-0.00419681658472823,-0.00230709046251142,-0.00215258564838799,-0.00330018276609381,-0.00217175963316196
1.14,0.00164067330860397,-0.00434585395304193,0.00259407733917945,-0.00215314181744567,-0.00443132669118276,-0.00413506181246666,-0.0022877707056549,-0.00211349932780355,-0.00325235742656324,-0.00213180422457176
1.142,0.00164102466397075,-0.00430216394107191,0.00254260567235719,-0.00209725602116781,-0.00437770393733792,-0.00408348719290141,-0.00226845094879837,-0.00207441300721911,-0.00320453208703267,-0.00210079867927707
1.144,0.00164137601933753,-0.00425847392910189,0.00249113400553493,-0.00204137022488995,-0.00432408118349308,-0.00403819136665321,-0.00224913119194184,-0.00203532668663467,-0.00315720346039305,-0.00207405157959761
1.146,0.00164172737470431,-0.00421478391713187,0.00243966233871268,-0.00199307822323485,-0.00427045842964824,-0.00399289554040502,-0.00222981143508531,-0.00199624036605023,-0.00312252924792399,-0.00204730447991815
1.148,0.00163628400386729,-0.00417109390516186,0.00238819067189042,-0.00195667177234848,-0.0042168356758034,-0.00394759971415682,-0.00221049167822878,-0.00195715404546579,-0.00308785503545493,-0.00202055738023869
1.15,0.00162556526130589,-0.00412740389319184,0.00233671900506817,-0.00192026532146211,-0.00416321292195856,-0.00390230388790863,-0.00219117192137225,-0.00191806772488134,-0.00305318082298586,-0.00199381028055923
1.152,0.00161484651874449,-0.00408371388122182,0.00228524733824591,-0.00188385887057573,-0.00410959016811372,-0.00385700806166043,-0.00217185216451572,-0.0018789814042969,-0.0030185066105168,-0.00196706318087977
1.154,0.0016041277761831,-0.0040400238692518,0.00223377567142366,-0.00184745241968936,-0.00405596741426888,-0.00381171223541224,-0.00215253240765919,-0.00183989508371246,-0.00298383239804774,-0.00194031608120031
1.156,0.0015934090336217,-0.00399633385728178,0.0021823040046014,-0.00181104596880298,-0.00400234466042403,-0.00376641640916404,-0.00213321265080266,-0.00180080876312802,-0.00294915818557867,-0.00191356898152085
1.158,0.0015826902910603,-0.00395264384531176,0.00213083233777915,-0.00177463951791661,-0.00394872190657919,-0.00372112058291585,-0.00211389289394613,-0.00176172244254358,-0.00291448397310961,-0.00188682188184139
1.16,0.00157197154849891,-0.00390895383334174,0.00207936067095689,-0.00173823306703023,-0.00389509915273435,-0.00367582475666765,-0.0020945731370896,-0.00172263612195914,-0.00287980976064055,-0.00186007478216193
1.162,0.00156125280593751,-0.00386526382137172,0.00202788900413464,-0.00170182661614386,-0.00384147639888951,-0.00363052893041946,-0.00207525338023308,-0.0016835498013747,-0.00284513554817148,-0.00183332768248247
1.164,0.00155053406337611,-0.0038215738094017,0.00197641733731238,-0.00166542016525748,-0.00378785364504467,-0.00358523310417126,-0.00205593362337655,-0.00164446348079025,-0.00281046133570242,-0.00180658058280301
1.166,0.00153981532081472,-0.00377788379743169,0.00192494567049012,-0.00162901371437111,-0.00373423089119983,-0.00353993727792307,-0.00203661386652002,-0.00160537716020581,-0.00277578712323336,-0.00177983348312355
1.168,0.00152909657825332,-0.00373419378546167,0.00187347400366787,-0.00159260726348473,-0.00368060813735499,-0.00349464145167487,-0.00201729410966349,-0.00156629083962137,-0.00274111291076429,-0.00175308638344409
1.17,0.00151837783569192,-0.00369050377349165,0.00182200233684561,-0.00155620081259836,-0.00362926171222618,-0.00344934562542668,-0.00199797435280696,-0.00152720451903693,-0.00270643869829523,-0.00172633928376463
1.172,0.00150765909313052,-0.00364681376152163,0.00177053067002336,-0.00151979436171199,-0.00358972976593462,-0.00340404979917848,-0.00197865459595043,-0.00148811819845249,-0.00267176448582616,-0.00169959218408517
1.174,0.00149694035056913,-0.00360312374955161,0.0017190590032011,-0.00148338791082561,-0.00355019781964305,-0.00335875397293029,-0.0019593348390939,-0.00146084764863115,-0.0026370902733571,-0.00167284508440571
1.176,0.00148622160800773,-0.00355943373758159,0.00166758733637885,-0.00144698145993924,-0.00351066587335148,-0.00331345814668209,-0.00194001508223737,-0.00143509023869951,-0.00260241606088804,-0.00164609798472625
1.178,0.00147550286544633,-0.00351574372561157,0.00161611566955659,-0.00141057500905286,-0.00347113392705991,-0.0032681623204339,-0.00192069532538084,-0.00140933282876786,-0.00256774184841897,-0.00161935088504679
1.18,0.00146478412288494,-0.00347205371364155,0.00157437681424059,-0.00137416855816649,-0.00343160198076834,-0.0032228664941857,-0.0019019361433929,-0.00138357541883621,-0.00253306763594991,-0.00159260378536733
1.182,0.00145406538032354,-0.00342836370167153,0.00153771551550801,-0.00133776210728011,-0.00339207003447677,-0.0031775706679375,-0.00188606285231016,-0.00135781800890456,-0.00249839342348085,-0.00156585668568787
1.184,0.00144334663776214,-0.00338467368970151,0.00150105421677544,-0.00130135565639374,-0.0033525380881852,-0.00313227484168931,-0.00187018956122742,-0.00133206059897291,-0.00246371921101179,-0.0015391095860084
1.186,0.00143262789520075,-0.0033409836777315,0.00146439291804286,-0.00126494920550736,-0.00331300614189363,-0.00308697901544111,-0.00185431627014468,-0.00130630318904126,-0.00242904499854272,-0.00151236248632894
1.188,0.00142190915263935,-0.00329885050214436,0.00142773161931029,-0.00122854275462099,-0.00327347419560206,-0.00304168318919292,-0.00183844297906194,-0.00128054577910961,-0.00239437078607366,-0.00148561538664948
1.19,0.00141119041007795,-0.0032659751887333,0.00139107032057771,-0.00119213630373461,-0.00323394224931049,-0.00299638736294472,-0.0018225696879792,-0.00125478836917796,-0.00235969657360459,-0.00145886828697002
1.192,0.00140047166751656,-0.00323309987532225,0.00135440902184514,-0.00115572985284824,-0.00319441030301892,-0.00295866071941692,-0.00180669639689646,-0.00122903095924631,-0.00232502236113553,-0.00143805204265529
1.194,0.00138975292495516,-0.00320022456191119,0.00131774772311256,-0.00111932340196187,-0.00315487835672735,-0.00292560250624552,-0.00179082310581372,-0.00120327354931466,-0.00229070869222002,-0.00142005776602749
1.196,0.00137903418239376,-0.00316734924850013,0.00128108642437998,-0.00108820035202753,-0.00311534641043578,-0.00289254429307412,-0.00177494981473098,-0.00117751613938301,-0.00226558034451584,-0.0014020634893997
1.198,0.00136659976028799,-0.00313447393508907,0.00124442512564741,-0.00106534670275077,-0.00307581446414421,-0.00285948607990273,-0.00175907652364824,-0.00115175872945136,-0.00224045199681166,-0.00138406921277191
1.2,0.0013526034270516,-0.00310159862167802,0.00120776382691483,-0.001042493053474,-0.00303628251785264,-0.00282642786673133,-0.0017432032325655,-0.00112600131951971,-0.00221532364910748,-0.00136607493614412
1.202,0.00133860709381522,-0.00306872330826696,0.00117110252818226,-0.00101963940419724,-0.00299675057156107,-0.00279336965355993,-0.00172732994148276,-0.00110024390958806,-0.00219019530140331,-0.00134808065951632
1.204,0.00132461076057884,-0.0030358479948559,0.00113444122944968,-0.000996785754920475,-0.0029572186252695,-0.00276031144038854,-0.00171145665040002,-0.00107448649965641,-0.00216506695369913,-0.00133008638288853
1.206,0.00131061442734246,-0.00300297268144485,0.00109777993071711,-0.000973932105643711,-0.00291768667897793,-0.00272725322721714,-0.00169558335931728,-0.00104872908972476,-0.00213993860599495,-0.00131209210626074
1.208,0.00129661809410608,-0.00297009736803379,0.00106111863198453,-0.000951078456366947,-0.00287815473268636,-0.00269419501404574,-0.00167971006823454,-0.00102297167979312,-0.00211481025829077,-0.00129409782963294
1.21,0.0012826217608697,-0.00293722205462273,0.00102445733325196,-0.000928224807090183,-0.00283862278639479,-0.00266113680087435,-0.0016638367771518,-0.000997214269861466,-0.00208968191058659,-0.00127610355300515
1.212,0.00126862542763332,-0.00290434674121168,0.00098779603451938,-0.000905371157813419,-0.00279909084010323,-0.00262807858770295,-0.00164796348606906,-0.000971456859929816,-0.00206455356288241,-0.00125810927637736
1.214,0.00125462909439694,-0.00287147142780062,0.000951134735786805,-0.000882517508536655,-0.00275955889381166,-0.00259502037453155,-0.00163209019498632,-0.000945699449998167,-0.00203942521517824,-0.00124011499974956
1.216,0.00124063276116056,-0.00283859611438956,0.000914473437054229,-0.000859663859259892,-0.00272002694752009,-0.00256196216136016,-0.00161621690390358,-0.000919942040066518,-0.00201429686747406,-0.00122212072312177
1.218,0.00122663642792418,-0.0028057208009785,0.000877812138321653,-0.000836810209983128,-0.00268049500122852,-0.00252890394818876,-0.00160034361282085,-0.000894184630134868,-0.00198916851976988,-0.00120412644649398
1.22,0.0012126400946878,-0.00277284548756745,0.000841150839589078,-0.000813956560706364,-0.00264266404252157,-0.00249584573501736,-0.00158447032173811,-0.000868427220203219,-0.0019640401720657,-0.00118613216986619
1.222,0.00119864376145142,-0.00273997017415639,0.000804489540856502,-0.000791102911429599,-0.00261366145806455,-0.00246278752184597,-0.00156859703065537,-0.00084266981027157,-0.00193891182436152,-0.00116813789323839
1.224,0.00118464742821504,-0.00270709486074533,0.000767828242123927,-0.000768249262152836,-0.00258465887360753,-0.00242972930867457,-0.00155272373957263,-0.000825179410585187,-0.00191378347665734,-0.0011501436166106
1.226,0.00117065109497866,-0.00267421954733428,0.000731166943391351,-0.000745395612876072,-0.00255565628915051,-0.00239667109550317,-0.00153685044848989,-0.000808747692826658,-0.00188865512895317,-0.00113214933998281
1.228,0.00115665476174228,-0.00264134423392322,0.000694505644658776,-0.000722541963599307,-0.00252665370469349,-0.00236361288233178,-0.00152097715740715,-0.000792315975068128,-0.00186352678124899,-0.00111415506335501
1.23,0.0011426584285059,-0.00260846892051216,0.000667001125075695,-0.000699688314322544,-0.00249765112023647,-0.00233055466916038,-0.00150554121106945,-0.000775884257309598,-0.00183839843354481,-0.00109616078672722
1.232,0.00112866209526952,-0.00257559360710111,0.000644273649024551,-0.00067683466504578,-0.00246864853577945,-0.00229749645598898,-0.00149235675564382,-0.000759452539551069,-0.00181327008584063,-0.00107816651009943
1.234,0.00111466576203314,-0.00254271829369005,0.000621546172973408,-0.000653981015769016,-0.00243964595132243,-0.00226443824281759,-0.00147917230021818,-0.000743020821792539,-0.00178814173813645,-0.00106017223347164
1.236,0.00110066942879676,-0.00250984298027899,0.000598818696922264,-0.000631127366492252,-0.00241064336686541,-0.00223138002964619,-0.00146598784479255,-0.00072658910403401,-0.00176301339043228,-0.00104217795684384
1.238,0.00108667309556038,-0.00247814265295128,0.000576091220871121,-0.000608273717215488,-0.00238164078240839,-0.00219832181647479,-0.00145280338936692,-0.00071015738627548,-0.0017378850427281,-0.00102418368021605
1.24,0.001072676762324,-0.00245342948197345,0.000553363744819977,-0.000585420067938724,-0.00235263819795137,-0.0021652636033034,-0.00143961893394129,-0.000693725668516951,-0.00171275669502392,-0.00100618940358826
1.242,0.00105868042908762,-0.00242871631099563,0.000530636268768833,-0.00056256641866196,-0.00232363561349435,-0.00213778938626485,-0.00142643447851565,-0.000677293950758421,-0.00168762834731974,-0.00099211989617476
1.244,0.00104468409585124,-0.0024040031400178,0.00050790879271769,-0.000539712769385196,-0.00229463302903733,-0.00211375919984622,-0.00141325002309002,-0.000660862232999892,-0.00166276119175258,-0.000979917838095357
1.246,0.00103068776261486,-0.00237928996903998,0.000485181316666546,-0.000520436566713469,-0.00226563044458031,-0.00208972901342758,-0.00140006556766439,-0.000644430515241362,-0.00164454824939415,-0.000967715780015953
1.248,0.00101710938186223,-0.00235457679806215,0.000462453840615403,-0.000506759662595205,-0.00223662786012329,-0.00206569882700895,-0.00138688111223876,-0.000627998797482833,-0.00162633530703572,-0.00095551372193655
1.25,0.0010039114944474,-0.00232986362708433,0.000439726364564259,-0.00049308275847694,-0.00220762527566627,-0.00204166864059031,-0.00137369665681313,-0.000611567079724303,-0.00160812236467729,-0.000943311663857147
1.252,0.000990713607032573,-0.0023051504561065,0.000416998888513116,-0.000479405854358676,-0.00217862269120925,-0.00201763845417168,-0.00136051220138749,-0.000595135361965774,-0.00158990942231886,-0.000931109605777744
1.254,0.000977515719617745,-0.00228043728512867,0.000394271412461972,-0.000465728950240412,-0.00214962010675223,-0.00199360826775304,-0.00134732774596186,-0.000578703644207244,-0.00157169647996043,-0.000918907547698341
1.256,0.000964317832202917,-0.00225572411415085,0.000371543936410828,-0.000452052046122147,-0.00212061752229521,-0.00196957808133441,-0.00133414329053623,-0.000562271926448715,-0.001553483537602,-0.000906705489618938
1.258,0.000951119944788089,-0.00223101094317302,0.000348816460359685,-0.000438375142003883,-0.00209161493783819,-0.00194554789491577,-0.0013209588351106,-0.000545840208690185,-0.00153527059524357,-0.000894503431539535
1.26,0.000937922057373261,-0.0022062977721952,0.000326088984308541,-0.000424698237885619,-0.00206261235338117,-0.00192151770849714,-0.00130777437968496,-0.000529408490931656,-0.00151705765288514,-0.000882301373460131
1.262,0.000924724169958434,-0.00218158460121737,0.000303361508257398,-0.000411021333767354,-0.00203360976892415,-0.0018974875220785,-0.00129458992425933,-0.000512976773173126,-0.00149884471052671,-0.000870099315380728
1.264,0.000911526282543606,-0.00215687143023955,0.000280634032206254,-0.00039734442964909,-0.00200460718446713,-0.00187345733565987,-0.0012814054688337,-0.000496545055414597,-0.00148063176816828,-0.000857897257301325
1.266,0.000898328395128778,-0.00213215825926172,0.000257906556155111,-0.000383667525530826,-0.00197560460001011,-0.00184942714924123,-0.00126822101340807,-0.000480113337656067,-0.00146241882580985,-0.000845695199221922
1.268,0.00088513050771395,-0.0021074450882839,0.000235179080103967,-0.000369990621412561,-0.00194660201555309,-0.0018253969628226,-0.00125503655798243,-0.000463681619897538,-0.00144420588345141,-0.000833493141142519
1.27,0.000871932620299122,-0.00208273191730607,0.000212451604052824,-0.000356313717294297,-0.00191886121712811,-0.00180136677640396,-0.0012418521025568,-0.000447249902139008,-0.00142599294109298,-0.000821291083063116
1.272,0.000858734732884295,-0.00205801874632825,0.00018972412800168,-0.000342636813176033,-0.00189766927268351,-0.00177733658998533,-0.00122866764713117,-0.000430818184380479,-0.00140777999873455,-0.000809089024983713
1.274,0.000845536845469467,-0.00203330557535042,0.000166996651950536,-0.000328959909057768,-0.0018764773282389,-0.00175330640356669,-0.00121548319170554,-0.000420033562762722,-0.00138956705637612,-0.000796886966904309
1.276,0.000832338958054639,-0.0020085924043726,0.000144269175899393,-0.000315283004939504,-0.0018552853837943,-0.00172927621714806,-0.00120229873627991,-0.000409972114148472,-0.00137135411401769,-0.000784684908824906
1.278,0.000819141070639811,-0.00198387923339477,0.000121541699848249,-0.00030160610082124,-0.00183409343934969,-0.00170524603072942,-0.00118911428085427,-0.000399910665534222,-0.00135314117165926,-0.000772482850745503
1.28,0.000805943183224983,-0.00195916606241694,0.000105982247878872,-0.000287929196702975,-0.00181290149490508,-0.00168121584431079,-0.00117631050598317,-0.000389849216919971,-0.00133492822930083,-0.0007602807926661
1.282,0.000792745295810156,-0.00193445289143912,9.41623163803431e-05,-0.000274252292584711,-0.00179170955046048,-0.00165718565789215,-0.00116546650956751,-0.000379787768305721,-0.0013167152869424,-0.000748078734586697
1.284,0.000779547408395328,-0.00190973972046129,8.23423848818142e-05,-0.000260575388466447,-0.00177051760601587,-0.00163315547147352,-0.00115462251315184,-0.000369726319691471,-0.00129850234458397,-0.000735876676507294
1.286,0.0007663495209805,-0.00188502654948347,7.05224533832852e-05,-0.000246898484348182,-0.00174932566157127,-0.00160912528505488,-0.00114377851673617,-0.000359664871077221,-0.00128028940222554,-0.00072367461842789
1.288,0.000753151633565672,-0.00186119825033619,5.87025218847563e-05,-0.000233221580229918,-0.00172813371712666,-0.00158509509863625,-0.00113293452032051,-0.00034960342246297,-0.00126207645986711,-0.000711472560348487
1.29,0.000739953746150844,-0.00184263191804729,4.68825903862273e-05,-0.000219544676111654,-0.00170694177268206,-0.00156106491221761,-0.00112209052390484,-0.00033954197384872,-0.00124386351750868,-0.000699270502269084
1.292,0.000726755858736016,-0.00182406558575839,3.50626588876984e-05,-0.000205867771993389,-0.00168574982823745,-0.00154113018630674,-0.00111124652748918,-0.00032948052523447,-0.00122565057515025,-0.000689677959730174
1.294,0.000713557971321189,-0.00180549925346949,2.32427273891695e-05,-0.000192190867875125,-0.00166455788379285,-0.00152372140974394,-0.00110040253107351,-0.000319419076620219,-0.00120762667856404,-0.000681327054034685
1.296,0.000700360083906361,-0.0017869329211806,1.14227958906405e-05,-0.000180864442794414,-0.00164336593934824,-0.00150631263318113,-0.00108955853465785,-0.000309357628005969,-0.00119441897165703,-0.000672976148339197
1.298,0.000688485049750031,-0.0017683665888917,-3.9713560788842e-07,-0.000173216908086625,-0.00162217399490363,-0.00148890385661833,-0.00107871453824218,-0.000299296179391719,-0.00118121126475001,-0.000664625242643709
1.3,0.000677814307639597,-0.0017498002566028,-1.22170671064174e-05,-0.000165569373378836,-0.00160098205045903,-0.00147149508005552,-0.00106787054182651,-0.000289234730777468,-0.00116800355784299,-0.000656274336948221
1.302,0.000667143565529163,-0.00173123392431391,-2.40369986049463e-05,-0.000157921838671048,-0.00157979010601442,-0.00145408630349271,-0.00105702654541085,-0.000279173282163218,-0.00115479585093597,-0.000647923431252733
1.304,0.00065647282341873,-0.00171266759202501,-3.58569301034752e-05,-0.000150274303963259,-0.00155859816156982,-0.00143667752692991,-0.00104618254899518,-0.000269111833548968,-0.00114158814402895,-0.000639572525557245
1.306,0.000645802081308296,-0.00169410125973611,-4.76768616020042e-05,-0.00014262676925547,-0.00153740621712521,-0.0014192687503671,-0.00103533855257952,-0.000259050384934717,-0.00112838043712194,-0.000631221619861757
1.308,0.000635131339197863,-0.00167553492744721,-5.94967931005331e-05,-0.000134979234547681,-0.00151621427268061,-0.0014018599738043,-0.00102449455616385,-0.000248988936320467,-0.00111517273021492,-0.000622870714166268
1.31,0.000624460597087429,-0.00165696859515832,-7.1316724599062e-05,-0.000127331699839893,-0.001495022328236,-0.00138445119724149,-0.00101365055974819,-0.000238927487706217,-0.0011019650233079,-0.00061451980847078
1.312,0.000613789854976996,-0.00163840226286942,-8.3136656097591e-05,-0.000119684165132104,-0.0014738303837914,-0.00136704242067868,-0.00100280656333252,-0.000228866039091967,-0.00108875731640088,-0.000606168902775292
1.314,0.000603119112866562,-0.00161983593058052,-9.49565875961199e-05,-0.000112036630424315,-0.00145263843934679,-0.00134963364411588,-0.000991962566916853,-0.000218804590477716,-0.00107554960949386,-0.000597817997079804
1.316,0.000592448370756129,-0.00160126959829162,-0.000106776519094649,-0.000104389095716526,-0.00143144649490219,-0.00133222486755307,-0.000981118570501188,-0.000208743141863466,-0.00106234190258684,-0.000589467091384316
1.318,0.000581777628645695,-0.00158270326600273,-0.000118596450593178,-9.67415610087375e-05,-0.00141025455045758,-0.00131481609099027,-0.000970274574085522,-0.000198681693249216,-0.00104913419567983,-0.000581116185688828
1.32,0.000571106886535261,-0.00156413693371383,-0.000130416382091707,-8.90940263009487e-05,-0.00138999281472097,-0.00129740731442746,-0.000959430577669856,-0.000188620244634965,-0.00103592648877281,-0.00057276527999334
1.322,0.000560436144424828,-0.00154557060142493,-0.000142236313590236,-8.144649159316e-05,-0.00137455899817607,-0.00127999853786465,-0.00094858658125419,-0.000178558796020715,-0.00102271878186579,-0.000564414374297851
1.324,0.000549765402314394,-0.00152700426913604,-0.000154056245088765,-7.37989568853712e-05,-0.00135912518163118,-0.00126258976130185,-0.000937742584838524,-0.000172251733818778,-0.00100951107495877,-0.000556063468602363
1.326,0.000539094660203961,-0.00150843793684714,-0.000165876176587294,-6.61514221775824e-05,-0.00134369136508629,-0.00124518098473904,-0.000926898588422859,-0.000166425462244525,-0.000996303368051753,-0.000547712562906875
1.328,0.000528423918093527,-0.00148987160455824,-0.000177696108085822,-5.85038874697936e-05,-0.00132825754854139,-0.00122777220817624,-0.000916054592007193,-0.000160599190670273,-0.000983095661144735,-0.000539361657211387
1.33,0.000517753175983094,-0.00147130527226934,-0.000184633679020828,-5.08563527620049e-05,-0.0013128237319965,-0.00121036343161343,-0.000905552540266275,-0.00015477291909602,-0.000969887954237717,-0.000531010751515899
1.332,0.00050708243387266,-0.00145273893998045,-0.000189024148123434,-4.32088180542161e-05,-0.00129738991545161,-0.00119295465505062,-0.000896810851114267,-0.000148946647521767,-0.000956680247330698,-0.000522659845820411
1.334,0.000496411691762227,-0.00143417260769155,-0.00019341461722604,-3.55612833464273e-05,-0.00128195609890671,-0.00117554587848782,-0.000888069161962258,-0.000143120375947514,-0.00094347254042368,-0.000514308940124922
1.336,0.000485740949651793,-0.00141560627540265,-0.000197805086328645,-2.79137486386386e-05,-0.00126652228236182,-0.00115813710192501,-0.00087932747281025,-0.000137294104373261,-0.000930264833516662,-0.000505958034429434
1.338,0.000475070207541359,-0.0013977054639991,-0.000202195555431251,-2.02662139308498e-05,-0.00125108846581693,-0.00114072832536221,-0.000870585783658241,-0.000131467832799009,-0.000917057126609644,-0.000497607128733946
1.34,0.000464399465430926,-0.00138376223009026,-0.000206586024533856,-1.2618679223061e-05,-0.00123565464927203,-0.0011233195487994,-0.000861844094506233,-0.000125641561224756,-0.000903849419702625,-0.000489256223038458
1.342,0.000453728723320492,-0.00136981899618142,-0.000210976493636462,-4.97114451527225e-06,-0.00122022083272714,-0.00110889906543108,-0.000853102405354224,-0.000119815289650503,-0.000890641712795607,-0.000482653403009318
1.344,0.000443057981210059,-0.00135587576227258,-0.000215366962739068,2.67639019251651e-06,-0.00120478701618225,-0.00109632166594359,-0.000844360716202216,-0.00011398901807625,-0.000877570875808743,-0.000476882341800969
1.346,0.000432387239099625,-0.00134193252836374,-0.000219757431841673,8.83309138469558e-06,-0.00118935319963736,-0.0010837442664561,-0.000835619027050207,-0.000108162746501997,-0.000867986980048276,-0.00047111128059262
1.348,0.000423238934692499,-0.0013279892944549,-0.000224147900944279,1.26563903296817e-05,-0.00117391938309246,-0.00107116686696861,-0.000826877337898199,-0.000102336474927745,-0.00085840308428781,-0.000465340219384271
1.35,0.000415476618946389,-0.00131404606054606,-0.000228538370046884,1.64796892746678e-05,-0.00115848556654757,-0.00105858946748113,-0.000818135648746191,-9.65102033534918e-05,-0.000848819188527344,-0.000459569158175923
1.352,0.000407714303200279,-0.00130010282663722,-0.00023292883914949,2.03029882196539e-05,-0.00114305175000268,-0.00104601206799364,-0.000809393959594182,-9.0683931779239e-05,-0.000839235292766877,-0.000453798096967574
1.354,0.000399951987454169,-0.00128615959272838,-0.000237319308252095,2.41262871646401e-05,-0.00112761793345778,-0.00103343466850615,-0.000800652270442174,-8.48576602049862e-05,-0.000829651397006411,-0.000448027035759225
1.356,0.000392189671708059,-0.00127221635881954,-0.000241709777354701,2.79495861096262e-05,-0.00111218411691289,-0.00102085726901866,-0.000791910581290165,-7.90313886307334e-05,-0.000820067501245944,-0.000442255974550876
1.358,0.000384427355961948,-0.0012582731249107,-0.000246100246457307,3.17728850546123e-05,-0.001096750300368,-0.00100827986953117,-0.000783168892138157,-7.32051170564806e-05,-0.000810483605485478,-0.000436484913342527
1.36,0.000376665040215838,-0.00124432989100186,-0.000250490715559912,3.55961839995984e-05,-0.0010813164838231,-0.000995702470043681,-0.000774427202986148,-6.73788454822278e-05,-0.000800899709725011,-0.000430713852134178
1.362,0.000368902724469728,-0.00123038665709302,-0.000254881184662518,3.94194829445846e-05,-0.00106588266727821,-0.000983125070556192,-0.00076568551383414,-6.1552573907975e-05,-0.000791315813964545,-0.000424942790925829
1.364,0.000361140408723618,-0.00121644342318418,-0.000259271653765123,4.32427818895707e-05,-0.00105044885073332,-0.000970547671068703,-0.000756943824682131,-5.57263023337222e-05,-0.000781731918204078,-0.000419171729717481
1.366,0.000353378092977508,-0.00120250018927534,-0.000263662122867729,4.70660808345568e-05,-0.00103501503418842,-0.000957970271581214,-0.000748202135530123,-4.99000307594694e-05,-0.000772148022443612,-0.000413400668509132
1.368,0.000345615777231398,-0.0011885569553665,-0.000268052591970334,5.08893797795429e-05,-0.00101958121764353,-0.000945392872093725,-0.000739460446378114,-4.40737591852166e-05,-0.000762564126683145,-0.000407629607300783
1.37,0.000337853461485288,-0.00117461372145766,-0.00027244306107294,5.4712678724529e-05,-0.00100483012626689,-0.000932815472606236,-0.000730718757226106,-3.82474876109638e-05,-0.000752980230922679,-0.000401858546092434
1.372,0.000330091145739177,-0.00116067048754882,-0.000276833530175546,5.85359776695152e-05,-0.000993622478328447,-0.000920238073118747,-0.000721977068074097,-3.24212160367111e-05,-0.000743396335162212,-0.000396087484884085
1.374,0.000322328829993067,-0.00114672725363998,-0.000281223999278151,6.23592766145013e-05,-0.000982414830390002,-0.000907660673631258,-0.000713235378922089,-2.90166582584069e-05,-0.000733812439401746,-0.000390316423675736
1.376,0.000314566514246958,-0.00113278401973114,-0.000285614468380756,6.6182575559487e-05,-0.000971207182451559,-0.00089508327414377,-0.000704493689770081,-2.59222276668538e-05,-0.00072422854364128,-0.000384545362467388
1.378,0.000306804198500848,-0.0011188407858223,-0.000290004937483362,7.00058745044731e-05,-0.000959999534513115,-0.000882505874656281,-0.000695752000618073,-2.28277970753004e-05,-0.000714644647880814,-0.000378774301259039
1.38,0.000299041882754738,-0.00110489755191346,-0.000291514047623268,7.38291734494592e-05,-0.00094879188657467,-0.000869928475168792,-0.000687312460773955,-1.97333664837469e-05,-0.000705060752120347,-0.00037300324005069
1.382,0.000291279567008628,-0.00109095431800462,-0.000291519967943779,7.76524723944453e-05,-0.000937584238636226,-0.000857351075681303,-0.000680428413315465,-1.66389358921935e-05,-0.000695476856359881,-0.000367232178842341
1.384,0.000283517251262518,-0.00107701108409578,-0.000291525888264291,8.14757713394315e-05,-0.000926376590697781,-0.000844773676193814,-0.000673544365856975,-1.354450530064e-05,-0.000685892960599414,-0.000361461117633993
1.386,0.000275754935516407,-0.00106306785018694,-0.000291531808584803,8.52990702844176e-05,-0.000915168942759337,-0.000832196276706325,-0.000666660318398485,-1.04500747090866e-05,-0.000676309064838948,-0.000355690056425644
1.388,0.000267992619770297,-0.00104962468172619,-0.000291537728905314,8.91223692294037e-05,-0.000903961294820892,-0.000819618877218836,-0.000659776270939995,-7.35564411753314e-06,-0.000666725169078481,-0.000349918995217295
1.39,0.000260230304024187,-0.00103915519569497,-0.000291543649225826,9.29456681743898e-05,-0.000892753646882448,-0.000807041477731347,-0.000652892223481505,-4.2612135259797e-06,-0.000657141273318015,-0.000344147934008946
1.392,0.000252467988278077,-0.00102868570966375,-0.000291549569546338,9.6768967119376e-05,-0.000881545998944004,-0.000796635881869646,-0.000646008176023015,-1.16678293442624e-06,-0.000647557377557548,-0.00033956052727434
1.394,0.000244705672531967,-0.00101821622363252,-0.000291555489866849,0.000100592266064362,-0.000870338351005559,-0.000787569785178375,-0.000639124128564525,1.9276476571272e-06,-0.000638072595301882,-0.000335536316650918
1.396,0.000236943356785857,-0.0010077467376013,-0.000291561410187361,0.000103511113534664,-0.000859130703067115,-0.000778503688487104,-0.000632240081106035,5.02207824868065e-06,-0.000631112859934483,-0.000331512106027497
1.398,0.00023054756528214,-0.000997277251570076,-0.000291567330507872,0.000105014344115883,-0.00084792305512867,-0.000769437591795833,-0.000625356033647545,8.11650884023411e-06,-0.000624153124567084,-0.000327487895404075
1.4,0.000225395822780131,-0.000986807765538852,-0.000291573250828384,0.000106517574697103,-0.000836715407190226,-0.000760371495104562,-0.000618471986189055,1.12109394317876e-05,-0.000617193389199684,-0.000323463684780654
1.402,0.000220244080278123,-0.000976338279507628,-0.000291579171148896,0.000108020805278322,-0.000825507759251781,-0.000751305398413291,-0.000611587938730565,1.4305370023341e-05,-0.000610233653832285,-0.000319439474157232
1.404,0.000215092337776114,-0.000965868793476405,-0.000291585091469407,0.000109524035859542,-0.000814300111313337,-0.00074223930172202,-0.000604703891272075,1.73998006148945e-05,-0.000603273918464886,-0.000315415263533811
1.406,0.000209940595274105,-0.000955399307445181,-0.000291591011789919,0.000111027266440761,-0.000803092463374892,-0.000733173205030748,-0.000597819843813585,2.04942312064479e-05,-0.000596314183097486,-0.000311391052910389
1.408,0.000204788852772096,-0.000944929821413958,-0.000291596932110431,0.000112530497021981,-0.000791884815436448,-0.000724107108339477,-0.000590935796355095,2.35886617980014e-05,-0.000589354447730087,-0.000307366842286968
1.41,0.000199637110270087,-0.000934460335382734,-0.000291602852430942,0.000114033727603201,-0.000780677167498003,-0.000715041011648206,-0.000584051748896604,2.66830923895548e-05,-0.000582394712362687,-0.000303342631663546
1.412,0.000194485367768078,-0.000923990849351511,-0.000291608772751454,0.00011553695818442,-0.000769469519559559,-0.000705974914956935,-0.000577167701438114,2.97775229811083e-05,-0.000575434976995288,-0.000299318421040125
1.414,0.00018933362526607,-0.000913521363320287,-0.000291614693071966,0.00011704018876564,-0.000758261871621115,-0.000696908818265664,-0.000570283653979624,3.28719535726617e-05,-0.000568475241627889,-0.000295294210416703
1.416,0.000184181882764061,-0.000903051877289064,-0.000291620613392477,0.000118543419346859,-0.00074705422368267,-0.000687842721574393,-0.000563399606521134,3.59663841642151e-05,-0.000561515506260489,-0.000291269999793282
1.418,0.000179030140262052,-0.00089258239125784,-0.000291626533712989,0.000120046649928079,-0.000735846575744226,-0.000678776624883121,-0.000556515559062644,3.90608147557686e-05,-0.00055455577089309,-0.00028724578916986
1.42,0.000173878397760043,-0.000882112905226616,-0.0002916324540335,0.000121549880509298,-0.000725137650296089,-0.00066971052819185,-0.000549631511604154,4.2155245347322e-05,-0.00054759603552569,-0.000283221578546439
1.422,0.000168726655258034,-0.000871643419195393,-0.000291638374354012,0.000123053111090518,-0.000717017167486269,-0.000660644431500579,-0.000542747464145664,4.52496759388755e-05,-0.000540636300158291,-0.000279197367923017
1.424,0.000163574912756026,-0.000861173933164169,-0.000291644294674524,0.000124556341671737,-0.000708896684676449,-0.000651578334809308,-0.000535863416687174,4.68398649493348e-05,-0.000533676564790892,-0.000275173157299596
1.426,0.000158423170254017,-0.000850704447132946,-0.000291650214995035,0.000126059572252957,-0.000700776201866628,-0.000642512238118037,-0.000528979369228684,4.82374192188437e-05,-0.000526716829423492,-0.000271148946676174
1.428,0.000153271427752008,-0.000840234961101722,-0.000291656135315547,0.000127562802834177,-0.000692655719056808,-0.000633446141426766,-0.000522095321770194,4.96349734883526e-05,-0.000519757094056093,-0.000267124736052753
1.43,0.000148119685249999,-0.000829765475070499,-0.000290274172499975,0.000129066033415396,-0.000684535236246988,-0.000624380044735495,-0.000515468676502911,5.10325277578616e-05,-0.000512797358688693,-0.000263100525429331
1.432,0.00014296794274799,-0.000819295989039275,-0.000288168158350405,0.000130569263996616,-0.000676414753437167,-0.000615313948044223,-0.00051016716135511,5.24300820273705e-05,-0.000505837623321294,-0.00025907631480591
1.434,0.000137816200245981,-0.000808826503008051,-0.000286062144200835,0.000132072494577835,-0.000668294270627347,-0.000606247851352952,-0.000504865646207309,5.38276362968794e-05,-0.000498877887953895,-0.000255052104182488
1.436,0.000132664457743973,-0.000798357016976828,-0.000283956130051266,0.000133575725159055,-0.000660173787817527,-0.000597181754661681,-0.000499564131059507,5.52251905663883e-05,-0.000491918152586495,-0.000251027893559067
1.438,0.000127512715241964,-0.000788263000370841,-0.000281850115901696,0.000135078955740274,-0.000652053305007706,-0.00058811565797041,-0.000494262615911706,5.66227448358972e-05,-0.000484958417219096,-0.000247003682935645
1.44,0.000122360972739955,-0.000780401745170225,-0.000279744101752126,0.000136582186321494,-0.000643932822197886,-0.000579049561279139,-0.000488961100763905,5.80202991054061e-05,-0.000477998681851696,-0.000242979472312224
1.442,0.000117209230237946,-0.00077254048996961,-0.000277638087602556,0.000138085416902713,-0.000635812339388066,-0.000571556279889497,-0.000483659585616103,5.9417853374915e-05,-0.000471038946484297,-0.000239766706223598
1.444,0.000112057487735937,-0.000764679234768994,-0.000275532073452986,0.000139588647483933,-0.000627691856578245,-0.000565033060786682,-0.000478358070468302,6.08154076444239e-05,-0.000464151054250234,-0.000236940034570956
1.446,0.000106905745233929,-0.000756817979568378,-0.000273426059303416,0.000140575826317739,-0.000619571373768425,-0.000558509841683868,-0.000473056555320501,6.22129619139328e-05,-0.00045909346032556,-0.000234113362918314
1.448,0.000102826997117106,-0.000748956724367762,-0.000271320045153846,0.000140755298392557,-0.000611450890958605,-0.000551986622581053,-0.000467755040172699,6.36105161834418e-05,-0.000454035866400886,-0.000231286691265673
1.45,9.97250758668098e-05,-0.000741095469167146,-0.000269214031004277,0.000140934770467375,-0.000603330408148785,-0.000545463403478238,-0.000462453525024898,6.50080704529507e-05,-0.000448978272476211,-0.000228460019613031
1.452,9.66231546165135e-05,-0.00073323421396653,-0.000267108016854707,0.000141114242542193,-0.000595209925338964,-0.000538940184375424,-0.000457152009877097,6.64056247224596e-05,-0.000443920678551537,-0.000225633347960389
1.454,9.35212333662172e-05,-0.000725372958765914,-0.000265002002705137,0.000141293714617011,-0.000587089442529144,-0.000532416965272609,-0.000451850494729295,6.78031789919685e-05,-0.000438863084626863,-0.000222806676307747
1.456,9.04193121159208e-05,-0.000717511703565299,-0.000262895988555567,0.000141473186691829,-0.000578968959719324,-0.000525893746169794,-0.000446548979581494,6.92007332614774e-05,-0.000433805490702189,-0.000219980004655105
1.458,8.73173908656245e-05,-0.000709650448364683,-0.000260789974405997,0.000141652658766647,-0.000570848476909503,-0.00051937052706698,-0.000441247464433693,7.05982875309863e-05,-0.000428747896777515,-0.000217153333002463
1.46,8.42154696153281e-05,-0.000701789193164067,-0.000258683960256427,0.000141832130841465,-0.000562727994099683,-0.000512847307964165,-0.000435945949285891,7.19958418004952e-05,-0.000423690302852841,-0.000214326661349821
1.462,8.11135483650318e-05,-0.000693927937963451,-0.000256577946106857,0.000142011602916283,-0.000554607511289863,-0.000506324088861351,-0.00043064443413809,7.33933960700041e-05,-0.000418632708928167,-0.000211499989697179
1.464,7.80116271147355e-05,-0.000686066682762835,-0.000254471931957288,0.000142191074991102,-0.000546487028480042,-0.000499800869758536,-0.000425342918990289,7.47909503395131e-05,-0.000413575115003493,-0.000208673318044537
1.466,7.49097058644391e-05,-0.000678205427562219,-0.000252365917807718,0.00014237054706592,-0.000538366545670222,-0.000493277650655721,-0.000420041403842487,7.6188504609022e-05,-0.000408517521078818,-0.000205846646391896
1.468,7.18077846141428e-05,-0.000670344172361603,-0.000250259903658148,0.000142550019140738,-0.000530246062860402,-0.000486754431552907,-0.000414739888694686,7.75860588785309e-05,-0.000403459927154144,-0.000203019974739254
1.47,6.87058633638465e-05,-0.000662482917160988,-0.000248153889508578,0.000142729491215556,-0.000522489263368693,-0.000480231212450092,-0.000409438373546885,7.89836131480398e-05,-0.00039840233322947,-0.000200193303086612
1.472,6.56039421135502e-05,-0.000654621661960372,-0.000246047875359008,0.000142908963290374,-0.000516620033468768,-0.000473707993347277,-0.000404136858399083,8.03811674175487e-05,-0.000393344739304796,-0.00019736663143397
1.474,6.25020208632538e-05,-0.000646760406759756,-0.000243941861209438,0.000143088435365192,-0.000510750803568844,-0.000467184774244463,-0.000398835343251282,8.08901953443848e-05,-0.000388287145380122,-0.000194539959781328
1.476,5.94000996129575e-05,-0.00063889915155914,-0.000241835847059868,0.00014326790744001,-0.000504881573668919,-0.000460661555141648,-0.000393533828103481,8.12854376639092e-05,-0.000383229551455448,-0.000191713288128686
1.478,5.62981783626611e-05,-0.000631037896358524,-0.000239729832910298,0.000143447379514828,-0.000499012343768994,-0.000454138336038834,-0.000388232312955679,8.16806799834335e-05,-0.000378171957530774,-0.000188886616476044
1.48,5.31962571123648e-05,-0.000623176641157908,-0.000237209256448131,0.000143626851589646,-0.000493143113869069,-0.000447615116936019,-0.000383142055867194,8.20759223029579e-05,-0.000373114363606099,-0.000186059944823402
1.482,5.00943358620685e-05,-0.000615315385957292,-0.000234472405007432,0.000143806323664464,-0.000487273883969144,-0.000441091897833204,-0.000379139374669457,8.24711646224822e-05,-0.000368056769681425,-0.00018323327317076
1.484,4.69924146117721e-05,-0.000607454130756677,-0.000231735553566733,0.000143985795739282,-0.000481404654069219,-0.00043456867873039,-0.000375136693471719,8.28664069420066e-05,-0.000362999175756751,-0.000180406601518118
1.486,4.38904933614758e-05,-0.000599592875556061,-0.000228998702126034,0.0001441652678141,-0.000475535424169294,-0.000428045459627575,-0.000371134012273982,8.3261649261531e-05,-0.000357941581832077,-0.000177579929865477
1.488,4.07885721111795e-05,-0.000592013429416782,-0.000226261850685335,0.000144344739888918,-0.00046966619426937,-0.000421522240524761,-0.000367131331076244,8.36568915810553e-05,-0.000352883987907403,-0.000174753258212835
1.49,3.76866508608831e-05,-0.00058610978522979,-0.000223524999244636,0.000144524211963737,-0.000463796964369445,-0.000414999021421946,-0.000363128649878507,8.40521339005797e-05,-0.000347826393982729,-0.000171926586560193
1.492,3.45847296105868e-05,-0.000580206141042799,-0.000220788147803937,0.000144703684038555,-0.00045792773446952,-0.000409612077915679,-0.00035912596868077,8.4447376220104e-05,-0.000342768800058055,-0.000169662611149922
1.494,3.14828083602905e-05,-0.000574302496855808,-0.000218051296363238,0.000144883156113373,-0.000452058504569595,-0.000404925952936872,-0.000355123287483032,8.48426185396284e-05,-0.000337763335504623,-0.000167666372940423
1.496,2.83808871099941e-05,-0.000568398852668817,-0.000215314444922539,0.000144795420175006,-0.00044618927466967,-0.000400239827958064,-0.000351120606285295,8.52378608591528e-05,-0.000334085935243833,-0.000165670134730925
1.498,2.60423324046429e-05,-0.000562495208481825,-0.00021257759348184,0.000144289459282674,-0.000440320044769746,-0.000395553702979257,-0.000347117925087557,8.56331031786771e-05,-0.000330408534983042,-0.000163673896521426
1.5,2.43987272352859e-05,-0.000556591564294834,-0.000209840742041141,0.000143783498390343,-0.000434450814869821,-0.00039086757800045,-0.00034311524388982,8.60283454982015e-05,-0.000326731134722251,-0.000161677658311928
1.502,2.27551220659288e-05,-0.000550687920107843,-0.000207103890600442,0.000143277537498011,-0.000428581584969896,-0.000386181453021642,-0.000339112562692083,8.64235878177258e-05,-0.00032305373446146,-0.000159681420102429
1.504,2.11115168965717e-05,-0.000544784275920852,-0.000204367039159743,0.000142771576605679,-0.000422712355069971,-0.000381495328042835,-0.000335109881494345,8.68188301372502e-05,-0.00031937633420067,-0.00015768518189293
1.506,1.94679117272147e-05,-0.00053888063173386,-0.000201630187719044,0.000142265615713348,-0.000416843125170046,-0.000376809203064027,-0.000331107200296608,8.72140724567746e-05,-0.000315698933939879,-0.000155688943683432
1.508,1.78243065578576e-05,-0.000532976987546869,-0.000198893336278345,0.000141759654821016,-0.000410973895270121,-0.00037212307808522,-0.00032710451909887,8.76093147762989e-05,-0.000312021533679088,-0.000153692705473933
1.51,1.61807013885006e-05,-0.000527073343359878,-0.000196156484837646,0.000141253693928685,-0.000405104665370197,-0.000367436953106412,-0.000323101837901133,8.80045570958233e-05,-0.000308344133418297,-0.000151696467264435
1.512,1.45370962191435e-05,-0.000521169699172887,-0.000193419633396947,0.000140747733036353,-0.000399235435470272,-0.000362750828127605,-0.000319099156703395,8.83997994153476e-05,-0.000304666733157507,-0.000149700229054936
1.514,1.28934910497864e-05,-0.000515266054985895,-0.000190682781956248,0.000140241772144022,-0.000393366205570347,-0.000358064703148798,-0.000315096475505658,8.8795041734872e-05,-0.000300989332896716,-0.000147703990845437
1.516,1.12498858804294e-05,-0.000509362410798904,-0.000187945930515549,0.00013973581125169,-0.000387496975670422,-0.00035337857816999,-0.000311093794307921,8.91902840543963e-05,-0.000297311932635925,-0.000145707752635939
1.518,9.60628071107233e-06,-0.000503458766611913,-0.00018520907907485,0.000139229850359359,-0.000381627745770497,-0.000348692453191183,-0.000307091113110183,8.95855263739207e-05,-0.000293634532375135,-0.00014371151442644
1.52,7.96267554171527e-06,-0.000497555122424922,-0.000182472227634151,0.000138723889467027,-0.000376022311146372,-0.000344006328212375,-0.000303088431912446,8.99807686934451e-05,-0.000289957132114344,-0.000141715276216942
1.522,6.31907037235821e-06,-0.00049165147823793,-0.000179735376193452,0.000138217928574696,-0.000371786012570721,-0.000339320203233568,-0.000299085750714708,9.03760110129694e-05,-0.000286279731853553,-0.000139719038007443
1.524,4.67546520300115e-06,-0.000485747834050939,-0.000176998524752753,0.000137711967682364,-0.000367549713995069,-0.000334634078254761,-0.000295083069516971,9.02839425951508e-05,-0.000282602331592762,-0.000137722799797945
1.526,3.03186003364409e-06,-0.000479844189863948,-0.000174261673312054,0.000137206006790033,-0.000363313415419418,-0.000329947953275953,-0.000291080388319233,9.01294686576136e-05,-0.000278924931331972,-0.000135726561588446
1.528,1.38825486428703e-06,-0.000473940545676956,-0.000171524821871355,0.000136700045897701,-0.000359077116843766,-0.000325261828297146,-0.000287077707121496,8.99749947200764e-05,-0.000275247531071181,-0.000133730323378947
1.53,-2.55350305070028e-07,-0.000468036901489965,-0.00016891663660321,0.00013619408500537,-0.000354840818268115,-0.000320575703318338,-0.000283241972550657,8.98205207825392e-05,-0.00027157013081039,-0.000131734085169449
1.532,-1.89895547442709e-06,-0.000462133257302974,-0.000166375575800703,0.000135688124113038,-0.000350604519692463,-0.000315889578339531,-0.000280265694547032,8.9666046845002e-05,-0.000267892730549599,-0.00012973784695995
1.534,-3.54256064378415e-06,-0.000456229613115983,-0.000163834514998196,0.000135182163220707,-0.000346368221116812,-0.000311203453360723,-0.000277289416543408,8.95115729074648e-05,-0.000264215330288809,-0.000127741608750452
1.536,-5.18616581314121e-06,-0.000450325968928991,-0.00016129345419569,0.000134676202328375,-0.000342131922541161,-0.000306517328381916,-0.000274313138539784,8.93570989699276e-05,-0.000260537930028018,-0.000125745370540953
1.538,-6.82977098249826e-06,-0.000444634117410529,-0.000158752393393183,0.000134170241436044,-0.000337895623965509,-0.000301831203403109,-0.000271336860536159,8.92026250323905e-05,-0.000256860529767227,-0.000123749132331455
1.54,-8.47337615185532e-06,-0.00044020170930995,-0.000156211332590676,0.000133664280543712,-0.000333659325389858,-0.000297145078424301,-0.000268360582532535,8.90481510948533e-05,-0.000253183129506436,-0.000121752894121956
1.542,-1.01169813212124e-05,-0.000435769301209371,-0.00015367027178817,0.000133158319651381,-0.000329423026814206,-0.000293278141156867,-0.00026538430452891,8.88936771573161e-05,-0.000249505729245646,-0.000120150570337027
1.544,-1.17605864905694e-05,-0.000431336893108792,-0.000151129210985663,0.000132652358759049,-0.000325186728238555,-0.000289916452728132,-0.000262408026525286,8.87392032197789e-05,-0.000245866175570383,-0.00011873567546567
1.546,-1.34041916599265e-05,-0.000426904485008213,-0.000148588150183156,0.000132031982358222,-0.000320950429662904,-0.000286554764299397,-0.000259431748521661,8.85847292822417e-05,-0.000243190813437045,-0.000117320780594312
1.548,-1.45514314558105e-05,-0.000422472076907635,-0.000146047089380649,0.000131232526669306,-0.000316714131087252,-0.000283193075870662,-0.000256455470518037,8.84302553447045e-05,-0.000240515451303706,-0.000115905885722955
1.55,-1.52467928084186e-05,-0.000418039668807056,-0.000143506028578143,0.000130433070980389,-0.000312477832511601,-0.000279831387441927,-0.000253479192514412,8.82757814071673e-05,-0.000237840089170368,-0.000114490990851598
1.552,-1.59421541610267e-05,-0.000413607260706477,-0.000140964967775636,0.000129633615291473,-0.000308241533935949,-0.000276469699013192,-0.000250502914510788,8.81213074696302e-05,-0.000235164727037029,-0.00011307609598024
1.554,-1.66375155136349e-05,-0.000409174852605898,-0.000138423906973129,0.000128834159602556,-0.000304005235360298,-0.000273108010584457,-0.000247526636507164,8.7966833532093e-05,-0.000232489364903691,-0.000111661201108883
1.556,-1.7332876866243e-05,-0.000404742444505319,-0.000135882846170623,0.00012803470391364,-0.000299768936784647,-0.000269746322155722,-0.000244550358503539,8.78123595945558e-05,-0.000229814002770352,-0.000110246306237525
1.558,-1.80282382188511e-05,-0.00040031003640474,-0.000133341785368116,0.000127235248224723,-0.000295532638208995,-0.000266384633726987,-0.000241574080499915,8.76578856570186e-05,-0.000227138640637014,-0.000108831411366168
1.56,-1.87235995714592e-05,-0.000395877628304162,-0.000130800724565609,0.000126435792535807,-0.000291296339633344,-0.000263022945298252,-0.00023859780249629,8.75034117194814e-05,-0.000224463278503675,-0.000107416516494811
1.562,-1.94189609240674e-05,-0.000391445220203583,-0.000128259663763103,0.00012563633684689,-0.000287060041057692,-0.000259661256869517,-0.000235621524492666,8.73489377819442e-05,-0.000221787916370337,-0.000106001621623453
1.564,-2.01143222766755e-05,-0.000387012812103004,-0.000125718602960596,0.000124836881157974,-0.000282823742482041,-0.000256299568440782,-0.000232645246489041,8.7194463844407e-05,-0.000219112554236998,-0.000104586726752096
1.566,-2.08096836292836e-05,-0.000382580404002425,-0.000123177542158089,0.000124037425469057,-0.00027858744390639,-0.000252937880012047,-0.000229668968485417,8.70399899068699e-05,-0.00021643719210366,-0.000103171831880738
1.568,-2.15050449818917e-05,-0.000378147995901846,-0.000120636481355582,0.000123237969780141,-0.000274351145330738,-0.000249576191583312,-0.000226692690481792,8.68855159693327e-05,-0.000213761829970321,-0.000101756937009381
1.57,-2.22004063344998e-05,-0.000373715587801267,-0.000118095420553076,0.000122438514091224,-0.000270305940182026,-0.000246214503154577,-0.000223716412478168,8.67310420317955e-05,-0.000211086467836983,-0.000100342042138024
1.572,-2.2895767687108e-05,-0.000369283179700688,-0.000115554359750569,0.000121639058402307,-0.000267252537857138,-0.000242852814725842,-0.000220740134474543,8.65765680942583e-05,-0.000208411105703644,-9.89271472666663e-05
1.574,-2.35911290397161e-05,-0.00036485077160011,-0.000113013298948062,0.000120839602713391,-0.000264199135532249,-0.000239491126297107,-0.000217763856470919,8.61871544597515e-05,-0.000205735743570306,-9.75122523953089e-05
1.576,-2.42864903923242e-05,-0.000360418363499531,-0.000110472238145556,0.000120040147024474,-0.000261145733207361,-0.000236129437868372,-0.000214787578467295,8.5767654203366e-05,-0.000203060381436967,-9.60973575239515e-05
1.578,-2.49818517449323e-05,-0.000355985955398952,-0.000107931177343049,0.000119240691335558,-0.000258092330882473,-0.000232767749439637,-0.00021181130046367,8.53481539469805e-05,-0.000200385019303628,-9.46824626525941e-05
1.58,-2.56772130975405e-05,-0.000351553547298373,-0.000105755853685231,0.000118441235646641,-0.000255038928557585,-0.000229406061010902,-0.000208962921748556,8.4928653690595e-05,-0.00019770965717029,-9.32675677812367e-05
1.582,-2.63725744501486e-05,-0.000347121139197794,-0.000103771333172591,0.000117641779957725,-0.000251985526232696,-0.000226044372582167,-0.000206772980316628,8.45091534342095e-05,-0.000195034295036952,-9.18526729098793e-05
1.584,-2.70679358027567e-05,-0.000342688731097215,-0.000101786812659951,0.000116842324268808,-0.000248932123907808,-0.000222682684153432,-0.0002045830388847,8.40896531778239e-05,-0.000192358932903613,-9.04377780385219e-05
1.586,-2.77632971553648e-05,-0.000338256322996636,-9.9802292147311e-05,0.000116042868579892,-0.00024587872158292,-0.000219320995724697,-0.000202393097452772,8.36701529214384e-05,-0.000189683570770274,-8.90228831671645e-05
1.588,-2.8458658507973e-05,-0.000333982706018828,-9.78177716346711e-05,0.000115243412890975,-0.000242825319258031,-0.000215959307295962,-0.000200203156020844,8.32506526650529e-05,-0.000187008208636936,-8.76079882958071e-05
1.59,-2.91540198605811e-05,-0.000330653354183816,-9.58332511220311e-05,0.000114443957202059,-0.000239771916933143,-0.000212597618867227,-0.000198013214588916,8.28311524086674e-05,-0.000184332846503597,-8.61930934244497e-05
1.592,-2.98493812131892e-05,-0.000327324002348804,-9.38487306093911e-05,0.000113644501513142,-0.000236718514608255,-0.000209825092235557,-0.000195823273156988,8.24116521522818e-05,-0.000181657484370259,-8.50564033059362e-05
1.594,-3.05447425657973e-05,-0.000323994650513792,-9.18642100967512e-05,0.000112845045824226,-0.000233665112283366,-0.00020741594179916,-0.000193633331725061,8.19921518958963e-05,-0.000179009631955572,-8.40520861377986e-05
1.596,-3.12401039184054e-05,-0.00032066529867878,-8.98796895841112e-05,0.000112020025096559,-0.000230611709958478,-0.000205006791362763,-0.000191443390293133,8.15726516395108e-05,-0.000177062625804135,-8.30477689696609e-05
1.598,-3.16434062061447e-05,-0.000317335946843768,-8.78951690714713e-05,0.000111154990834017,-0.00022755830763359,-0.000202597640926366,-0.000189253448861205,8.11531513831253e-05,-0.000175115619652698,-8.20434518015232e-05
1.6,-3.17808253307332e-05,-0.000314006595008756,-8.59106485588314e-05,0.000110289956571475,-0.000224504905308701,-0.000200188490489969,-0.000187063507429277,8.07336511267398e-05,-0.000173168613501261,-8.10391346333856e-05
1.602,-3.19182444553216e-05,-0.000310677243173744,-8.39261280461914e-05,0.000109424922308933,-0.000221451502983813,-0.000197779340053572,-0.000184873565997349,8.03141508703542e-05,-0.000171221607349824,-8.00348174652479e-05
1.604,-3.20556635799101e-05,-0.000307347891338732,-8.19416075335514e-05,0.000108559888046391,-0.000218398100658925,-0.000195370189617175,-0.000182683624565421,7.98946506139687e-05,-0.000169274601198388,-7.90305002971102e-05
1.606,-3.21930827044986e-05,-0.00030401853950372,-7.99570870209115e-05,0.00010769485378385,-0.000215344698334036,-0.000192961039180779,-0.000180493683133493,7.94751503575832e-05,-0.000167327595046951,-7.80261831289726e-05
1.608,-3.2330501829087e-05,-0.000300689187668708,-7.79725665082715e-05,0.000106829819521308,-0.000212291296009148,-0.000190551888744382,-0.000178303741701566,7.90556501011977e-05,-0.000165380588895514,-7.70218659608349e-05
1.61,-3.24679209536755e-05,-0.000297359835833696,-7.59880459956316e-05,0.000105964785258766,-0.00020923789368426,-0.000188142738307985,-0.000176113800269638,7.86361498448121e-05,-0.000163433582744077,-7.60175487926972e-05
1.612,-3.26053400782639e-05,-0.000294030483998683,-7.40035254829916e-05,0.000105099750996224,-0.000206184491359371,-0.000185733587871588,-0.00017392385883771,7.82166495884266e-05,-0.00016148657659264,-7.50132316245596e-05
1.614,-3.27427592028524e-05,-0.000290701132163671,-7.20190049703517e-05,0.000104234716733682,-0.000203131089034483,-0.000183324437435191,-0.000171733917405782,7.77971493320411e-05,-0.000159539570441203,-7.40089144564219e-05
1.616,-3.28801783274409e-05,-0.000287371780328659,-7.00344844577117e-05,0.00010336968247114,-0.000200077686709595,-0.000180915286998794,-0.000169543975973854,7.73776490756556e-05,-0.000157592564289767,-7.30045972882843e-05
1.618,-3.30175974520293e-05,-0.000284042428493647,-6.80499639450718e-05,0.000102504648208599,-0.000197024284384706,-0.000178506136562397,-0.000167354034541926,7.695814881927e-05,-0.00015564555813833,-7.20002801201466e-05
1.62,-3.31550165766178e-05,-0.000280713076658635,-6.60654434324318e-05,0.000101639613946057,-0.000194109174279555,-0.000176096986126,-0.000165164093109998,7.65386485628845e-05,-0.000153698551986893,-7.09959629520089e-05
1.622,-3.32924357012063e-05,-0.000277383724823623,-6.40809229197919e-05,0.000100774579683515,-0.000191911821013265,-0.000173687835689603,-0.00016297415167807,7.6119148306499e-05,-0.000151751545835456,-6.99916457838713e-05
1.624,-3.34298548257947e-05,-0.000274054372988611,-6.20964024071519e-05,9.99095454209731e-05,-0.000189714467746976,-0.000171278685253206,-0.000160784210246143,7.56165469116254e-05,-0.000149804539684019,-6.89873286157336e-05
1.626,-3.35672739503832e-05,-0.0002707250211536,-6.01118818945122e-05,9.90445111584313e-05,-0.000187517114480686,-0.00016886953481681,-0.000158594268814215,7.51033034985504e-05,-0.000147857533532583,-6.7983011447596e-05
1.628,-3.37046930749716e-05,-0.000267395669318588,-5.81273613818723e-05,9.81794768958895e-05,-0.000185319761214397,-0.000166460384380413,-0.000156404327382287,7.45900600854753e-05,-0.000145910527381146,-6.69786942794584e-05
1.63,-3.38421121995601e-05,-0.000264066317483575,-5.65549308851573e-05,9.73144426333477e-05,-0.000183122407948107,-0.000164051233944016,-0.000154309941853356,7.40768166724003e-05,-0.000143963521229709,-6.59743771113207e-05
1.632,-3.39795313241485e-05,-0.000260736965648563,-5.5197485582801e-05,9.64494083708058e-05,-0.000180925054681818,-0.000161642083507619,-0.000152707486888655,7.35635732593252e-05,-0.000142016515078272,-6.49700599431831e-05
1.634,-3.4116950448737e-05,-0.000257407613813551,-5.38400402804447e-05,9.5584374108264e-05,-0.000178727701415528,-0.000159232933071222,-0.000151105031923954,7.30503298462502e-05,-0.000140069508926836,-6.39657427750454e-05
1.636,-3.42543695733255e-05,-0.000254078261978539,-5.24825949780883e-05,9.47193398457221e-05,-0.000176530348149239,-0.000156823782634825,-0.000149502576959252,7.25370864331751e-05,-0.000138122502775399,-6.29614256069077e-05
1.638,-3.43917886979139e-05,-0.00025086829957958,-5.1125149675732e-05,9.38543055831803e-05,-0.000174332994882949,-0.000154414632198428,-0.000147900121994551,7.20238430201001e-05,-0.000136175496623962,-6.19571084387701e-05
1.64,-3.45292078225024e-05,-0.000248368296786143,-4.97677043733757e-05,9.29892713206385e-05,-0.00017213564161666,-0.000152005481762032,-0.00014629766702985,7.1510599607025e-05,-0.000134228490472525,-6.09527912706324e-05
1.642,-3.46666269470909e-05,-0.000245868293992706,-4.84102590710193e-05,9.21242370580967e-05,-0.00016993828835037,-0.000150019521367442,-0.000144695212065149,7.099735619395e-05,-0.000132281484321088,-6.01459141728079e-05
1.644,-3.48040460716793e-05,-0.000243368291199269,-4.7052813768663e-05,9.12592027955548e-05,-0.000167740935084081,-0.000148294571085924,-0.000143092757100448,7.04841127808749e-05,-0.000130354484830015,-5.94329812810496e-05
1.646,-3.49414651962678e-05,-0.000240868288405833,-4.56953684663066e-05,9.04159150861671e-05,-0.000165543581817791,-0.000146569620804406,-0.000141490302135747,6.99708693677999e-05,-0.000128937181324344,-5.87200483892913e-05
1.648,-3.49291603528231e-05,-0.000238368285612396,-4.43379231639503e-05,8.9606664347016e-05,-0.000163346228551502,-0.000144844670522887,-0.000139887847171046,6.94576259547248e-05,-0.000127519877818673,-5.8007115497533e-05
1.65,-3.47805506073612e-05,-0.000235868282818959,-4.2980477861594e-05,8.87974136078649e-05,-0.000161148875285212,-0.000143119720241369,-0.000138285392206345,6.89443825416498e-05,-0.000126102574313001,-5.72941826057747e-05
1.652,-3.46319408618993e-05,-0.000233368280025522,-4.16230325592376e-05,8.79881628687138e-05,-0.000158951522018923,-0.000141394769959851,-0.000136682937241644,6.84311391285747e-05,-0.00012468527080733,-5.65812497140164e-05
1.654,-3.44833311164374e-05,-0.000230868277232085,-4.02655872568813e-05,8.71789121295628e-05,-0.000156754168752633,-0.000139669819678333,-0.000135080482276943,6.79178957154997e-05,-0.000123267967301659,-5.5868316822258e-05
1.656,-3.43347213709755e-05,-0.000228368274438649,-3.8908141954525e-05,8.63696613904117e-05,-0.000154556815486344,-0.000137944869396815,-0.000133478027312242,6.74046523024246e-05,-0.000121850663795987,-5.51553839304997e-05
1.658,-3.41861116255136e-05,-0.000225868271645212,-3.75506966521686e-05,8.55604106512606e-05,-0.000152359462220054,-0.000136219919115297,-0.000131875572347541,6.68914088893496e-05,-0.000120433360290316,-5.44424510387414e-05
1.66,-3.40375018800518e-05,-0.000223368268851775,-3.61932513498123e-05,8.47511599121095e-05,-0.000150162108953765,-0.000134494968833778,-0.00013027311738284,6.63781654762745e-05,-0.000119016056784645,-5.37295181469831e-05
1.662,-3.38888921345899e-05,-0.000220868266058338,-3.48358060474559e-05,8.39419091729584e-05,-0.000147964755687475,-0.00013277001855226,-0.000128670662418139,6.58649220631995e-05,-0.000117598753278973,-5.30165852552248e-05
1.664,-3.3740282389128e-05,-0.000218368263264902,-3.34783607450996e-05,8.31326584338073e-05,-0.000145767402421186,-0.000131045068270742,-0.000127068207453438,6.53516786501244e-05,-0.000116181449773302,-5.23036523634665e-05
1.666,-3.35916726436661e-05,-0.000215868260471465,-3.21209154427433e-05,8.23234076946563e-05,-0.000143570049154896,-0.000129320117989224,-0.000125465752488737,6.48384352370494e-05,-0.000114764146267631,-5.15907194717082e-05
1.668,-3.34430628982042e-05,-0.000213368257678028,-3.07634701403869e-05,8.15141569555052e-05,-0.000141372695888607,-0.000127595167707706,-0.000123863297524036,6.43251918239743e-05,-0.00011334684276196,-5.08777865799499e-05
1.67,-3.32944531527423e-05,-0.000210868254884591,-2.94060248380306e-05,8.07049062163541e-05,-0.000139275204378217,-0.000125870217426187,-0.000122260842559335,6.38119484108993e-05,-0.000111929539256288,-5.01648536881916e-05
1.672,-3.31458434072805e-05,-0.000208368252091154,-2.80485795356743e-05,7.9895655477203e-05,-0.000137696009980814,-0.000124145267144669,-0.000120658387594634,6.32987049978242e-05,-0.000110512235750617,-4.94519207964332e-05
1.674,-3.29972336618186e-05,-0.000205868249297718,-2.66911342333179e-05,7.90864047380519e-05,-0.00013611681558341,-0.000122420316863151,-0.000119055932629933,6.2787879076775e-05,-0.000109094932244946,-4.87389879046749e-05
1.676,-3.28486239163567e-05,-0.000203368246504281,-2.53336889309616e-05,7.82771539989008e-05,-0.000134537621186007,-0.000120695366581633,-0.000117453477665232,6.22773627422683e-05,-0.000107677628739274,-4.80260550129166e-05
1.678,-3.27000141708948e-05,-0.000200868243710844,-2.39762436286052e-05,7.74679032597497e-05,-0.000132958426788604,-0.000118970416300115,-0.000115851022700531,6.17668464077616e-05,-0.000106260325233603,-4.73131221211583e-05
1.68,-3.25514044254329e-05,-0.000198368240917407,-2.29779587984558e-05,7.66586525205987e-05,-0.000131379232391201,-0.000117245466018597,-0.000114318545277147,6.1256330073255e-05,-0.000104843021727932,-4.66001892294e-05
1.682,-3.2402794679971e-05,-0.00019586823812397,-2.21670460980338e-05,7.58494017814476e-05,-0.000129800037993797,-0.000115520515737078,-0.000113146318663019,6.07458137387483e-05,-0.00010342571822226,-4.58872563376417e-05
1.684,-3.22541849345092e-05,-0.000193368235330534,-2.13561333976118e-05,7.50401510422965e-05,-0.000128220843596394,-0.00011379556545556,-0.000111974092048891,6.02352974042416e-05,-0.000102008414716589,-4.51743234458834e-05
1.686,-3.21055751890473e-05,-0.000190868232537097,-2.05452206971898e-05,7.42309003031454e-05,-0.000126641649198991,-0.000112070615174042,-0.000110801865434763,5.97247810697349e-05,-0.000100591111210918,-4.44613905541251e-05
1.688,-3.19569654435854e-05,-0.000188457782891395,-1.97343079967678e-05,7.34216495639943e-05,-0.000125062454801587,-0.000110345664892524,-0.000109629638820635,5.92142647352282e-05,-9.91738077052465e-05,-4.37484576623668e-05
1.69,-3.18083556981235e-05,-0.00018657986878268,-1.89233952963458e-05,7.26123988248432e-05,-0.000123483260404184,-0.000108620714611006,-0.000108457412206507,5.87037484007215e-05,-9.77565041995752e-05,-4.30355247706085e-05
1.692,-3.16597459526616e-05,-0.000184701954673965,-1.81124825959238e-05,7.18031480856921e-05,-0.000121904066006781,-0.000107199426291733,-0.000107285185592379,5.81932320662148e-05,-9.63392006939039e-05,-4.24630808774208e-05
1.694,-3.15111362071997e-05,-0.00018282404056525,-1.73015698955018e-05,7.09938973465411e-05,-0.000120324871609378,-0.000105965426980404,-0.000106112958978251,5.76827157317081e-05,-9.4936449609389e-05,-4.19574832298347e-05
1.696,-3.13625264617379e-05,-0.000180946126456535,-1.64906571950799e-05,7.02280746685002e-05,-0.000118745677211974,-0.000104731427669075,-0.000104940732364123,5.71721993972014e-05,-9.39044405930881e-05,-4.14518855822486e-05
1.698,-3.11549050752681e-05,-0.000179068212347821,-1.56797444946579e-05,6.95302241243864e-05,-0.000117166482814571,-0.000103497428357745,-0.000103768505749995,5.66616830626947e-05,-9.28724315767873e-05,-4.09462879346625e-05
1.7,-3.08935609879436e-05,-0.000177190298239106,-1.48688317942359e-05,6.88323735802726e-05,-0.000115587288417168,-0.000102263429046416,-0.000102596279135867,5.6151166728188e-05,-9.18404225604865e-05,-4.04406902870764e-05
1.702,-3.06322169006191e-05,-0.000175312384130391,-1.40579190938139e-05,6.81345230361588e-05,-0.000114008094019764,-0.000101029429735086,-0.000101424052521739,5.56406503936813e-05,-9.08084135441857e-05,-3.99350926394903e-05
1.704,-3.03708728132945e-05,-0.000173434470021676,-1.32470063933919e-05,6.7436672492045e-05,-0.000112428899622361,-9.97954304237566e-05,-0.000100251825907611,5.51301340591746e-05,-8.97764045278849e-05,-3.94294949919043e-05
1.706,-3.010952872597e-05,-0.000171556555912962,-1.24360936929699e-05,6.67388219479311e-05,-0.000110849705224958,-9.85614311124271e-05,-9.90795992934834e-05,5.46196177246679e-05,-8.8744395511584e-05,-3.89238973443182e-05
1.708,-2.98481846386455e-05,-0.000169678641804247,-1.16251809925479e-05,6.60409714038173e-05,-0.000109270510827555,-9.73274318010977e-05,-9.79073726793554e-05,5.41091013901612e-05,-8.77123864952832e-05,-3.84182996967321e-05
1.71,-2.95868405513209e-05,-0.000167800727695532,-1.08142682921259e-05,6.53431208597035e-05,-0.000107691316430151,-9.60934324897682e-05,-9.67351460652275e-05,5.35985850556545e-05,-8.66803774789824e-05,-3.7912702049146e-05
1.712,-2.93254964639964e-05,-0.000165922813586817,-1.00033555917039e-05,6.46452703155897e-05,-0.000106112122032748,-9.48594331784387e-05,-9.55629194510995e-05,5.30880687211478e-05,-8.56483684626816e-05,-3.74071044015599e-05
1.714,-2.90641523766718e-05,-0.000164044899478102,-9.19244289128195e-06,6.39474197714759e-05,-0.000104532927635345,-9.36254338671092e-05,-9.43906928369715e-05,5.25775523866411e-05,-8.46163594463807e-05,-3.69015067539739e-05
1.716,-2.88028082893473e-05,-0.000162166985369388,-8.38153019085996e-06,6.3249569227362e-05,-0.000102953733237942,-9.23914345557797e-05,-9.32184662228436e-05,5.20670360521345e-05,-8.35843504300799e-05,-3.63959091063878e-05
1.718,-2.85414642020228e-05,-0.000160289071260673,-7.57061749043797e-06,6.25517186832482e-05,-0.000101374538840538,-9.11574352444503e-05,-9.20462396087156e-05,5.15565197176278e-05,-8.25523414137791e-05,-3.58903114588017e-05
1.72,-2.82801201146982e-05,-0.000158411157151958,-6.75970479001598e-06,6.18538681391344e-05,-9.98671724731184e-05,-8.99234359331208e-05,-9.08740129945876e-05,5.10460033831211e-05,-8.15203323974783e-05,-3.53847138112156e-05
1.722,-2.80187760273737e-05,-0.000156533243043243,-5.94879208959399e-06,6.11560175950206e-05,-9.87326040826272e-05,-8.86894366217913e-05,-8.97017863804597e-05,5.05354870486144e-05,-8.04883233811775e-05,-3.48791161636295e-05
1.724,-2.77574319400491e-05,-0.000154655328934529,-5.137879389172e-06,6.04581670509068e-05,-9.75980356921359e-05,-8.74554373104618e-05,-8.85295597663317e-05,5.00706855526116e-05,-7.94563143648767e-05,-3.43735185160434e-05
1.726,-2.74960878527246e-05,-0.000152777414825814,-4.32696668875002e-06,5.9760316506793e-05,-9.64634673016447e-05,-8.62214379991323e-05,-8.73573331522038e-05,4.96117383463609e-05,-7.84243053485758e-05,-3.38679208684574e-05
1.728,-2.72347437654001e-05,-0.000150899500717099,-3.51605398832803e-06,5.90624659626791e-05,-9.53288989111534e-05,-8.49874386878028e-05,-8.61851065380758e-05,4.91527911401101e-05,-7.7392296332275e-05,-3.33623232208713e-05
1.73,-2.69733996780755e-05,-0.000149021586608384,-2.97302473029312e-06,5.83646154185653e-05,-9.41943305206622e-05,-8.37534393764734e-05,-8.50636331254358e-05,4.86938439338594e-05,-7.63602873159742e-05,-3.28567255732852e-05
1.732,-2.6712055590751e-05,-0.000147143672499669,-2.56974885550327e-06,5.76667648744515e-05,-9.30597621301709e-05,-8.25194400651439e-05,-8.42034418550976e-05,4.82348967276086e-05,-7.53282782996734e-05,-3.23511279256991e-05
1.734,-2.64507115034265e-05,-0.000145265758390955,-2.16647298071342e-06,5.69689143303377e-05,-9.19251937396797e-05,-8.12854407538144e-05,-8.33432505847594e-05,4.77759495213579e-05,-7.42962692833725e-05,-3.1845530278113e-05
1.736,-2.61893674161019e-05,-0.00014338784428224,-1.76319710592357e-06,5.62710637862239e-05,-9.07906253491884e-05,-8.00514414424849e-05,-8.24830593144212e-05,4.73170023151072e-05,-7.32642602670717e-05,-3.13399326305269e-05
1.738,-2.59280233287774e-05,-0.000141577181868073,-1.35992123113372e-06,5.557321324211e-05,-8.96560569586972e-05,-7.88174421311555e-05,-8.1622868044083e-05,4.68580551088564e-05,-7.22322512507709e-05,-3.08343349829409e-05
1.74,-2.56666792414528e-05,-0.000140166437471034,-9.56645356343871e-07,5.48753626979962e-05,-8.85214885682059e-05,-7.7583442819826e-05,-8.07626767737448e-05,4.63991079026057e-05,-7.12002422344701e-05,-3.03287373353548e-05
1.742,-2.54053351541283e-05,-0.000138755693073994,-5.53369481554021e-07,5.41775121538824e-05,-8.73869201777147e-05,-7.65669687013207e-05,-7.99024855034066e-05,4.59401606963549e-05,-7.01682332181692e-05,-2.99232321462766e-05
1.744,-2.51439910668038e-05,-0.000137344948676954,-1.5009360676417e-07,5.34796616097686e-05,-8.62523517872234e-05,-7.56846571801498e-05,-7.90422942330684e-05,4.54812134901042e-05,-6.91468158502696e-05,-2.95653520746977e-05
1.746,-2.48826469794792e-05,-0.000135934204279915,2.5318226802568e-07,5.28316705032266e-05,-8.51177833967322e-05,-7.48023456589789e-05,-7.81821029627302e-05,4.50222662838535e-05,-6.83952346554606e-05,-2.92074720031189e-05
1.748,-2.4614350285228e-05,-0.000134523459882875,6.56458142815531e-07,5.22617177037497e-05,-8.39832150062409e-05,-7.3920034137808e-05,-7.7321911692392e-05,4.45633190776027e-05,-6.76436534606516e-05,-2.884959193154e-05
1.75,-2.43397241140175e-05,-0.000133112715485836,1.05973401760538e-06,5.16917649042729e-05,-8.28486466157497e-05,-7.3037722616637e-05,-7.64617204220538e-05,4.4104371871352e-05,-6.68920722658427e-05,-2.84917118599612e-05
1.752,-2.40650979428071e-05,-0.000131701971088796,1.46300989239523e-06,5.1121812104796e-05,-8.17140782252584e-05,-7.21554110954661e-05,-7.56015291517156e-05,4.36454246651013e-05,-6.61404910710337e-05,-2.81338317883823e-05
1.754,-2.37904717715967e-05,-0.000130291226691757,1.86628576718508e-06,5.05518593053191e-05,-8.05795098347672e-05,-7.12730995742952e-05,-7.47413378813774e-05,4.31864774588505e-05,-6.53889098762248e-05,-2.77759517168035e-05
1.756,-2.35158456003862e-05,-0.000128880482294717,2.26956164197493e-06,4.99819065058422e-05,-7.94449414442759e-05,-7.03907880531243e-05,-7.38811466110392e-05,4.27275302525998e-05,-6.46373286814158e-05,-2.74180716452246e-05
1.758,-2.32412194291758e-05,-0.000127469737897678,2.67283751676478e-06,4.94119537063653e-05,-7.83103730537847e-05,-6.95084765319534e-05,-7.3020955340701e-05,4.2268583046349e-05,-6.38857474866068e-05,-2.70601915736458e-05
1.76,-2.29665932579653e-05,-0.000126058993500638,3.07611339155463e-06,4.88420009068884e-05,-7.71758046632934e-05,-6.86261650107824e-05,-7.21607640703628e-05,4.18096358400983e-05,-6.31341662917979e-05,-2.67023115020669e-05
1.762,-2.26919670867549e-05,-0.000124648249103599,3.47938926634448e-06,4.82720481074116e-05,-7.60412362728022e-05,-6.77438534896115e-05,-7.13005728000246e-05,4.13506886338476e-05,-6.23825850969889e-05,-2.63444314304881e-05
1.764,-2.24173409155444e-05,-0.000123237504706559,3.88266514113433e-06,4.77020953079347e-05,-7.49066678823109e-05,-6.68615419684406e-05,-7.04403815296864e-05,4.08917414275968e-05,-6.163100390218e-05,-2.59865513589092e-05
1.766,-2.2142714744334e-05,-0.00012182676030952,4.28594101592419e-06,4.71321425084578e-05,-7.37720994918196e-05,-6.59792304472697e-05,-6.95801902593482e-05,4.04327942213461e-05,-6.0879422707371e-05,-2.56286712873304e-05
1.768,-2.18680885731235e-05,-0.00012041601591248,4.68921689071404e-06,4.65621897089809e-05,-7.26375311013284e-05,-6.50969189260987e-05,-6.871999898901e-05,3.99738470150953e-05,-6.0127841512562e-05,-2.52707912157515e-05
1.77,-2.15934624019131e-05,-0.000119005271515441,5.09249276550389e-06,4.5992236909504e-05,-7.15547455729803e-05,-6.42146074049278e-05,-6.78598077186718e-05,3.95148998088446e-05,-5.93762603177531e-05,-2.49129111441727e-05
1.772,-2.13188362307027e-05,-0.000117594527118401,5.49576864029374e-06,4.54222841100272e-05,-7.07407206698504e-05,-6.33322958837569e-05,-6.69996164483336e-05,3.90559526025939e-05,-5.86246791229441e-05,-2.45550310725938e-05
1.774,-2.10442100594922e-05,-0.000116183782721362,5.89904451508359e-06,4.48523313105503e-05,-6.99266957667204e-05,-6.2449984362586e-05,-6.61394251779954e-05,3.86604192379666e-05,-5.78730979281351e-05,-2.41971510010149e-05
1.776,-2.07695838882818e-05,-0.000114773038324322,6.30232038987344e-06,4.42823785110734e-05,-6.91126708635905e-05,-6.15676728414151e-05,-6.52792339076572e-05,3.82730067158339e-05,-5.71215167333262e-05,-2.38392709294361e-05
1.778,-2.04949577170713e-05,-0.000113362293927282,6.70559626466329e-06,4.37124257115965e-05,-6.82986459604605e-05,-6.06853613202441e-05,-6.4419042637319e-05,3.78855941937012e-05,-5.63699355385172e-05,-2.34813908578572e-05
1.78,-2.02203315458609e-05,-0.000111951549530243,6.93342541545054e-06,4.31424729121196e-05,-6.74846210573306e-05,-5.98030497990732e-05,-6.35954723196046e-05,3.74981816715685e-05,-5.56183543437082e-05,-2.31235107862784e-05
1.782,-1.99457053746504e-05,-0.000110540805133203,7.06972493290123e-06,4.25725201126427e-05,-6.66705961542006e-05,-5.89207382779023e-05,-6.29604300291706e-05,3.71107691494358e-05,-5.48667731488993e-05,-2.27656307146995e-05
1.784,-1.967107920344e-05,-0.000109130060736164,7.20602445035192e-06,4.20025673131659e-05,-6.58565712510706e-05,-5.80384267567314e-05,-6.23253877387366e-05,3.67233566273031e-05,-5.41151919540903e-05,-2.24077506431207e-05
1.786,-1.93964530322295e-05,-0.000107719316339124,7.34232396780262e-06,4.1432614513689e-05,-6.50425463479407e-05,-5.71561152355605e-05,-6.16903454483027e-05,3.63359441051704e-05,-5.33636107592814e-05,-2.20498705715418e-05
1.788,-1.91218268610191e-05,-0.000106359101466629,7.47862348525331e-06,4.08626617142121e-05,-6.42285214448107e-05,-5.62738037143895e-05,-6.10553031578687e-05,3.59485315830377e-05,-5.26120295644724e-05,-2.1691990499963e-05
1.79,-1.88472006898087e-05,-0.000105299364781303,7.614923002704e-06,4.02927089147352e-05,-6.34144965416808e-05,-5.53914921932186e-05,-6.04202608674347e-05,3.5561119060905e-05,-5.18604483696634e-05,-2.13341104283841e-05
1.792,-1.85725745185982e-05,-0.000104239628095978,7.7512225201547e-06,3.97227561152583e-05,-6.26004716385508e-05,-5.46649563223043e-05,-5.97852185770007e-05,3.51737065387723e-05,-5.11088671748545e-05,-2.10474440671923e-05
1.794,-1.82979483473878e-05,-0.000103179891410652,7.88752203760539e-06,3.91528033157815e-05,-6.17864467354209e-05,-5.40344979014017e-05,-5.91501762865667e-05,3.47862940166395e-05,-5.0364997765116e-05,-2.07946619903443e-05
1.796,-1.80233221761773e-05,-0.000102120154725327,8.02382155505608e-06,3.86308480405995e-05,-6.09724218322909e-05,-5.34040394804991e-05,-5.85151339961327e-05,3.43988814945068e-05,-4.98175962225414e-05,-2.05418799134963e-05
1.798,-1.77674747442601e-05,-0.000101060418040002,8.16012107250678e-06,3.81840168687309e-05,-6.0158396929161e-05,-5.27735810595965e-05,-5.78800917056987e-05,3.40114689723741e-05,-4.92701946799668e-05,-2.02890978366482e-05
1.8,-1.75287230001808e-05,-0.000100000681354676,8.29642058995747e-06,3.77371856968623e-05,-5.9344372026031e-05,-5.2143122638694e-05,-5.72450494152647e-05,3.36240564502414e-05,-4.87227931373922e-05,-2.00363157598002e-05
1.802,-1.72899712561016e-05,-9.89409446693511e-05,8.43272010740816e-06,3.72903545249937e-05,-5.85303471229011e-05,-5.15126642177914e-05,-5.66100071248308e-05,3.32366439281087e-05,-4.81753915948176e-05,-1.97835336829521e-05
1.804,-1.70512195120223e-05,-9.78812079840257e-05,8.56901962485886e-06,3.68435233531251e-05,-5.77163222197711e-05,-5.08822057968888e-05,-5.59749648343968e-05,3.2849231405976e-05,-4.76279900522431e-05,-1.95307516061041e-05
1.806,-1.68124677679431e-05,-9.68214712987003e-05,8.70531914230955e-06,3.63966921812565e-05,-5.69022973166412e-05,-5.02517473759862e-05,-5.53399225439628e-05,3.24618188838433e-05,-4.70805885096685e-05,-1.9277969529256e-05
1.808,-1.65737160238638e-05,-9.5761734613375e-05,8.84161865976024e-06,3.59498610093879e-05,-5.60882724135112e-05,-4.96212889550836e-05,-5.47048802535288e-05,3.20744063617106e-05,-4.65331869670939e-05,-1.9025187452408e-05
1.81,-1.63349642797846e-05,-9.47019979280496e-05,8.97791817721094e-06,3.55030298375193e-05,-5.52742475103812e-05,-4.8990830534181e-05,-5.40698379630948e-05,3.16869938395779e-05,-4.59857854245193e-05,-1.87724053755599e-05
1.812,-1.60962125357054e-05,-9.36422612427243e-05,9.11421769466163e-06,3.50561986656507e-05,-5.44602226072513e-05,-4.83603721132785e-05,-5.34347956726608e-05,3.12995813174452e-05,-4.54383838819447e-05,-1.85196232987119e-05
1.814,-1.58574607916261e-05,-9.25825245573989e-05,9.25051721211232e-06,3.46093674937821e-05,-5.36461977041213e-05,-4.77299136923759e-05,-5.27997533822268e-05,3.09121687953125e-05,-4.48909823393701e-05,-1.82668412218639e-05
1.816,-1.56187090475469e-05,-9.15227878720736e-05,9.38681672956302e-06,3.41625363219135e-05,-5.28321728009914e-05,-4.70994552714733e-05,-5.21647110917928e-05,3.05247562731798e-05,-4.43435807967955e-05,-1.80140591450158e-05
1.818,-1.53799573034676e-05,-9.04630511867482e-05,9.52311624701371e-06,3.37157051500449e-05,-5.20181478978614e-05,-4.64689968505707e-05,-5.15296688013588e-05,3.01373437510471e-05,-4.37961792542209e-05,-1.77612770681678e-05
1.82,-1.51412055593884e-05,-8.94033145014228e-05,9.6594157644644e-06,3.32688739781763e-05,-5.12413371318573e-05,-4.58385384296681e-05,-5.08946265109249e-05,2.97499312289144e-05,-4.32487777116463e-05,-1.75084949913197e-05
1.822,-1.49024538153091e-05,-8.83435778160975e-05,9.7957152819151e-06,3.28220428063077e-05,-5.06576731782726e-05,-4.52080800087656e-05,-5.02595842204909e-05,2.93625187067817e-05,-4.27013761690717e-05,-1.72557129144717e-05
1.824,-1.46637020712299e-05,-8.72838411307721e-05,9.93201479936579e-06,3.2375211634439e-05,-5.00740092246879e-05,-4.4577621587863e-05,-4.96245419300569e-05,2.90412272628123e-05,-4.21539746264972e-05,-1.70029308376236e-05
1.826,-1.44249503271506e-05,-8.62241044454468e-05,1.00683143168165e-05,3.19283804625704e-05,-4.94903452711032e-05,-4.39471631669604e-05,-4.89894996396229e-05,2.87284033528637e-05,-4.16065730839226e-05,-1.67501487607756e-05
1.828,-1.41861985830714e-05,-8.51643677601214e-05,1.02046138342672e-05,3.14815492907018e-05,-4.89066813175184e-05,-4.33167047460578e-05,-4.83544573491889e-05,2.84155794429152e-05,-4.1059171541348e-05,-1.64973666839276e-05
1.83,-1.39474468389921e-05,-8.4104631074796e-05,1.02416926711202e-05,3.10347181188332e-05,-4.83230173639337e-05,-4.26862463251552e-05,-4.7745892129559e-05,2.81027555329666e-05,-4.05117699987734e-05,-1.62445846070795e-05
1.832,-1.37086950949129e-05,-8.30448943894707e-05,1.02270086006512e-05,3.05878869469646e-05,-4.7739353410349e-05,-4.20557879042527e-05,-4.72736333020134e-05,2.7789931623018e-05,-3.99643684561988e-05,-1.59918025302315e-05
1.834,-1.34699433508337e-05,-8.19851577041453e-05,1.02123245301822e-05,3.0141055775096e-05,-4.71556894567642e-05,-4.14253294833501e-05,-4.68013744744678e-05,2.74771077130695e-05,-3.94169669136242e-05,-1.57390204533834e-05
1.836,-1.32311916067544e-05,-8.092542101882e-05,1.01976404597132e-05,2.96942246032274e-05,-4.65720255031795e-05,-4.07948710624475e-05,-4.63291156469222e-05,2.71642838031209e-05,-3.88695653710496e-05,-1.54862383765354e-05
1.838,-1.29924398626752e-05,-7.99036448297478e-05,1.01829563892441e-05,2.92473934313588e-05,-4.59883615495948e-05,-4.01644126415449e-05,-4.58568568193765e-05,2.68514598931723e-05,-3.8322163828475e-05,-1.52334562996873e-05
1.84,-1.27536881185959e-05,-7.91076040142271e-05,1.01682723187751e-05,2.88005622594902e-05,-4.540469759601e-05,-3.95339542206423e-05,-4.5384597991831e-05,2.65386359832237e-05,-3.77747622859004e-05,-1.49806742228393e-05
1.842,-1.25149363745167e-05,-7.83115631987064e-05,1.01535882483061e-05,2.83537310876216e-05,-4.48210336424253e-05,-3.9014942132119e-05,-4.49123391642853e-05,2.62258120732752e-05,-3.72273607433258e-05,-1.47784875280178e-05
1.844,-1.22761846304374e-05,-7.75155223831857e-05,1.01389041778371e-05,2.7906899915753e-05,-4.42373696888406e-05,-3.85646665849648e-05,-4.44400803367397e-05,2.59129881633266e-05,-3.66855756290632e-05,-1.46003746850116e-05
1.846,-1.20374328863582e-05,-7.67194815676649e-05,1.0124220107368e-05,2.75021441560533e-05,-4.36537057352558e-05,-3.81143910378106e-05,-4.39678215091941e-05,2.5600164253378e-05,-3.6286876412741e-05,-1.44222618420054e-05
1.848,-1.18267140802688e-05,-7.59234407521442e-05,1.0109536036899e-05,2.71632434098602e-05,-4.30700417816711e-05,-3.76641154906564e-05,-4.34955626816485e-05,2.52873403434295e-05,-3.58881771964187e-05,-1.42441489989991e-05
1.85,-1.16415157497329e-05,-7.51273999366235e-05,1.009485196643e-05,2.6824342663667e-05,-4.24863778280864e-05,-3.72138399435022e-05,-4.30233038541029e-05,2.49745164334809e-05,-3.54894779800965e-05,-1.40660361559929e-05
1.852,-1.1456317419197e-05,-7.43313591211027e-05,1.0080167895961e-05,2.64854419174739e-05,-4.19027138745017e-05,-3.67635643963479e-05,-4.25510450265573e-05,2.46616925235323e-05,-3.50907787637742e-05,-1.38879233129866e-05
1.854,-1.12711190886611e-05,-7.3535318305582e-05,1.0065483825492e-05,2.61465411712808e-05,-4.13190499209169e-05,-3.63132888491937e-05,-4.20787861990117e-05,2.43488686135838e-05,-3.4692079547452e-05,-1.37098104699804e-05
1.856,-1.10859207581252e-05,-7.27392774900613e-05,1.00507997550229e-05,2.58076404250877e-05,-4.07353859673322e-05,-3.58630133020395e-05,-4.16065273714661e-05,2.40360447036352e-05,-3.42933803311297e-05,-1.35316976269741e-05
1.858,-1.09007224275893e-05,-7.19432366745406e-05,1.00361156845539e-05,2.54687396788945e-05,-4.01517220137475e-05,-3.54127377548853e-05,-4.11342685439205e-05,2.37232207936866e-05,-3.38946811148075e-05,-1.33535847839679e-05
1.86,-1.07155240970533e-05,-7.11471958590198e-05,1.00214316140849e-05,2.51298389327014e-05,-3.95680580601627e-05,-3.49624622077311e-05,-4.06620097163749e-05,2.34103968837381e-05,-3.34959818984852e-05,-1.31754719409617e-05
1.862,-1.05303257665174e-05,-7.03511550434991e-05,1.00067475436159e-05,2.47909381865083e-05,-3.8984394106578e-05,-3.45121866605769e-05,-4.01897508888293e-05,2.30975729737895e-05,-3.3097282682163e-05,-1.29973590979554e-05
1.864,-1.03451274359815e-05,-6.95551142279784e-05,9.99206347314685e-06,2.44520374403152e-05,-3.84007301529933e-05,-3.40619111134227e-05,-3.97174920612837e-05,2.27847490638409e-05,-3.26985834658407e-05,-1.28192462549492e-05
1.866,-1.01599291054456e-05,-6.87590734124576e-05,9.97737940267783e-06,2.41131366941221e-05,-3.78170661994085e-05,-3.36116355662685e-05,-3.92452332337381e-05,2.24719251538923e-05,-3.22998842495184e-05,-1.26411334119429e-05
1.868,-9.97473077490971e-06,-6.79630325969369e-05,9.96269533220881e-06,2.37742359479289e-05,-3.72334022458238e-05,-3.31613600191142e-05,-3.87729744061925e-05,2.21591012439438e-05,-3.19011850331962e-05,-1.24630205689367e-05
1.87,-9.7895324443738e-06,-6.71669917814162e-05,9.94801126173978e-06,2.34353352017358e-05,-3.66764614524524e-05,-3.271108447196e-05,-3.83007155786469e-05,2.18462773339952e-05,-3.15024858168739e-05,-1.22849077259305e-05
1.872,-9.60433411383789e-06,-6.63709509658955e-05,9.93332719127076e-06,2.30964344555427e-05,-3.62582177675348e-05,-3.22608089248058e-05,-3.78284567511013e-05,2.15334534240466e-05,-3.11037866005517e-05,-1.21067948829242e-05
1.874,-9.41913578330198e-06,-6.55749101503747e-05,9.91864312080174e-06,2.27575337093496e-05,-3.58399740826173e-05,-3.18105333776516e-05,-3.73561979235557e-05,2.12815668230745e-05,-3.07050873842294e-05,-1.1928682039918e-05
1.876,-9.23393745276609e-06,-6.47788693348541e-05,9.90395905033272e-06,2.24186329631565e-05,-3.54217303976998e-05,-3.13602578304974e-05,-3.68839390960101e-05,2.10374839172512e-05,-3.03063881679072e-05,-1.17505691969117e-05
1.878,-9.04873912223018e-06,-6.39828285193334e-05,9.8892749798637e-06,2.20797322169634e-05,-3.50034867127823e-05,-3.09099822833432e-05,-3.64116802684645e-05,2.07934010114278e-05,-2.9907688951585e-05,-1.15724563539055e-05
1.88,-8.86354079169427e-06,-6.31867877038126e-05,9.8297998725056e-06,2.17408314707702e-05,-3.45852430278648e-05,-3.0459706736189e-05,-3.59587115687846e-05,2.05493181056044e-05,-2.95089897352627e-05,-1.13943435108993e-05
1.882,-8.67834246115836e-06,-6.23907468882919e-05,9.74695751673331e-06,2.14019307245771e-05,-3.41669993429472e-05,-3.00094311890348e-05,-3.56050502189123e-05,2.03052351997811e-05,-2.91102905189405e-05,-1.1216230667893e-05
1.884,-8.49314413062245e-06,-6.15947060727712e-05,9.66411516096102e-06,2.1063029978384e-05,-3.37487556580297e-05,-2.95591556418806e-05,-3.525138886904e-05,2.00611522939577e-05,-2.87115913026182e-05,-1.10381178248868e-05
1.886,-8.30794580008654e-06,-6.07986652572505e-05,9.58127280518873e-06,2.07241292321909e-05,-3.33305119731122e-05,-2.91088800947264e-05,-3.48977275191677e-05,1.98170693881343e-05,-2.83128920862959e-05,-1.08600049818805e-05
1.888,-8.12274746955063e-06,-6.003113946647e-05,9.49843044941644e-06,2.03852284859977e-05,-3.29122682881946e-05,-2.86586045475722e-05,-3.45440661692954e-05,1.95729864823109e-05,-2.79141928699737e-05,-1.06818921388743e-05
1.89,-7.93754913901472e-06,-5.94331807361051e-05,9.41558809364415e-06,2.00463277398046e-05,-3.24940246032771e-05,-2.8208329000418e-05,-3.41904048194231e-05,1.93289035764875e-05,-2.75154936536514e-05,-1.05037792958681e-05
1.892,-7.75235080847881e-06,-5.88352220057401e-05,9.33274573787186e-06,1.97074269936115e-05,-3.20757809183596e-05,-2.78377257952893e-05,-3.38367434695508e-05,1.90848206706642e-05,-2.71167944373292e-05,-1.03614948765805e-05
1.894,-7.5671524779429e-06,-5.82372632753752e-05,9.24990338209957e-06,1.93685262474184e-05,-3.16575372334421e-05,-2.75162619482418e-05,-3.34830821196785e-05,1.88407377648408e-05,-2.67221851409627e-05,-1.0236258024261e-05
1.896,-7.38195414740699e-06,-5.76393045450103e-05,9.16706102632728e-06,1.90644357982678e-05,-3.12392935485245e-05,-2.71947981011942e-05,-3.31294207698062e-05,1.85966548590174e-05,-2.64317719345071e-05,-1.01110211719416e-05
1.898,-7.22484791603553e-06,-5.70413458146453e-05,9.08421867055499e-06,1.88148292498977e-05,-3.0821049863607e-05,-2.68733342541467e-05,-3.27757594199339e-05,1.8352571953194e-05,-2.61413587280516e-05,-9.98578431962215e-06
1.9,-7.09331601904998e-06,-5.64433870842804e-05,9.0013763147827e-06,1.85652227015277e-05,-3.04028061786895e-05,-2.65518704070992e-05,-3.24220980700615e-05,1.81084890473707e-05,-2.5850945521596e-05,-9.86054746730271e-06
1.902,-6.96178412206444e-06,-5.58454283539155e-05,8.91853395901041e-06,1.83156161531576e-05,-2.99845624937719e-05,-2.62304065600517e-05,-3.20684367201892e-05,1.78644061415473e-05,-2.55605323151405e-05,-9.73531061498327e-06
1.904,-6.83025222507889e-06,-5.52474696235505e-05,8.83569160323812e-06,1.80660096047875e-05,-2.95663188088544e-05,-2.59089427130041e-05,-3.17147753703169e-05,1.76203232357239e-05,-2.52701191086849e-05,-9.61007376266382e-06
1.906,-6.69872032809335e-06,-5.46495108931856e-05,8.75284924746583e-06,1.78164030564174e-05,-2.91480751239369e-05,-2.55874788659566e-05,-3.13611140204446e-05,1.73762403299005e-05,-2.49797059022294e-05,-9.48483691034438e-06
1.908,-6.5671884311078e-06,-5.40515521628207e-05,8.67000689169355e-06,1.75667965080473e-05,-2.87298314390193e-05,-2.52660150189091e-05,-3.10074526705723e-05,1.71321574240772e-05,-2.46892926957738e-05,-9.35960005802494e-06
1.91,-6.43565653412225e-06,-5.34535934324557e-05,8.58716453592126e-06,1.73171899596772e-05,-2.83115877541018e-05,-2.49445511718616e-05,-3.06537913207e-05,1.68880745182538e-05,-2.43988794893183e-05,-9.23436320570549e-06
1.912,-6.30412463713671e-06,-5.28556347020908e-05,8.50432218014897e-06,1.70675834113072e-05,-2.78933440691843e-05,-2.46230873248141e-05,-3.03001299708277e-05,1.66439916124304e-05,-2.41084662828627e-05,-9.10912635338605e-06
1.914,-6.17259274015116e-06,-5.22576759717259e-05,8.42147982437668e-06,1.68179768629371e-05,-2.74751003842668e-05,-2.43016234777665e-05,-2.99464686209554e-05,1.6399908706607e-05,-2.38180530764072e-05,-8.98388950106661e-06
1.916,-6.04106084316562e-06,-5.16597172413609e-05,8.33863746860439e-06,1.6568370314567e-05,-2.70568566993492e-05,-2.3980159630719e-05,-2.95928072710831e-05,1.61558258007837e-05,-2.35276398699516e-05,-8.85865264874716e-06
1.918,-5.90952894618007e-06,-5.1061758510996e-05,8.2557951128321e-06,1.63187637661969e-05,-2.66386130144317e-05,-2.36586957836715e-05,-2.92391459212108e-05,1.59117428949603e-05,-2.32372266634961e-05,-8.73341579642772e-06
1.92,-5.77799704919453e-06,-5.0463799780631e-05,8.17295275705981e-06,1.60691572178268e-05,-2.62395465700059e-05,-2.3337231936624e-05,-2.88854845713385e-05,1.56676599891369e-05,-2.29468134570405e-05,-8.60817894410828e-06
1.922,-5.64646515220898e-06,-4.98658410502661e-05,8.09011040128752e-06,1.58195506694567e-05,-2.59400128074601e-05,-2.30157680895764e-05,-2.85318232214662e-05,1.54235770833135e-05,-2.2656400250585e-05,-8.48294209178883e-06
1.924,-5.51493325522344e-06,-4.92678823199012e-05,8.00726804551523e-06,1.55699441210867e-05,-2.56404790449143e-05,-2.26943042425289e-05,-2.81781618715939e-05,1.52318718452512e-05,-2.23659870441294e-05,-8.35770523946939e-06
1.926,-5.38340135823789e-06,-4.86699235895362e-05,7.92442568974294e-06,1.53203375727166e-05,-2.53409452823685e-05,-2.23728403954814e-05,-2.78245005217216e-05,1.50468741457834e-05,-2.20755738376739e-05,-8.23246838714995e-06
1.928,-5.25186946125235e-06,-4.80719648591713e-05,7.84158333397065e-06,1.50707310243465e-05,-2.50414115198227e-05,-2.20513765484339e-05,-2.74708391718493e-05,1.48618764463156e-05,-2.17851606312183e-05,-8.1072315348305e-06
1.93,-5.1203375642668e-06,-4.74740061288064e-05,7.74798449677252e-06,1.48211244759764e-05,-2.47418777572769e-05,-2.17299127013864e-05,-2.71313789611239e-05,1.46768787468478e-05,-2.14947474247628e-05,-7.98199468251106e-06
1.932,-4.98880566728126e-06,-4.68760473984414e-05,7.64877405977679e-06,1.45715179276063e-05,-2.44423439947311e-05,-2.14084488543388e-05,-2.68650275189224e-05,1.449188104738e-05,-2.12043342183072e-05,-7.85675783019162e-06
1.934,-4.85727377029571e-06,-4.62780886680765e-05,7.54956362278107e-06,1.43219113792362e-05,-2.41428102321853e-05,-2.10869850072913e-05,-2.65986760767209e-05,1.43068833479122e-05,-2.09139210118517e-05,-7.73152097787217e-06
1.936,-4.72574187331017e-06,-4.56801299377116e-05,7.45035318578535e-06,1.40723048308662e-05,-2.38432764696394e-05,-2.07655211602438e-05,-2.63323246345194e-05,1.41218856484444e-05,-2.06235078053961e-05,-7.60628412555273e-06
1.938,-4.59420997632462e-06,-4.5103567177289e-05,7.35114274878963e-06,1.38226982824961e-05,-2.35437427070936e-05,-2.04440573131963e-05,-2.6065973192318e-05,1.39368879489766e-05,-2.03330945989406e-05,-7.48104727323329e-06
1.94,-4.46267807933908e-06,-4.4654237402316e-05,7.2519323117939e-06,1.3573091734126e-05,-2.32442089445478e-05,-2.01225934661487e-05,-2.57996217501165e-05,1.37518902495088e-05,-2.0042681392485e-05,-7.35581042091384e-06
1.942,-4.33114618235353e-06,-4.42049076273429e-05,7.15272187479818e-06,1.33234851857559e-05,-2.2944675182002e-05,-1.98580349905579e-05,-2.5533270307915e-05,1.3566892550041e-05,-1.97522681860295e-05,-7.25588420140232e-06
1.944,-4.19961428536799e-06,-4.37555778523699e-05,7.05351143780246e-06,1.30738786373858e-05,-2.26451414194562e-05,-1.96285739321341e-05,-2.52669188657135e-05,1.33818948505733e-05,-1.94648337656391e-05,-7.16800106564985e-06
1.946,-4.06808238838244e-06,-4.33062480773969e-05,6.95430100080674e-06,1.28518121173008e-05,-2.23456076569104e-05,-1.93991128737103e-05,-2.5000567423512e-05,1.31968971511055e-05,-1.92532878379404e-05,-7.08011792989738e-06
1.948,-3.96031797917423e-06,-4.28569183024238e-05,6.85509056381102e-06,1.26728503189808e-05,-2.20460738943646e-05,-1.91696518152866e-05,-2.47342159813106e-05,1.30118994516377e-05,-1.90417419102416e-05,-6.9922347941449e-06
1.95,-3.87419088786002e-06,-4.24075885274508e-05,6.75588012681529e-06,1.24938885206608e-05,-2.17465401318188e-05,-1.89401907568628e-05,-2.44678645391091e-05,1.28269017521699e-05,-1.88301959825429e-05,-6.90435165839243e-06
1.952,-3.78806379654581e-06,-4.19582587524777e-05,6.65666968981957e-06,1.23149267223408e-05,-2.1447006369273e-05,-1.8710729698439e-05,-2.42015130969076e-05,1.26419040527021e-05,-1.86186500548442e-05,-6.81646852263996e-06
1.954,-3.7019367052316e-06,-4.15089289775047e-05,6.55745925282385e-06,1.21359649240209e-05,-2.11474726067272e-05,-1.84812686400152e-05,-2.39351616547061e-05,1.24569063532343e-05,-1.84071041271454e-05,-6.72858538688749e-06
1.956,-3.61580961391739e-06,-4.10595992025316e-05,6.45824881582813e-06,1.19570031257009e-05,-2.08479388441813e-05,-1.82518075815915e-05,-2.36688102125046e-05,1.22719086537665e-05,-1.81955581994467e-05,-6.64070225113502e-06
1.958,-3.52968252260318e-06,-4.06102694275586e-05,6.3590383788324e-06,1.17780413273809e-05,-2.05484050816355e-05,-1.80223465231677e-05,-2.34024587703032e-05,1.20869109542987e-05,-1.7984012271748e-05,-6.55281911538254e-06
1.96,-3.44355543128897e-06,-4.01609396525856e-05,6.25982794183668e-06,1.15990795290609e-05,-2.02488713190897e-05,-1.77928854647439e-05,-2.31361073281017e-05,1.19019132548309e-05,-1.77724663440493e-05,-6.46493597963007e-06
1.962,-3.35742833997476e-06,-3.97116098776125e-05,6.16061750484096e-06,1.14201177307409e-05,-1.99493375565439e-05,-1.75634244063201e-05,-2.28697558859002e-05,1.17169155553631e-05,-1.75609204163505e-05,-6.3770528438776e-06
1.964,-3.27130124866056e-06,-3.92622801026395e-05,6.06140706784524e-06,1.12411559324209e-05,-1.96498037939981e-05,-1.73339633478964e-05,-2.26034044436987e-05,1.15319178558954e-05,-1.73493744886518e-05,-6.28916970812513e-06
1.966,-3.18517415734635e-06,-3.88129503276664e-05,5.96219663084951e-06,1.10621941341009e-05,-1.93502700314523e-05,-1.71045022894726e-05,-2.23370530014972e-05,1.13469201564276e-05,-1.71378285609531e-05,-6.20128657237266e-06
1.968,-3.09904706603214e-06,-3.83636205526934e-05,5.86298619385379e-06,1.08832323357809e-05,-1.90507362689065e-05,-1.68750412310488e-05,-2.20707015592958e-05,1.11619224569598e-05,-1.69262826332543e-05,-6.11340343662018e-06
1.97,-3.01291997471793e-06,-3.79142907777203e-05,5.76377575685807e-06,1.07042705374609e-05,-1.87628115126763e-05,-1.6645580172625e-05,-2.18043501170943e-05,1.0976924757492e-05,-1.67147367055556e-05,-6.02552030086771e-06
1.972,-2.92679288340372e-06,-3.74649610027473e-05,5.66456531986235e-06,1.05253087391409e-05,-1.85351391964702e-05,-1.64161191142013e-05,-2.15379986748928e-05,1.07919270580242e-05,-1.65031907778569e-05,-5.93763716511524e-06
1.974,-2.84066579208951e-06,-3.70156312277743e-05,5.56535488286663e-06,1.03463469408209e-05,-1.83074668802641e-05,-1.61866580557775e-05,-2.12716472326913e-05,1.06415698255588e-05,-1.62916448501582e-05,-5.84975402936277e-06
1.976,-2.7545387007753e-06,-3.65663014528012e-05,5.4661444458709e-06,1.01673851425009e-05,-1.8079794564058e-05,-1.59571969973537e-05,-2.10052957904898e-05,1.04956486873162e-05,-1.60800989224594e-05,-5.7618708936103e-06
1.978,-2.66841160946109e-06,-3.61169716778282e-05,5.36693400887518e-06,9.98842334418092e-06,-1.78521222478519e-05,-1.572773593893e-05,-2.07389443482884e-05,1.03497275490735e-05,-1.58685529947607e-05,-5.67398775785782e-06
1.98,-2.58228451814688e-06,-3.56676419028551e-05,5.27122963522877e-06,9.80946154586092e-06,-1.76244499316458e-05,-1.54982748805062e-05,-2.04805339857583e-05,1.02038064108308e-05,-1.5657007067062e-05,-5.58610462210535e-06
1.982,-2.49615742683267e-06,-3.52183121278821e-05,5.17735435639528e-06,9.63049974754093e-06,-1.73967776154397e-05,-1.52688138220824e-05,-2.02630050306649e-05,1.00578852725881e-05,-1.54454611393632e-05,-5.49822148635288e-06
1.984,-2.41003033551846e-06,-3.4768982352909e-05,5.08347907756179e-06,9.45153794922093e-06,-1.71691052992336e-05,-1.50393527636586e-05,-2.00454760755714e-05,9.91196413434546e-06,-1.52339152116645e-05,-5.41033835060041e-06
1.986,-2.32390324420425e-06,-3.4319652577936e-05,4.9896037987283e-06,9.27257615090094e-06,-1.69414329830275e-05,-1.48098917052349e-05,-1.9827947120478e-05,9.76604299610278e-06,-1.50223692839658e-05,-5.32245521484794e-06
1.988,-2.23777615289004e-06,-3.38812245872774e-05,4.89572851989481e-06,9.09361435258094e-06,-1.67137606668214e-05,-1.45804306468111e-05,-1.96104181653845e-05,9.62012185786011e-06,-1.48108233562671e-05,-5.23457207909546e-06
1.99,-2.15164906157583e-06,-3.35076249997616e-05,4.80185324106132e-06,8.91465255426095e-06,-1.64860883506153e-05,-1.43509695883873e-05,-1.9392889210291e-05,9.47420071961743e-06,-1.45992774285683e-05,-5.14668894334299e-06
1.992,-2.06552197026162e-06,-3.31340254122459e-05,4.70797796222783e-06,8.73569075594095e-06,-1.62584160344092e-05,-1.414828223567e-05,-1.91753602551976e-05,9.32827958137476e-06,-1.43877315008696e-05,-5.07061086251407e-06
1.994,-1.97939487894741e-06,-3.27604258247301e-05,4.61410268339434e-06,8.55672895762096e-06,-1.60307437182031e-05,-1.39621080502379e-05,-1.89578313001041e-05,9.18235844313209e-06,-1.41775404617827e-05,-5.00014975958938e-06
1.996,-1.8932677876332e-06,-3.23868262372143e-05,4.52022740456085e-06,8.39053136587063e-06,-1.5803071401997e-05,-1.37759338648058e-05,-1.87403023450107e-05,9.03643730488941e-06,-1.40018669920238e-05,-4.9296886566647e-06
1.998,-1.81793750388217e-06,-3.20132266496985e-05,4.42635212572736e-06,8.24431187897339e-06,-1.55753990857909e-05,-1.35897596793737e-05,-1.85227733899172e-05,8.89051616664674e-06,-1.38261935222649e-05,-4.85922755374002e-06
2,-1.75243635982286e-06,-3.16396270621827e-05,4.33247684689387e-06,8.09809239207615e-06,-1.53477267695848e-05,-1.34035854939417e-05,-1.83052444348238e-05,8.74459502840406e-06,-1.3650520052506e-05,-4.78876645081534e-06
