Tempo,Sim_1,Sim_2,Sim_3,Sim_4,Sim_5,Sim_6,Sim_7,Sim_8,Sim_9,Sim_10
0,0,0,0,0,0,0,0,0,0,0
0.01,0.0145619261309454,0.0184354465538471,0.000389013583622253,-0.00623901928754518,0.00963059257248601,0.0170246562731321,0.0301277302316116,0.0107641295034339,0.0160963765070821,-0.012111087669747
0.02,0.0406471516864686,0.0470808197794489,0.0192333272482655,0.00339612446318984,0.0319394559998418,0.0440808543618992,0.0669607333056166,0.035325103897423,0.0432972283869691,-0.00297939461239439
0.03,0.0645039802134837,0.0690410049407276,0.0343889517764007,0.0219822996261003,0.0537512568243458,0.064404926762831,0.0969719272748825,0.054413650443897,0.064299523712639,0.0138883112832862
0.04,0.0818112166987033,0.0847638499524164,0.0450448604112258,0.0367264812855392,0.0694546827857369,0.0788028989149668,0.119659896340794,0.0678973619889412,0.0793339630887505,0.0262306913919744
0.05,0.09369066207984,0.0953991414720224,0.052269755099078,0.0471646153752738,0.0801633773687293,0.0884697282326317,0.135925808485111,0.0769901328686536,0.0895038422731046,0.0349854527137014
0.06,0.100941481827416,0.101689979314747,0.0567527479214699,0.0541612585074242,0.0866261236022636,0.0939771476241043,0.146565376483662,0.0824871657868694,0.0954939975542111,0.0410410693669261
0.07,0.104395972424724,0.104499847609544,0.0590809412416079,0.0585857605024364,0.0899107383664375,0.096337399752554,0.152370160903577,0.0848549515356197,0.098031310202892,0.0450340606211215
0.08,0.104804955746018,0.104434725741181,0.0597474138037213,0.0609160387025324,0.0902803206367371,0.0959680078891841,0.15411444834322,0.0849454491824056,0.0979743954405008,0.0474153135238842
0.09,0.102738345906861,0.102071092207962,0.0592244974102765,0.0615959762282514,0.0886877986214792,0.0936548976890506,0.152294323851992,0.0832980871272764,0.0958217548380478,0.0486068621768368
0.1,0.0988392345803566,0.0980640114238646,0.0578169466932099,0.0611591969673231,0.0855567788235471,0.0898932448014856,0.147906075292538,0.0803545074375662,0.0920881741526618,0.0489103602083186
0.11,0.0935829605167442,0.0927291473023851,0.0555176928353949,0.059883546396879,0.0809685169261661,0.0847812229010839,0.141117996086416,0.0761092695735034,0.0872912559668043,0.0483652382492031
0.12,0.0873605328358919,0.0863046845810446,0.0528174315362458,0.0577008901933957,0.0757490654453092,0.0789100532793047,0.132575384950737,0.0713573387287806,0.0813420080698934,0.0472877827995907
0.13,0.0802484164075017,0.0794335974863188,0.0498814319421779,0.0551363860456977,0.0700229298242276,0.0726539203558481,0.12276240762707,0.0661439949440835,0.0749781918999414,0.045938011478896
0.14,0.0728781192634379,0.0721520104920117,0.0466301472164564,0.052298278194713,0.0638131224693833,0.0659335833712353,0.112041788111321,0.0605633131446204,0.0682822976234003,0.044176820143303
0.15,0.0653080308227117,0.0647210788286773,0.043373422047796,0.0491407811580124,0.0575800718536645,0.0592119450624717,0.100675491871745,0.0549350093469569,0.0614140081741986,0.0423094238243204
0.16,0.057783572214373,0.0572420258679829,0.040089600663088,0.0459499958642216,0.0513408932378373,0.0524881483840283,0.0889917637323951,0.0493307685093498,0.0545172855988109,0.0402691327439019
0.17,0.0502753459870576,0.0500585828005218,0.0368082624028359,0.042681386500726,0.0452249948771364,0.0459574819184496,0.0772968796622295,0.0437443460335024,0.0479169665284845,0.0381982121467511
0.18,0.0432882930872039,0.0429283347793076,0.0337555455502033,0.0394127771372305,0.0394462668368475,0.0397276953675195,0.0656279044854023,0.0385842148973981,0.0413310241687897,0.0360662517779872
0.19,0.0363012401873502,0.0363513561008137,0.0307028286975706,0.0362803611215691,0.0336675387965586,0.0335403675169505,0.0544554256599744,0.0334240837612938,0.0353461069823692,0.0339342914092233
0.2,0.0301659396117253,0.0300841483497159,0.0278286382220138,0.033184777086522,0.0287271532537657,0.0282519203193771,0.0435378479132949,0.02874756248043,0.0295652317811797,0.031872840399266
0.21,0.0241545713151471,0.0238385546321439,0.0252711512130823,0.0301346249237128,0.0238434645297477,0.0229634731218038,0.0333396677272032,0.0244084969738314,0.0238224807247112,0.0298169400454263
0.22,0.0185471704877503,0.0187860920529326,0.0227136642041508,0.0274537800996737,0.0190637568061874,0.0179989155291176,0.0234804776724441,0.0200694314672328,0.0191876638834225,0.0277610396915867
0.23,0.0138190315317905,0.0137336294737213,0.0201561771952192,0.0247729352756346,0.0153292549426095,0.0139115704259637,0.0147344761390306,0.0163796528488015,0.0145528470421338,0.0259358647121783
0.24,0.00909089257583083,0.00898457550761692,0.0180527675007477,0.0220920904515955,0.0115947530790316,0.00982422532280985,0.00598847460561716,0.0130693657336421,0.0101237619081046,0.0241123229447104
0.25,0.00501975277998788,0.00526411369847537,0.0161448537587714,0.0197617694057975,0.00790787217959688,0.00611210379909567,-0.00119651410595444,0.00975907861848276,0.00673451795323786,0.0222887811772425
0.26,0.00166240754546239,0.00154365188933381,0.0142369400167952,0.0176654712138209,0.00534225302623397,0.00326251666747196,-0.00816773080077953,0.00692244878231859,0.00334527399837117,0.0205246022571043
0.27,-0.0016949376890631,-0.00191613648166706,0.0123290262748189,0.0155691730218443,0.00277663387287106,0.000412929535848243,-0.0144212355443897,0.0046469470312401,1.24290216389859e-05,0.0190648025119437
0.28,-0.00456833836580991,-0.00433348682769286,0.0108183805811467,0.0134728748298676,0.000211014719508145,-0.00239612067668974,-0.0194991226735121,0.00237144528016162,-0.00217094088121755,0.0176050027667831
0.29,-0.00662535949360315,-0.00675083717371865,0.00953601758685965,0.0117200463383582,-0.00165832430811546,-0.00409774582026663,-0.0245770098026346,9.59435290831398e-05,-0.00435431078407408,0.0161452030216225
0.3,-0.0086823806213964,-0.00916818751974446,0.00825365459257259,0.0102349974023565,-0.00318151034795393,-0.00579937096384353,-0.0283626504035164,-0.00131044388193488,-0.00653768068693062,0.0146854032764619
0.31,-0.0107394017491896,-0.0106756835214639,0.00697129159828552,0.00874994846635485,-0.0047046963877924,-0.00750099610742042,-0.0314727808812706,-0.00266777217155342,-0.00816792613066437,0.0133310427519454
0.32,-0.0119052960073022,-0.0119628420352531,0.00572873159044747,0.00726489953035316,-0.00622788242763086,-0.00892665010840257,-0.0345829113590248,-0.00402510046117197,-0.0093298165829459,0.0122644413930645
0.33,-0.0129009683413699,-0.0132500005490424,0.00493830025502973,0.00584811088056335,-0.00697502564953276,-0.00972834723879571,-0.037087643064463,-0.00531425278287518,-0.0104917070352274,0.0111978400341835
0.34,-0.0138966406754376,-0.0144154387048026,0.00414786891961198,0.00490047211358877,-0.0077076048474464,-0.0105300443691889,-0.0383670233485784,-0.00597463162087856,-0.011653597487509,0.0101312386753026
0.35,-0.0147150360621259,-0.0148649232605357,0.00335743758419424,0.00395283334661419,-0.00844018404536003,-0.011331741499582,-0.0396464036326939,-0.00663501045888194,-0.0121885933441415,0.00906463731642165
0.36,-0.0149717078463586,-0.0153144078162688,0.00256700624877649,0.00300519457963961,-0.00902500786912323,-0.0117598711199632,-0.0409257839168095,-0.00729538929688532,-0.0126089459413705,0.00808640212017586
0.37,-0.0152283796305914,-0.0157638923720018,0.00199123321759986,0.00205755581266503,-0.00922979070279997,-0.0119589148143839,-0.04121493316261,-0.00785895930624852,-0.0130292985385995,0.00734933119918735
0.38,-0.0154850514148242,-0.0159869992231679,0.00154139905471534,0.00123734093486852,-0.0094345735364767,-0.0121579585088046,-0.0411216805103959,-0.00805212700765599,-0.0134299988781165,0.00661226027819884
0.39,-0.0155110703411647,-0.0158901396995919,0.00109156489183083,0.000700350343171468,-0.00963935637015343,-0.0123570022032253,-0.0410284278581819,-0.00824529470906345,-0.0133686875213462,0.00587518935721033
0.4,-0.0153015566986149,-0.0157932801760159,0.000641730728946312,0.000163359751474417,-0.00973920988493452,-0.0122857927844189,-0.0408091443448183,-0.00843846241047092,-0.013307376164576,0.00513811843622182
0.41,-0.0150920430560651,-0.01569642065244,0.000191896566061798,-0.00037363084022263,-0.00962032243398788,-0.0121116333530918,-0.0398391782521151,-0.00862296902425024,-0.0132460648078057,0.00446863830459236
0.42,-0.0148825294135153,-0.0154714673014225,-5.63311375654828e-05,-0.000910621431919681,-0.00950143498304123,-0.0119374739217647,-0.0388692121594118,-0.00852833140336764,-0.0131847534510355,0.00398362339408093
0.43,-0.0145716746751755,-0.0150628527038596,-0.000277990099165276,-0.00133692458522823,-0.00938254753209459,-0.0117633144904376,-0.0378992460667086,-0.00843369378248504,-0.0128715802011501,0.00349860848356949
0.44,-0.0141176064072304,-0.0146542381062966,-0.000499649060765069,-0.00159492730580405,-0.00926366008114795,-0.0115109705295278,-0.036736692289772,-0.00833905616160244,-0.0125379086617407,0.00301359357305805
0.45,-0.0136635381392853,-0.0142456235087336,-0.000721308022364863,-0.00185293002637986,-0.00900153095348677,-0.0111495007261453,-0.0352982359842536,-0.00824441854071984,-0.0122042371223313,0.00252857866254662
0.46,-0.0132094698713402,-0.0138370089111706,-0.000942966983964656,-0.00211093274695568,-0.00872406633865831,-0.0107880309227627,-0.0338597796787353,-0.00810107987609812,-0.011870565582922,0.0020926570376963
0.47,-0.0127554016033951,-0.0133170533839271,-0.00104334410675866,-0.00236893546753149,-0.00844660172382984,-0.0104265611193801,-0.032421323373217,-0.00786559723235954,-0.0115086455708656,0.00179071822146181
0.48,-0.0122494988376749,-0.0127884078795739,-0.0011277380814942,-0.00255770802416797,-0.00816913710900138,-0.0100650913159976,-0.0309396613232322,-0.00763011458862096,-0.0110724145903051,0.00148877940522732
0.49,-0.0117280769870264,-0.0122597623752207,-0.00121213205622974,-0.00264121600228693,-0.00789167249417292,-0.00968503147495667,-0.0293792517601265,-0.00739463194488239,-0.0106361836097447,0.00118684058899284
0.5,-0.0112066551363779,-0.0117311168708674,-0.00129652603096529,-0.00272472398040589,-0.00758152254494881,-0.00928050536586984,-0.0278188421970208,-0.00715914930114381,-0.0101999526291842,0.000884901772758348
0.51,-0.0106852332857293,-0.0112024713665142,-0.00138092000570083,-0.00280823195852486,-0.00726787329623534,-0.00887597925678301,-0.0262584326339152,-0.00691129160406672,-0.00976372164862381,0.000617130495092499
0.52,-0.0101638114350808,-0.0106881325954074,-0.00139992207209791,-0.00289173993664382,-0.00695422404752187,-0.00847145314769618,-0.0246980230708095,-0.00664001989840077,-0.00933075277953201,0.000442607463480429
0.53,-0.00967707923770335,-0.0101749104413864,-0.00141030645456893,-0.00293583551187344,-0.0066405747988084,-0.00806692703860935,-0.0232489829791029,-0.00636874819273483,-0.00890636528280792,0.000268084431868358
0.54,-0.00920073301295723,-0.00966168828736532,-0.00142069083703995,-0.00292000446346913,-0.00632692555009493,-0.00767933875775657,-0.0218403505418599,-0.00609747648706888,-0.00848197778608383,9.35614002562881e-05
0.55,-0.00872438678821111,-0.00914846613334427,-0.00143107521951097,-0.00290417341506482,-0.00603996997060746,-0.0073140422792824,-0.0204317181046169,-0.00582620478140294,-0.00805759028935974,-8.09616313557823e-05
0.56,-0.00824804056346499,-0.00863524397932323,-0.00144145960198199,-0.00288834236666051,-0.00575587222154513,-0.00694874580080824,-0.0190230856673739,-0.00556170143236324,-0.00763320279263565,-0.00023268921696367
0.57,-0.00777169433871888,-0.00819637401270609,-0.0014200973097043,-0.00287251131825619,-0.00547177447248281,-0.00658344932233408,-0.017614453230131,-0.00531000403703092,-0.0072264459492695,-0.000322204672375713
0.58,-0.00736375488692915,-0.00776330711247657,-0.00139455127641584,-0.00283687371028101,-0.00518767672342048,-0.00621815284385992,-0.0164248059221122,-0.0050583066416986,-0.0068660686373831,-0.000411720127787758
0.59,-0.00697629620691801,-0.00733024021224704,-0.00136900524312738,-0.00277112019579235,-0.00490357897435815,-0.00588196749661567,-0.0153146119447344,-0.00480660924636628,-0.00650569132549669,-0.000501235583199802
0.6,-0.00658883752690686,-0.00689717331201751,-0.00134345920983893,-0.0027053666813037,-0.00466585976796093,-0.00558409518309854,-0.0142044179673565,-0.00455491185103396,-0.00614531401361028,-0.000590751038611846
0.61,-0.00620137884689572,-0.00646410641178799,-0.00131791317655047,-0.00263961316681504,-0.00443310585910973,-0.00528622286958141,-0.0130942239899786,-0.00431722740060122,-0.00578493670172388,-0.000665770478899175
0.62,-0.00581392016688457,-0.00611897128222555,-0.00127988462821219,-0.00257385965232638,-0.00420035195025853,-0.00498835055606429,-0.0119840300126008,-0.00410605590354808,-0.00544552251279802,-0.000701228158469284
0.63,-0.00549718258296487,-0.00578069908327185,-0.00124021106947377,-0.00250048869113495,-0.00396759804140732,-0.00469047824254716,-0.0111069190184646,-0.00389488440649494,-0.00516125431316276,-0.000736685838039393
0.64,-0.00520161867186121,-0.00544242688431816,-0.00120053751073536,-0.00241553538966117,-0.00373484413255612,-0.00442207192309835,-0.0103143764121449,-0.0036837129094418,-0.0048769861135275,-0.000772143517609501
0.65,-0.00490605476075755,-0.00510415468536447,-0.00116086395199694,-0.00233058208818739,-0.00354891291949708,-0.00419244567082132,-0.00952183380582516,-0.00347254141238866,-0.00459271791389224,-0.00080760119717961
0.66,-0.00461049084965388,-0.00476588248641078,-0.00112119039325852,-0.00224562878671361,-0.00336799455512095,-0.00396281941854429,-0.00872929119950544,-0.00327649115163202,-0.00430844971425698,-0.000834394866996272
0.67,-0.00431492693855022,-0.00450717716038169,-0.001079398101527,-0.00216067548523983,-0.00318707619074483,-0.00373319316626726,-0.00793674859318571,-0.00310905076808847,-0.00404331507244241,-0.000837543177880248
0.68,-0.00407925370774185,-0.00425468189839991,-0.00103732659220233,-0.00207518022212812,-0.00300615782636871,-0.00350356691399024,-0.00734158489375754,-0.00294161038454493,-0.00382851353112325,-0.000840691488764225
0.69,-0.00386151155746513,-0.00400218663641814,-0.000995255082877657,-0.00198886090545155,-0.00282523946199259,-0.00329897006578877,-0.00681803524230765,-0.00277417000100139,-0.00361371198980408,-0.000843839799648202
0.7,-0.0036437694071884,-0.00374969137443637,-0.000953183573552983,-0.00190254158877498,-0.00268408739694803,-0.00312731430788513,-0.00629448559085775,-0.00260672961745784,-0.00339891044848491,-0.000846988110532178
0.71,-0.00342602725691168,-0.0034971961124546,-0.000911112064228309,-0.00181622227209841,-0.00254719272114295,-0.00295565854998149,-0.00577093593940785,-0.00245280751710526,-0.00318410890716574,-0.000845421479077232
0.72,-0.00320828510663496,-0.00330840041739203,-0.00087199179431431,-0.00172990295542184,-0.00241029804533787,-0.00278400279207784,-0.00524738628795795,-0.0023244624538839,-0.00298482342002052,-0.000830987075410188
0.73,-0.00303644745946222,-0.00312457636914445,-0.000833260453995388,-0.00164674804608902,-0.00227340336953279,-0.0026123470341742,-0.0048689344159812,-0.00219611739066253,-0.00282635475959139,-0.000816552671743144
0.74,-0.00287835347554168,-0.00294075232089688,-0.000794529113676465,-0.00156840462334447,-0.00213650869372771,-0.00246016840010621,-0.0045431276797202,-0.00206777232744117,-0.00266788609916226,-0.000802118268076099
0.75,-0.00272025949162114,-0.00275692827264931,-0.000755797773357543,-0.00149006120059993,-0.00203074503534507,-0.00233362352436003,-0.0042173209434592,-0.00193942726421981,-0.00250941743873312,-0.000787683864409055
0.76,-0.00256216550770059,-0.00257310422440173,-0.00071706643303862,-0.00141171777785538,-0.00192831427091576,-0.00220707864861385,-0.0038915142071982,-0.00182212511018543,-0.00235094877830399,-0.000771094341856863
0.77,-0.00240407152378005,-0.00243684985270554,-0.000683333313821635,-0.00133337435511083,-0.00182588350648646,-0.00208053377286767,-0.0035657074709372,-0.00172571650412028,-0.00220426877842316,-0.0007486231823915
0.78,-0.00227927104622081,-0.00230430821631282,-0.000650258886035187,-0.00125979603962402,-0.00172345274205715,-0.00195398889712149,-0.00333538591322404,-0.00162930789805514,-0.00208860025281411,-0.000726152022926138
0.79,-0.00216443853931748,-0.0021717665799201,-0.00061718445824874,-0.00119346307758626,-0.00162102197762784,-0.00184192793222611,-0.00313970878771203,-0.00153289929198999,-0.00197293172720506,-0.000703680863460776
0.8,-0.00204960603241414,-0.00203922494352738,-0.000584110030462292,-0.0011271301155485,-0.00154195408778643,-0.00174892917966953,-0.00294403166220002,-0.00143649068592485,-0.00185726320159601,-0.000681209703995413
0.81,-0.00193477352551081,-0.00190668330713466,-0.000551035602675844,-0.00106079715351073,-0.00146538743272286,-0.00165593042711295,-0.00274835453668801,-0.00134866656849016,-0.00174159467598696,-0.000658157535754771
0.82,-0.00181994101860747,-0.00180831456352711,-0.000523382552284629,-0.000994464191472969,-0.00138882077765929,-0.00156293167455636,-0.00255267741117601,-0.00127708458634382,-0.00163456541819183,-0.000633519708976627
0.83,-0.00172862486651364,-0.00171261295820309,-0.000496443959049093,-0.000933236256597208,-0.00131225412259571,-0.00146993292199978,-0.00241395240003207,-0.00120550260419748,-0.00155026278234331,-0.000608881882198483
0.84,-0.00164434943677964,-0.00161691135287908,-0.000469505365813558,-0.000879770523945893,-0.00123568746753214,-0.00138743036693477,-0.00229589105308129,-0.00113392062205114,-0.00146596014649479,-0.000584244055420339
0.85,-0.00156007400704563,-0.00152120974755506,-0.000442566772578022,-0.000826304791294578,-0.00117635258556327,-0.00131874181192786,-0.0021778297061305,-0.00106233863990479,-0.00138165751064628,-0.000559606228642195
0.86,-0.00147579857731162,-0.00142550814223104,-0.000415628179342486,-0.000772839058643263,-0.00111886254122283,-0.00125005325692094,-0.00205976835917972,-0.000997235113159484,-0.00129735487479776,-0.00053528250771162
0.87,-0.00139152314757762,-0.00135391699947128,-0.000393726956872179,-0.000719373325991949,-0.0010613724968824,-0.00118136470191403,-0.00194170701222894,-0.000944389037453216,-0.00121926731445393,-0.000511816027910727
0.88,-0.0013237662624767,-0.00128420763880538,-0.000372489585177543,-0.000670685774550903,-0.00100388245254196,-0.00111267614690711,-0.00185464743825578,-0.000891542961746948,-0.00115752924973949,-0.000488349548109834
0.89,-0.0012609549774695,-0.00121449827813949,-0.000351252213482907,-0.000629263455525312,-0.000946392408201527,-0.00105155955544297,-0.00177883608980173,-0.000838696886040679,-0.00109579118502504,-0.000464883068308941
0.9,-0.0011981436924623,-0.00114478891747359,-0.000330014841788272,-0.000587841136499722,-0.000901562052175075,-0.00100040839240217,-0.00170302474134768,-0.000785850810334411,-0.00103405312031059,-0.000441416588508048
0.91,-0.0011353324074551,-0.0010750795568077,-0.000308777470093636,-0.000546418817474131,-0.000858087045318878,-0.00094925722936138,-0.00162721339289363,-0.000737811810239841,-0.000972315055596146,-0.000418716718289477
0.92,-0.0010725211224479,-0.00102232559186308,-0.000291868149506685,-0.000504996498448541,-0.000814612038462681,-0.000898106066320587,-0.00155140204443958,-0.000698867955562488,-0.000915026511336909,-0.000398109038552112
0.93,-0.00102145141178354,-0.000970894967770085,-0.000275529201881918,-0.000467687336982973,-0.000771137031606484,-0.000846954903279794,-0.00149125117705227,-0.000659924100885135,-0.000869442960070989,-0.000377501358814748
0.94,-0.000973897091394797,-0.000919464343677088,-0.000259190254257151,-0.0004366322383752,-0.000727662024750288,-0.000801285788418014,-0.00143678232736453,-0.000620980246207782,-0.000823859408805069,-0.000356893679077383
0.95,-0.000926342771006055,-0.00086803371958409,-0.000242851306632384,-0.000405577139767426,-0.000693541697671733,-0.000762831573421081,-0.00138231347767679,-0.000582036391530428,-0.000778275857539149,-0.000336285999340019
0.96,-0.000878788450617312,-0.000816603095491093,-0.000226512359007617,-0.000374522041159652,-0.000660422884782166,-0.000724377358424149,-0.00132784462798904,-0.000546629928709832,-0.000732692306273228,-0.000316613155460456
0.97,-0.00083123413022857,-0.000777211094666186,-0.000213712389015851,-0.000343466942551879,-0.000627304071892599,-0.000685923143427217,-0.0012733757783013,-0.000517916327814806,-0.000690311893028108,-0.000299491616349691
0.98,-0.000792192060959881,-0.000738758688659933,-0.000201378803802224,-0.000315775984669151,-0.000594185259003033,-0.000647468928430284,-0.00122669396130515,-0.000489202726919781,-0.00065635771547906,-0.000282370077238927
0.99,-0.000755698532792859,-0.000700306282653681,-0.000189045218588598,-0.000293200208310563,-0.000561066446113466,-0.000613029503495735,-0.0011828374762635,-0.000460489126024755,-0.000622403537930012,-0.000265248538128162
1,-0.000719205004625837,-0.000661853876647428,-0.000176711633374971,-0.000270624431951974,-0.000534935666009922,-0.000583873926373646,-0.00113898099122185,-0.00043177552512973,-0.000588449360380963,-0.000248126999017397
1.01,-0.000682711476458814,-0.000623401470641175,-0.000164378048161345,-0.000248048655593386,-0.00050955302631895,-0.000554718349251558,-0.0010951245061802,-0.000405656580125714,-0.000554495182831915,-0.000231940527638251
1.02,-0.000646217948291792,-0.000593642512860464,-0.000154839237439935,-0.000225472879234798,-0.000484170386627978,-0.000525562772129469,-0.00105126802113855,-0.000384446809543448,-0.000522871898598529,-0.000218305993845707
1.03,-0.000616060861559353,-0.000564562064467999,-0.000145668736557319,-0.000205535676607655,-0.000458787746937006,-0.000496407195007381,-0.0010118674383006,-0.000363237038961182,-0.000497380306578409,-0.000204671460053163
1.04,-0.000587800885380465,-0.000535481616075535,-0.000136498235674702,-0.000189610429693507,-0.000433405107246035,-0.000470231433599007,-0.000974083569220107,-0.000342027268378916,-0.00047188871455829,-0.000191036926260619
1.05,-0.000559540909201578,-0.00050640116768307,-0.000127327734792086,-0.000173685182779359,-0.000413296105633398,-0.000447977394745436,-0.000936299700139611,-0.00032081749779665,-0.00044639712253817,-0.000177402392468075
1.06,-0.00053128093302269,-0.000477320719290605,-0.00011815723390947,-0.000157759935865212,-0.000393751700937876,-0.000425723355891865,-0.000898515831059115,-0.000301513466995335,-0.000420905530518051,-0.000164614463755355
1.07,-0.000503020956843803,-0.00045464817838773,-0.000111141396780006,-0.000141834688951064,-0.000374207296242353,-0.000403469317038295,-0.00086073196197862,-0.000285815158640517,-0.000397128467330785,-0.000154137045020846
1.08,-0.000479579000728652,-0.000432475764163925,-0.000104409512385115,-0.000127910235220053,-0.000354662891546831,-0.000381215278184724,-0.00082638819211221,-0.0002701168502857,-0.000377861676245292,-0.000143659626286337
1.09,-0.000457579544604151,-0.000410303349940119,-9.76776279902237e-05,-0.00011702799082583,-0.000335118486851309,-0.000361204876436734,-0.00079329257704637,-0.000254418541930883,-0.000358594885159799,-0.000133182207551829
1.1,-0.00043558008847965,-0.000388130935716313,-9.09457435953325e-05,-0.000106145746431607,-0.000319597569365584,-0.000344147315765879,-0.000760196961980529,-0.000238720233576066,-0.000339328094074305,-0.00012270478881732
1.11,-0.000413580632355149,-0.000365958521492507,-8.42138592004413e-05,-9.52635020373845e-05,-0.000304507407354724,-0.000327089755095023,-0.000727101346914689,-0.000224422796917498,-0.000320061302988812,-0.000112948047162653
1.12,-0.000391581176230648,-0.000348593445470181,-7.91114440288422e-05,-8.43812576431616e-05,-0.000289417245343864,-0.000310032194424168,-0.000694005731848848,-0.000212775855657265,-0.000302073624151263,-0.000105158139423499
1.13,-0.000373300209904246,-0.000331603574316803,-7.4223768740057e-05,-7.49659865415486e-05,-0.000274327083333005,-0.000292974633753313,-0.00066423761170621,-0.000201128914397032,-0.000287450802279888,-9.73682316843442e-05
1.14,-0.000356132547679534,-0.000314613703163425,-6.93360934512717e-05,-6.77812507522359e-05,-0.000259236921322145,-0.00027762138014355,-0.000635676790686008,-0.000189481973136799,-0.000272827980408514,-8.95783239451897e-05
1.15,-0.000338964885454823,-0.000297623832010046,-6.44484181624863e-05,-6.05965149629232e-05,-0.000247236169833233,-0.000264511157675288,-0.000607115969665806,-0.000177835031876566,-0.000258205158537139,-8.17884162060351e-05
1.16,-0.000321797223230111,-0.000280633960856668,-5.9560742873701e-05,-5.34117791736106e-05,-0.000235566171352109,-0.000251400935207026,-0.000578555148645604,-0.000167221622289638,-0.000243582336665765,-7.4581808787782e-05
1.17,-0.0003046295610054,-0.000267297374413166,-5.5885781239036e-05,-4.62270433842979e-05,-0.000223896172870985,-0.000238290712738765,-0.000549994327625402,-0.000158563688676321,-0.000229922198091022,-6.89671138726028e-05
1.18,-0.000290365554501488,-0.000254245920854714,-5.23706372825756e-05,-4.00862316762926e-05,-0.000212226174389861,-0.000225180490270503,-0.000524810585131471,-0.000149905755063004,-0.000218794512475039,-6.33524189574236e-05
1.19,-0.000276970893349961,-0.000241194467296262,-4.88554933261152e-05,-3.55327082566614e-05,-0.000200556175908737,-0.000213377751522116,-0.000500852131942339,-0.000141247821449687,-0.000207666826859057,-5.77377240422444e-05
1.2,-0.000263576232198433,-0.000228143013737811,-4.53403493696549e-05,-3.09791848370303e-05,-0.000191269217132838,-0.000203295786434556,-0.000476893678753206,-0.00013258988783637,-0.000196539141243074,-5.21230291270653e-05
1.21,-0.000250181571046906,-0.000215091560179359,-4.18252054131945e-05,-2.64256614173992e-05,-0.000182237387141081,-0.000193213821346995,-0.000452935225564073,-0.00012469696970579,-0.000185411455627091,-4.69638581069452e-05
1.22,-0.000236786909895379,-0.000204842663917654,-3.92012027003599e-05,-2.18721379977681e-05,-0.000173205557149324,-0.000183131856259434,-0.00042897677237494,-0.000118251486070514,-0.000175013262349997,-4.30478789007317e-05
1.23,-0.00022566608663855,-0.000194812502660472,-3.66946391901142e-05,-1.80398936625977e-05,-0.000164173727157566,-0.000173049891171874,-0.000408302843448466,-0.000111806002435238,-0.000166534085470586,-3.91318996945181e-05
1.24,-0.000215226043266083,-0.000184782341403291,-3.41880756798686e-05,-1.53043553656481e-05,-0.000155141897165809,-0.000163970376462565,-0.000388820622804485,-0.000105360518799962,-0.000158054908591175,-3.52159204883045e-05
1.25,-0.000204785999893615,-0.000174752180146109,-3.1681512169623e-05,-1.25688170686985e-05,-0.000147952313358139,-0.000156210182354315,-0.000369338402160503,-9.89150351646864e-05,-0.000149575731711764,-3.1299941282091e-05
1.26,-0.000194345956521148,-0.000164722018888928,-2.91749486593774e-05,-9.83327877174897e-06,-0.000140959960854674,-0.000148449988246066,-0.000349856181516522,-9.30365820688826e-05,-0.000141096554832353,-2.77271172289442e-05
1.27,-0.000183905913148681,-0.000156849703267234,-2.73165364571582e-05,-7.09774047479939e-06,-0.00013396760835121,-0.000140689794137816,-0.00033037396087254,-8.82309694334933e-05,-0.000133173295228607,-2.50908141395045e-05
1.28,-0.000175246151317264,-0.000149145803961376,-2.55435409869286e-05,-4.84348098442652e-06,-0.000126975255847745,-0.000132929600029567,-0.000313889229133502,-8.34253567981039e-05,-0.000126712442165527,-2.24545110500649e-05
1.29,-0.000167119400156692,-0.000141441904655519,-2.3770545516699e-05,-3.32100671368881e-06,-0.00011998290334428,-0.000125943574277373,-0.000298492062006274,-7.86197441627145e-05,-0.000120251589102447,-1.98182079606252e-05
1.3,-0.000158992648996121,-0.000133738005349662,-2.19975500464694e-05,-1.7985324429511e-06,-0.000114419361081154,-0.00011997642814555,-0.000283094894879046,-7.38141315273251e-05,-0.000113790736039367,-1.71819048711855e-05
1.31,-0.000150865897835549,-0.000126034106043804,-2.02245545762398e-05,-2.7605817221339e-07,-0.000109008787574104,-0.000114009282013726,-0.000267697727751818,-6.94309908984373e-05,-0.000107329882976287,-1.47964129484273e-05
1.32,-0.000142739146674978,-0.000119995328390246,-1.89174061173713e-05,1.24641609852432e-06,-0.000103598214067054,-0.000108042135881903,-0.00025230056062459,-6.58471812233804e-05,-0.000101293173720825,-1.30954216471221e-05
1.33,-0.000136006857182399,-0.000114086510753052,-1.76716493872933e-05,2.45930101882285e-06,-9.81876405600032e-05,-0.000102074989750079,-0.000239474535634941,-6.22633715483234e-05,-9.63722252189751e-05,-1.13944303458169e-05
1.34,-0.000129692065109181,-0.000108177693115859,-1.64258926572153e-05,3.20145482087562e-06,-9.27770670529528e-05,-9.67035698453536e-05,-0.000227581385891686,-5.86795618732665e-05,-9.14512767171253e-05,-9.69343904451174e-06
1.35,-0.000123377273035963,-0.000102268875478665,-1.51801359271373e-05,3.94360862292839e-06,-8.84725494235237e-05,-9.21161826479338e-05,-0.000215688236148432,-5.50957521982095e-05,-8.65303282152755e-05,-7.99244774320655e-06
1.36,-0.000117062480962745,-9.63600578414714e-05,-1.39343791970593e-05,4.68576242498116e-06,-8.42864463931598e-05,-8.7528795450514e-05,-0.000203795086405177,-5.18262344025486e-05,-8.16093797134257e-05,-6.469241915527e-06
1.37,-0.000110747688889527,-9.1735507214524e-05,-1.30212397784251e-05,5.42791622703393e-06,-8.01003433627959e-05,-8.29414082530942e-05,-0.000191901936661922,-4.91513671964479e-05,-7.70118365513037e-05,-5.43123883536565e-06
1.38,-0.000105517602095157,-8.72111915232271e-05,-1.21519343895844e-05,5.98053184721792e-06,-7.5914240332432e-05,-7.83540210556745e-05,-0.000182105502368297,-4.64764999903473e-05,-7.32650496164248e-05,-4.39323575520433e-06
1.39,-0.000100612272635522,-8.268687583193e-05,-1.12826290007436e-05,6.24495434908311e-06,-7.17281373020681e-05,-7.42266505125897e-05,-0.000173069809347238,-4.38016327842466e-05,-6.95182626815458e-05,-3.35523267504298e-06
1.4,-9.5706943175887e-05,-7.81625601406329e-05,-1.04133236119028e-05,6.5093768509483e-06,-6.83986577983208e-05,-7.07047058958762e-05,-0.000164034116326179,-4.11267655781459e-05,-6.57714757466668e-05,-2.31722959488163e-06
1.41,-9.08016137162519e-05,-7.36382444493359e-05,-9.54401822306208e-06,6.77379935281349e-06,-6.51608886082261e-05,-6.71827612791628e-05,-0.00015499842330512,-3.86865988948663e-05,-6.20246888117879e-05,-1.40060877698924e-06
1.42,-8.58962842566169e-05,-7.00981399684248e-05,-8.91030326637251e-06,7.03822185467868e-06,-6.19231194181315e-05,-6.36608166624493e-05,-0.000145962730284061,-3.66904933325225e-05,-5.85249792574257e-05,-8.15258033933754e-07
1.43,-8.18382234819292e-05,-6.66348515596796e-05,-8.3076356354434e-06,7.19432087668593e-06,-5.86853502280369e-05,-6.01388720457358e-05,-0.000138566823681767,-3.46943877701787e-05,-5.56752361515536e-05,-2.29907290878268e-07
1.44,-7.80338322756424e-05,-6.31715631509344e-05,-7.7049680045143e-06,7.18571386880724e-06,-5.54475810379423e-05,-5.6969568464927e-05,-0.00013176587296973,-3.26982822078349e-05,-5.28254930456814e-05,3.55443452177219e-07
1.45,-7.42294410693556e-05,-5.97082747421893e-05,-7.10230037358519e-06,7.17710686092856e-06,-5.28732352366505e-05,-5.42643742241326e-05,-0.000124964922257693,-3.07021766454912e-05,-4.99757499398093e-05,9.40794195232705e-07
1.46,-7.04250498630688e-05,-5.62449863334441e-05,-6.49963274265608e-06,7.16849985304987e-06,-5.03699156973993e-05,-5.15591799833382e-05,-0.000118163971545656,-2.88807739353138e-05,-4.71260068339372e-05,1.4462365576819e-06
1.47,-6.6620658656782e-05,-5.35403736539846e-05,-6.06236824023164e-06,7.15989284517118e-06,-4.78665961581482e-05,-4.88539857425439e-05,-0.00011136302083362,-2.73899147766857e-05,-4.44644622715509e-05,1.73359717796612e-06
1.48,-6.34737822244307e-05,-5.0894974371971e-05,-5.64690141764331e-06,7.09570267057408e-06,-4.5363276618897e-05,-4.61487915017495e-05,-0.000105804743701903,-2.58990556180577e-05,-4.22979963710179e-05,2.02095779825033e-06
1.49,-6.05237636388105e-05,-4.82495750899574e-05,-5.23143459505499e-06,6.94699819925494e-06,-4.28599570796459e-05,-4.37148808496606e-05,-0.000100697339902113,-2.44081964594296e-05,-4.01315304704849e-05,2.30831841853455e-06
1.5,-5.75737450531904e-05,-4.56041758079438e-05,-4.81596777246666e-06,6.7982937279358e-06,-4.08698329625054e-05,-4.16380053536981e-05,-9.55899361023239e-05,-2.29173373008015e-05,-3.79650645699519e-05,2.59567903881876e-06
1.51,-5.46237264675702e-05,-4.29587765259302e-05,-4.40050094987834e-06,6.64958925661666e-06,-3.89346516664113e-05,-3.95611298577356e-05,-9.04825323025346e-05,-2.15573136384017e-05,-3.5798598669419e-05,2.83295661923673e-06
1.52,-5.167370788195e-05,-4.08918271093127e-05,-4.1006233817927e-06,6.50088478529752e-06,-3.69994703703171e-05,-3.74842543617731e-05,-8.53751285027453e-05,-2.04448350449904e-05,-3.3775433923831e-05,2.93355020600999e-06
1.53,-4.92325029595432e-05,-3.88700247567965e-05,-3.81597876356069e-06,6.3294224101285e-06,-3.50642890742229e-05,-3.54073788658106e-05,-8.11911648956337e-05,-1.93323564515792e-05,-3.21292399173264e-05,3.03414379278325e-06
1.54,-4.69436352409502e-05,-3.68482224042804e-05,-3.53133414532868e-06,6.12335660459927e-06,-3.31291077781287e-05,-3.35390380216446e-05,-7.73422486920417e-05,-1.82198778581679e-05,-3.04830459108217e-05,3.1347373795565e-06
1.55,-4.46547675223571e-05,-3.48264200517643e-05,-3.24668952709667e-06,5.91729079907005e-06,-3.15907579226182e-05,-3.1945148729514e-05,-7.34933324884497e-05,-1.71073992647566e-05,-2.8836851904317e-05,3.23533096632976e-06
1.56,-4.23658998037641e-05,-3.28046176992481e-05,-2.96204490886466e-06,5.71122499354082e-06,-3.00948929332739e-05,-3.03512594373833e-05,-6.96444162848576e-05,-1.60922613007539e-05,-2.71906578978123e-05,3.30653897818665e-06
1.57,-4.00770320851711e-05,-3.1226272332818e-05,-2.75760775160615e-06,5.5051591880116e-06,-2.85990279439297e-05,-2.87573701452527e-05,-6.57955000812656e-05,-1.52612950142924e-05,-2.5653483971602e-05,3.29754942723899e-06
1.58,-3.81841907188346e-05,-2.96825380574689e-05,-2.56374074843465e-06,5.29558685693158e-06,-2.71031629545855e-05,-2.71634808531221e-05,-6.26267010445373e-05,-1.4430328727831e-05,-2.44031003385976e-05,3.28855987629134e-06
1.59,-3.640991839162e-05,-2.81388037821198e-05,-2.36987374526315e-06,5.0806828479649e-06,-2.56072979652412e-05,-2.57299770947628e-05,-5.97046656776749e-05,-1.35993624413695e-05,-2.31527167055933e-05,3.27957032534368e-06
1.6,-3.46356460644054e-05,-2.65950695067707e-05,-2.17600674209165e-06,4.86577883899822e-06,-2.44182182177837e-05,-2.45075560427469e-05,-5.67826303108124e-05,-1.27683961549081e-05,-2.1902333072589e-05,3.27058077439602e-06
1.61,-3.28613737371909e-05,-2.50513352314216e-05,-1.98213973892015e-06,4.65087483003153e-06,-2.32619829695527e-05,-2.3285134990731e-05,-5.38605949439499e-05,-1.20102733776149e-05,-2.06519494395847e-05,3.24610712202682e-06
1.62,-3.10871014099763e-05,-2.38463863471443e-05,-1.8435231824604e-06,4.43597082106485e-06,-2.21057477213218e-05,-2.20627139387151e-05,-5.09385595770874e-05,-1.13899729193579e-05,-1.94843798032872e-05,3.17937507587902e-06
1.63,-2.96196466370208e-05,-2.26678791074801e-05,-1.71218781565596e-06,4.22787373094668e-06,-2.09495124730909e-05,-2.08402928866993e-05,-4.85181587954441e-05,-1.07696724611009e-05,-1.85346622391306e-05,3.11264302973122e-06
1.64,-2.82440520708089e-05,-2.1489371867816e-05,-1.58085244885152e-06,4.03012657217084e-06,-1.97932772248599e-05,-1.97407316218874e-05,-4.6279763699308e-05,-1.01493720028438e-05,-1.7584944674974e-05,3.04591098358341e-06
1.65,-2.68684575045969e-05,-2.03108646281518e-05,-1.44951708204709e-06,3.832379413395e-06,-1.88741892306365e-05,-1.88028655908911e-05,-4.40413686031718e-05,-9.52907154458679e-06,-1.66352271108174e-05,2.97917893743561e-06
1.66,-2.5492862938385e-05,-1.91323573884876e-05,-1.31818171524265e-06,3.63463225461916e-06,-1.79804902764886e-05,-1.78649995598949e-05,-4.18029735070356e-05,-8.96320588719884e-06,-1.56855095466609e-05,2.90586453596537e-06
1.67,-2.41172683721731e-05,-1.82127692977203e-05,-1.22475861344127e-06,3.43688509584332e-06,-1.70867913223408e-05,-1.69271335288986e-05,-3.95645784108994e-05,-8.5003326663053e-06,-1.47986710946737e-05,2.81458591715805e-06
1.68,-2.2979444564099e-05,-1.73133894222393e-05,-1.13633178602643e-06,3.25057654211074e-06,-1.61930923681929e-05,-1.59892674979023e-05,-3.76997764925874e-05,-8.03745944541175e-06,-1.40772436290567e-05,2.72330729835072e-06
1.69,-2.19128085700757e-05,-1.64140095467584e-05,-1.04790495861158e-06,3.08166040622312e-06,-1.5299393414045e-05,-1.51456627889421e-05,-3.59705236062486e-05,-7.57458622451821e-06,-1.33558161634396e-05,2.63202867954339e-06
1.7,-2.08461725760524e-05,-1.55146296712774e-05,-9.59478131196728e-07,2.91274427033549e-06,-1.45890079914765e-05,-1.44261149976542e-05,-3.42412707199097e-05,-7.11171300362466e-06,-1.26343886978225e-05,2.54075006073607e-06
1.71,-1.97795365820291e-05,-1.46152497957965e-05,-8.7105130378188e-07,2.74382813444787e-06,-1.38982481581611e-05,-1.37065672063662e-05,-3.25120178335708e-05,-6.68943497073267e-06,-1.19129612322054e-05,2.44826279666943e-06
1.72,-1.87129005880059e-05,-1.3912625325258e-05,-8.08460681492136e-07,2.57491199856024e-06,-1.32074883248457e-05,-1.29870194150783e-05,-3.0782764947232e-05,-6.34396437087023e-06,-1.12393463860249e-05,2.3524769616418e-06
1.73,-1.78299239790323e-05,-1.32253572916567e-05,-7.49274887953752e-07,2.41863184335361e-06,-1.25167284915303e-05,-1.22674716237903e-05,-2.93357667944223e-05,-5.99849377100778e-06,-1.06915083243609e-05,2.25669112661416e-06
1.74,-1.70019344099034e-05,-1.25380892580554e-05,-6.90089094415368e-07,2.28156471762508e-06,-1.1825968658215e-05,-1.16203457070705e-05,-2.79911777812081e-05,-5.65302317114533e-06,-1.0143670262697e-05,2.16090529158653e-06
1.75,-1.61739448407746e-05,-1.18508212244541e-05,-6.30903300876983e-07,2.14449759189656e-06,-1.1276881524558e-05,-1.10685339058e-05,-2.66465887679939e-05,-5.30755257128289e-06,-9.59583220103301e-06,2.06511945655889e-06
1.76,-1.53459552716457e-05,-1.11635531908527e-05,-5.71717507338599e-07,2.00743046616803e-06,-1.07429619030204e-05,-1.05167221045296e-05,-2.53019997547797e-05,-4.9923706433643e-06,-9.04799413936905e-06,1.97110483754699e-06
1.77,-1.45179657025169e-05,-1.06269788074943e-05,-5.30033597842255e-07,1.8703633404395e-06,-1.02090422814829e-05,-9.96491030325918e-06,-2.39574107415656e-05,-4.73449588056569e-06,-8.5364492655298e-06,1.88192412796401e-06
1.78,-1.38331253672289e-05,-1.0102165816599e-05,-4.90656177154959e-07,1.7453261195759e-06,-9.6751226599453e-06,-9.41309850198875e-06,-2.2829079260892e-05,-4.47662111776708e-06,-8.12037794068756e-06,1.79274341838104e-06
1.79,-1.31911434604542e-05,-9.57735282570372e-06,-4.51278756467662e-07,1.63858038891187e-06,-9.14120303840773e-06,-8.91670396361842e-06,-2.17792114699557e-05,-4.21874635496847e-06,-7.70430661584531e-06,1.70356270879806e-06
1.8,-1.25491615536796e-05,-9.05253983480843e-06,-4.11901335780365e-07,1.53183465824785e-06,-8.71678451890754e-06,-8.4932438449307e-06,-2.07293436790194e-05,-3.96087159216987e-06,-7.28823529100306e-06,1.61438199921508e-06
1.81,-1.19071796469049e-05,-8.52772684391315e-06,-3.72523915093068e-07,1.42508892758382e-06,-8.30408921281573e-06,-8.06978372624297e-06,-1.96794758880832e-05,-3.72562291566048e-06,-6.87216396616082e-06,1.52840421128246e-06
1.82,-1.12651977401302e-05,-8.11808102842094e-06,-3.44941970498443e-07,1.3183431969198e-06,-7.89139390672392e-06,-7.64632360755525e-06,-1.86296080971469e-05,-3.5331835397833e-06,-6.48368566985693e-06,1.45116766836355e-06
1.83,-1.07338386340354e-05,-7.71742382224708e-06,-3.18914494756417e-07,1.2220460025461e-06,-7.47869860063211e-06,-7.22286348886753e-06,-1.77479582490254e-05,-3.34074416390613e-06,-6.16779411833982e-06,1.37393112544464e-06
1.84,-1.02355996450916e-05,-7.31676661607323e-06,-2.9288701901439e-07,1.14163582484465e-06,-7.06600329454031e-06,-6.84195799001239e-06,-1.69273421152824e-05,-3.14830478802896e-06,-5.85190256682272e-06,1.29669458252573e-06
1.85,-9.73736065614775e-06,-6.91610940989938e-06,-2.66859543272363e-07,1.0612256471432e-06,-6.73793766523777e-06,-6.51705844200866e-06,-1.61067259815394e-05,-2.95586541215179e-06,-5.53601101530561e-06,1.21945803960682e-06
1.86,-9.2391216672039e-06,-6.51545220372552e-06,-2.40832067530336e-07,9.80815469441754e-07,-6.41893250878184e-06,-6.19215889400493e-06,-1.52861098477963e-05,-2.78031529965383e-06,-5.22011946378851e-06,1.14595953586435e-06
1.87,-8.74088267826004e-06,-6.20240011400434e-06,-2.22703201871811e-07,9.00405291740305e-07,-6.09992735232591e-06,-5.8672593460012e-06,-1.44654937140533e-05,-2.63672022985375e-06,-4.92512360954974e-06,1.08266269169368e-06
1.88,-8.32852545699972e-06,-5.89618546006577e-06,-2.05615255906325e-07,8.28621250968652e-07,-5.78092219586999e-06,-5.54235979799748e-06,-1.3776979713196e-05,-2.49312516005367e-06,-4.68509637332171e-06,1.01936584752301e-06
1.89,-7.94188096574917e-06,-5.58997080612719e-06,-1.88527309940837e-07,7.69953265634127e-07,-5.46191703941406e-06,-5.25008629890637e-06,-1.31363956995471e-05,-2.34953009025359e-06,-4.44506913709368e-06,9.56069003352343e-07
1.9,-7.55523647449862e-06,-5.28375615218862e-06,-1.7143936397535e-07,7.11285280299601e-07,-5.20830358582881e-06,-5.000751801481e-06,-1.24958116858981e-05,-2.20593502045351e-06,-4.20504190086565e-06,8.92772159181672e-07
1.91,-7.16859198324807e-06,-4.97754149825004e-06,-1.54351418009863e-07,6.52617294965076e-07,-4.96169098313571e-06,-4.75141730405564e-06,-1.18552276722492e-05,-2.07493490410287e-06,-3.96501466463762e-06,8.33032969992321e-07
1.92,-6.78194749199752e-06,-4.73843139464228e-06,-1.42522401855047e-07,5.9394930963055e-07,-4.71507838044261e-06,-4.50208280663027e-06,-1.12146436586003e-05,-1.96776485459518e-06,-3.74088895557693e-06,7.83003145333468e-07
1.93,-6.46204132388519e-06,-4.50455869122512e-06,-1.31386434672944e-07,5.42058433133836e-07,-4.46846577774952e-06,-4.2527483092049e-06,-1.06779083893315e-05,-1.86059480508749e-06,-3.55859410580781e-06,7.32973320674615e-07
1.94,-6.16211639894526e-06,-4.27068598780797e-06,-1.2025046749084e-07,5.00472161809009e-07,-4.22185317505642e-06,-4.02849590028872e-06,-1.01788520649898e-05,-1.75342475557979e-06,-3.3762992560387e-06,6.82943496015762e-07
1.95,-5.86219147400532e-06,-4.03681328439082e-06,-1.09114500308737e-07,4.58885890484183e-07,-4.02586149048988e-06,-3.83725391942532e-06,-9.67979574064808e-06,-1.6462547060721e-06,-3.19400440626958e-06,6.32913671356909e-07
1.96,-5.56226654906539e-06,-3.80294058097367e-06,-9.79785331266336e-08,4.17299619159356e-07,-3.83528929317127e-06,-3.64601193856191e-06,-9.18073941630636e-06,-1.54848206213282e-06,-3.01170955650046e-06,5.8610088031982e-07
1.97,-5.26234162412545e-06,-3.62029035651387e-06,-9.03134567246697e-08,3.7571334783453e-07,-3.64471709585267e-06,-3.4547699576985e-06,-8.68168309196465e-06,-1.46848961910847e-06,-2.84149037466078e-06,5.4806784794527e-07
1.98,-5.01409918184098e-06,-3.44163796259958e-06,-8.3105792263191e-08,3.39363409600179e-07,-3.45414489853406e-06,-3.2635279768351e-06,-8.26429900714956e-06,-1.38849717608413e-06,-2.70303767415915e-06,5.1003481557072e-07
1.99,-4.78133031163821e-06,-3.26298556868529e-06,-7.58981278017123e-08,3.1097532447121e-07,-3.26357270121545e-06,-3.09147600415619e-06,-7.87654767171011e-06,-1.30850473305979e-06,-2.56458497365751e-06,4.72001783196171e-07
2,-4.54856144143543e-06,-3.08433317477099e-06,-6.86904633402336e-08,2.82587239342242e-07,-3.11206534821789e-06,-2.9446799181342e-06,-7.48879633627067e-06,-1.22851229003544e-06,-2.42613227315588e-06,4.33968750821621e-07
2.01,-4.31579257123267e-06,-2.9056807808567e-06,-6.14827988787551e-08,2.54199154213274e-07,-2.96474028652352e-06,-2.79788383211221e-06,-7.10104500083123e-06,-1.15554265630066e-06,-2.28767957265425e-06,3.98593037559846e-07
2.02,-4.08302370102989e-06,-2.76608351245613e-06,-5.65595072924398e-08,2.25811069084304e-07,-2.81741522482915e-06,-2.65108774609021e-06,-6.71329366539178e-06,-1.0958604090947e-06,-2.15839574643133e-06,3.70469539612723e-07
2.03,-3.8904169218387e-06,-2.62953443260316e-06,-5.19372621797273e-08,2.01133717521566e-07,-2.67009016313478e-06,-2.50429166006821e-06,-6.38966165416424e-06,-1.03617816188874e-06,-2.05323173497709e-06,3.42346041665602e-07
2.04,-3.7098345458551e-06,-2.49298535275018e-06,-4.73150170670146e-08,1.82098542469958e-07,-2.52276510144041e-06,-2.37223197504055e-06,-6.08929375171489e-06,-9.76495914682786e-07,-1.94806772352284e-06,3.14222543718479e-07
2.05,-3.52925216987152e-06,-2.35643627289721e-06,-4.26927719543021e-08,1.6306336741835e-07,-2.40564909920397e-06,-2.25956680353604e-06,-5.78892584926556e-06,-9.16813667476829e-07,-1.8429037120686e-06,2.86099045771358e-07
2.06,-3.34866979388793e-06,-2.21988719304424e-06,-3.80705268415894e-08,1.44028192366741e-07,-2.29176728588711e-06,-2.14690163203152e-06,-5.48855794681622e-06,-8.62368106188842e-07,-1.73773970061436e-06,2.60134653320827e-07
2.07,-3.16808741790434e-06,-2.11322703680103e-06,-3.49390388359783e-08,1.24993017315133e-07,-2.17788547257026e-06,-2.03423646052701e-06,-5.18819004436689e-06,-8.17830527170234e-07,-1.63953575860655e-06,2.40062777833375e-07
2.08,-3.0186463098774e-06,-2.00889966206726e-06,-3.2004010513009e-08,1.08723332628096e-07,-2.06400365925341e-06,-1.92157128902249e-06,-4.93776323987327e-06,-7.73292948151623e-07,-1.55964110743663e-06,2.19990902345923e-07
2.09,-2.87852879912528e-06,-1.90457228733349e-06,-2.90689821900398e-08,9.66585806041696e-08,-1.95012184593656e-06,-1.82023229780751e-06,-4.70545632590604e-06,-7.28755369133015e-07,-1.47974645626671e-06,1.99919026858471e-07
2.1,-2.73841128837316e-06,-1.80024491259972e-06,-2.61339538670705e-08,8.45938285802426e-08,-1.85959270112514e-06,-1.73379964341625e-06,-4.4731494119388e-06,-6.84217790114404e-07,-1.39985180509679e-06,1.79847151371019e-07
2.11,-2.59829377762105e-06,-1.69591753786595e-06,-2.31989255441013e-08,7.25290765563162e-08,-1.77156369842601e-06,-1.647366989025e-06,-4.24084249797157e-06,-6.43583286696034e-07,-1.31995715392688e-06,1.61435760655816e-07
2.12,-2.45817626686893e-06,-1.61445276881726e-06,-2.1227409290518e-08,6.04643245323893e-08,-1.68353469572688e-06,-1.56093433463374e-06,-4.00853558400433e-06,-6.10333530892651e-07,-1.24535748989856e-06,1.47556077493972e-07
2.13,-2.34220628032567e-06,-1.53477238867786e-06,-1.93828696412868e-08,5.02957107366405e-08,-1.59550569302774e-06,-1.47450168024249e-06,-3.81505750925001e-06,-5.7708377508927e-07,-1.18468691958181e-06,1.33676394332129e-07
2.14,-2.23346598626701e-06,-1.45509200853845e-06,-1.75383299920555e-08,4.30101782459571e-08,-1.50747669032861e-06,-1.39675031861889e-06,-3.63566751714914e-06,-5.43834019285887e-07,-1.12401634926506e-06,1.19796711170285e-07
2.15,-2.12472569220837e-06,-1.37541162839905e-06,-1.56937903428243e-08,3.5724645755274e-08,-1.43748284653152e-06,-1.33042436880685e-06,-3.45627752504827e-06,-5.10584263482505e-07,-1.06334577894831e-06,1.05917028008442e-07
2.16,-2.01598539814971e-06,-1.29573124825964e-06,-1.3849250693593e-08,2.84391132645906e-08,-1.36941985103394e-06,-1.26409841899481e-06,-3.2768875329474e-06,-4.80254167247947e-07,-1.00267520863156e-06,9.32838343603128e-08
2.17,-1.90724510409107e-06,-1.23345250063835e-06,-1.26266282684043e-08,2.11535807739075e-08,-1.30135685553635e-06,-1.19777246918277e-06,-3.09749754084653e-06,-4.5544816310019e-07,-9.4602122330409e-07,8.40524942183962e-08
2.18,-1.81727178732e-06,-1.17253192191944e-06,-1.14859653119197e-08,1.51271402541213e-08,-1.23329386003877e-06,-1.13144651937073e-06,-2.94817320160631e-06,-4.30642158952431e-07,-8.99933342713053e-07,7.48211540764792e-08
2.19,-1.73291724427834e-06,-1.11161134320053e-06,-1.03453023554352e-08,1.10151511539136e-08,-1.16523086454119e-06,-1.07178012361002e-06,-2.8097574398852e-06,-4.05836154804673e-07,-8.53845462122018e-07,6.55898139345627e-08
2.2,-1.64856270123667e-06,-1.05069076448161e-06,-9.20463939895063e-09,6.90316205370582e-09,-1.11113834039099e-06,-1.02087833809276e-06,-2.67134167816409e-06,-3.81030150656915e-07,-8.0775758153098e-07,5.63584737926457e-08
2.21,-1.56420815819502e-06,-9.89770185762696e-07,-8.0639764424661e-09,2.79117295349819e-09,-1.05854149814695e-06,-9.69976552575499e-07,-2.53292591644298e-06,-3.58399520969264e-07,-7.61669700939945e-07,4.80205865080686e-08
2.22,-1.47985361515335e-06,-9.42211781473378e-07,-7.31636873678617e-09,-1.32081614670962e-09,-1.0059446559029e-06,-9.1907476705824e-07,-2.39451015472187e-06,-3.39884771423674e-07,-7.18631652645071e-07,4.21210636877998e-08
2.23,-1.41004393053585e-06,-8.95696273001998e-07,-6.62055988516907e-09,-4.6027878647923e-09,-9.53347813658864e-07,-8.68172981540983e-07,-2.27925788582388e-06,-3.21370021878084e-07,-6.83616551096196e-07,3.62215408675313e-08
2.24,-1.34458893059447e-06,-8.49180764530616e-07,-5.92475103355194e-09,-6.62271678360958e-09,-9.0075097141482e-07,-8.22389390398262e-07,-2.1724099166178e-06,-3.02855272332493e-07,-6.4860144954732e-07,3.03220180472625e-08
2.25,-1.2791339306531e-06,-8.02665256059235e-07,-5.22894218193484e-09,-8.64264570242676e-09,-8.58926524135635e-07,-7.83341832704224e-07,-2.06556194741173e-06,-2.84340522786904e-07,-6.13586347998445e-07,2.4422495226994e-08
2.26,-1.21367893071173e-06,-7.56149747587855e-07,-4.53313333031773e-09,-1.06625746212439e-08,-8.1825537196255e-07,-7.44294275010186e-07,-1.95871397820565e-06,-2.6745177909501e-07,-5.7857124644957e-07,1.91564293062975e-08
2.27,-1.14822393077036e-06,-7.1982168331105e-07,-4.08034230738152e-09,-1.26825035400612e-08,-7.77584219789463e-07,-7.05246717316147e-07,-1.85186600899957e-06,-2.53639492043951e-07,-5.45875180899793e-07,1.56191605805494e-08
2.28,-1.09406790484392e-06,-6.84288732359699e-07,-3.65957743093931e-09,-1.42111049415377e-08,-7.36913067616378e-07,-6.6619915962211e-07,-1.76286361528319e-06,-2.39827204992892e-07,-5.192796154812e-07,1.20818918548014e-08
2.29,-1.04329475605276e-06,-6.48755781408345e-07,-3.23881255449708e-09,-1.49926420420796e-08,-6.96241915443291e-07,-6.3107321208861e-07,-1.68033604666056e-06,-2.26014917941833e-07,-4.92684050062606e-07,8.54462312905332e-09
2.3,-9.92521607261605e-07,-6.13222830456993e-07,-2.81804767805487e-09,-1.57741791426215e-08,-6.6391611051914e-07,-6.01108478702331e-07,-1.59780847803793e-06,-2.12202630890775e-07,-4.66088484644013e-07,5.00735440330538e-09
2.31,-9.41748458470445e-07,-5.7768987950564e-07,-2.39728280161264e-09,-1.65557162431634e-08,-6.32483760409102e-07,-5.71143745316052e-07,-1.51528090941529e-06,-1.99600973167881e-07,-4.39492919225418e-07,1.89992548041618e-09
2.32,-8.90975309679287e-07,-5.49939719961693e-07,-2.13694286052211e-09,-1.73372533437053e-08,-6.01051410299066e-07,-5.41179011929773e-07,-1.43275334079266e-06,-1.89289866015734e-07,-4.14657871766307e-07,-3.44072997649536e-11
2.33,-8.48939919043612e-07,-5.22796994533607e-07,-1.89774454722385e-09,-1.78253352683352e-08,-5.69619060189029e-07,-5.11214278543494e-07,-1.36401567750619e-06,-1.78978758863587e-07,-3.94454076278676e-07,-1.96874007994618e-09
2.34,-8.0952058560381e-07,-4.95654269105523e-07,-1.65854623392561e-09,-1.78672181137138e-08,-5.38186710078993e-07,-4.84258625223474e-07,-1.30028133984308e-06,-1.68667651711441e-07,-3.74250280791047e-07,-3.90307286012731e-09
2.35,-7.70101252164006e-07,-4.68511543677438e-07,-1.41934792062735e-09,-1.79091009590923e-08,-5.13197344727053e-07,-4.6126320914589e-07,-1.23654700217996e-06,-1.58356544559294e-07,-3.54046485303416e-07,-5.83740564030853e-09
2.36,-7.30681918724204e-07,-4.41368818249353e-07,-1.1801496073291e-09,-1.79509838044709e-08,-4.88897766819264e-07,-4.38267793068307e-07,-1.17281266451685e-06,-1.48950344724697e-07,-3.33842689815786e-07,-7.49446943099657e-09
2.37,-6.91262585284401e-07,-4.20158678462108e-07,-1.03215647238029e-09,-1.79928666498494e-08,-4.64598188911475e-07,-4.15272376990723e-07,-1.10907832685374e-06,-1.41256259345339e-07,-3.14977157757372e-07,-8.39482530421511e-09
2.38,-6.58650081865387e-07,-3.99411567262537e-07,-8.96182827600936e-10,-1.78819538329178e-08,-4.40298611003687e-07,-3.9227696091314e-07,-1.05594151942767e-06,-1.33562173965982e-07,-2.99632086885702e-07,-9.29518117743361e-09
2.39,-6.28075521857035e-07,-3.78664456062965e-07,-7.60209182821571e-10,-1.75387149592911e-08,-4.15999033095898e-07,-3.71589595958876e-07,-1.00664976338424e-06,-1.25868088586624e-07,-2.84287016014032e-07,-1.01955370506521e-08
2.4,-5.97500961848685e-07,-3.57917344863393e-07,-6.24235538042213e-10,-1.71954760856644e-08,-3.96686509799468e-07,-3.53939847091507e-07,-9.57358007340815e-07,-1.18174003207267e-07,-2.68941945142362e-07,-1.10958929238706e-08
2.41,-5.66926401840334e-07,-3.37170233663821e-07,-4.88261893262849e-10,-1.68522372120376e-08,-3.77907901727635e-07,-3.36290098224137e-07,-9.08066251297386e-07,-1.11155194874372e-07,-2.53596874270692e-07,-1.18245630607872e-08
2.42,-5.36351841831984e-07,-3.2095854686489e-07,-4.07990109386607e-10,-1.65089983384109e-08,-3.59129293655804e-07,-3.18640349356768e-07,-8.58774495253959e-07,-1.05414032959093e-07,-2.39267809359623e-07,-1.20846775319086e-08
2.43,-5.11047064580657e-07,-3.05100842508331e-07,-3.35059004862788e-10,-1.61012920773188e-08,-3.40350685583972e-07,-3.00990600489398e-07,-8.17651868169644e-07,-9.96728710438135e-08,-2.27611469019595e-07,-1.234479200303e-08
2.44,-4.87320043643579e-07,-2.89243138151772e-07,-2.62127900338973e-10,-1.55955630471979e-08,-3.21572077512141e-07,-2.8511464110564e-07,-7.79493207207304e-07,-9.39317091285343e-08,-2.15955128679568e-07,-1.26049064741514e-08
2.45,-4.635930227065e-07,-2.73385433795213e-07,-1.89196795815155e-10,-1.50898340170769e-08,-3.06645203012264e-07,-2.7157315837872e-07,-7.41334546244962e-07,-8.81905472132549e-08,-2.0429878833954e-07,-1.28650209452728e-08
2.46,-4.39866001769422e-07,-2.57527729438654e-07,-1.1626569129134e-10,-1.4584104986956e-08,-2.92130696002907e-07,-2.58031675651801e-07,-7.03175885282622e-07,-8.29530341934097e-08,-1.92642447999513e-07,-1.30260973205752e-08
2.47,-4.16138980832343e-07,-2.45163756072415e-07,-7.54098042510601e-11,-1.4078375956835e-08,-2.77616188993549e-07,-2.44490192924881e-07,-6.65017224320281e-07,-7.86684414754714e-08,-1.81757050818359e-07,-1.29168841428544e-08
2.48,-3.96510086418807e-07,-2.33072462684873e-07,-3.87809552825537e-11,-1.3560019323343e-08,-2.63101681984192e-07,-2.30948710197962e-07,-6.33172815099498e-07,-7.43838487575334e-08,-1.72899711348973e-07,-1.28076709651337e-08
2.49,-3.78108158143579e-07,-2.2098116929733e-07,-2.15210631404579e-12,-1.30224623980866e-08,-2.48587174974835e-07,-2.18769513818715e-07,-6.03619375741138e-07,-7.00992560395952e-08,-1.64042371879586e-07,-1.26984577874129e-08
2.5,-3.59706229868351e-07,-2.08889875909787e-07,3.44767426544606e-11,-1.24849054728302e-08,-2.37047998736838e-07,-2.08383216601378e-07,-5.74065936382779e-07,-6.58146633216571e-08,-1.551850324102e-07,-1.25892446096921e-08
2.51,-3.41304301593122e-07,-1.96798582522245e-07,7.11055916229669e-11,-1.19473485475738e-08,-2.25827362102044e-07,-1.97996919384042e-07,-5.4451249702442e-07,-6.1905978387082e-08,-1.46327692940814e-07,-1.24305132151709e-08
2.52,-3.22902373317894e-07,-1.87349519597795e-07,8.85206691264198e-11,-1.14097916223174e-08,-2.14606725467248e-07,-1.87610622166705e-07,-5.1495905766606e-07,-5.87085233621898e-08,-1.38056951271314e-07,-1.21366393123571e-08
2.53,-3.07671139086945e-07,-1.78106678431226e-07,1.0340365644134e-10,-1.08854210536436e-08,-2.03386088832454e-07,-1.77224324949368e-07,-4.9029125286234e-07,-5.55110683372978e-08,-1.31329324912034e-07,-1.18427654095432e-08
2.54,-2.9338920063906e-07,-1.68863837264656e-07,1.18286643756261e-10,-1.03811003619145e-08,-1.92165452197658e-07,-1.67878328481137e-07,-4.67396079556637e-07,-5.23136133124056e-08,-1.24601698552753e-07,-1.15488915067294e-08
2.55,-2.79107262191176e-07,-1.59620996098087e-07,1.33169631071181e-10,-9.87677967018544e-09,-1.83240667914899e-07,-1.5990146732311e-07,-4.44500906250935e-07,-4.91161582875136e-08,-1.17874072193472e-07,-1.12550176039156e-08
2.56,-2.64825323743292e-07,-1.50378154931518e-07,1.48052618386101e-10,-9.37245897845635e-09,-1.74561678118005e-07,-1.51924606165083e-07,-4.21605732945231e-07,-4.61995656761247e-08,-1.11146445834191e-07,-1.09419497509754e-08
2.57,-2.50543385295408e-07,-1.43151771024422e-07,1.53159487763345e-10,-8.86813828672728e-09,-1.65882688321111e-07,-1.43947745007056e-07,-3.98710559639529e-07,-4.38143740035574e-08,-1.0486694911172e-07,-1.05764987806348e-08
2.58,-2.38721849826087e-07,-1.36082768302105e-07,1.5697800975096e-10,-8.39312446832906e-09,-1.57203698524217e-07,-1.35970883849029e-07,-3.79600699410631e-07,-4.14291823309899e-08,-9.9766310720557e-08,-1.02110478102941e-08
2.59,-2.27636951238021e-07,-1.29013765579789e-07,1.60796531738575e-10,-7.96267179919438e-09,-1.48524708727323e-07,-1.28798063148734e-07,-3.61864246282647e-07,-3.90439906584226e-08,-9.4665672329394e-08,-9.8455968399535e-09
2.6,-2.16552052649954e-07,-1.21944762857472e-07,1.6461505372619e-10,-7.53221913005967e-09,-1.41629784803361e-07,-1.22683436612443e-07,-3.44127793154662e-07,-3.66587989858551e-08,-8.95650339382307e-08,-9.48014586961286e-09
2.61,-2.05467154061888e-07,-1.14875760135155e-07,1.68433575713805e-10,-7.10176646092499e-09,-1.34925863385985e-07,-1.16568810076152e-07,-3.26391340026677e-07,-3.44812329099781e-08,-8.44643955470677e-08,-9.11328976590598e-09
2.62,-1.94382255473822e-07,-1.09357516796791e-07,1.67212529105512e-10,-6.67131379179029e-09,-1.28221941968608e-07,-1.10454183539862e-07,-3.08654886898692e-07,-3.26965013028659e-08,-7.96971846802478e-08,-8.74259884624911e-09
2.63,-1.85217398091169e-07,-1.03960307687149e-07,1.65327342080054e-10,-6.27200123487099e-09,-1.21518020551231e-07,-1.04339557003571e-07,-2.9385096037392e-07,-3.09117696957537e-08,-7.58070945898133e-08,-8.37190792659225e-09
2.64,-1.76627394981477e-07,-9.85630985775078e-08,1.63442155054596e-10,-5.92003726996441e-09,-1.14814099133854e-07,-9.88389189770903e-08,-2.80111028498663e-07,-2.91270380886414e-08,-7.19170044993787e-08,-8.00121700693538e-09
2.65,-1.68037391871786e-07,-9.31658894678665e-08,1.61556968029137e-10,-5.56807330505786e-09,-1.09483196403743e-07,-9.41463485690967e-08,-2.66371096623407e-07,-2.73423064815293e-08,-6.80269144089442e-08,-7.63052608727852e-09
2.66,-1.59447388762095e-07,-8.77686803582249e-08,1.59671781003679e-10,-5.21610934015129e-09,-1.04299289373082e-07,-8.94537781611029e-08,-2.52631164748151e-07,-2.5715687089849e-08,-6.41368243185095e-08,-7.26720320554016e-09
2.67,-1.50857385652404e-07,-8.35515878485652e-08,1.5570837219547e-10,-4.86414537524474e-09,-9.91153823424205e-08,-8.47612077531092e-08,-2.38891232872895e-07,-2.43882212184694e-08,-6.0507013165648e-08,-6.92398878468431e-09
2.68,-1.43746714156407e-07,-7.94266015057032e-08,1.51471084570951e-10,-4.54245637223609e-09,-9.3931475311759e-08,-8.00686373451154e-08,-2.27427425605035e-07,-2.30607553470897e-08,-5.75618967279283e-08,-6.58077436382844e-09
2.69,-1.37078949873476e-07,-7.53016151628414e-08,1.47233796946432e-10,-4.26680049875476e-09,-8.87475682810977e-08,-7.58481625713305e-08,-2.167894537793e-07,-2.17332894757101e-08,-5.46167802902088e-08,-6.23755994297259e-09
2.7,-1.30411185590544e-07,-7.11766288199794e-08,1.42996509321912e-10,-3.99114462527343e-09,-8.46280734614538e-08,-7.22490108170122e-08,-2.06151481953564e-07,-2.04058236043304e-08,-5.16716638524891e-08,-5.89434552211672e-09
2.71,-1.23743421307613e-07,-6.70516424771175e-08,1.38759221697393e-10,-3.7154887517921e-09,-8.06225348602595e-08,-6.8649859062694e-08,-1.95513510127828e-07,-1.91950429311344e-08,-4.87265474147695e-08,-5.5655208935636e-09
2.72,-1.17075657024681e-07,-6.3828918722475e-08,1.33937548362468e-10,-3.43983287831077e-09,-7.66169962590651e-08,-6.50507073083756e-08,-1.84875538302092e-07,-1.82050344968714e-08,-4.59744259632987e-08,-5.27596812799856e-09
2.73,-1.11552508246099e-07,-6.06766150843256e-08,1.2903886165584e-10,-3.19068568417147e-09,-7.26114576578708e-08,-6.14515555540574e-08,-1.76001361876935e-07,-1.72150260626085e-08,-4.37300007870841e-08,-4.98641536243352e-09
2.74,-1.06372053734555e-07,-5.75243114461761e-08,1.24140174949212e-10,-2.9818449807179e-09,-6.86059190566763e-08,-5.82094246539344e-08,-1.67767134929815e-07,-1.62250176283455e-08,-4.14855756108693e-08,-4.69686259686847e-09
2.75,-1.01191599223012e-07,-5.43720078080266e-08,1.19241488242585e-10,-2.77300427726433e-09,-6.54204613281113e-08,-5.54371673537081e-08,-1.59532907982695e-07,-1.52350091940826e-08,-3.92411504346547e-08,-4.40730983130343e-09
2.76,-9.60111447114684e-08,-5.12197041698772e-08,1.14342801535957e-10,-2.56416357381076e-09,-6.23228016481784e-08,-5.26649100534818e-08,-1.51298681035575e-07,-1.43315819565588e-08,-3.699672525844e-08,-4.13280634823311e-09
2.77,-9.08306901999247e-08,-4.87581128629561e-08,1.09628989692807e-10,-2.35532287035719e-09,-5.92251419682453e-08,-4.98926527532554e-08,-1.43064454088455e-07,-1.35919691955167e-08,-3.49019093907567e-08,-3.89937457403581e-09
2.78,-8.65395606181931e-08,-4.63504305216326e-08,1.04939541615447e-10,-2.16905126399351e-09,-5.61274822883124e-08,-4.71203954530291e-08,-1.36195207743602e-07,-1.28523564344746e-08,-3.32006586107543e-08,-3.66594279983852e-09
2.79,-8.25146921117508e-08,-4.3942748180309e-08,1.00250093538086e-10,-2.01709600699985e-09,-5.30298226083793e-08,-4.46313897002528e-08,-1.29821210804471e-07,-1.21127436734326e-08,-3.14994078307518e-08,-3.43251102564122e-09
2.8,-7.84898236053088e-08,-4.15350658389855e-08,9.55606454607259e-11,-1.8651407500062e-09,-5.05687489663967e-08,-4.25151700822717e-08,-1.2344721386534e-07,-1.13731309123905e-08,-2.97981570507495e-08,-3.19907925144393e-09
2.81,-7.44649550988665e-08,-3.91273834976618e-08,9.08711973833655e-11,-1.71318549301255e-09,-4.81758283734411e-08,-4.03989504642905e-08,-1.17073216926209e-07,-1.06981909338324e-08,-2.8096906270747e-08,-2.97939024903809e-09
2.82,-7.04400865924245e-08,-3.72475399631556e-08,8.67277742361488e-11,-1.5612302360189e-09,-4.57829077804856e-08,-3.82827308463094e-08,-1.10699219987078e-07,-1.01456139902547e-08,-2.65083647242774e-08,-2.79720729533097e-09
2.83,-6.7116234042236e-08,-3.54088933825637e-08,8.26563090785867e-11,-1.42649176696165e-09,-4.338998718753e-08,-3.61665112283282e-08,-1.05389665424046e-07,-9.59303704667694e-09,-2.52163182275692e-08,-2.61502434162385e-09
2.84,-6.40022634553777e-08,-3.35702468019719e-08,7.85848439210247e-11,-1.31793145237387e-09,-4.09970665945745e-08,-3.42620344326665e-08,-1.00466317414657e-07,-9.04046010309921e-09,-2.3924271730861e-08,-2.43284138791673e-09
2.85,-6.08882928685193e-08,-3.173160022138e-08,7.45133787634625e-11,-1.20937113778609e-09,-3.9096416536535e-08,-3.26362314483701e-08,-9.55429694052669e-08,-8.48788315952146e-09,-2.26322252341527e-08,-2.2506584342096e-09
2.86,-5.77743222816611e-08,-2.98929536407882e-08,7.04419136059004e-11,-1.10081082319832e-09,-3.72484690762602e-08,-3.10104284640738e-08,-9.06196213958772e-08,-7.98394564022001e-09,-2.13401787374445e-08,-2.0808576601608e-09
2.87,-5.46603516948026e-08,-2.84583088364533e-08,6.69799570142899e-11,-9.92250508610541e-10,-3.54005216159853e-08,-2.93846254797774e-08,-8.56962733864873e-08,-7.57203551398167e-09,-2.01341225511126e-08,-1.9448496784473e-09
2.88,-5.2080302613822e-08,-2.70551957087265e-08,6.35983246142354e-11,-8.97503036318176e-10,-3.35525741557105e-08,-2.7758822495481e-08,-8.15772418525065e-08,-7.16012538774335e-09,-1.915427410797e-08,-1.80884169673382e-09
2.89,-4.9660107945452e-08,-2.56520825809997e-08,6.02166922141808e-11,-8.2375801353074e-10,-3.17046266954356e-08,-2.62956968768203e-08,-7.77500366315128e-08,-6.74821526150501e-09,-1.81744256648274e-08,-1.67283371502032e-09
2.9,-4.72399132770821e-08,-2.4248969453273e-08,5.68350598141263e-11,-7.50012990743307e-10,-3.02315520030684e-08,-2.5046670234493e-08,-7.39228314105193e-08,-6.33630513526669e-09,-1.71945772216848e-08,-1.53682573330684e-09
2.91,-4.48197186087121e-08,-2.28458563255462e-08,5.34534274140717e-11,-6.76267967955872e-10,-2.8798611276272e-08,-2.37976435921657e-08,-7.00956261895256e-08,-5.96021712939786e-09,-1.62147287785422e-08,-1.40976958908923e-09
2.92,-4.23995239403423e-08,-2.17479870243736e-08,5.06817908240551e-11,-6.0252294516844e-10,-2.73656705494758e-08,-2.25486169498385e-08,-6.6268420968532e-08,-5.6519057553591e-09,-1.52994204321314e-08,-1.30714432811399e-09
2.93,-4.03976850022202e-08,-2.06739415036672e-08,4.79905426371403e-11,-5.38163559176347e-10,-2.59327298226795e-08,-2.12995903075111e-08,-6.3089596624122e-08,-5.34359438132032e-09,-1.45538924896176e-08,-1.20451906713874e-09
2.94,-3.85211004484693e-08,-1.95998959829609e-08,4.52992944502255e-11,-4.88075049420301e-10,-2.44997890958832e-08,-2.01761298691261e-08,-6.01460212226466e-08,-5.03528300728156e-09,-1.38083645471039e-08,-1.1018938061635e-09
2.95,-3.66445158947183e-08,-1.85258504622545e-08,4.26080462633107e-11,-4.37986539664253e-10,-2.33625826776032e-08,-1.92179265679038e-08,-5.72024458211711e-08,-4.72697163324278e-09,-1.30628366045901e-08,-9.99268545188256e-10
2.96,-3.47679313409673e-08,-1.74518049415482e-08,3.9916798076396e-11,-3.87898029908207e-10,-2.22570376430572e-08,-1.82597232666814e-08,-5.42588704196957e-08,-4.4456887739968e-09,-1.23173086620764e-08,-9.04902816748995e-10
2.97,-3.28913467872163e-08,-1.66128215818651e-08,3.77634518771496e-11,-3.37809520152159e-10,-2.11514926085112e-08,-1.73015199654591e-08,-5.13152950182202e-08,-4.21554475514125e-09,-1.16215720954366e-08,-8.3307856933144e-10
2.98,-3.13421899122263e-08,-1.57921844386588e-08,3.56809931841819e-11,-2.94918023148174e-10,-2.00459475739652e-08,-1.63433166642368e-08,-4.88572329665729e-08,-3.98540073628571e-09,-1.10568176675686e-08,-7.61254321913888e-10
2.99,-2.9891063850164e-08,-1.49715472954524e-08,3.3598534491214e-11,-2.62969595910625e-10,-1.89404025394192e-08,-1.54815881297326e-08,-4.65753274094377e-08,-3.75525671743016e-09,-1.04920632397006e-08,-6.89430074496333e-10
3,-2.84399377881017e-08,-1.41509101522461e-08,3.15160757982463e-11,-2.31021168673078e-10,-1.80602489649367e-08,-1.47468296178598e-08,-4.42934218523025e-08,-3.52511269857462e-09,-9.92730881183256e-09,-6.1760582707878e-10
3.01,-2.69888117260395e-08,-1.33302730090397e-08,2.94336171052786e-11,-1.9907274143553e-10,-1.72042258525005e-08,-1.4012071105987e-08,-4.20115162951673e-08,-3.31535894826953e-09,-9.36255438396457e-09,-5.5190407258597e-10
3.02,-2.55376856639772e-08,-1.26894243809378e-08,2.77846840675555e-11,-1.67124314197982e-10,-1.63482027400642e-08,-1.32773125941143e-08,-3.9729610738032e-08,-3.14418425778008e-09,-8.83504588335337e-09,-5.02911503203498e-10
3.03,-2.43330348409912e-08,-1.20626079518244e-08,2.61928832831288e-11,-1.40129246665942e-10,-1.5492179627628e-08,-1.25425540822415e-08,-3.78199435713703e-08,-2.97300956729064e-09,-8.40551722617897e-09,-4.53918933821029e-10
3.04,-2.32021779261581e-08,-1.14357915227109e-08,2.46010824987021e-11,-1.20665770740448e-10,-1.46361565151918e-08,-1.18814556051151e-08,-3.60453338856445e-08,-2.8018348768012e-09,-7.97598856900455e-09,-4.04926364438557e-10
3.05,-2.20713210113251e-08,-1.08089750935975e-08,2.30092817142754e-11,-1.01202294814955e-10,-1.39560757832798e-08,-1.13173007806859e-08,-3.42707241999189e-08,-2.63066018631176e-09,-7.54645991183014e-09,-3.55933795056088e-10
3.06,-2.0940464096492e-08,-1.0182158664484e-08,2.14174809298486e-11,-8.17388188894614e-11,-1.32948314834775e-08,-1.07531459562567e-08,-3.24961145141931e-08,-2.47438555935629e-09,-7.11693125465572e-09,-3.11519064219506e-10
3.07,-1.98096071816589e-08,-9.69299618693278e-09,2.01886360149949e-11,-6.22753429639686e-11,-1.26335871836751e-08,-1.01889911318276e-08,-3.07215048284675e-08,-2.3463023434611e-09,-6.71560519274915e-09,-2.79597929146738e-10
3.08,-1.88744311151847e-08,-9.21457737473049e-09,1.90076233020533e-11,-4.61095852159062e-11,-1.19723428838728e-08,-9.62483630739839e-09,-2.92434403266807e-08,-2.21821912756589e-09,-6.38846941344175e-09,-2.47676794073968e-10
3.09,-1.79978412767032e-08,-8.73615856252823e-09,1.78266105891119e-11,-3.49580133987149e-11,-1.13110985840705e-08,-9.11742236472282e-09,-2.78729699004959e-08,-2.09013591167069e-09,-6.06133363413436e-09,-2.157556590012e-10
3.1,-1.71212514382216e-08,-8.25773975032594e-09,1.66455978761704e-11,-2.38064415815232e-11,-1.07856407410174e-08,-8.68468485077e-09,-2.6502499474311e-08,-1.96205269577549e-09,-5.73419785482696e-09,-1.8383452392843e-10
3.11,-1.62446615997401e-08,-7.77932093812368e-09,1.54645851632289e-11,-1.26548697643319e-11,-1.02747202275511e-08,-8.2519473368172e-09,-2.51320290481262e-08,-1.84536269624228e-09,-5.40706207551957e-09,-1.54820605523254e-10
3.12,-1.53680717612585e-08,-7.40559195935108e-09,1.45555306974779e-11,-1.50329794714019e-12,-9.76379971408487e-09,-7.81920982286437e-09,-2.37615586219414e-08,-1.75022903739356e-09,-5.10144863337927e-09,-1.33740909672808e-10
3.13,-1.46432849059424e-08,-7.04003385052477e-09,1.36823162962687e-11,7.41356943295252e-12,-9.25287920061862e-09,-7.38647230891157e-09,-2.26226077000177e-08,-1.65509537854484e-09,-4.85245226003914e-09,-1.12661213822363e-10
3.14,-1.39639473843567e-08,-6.67447574169845e-09,1.28091018950596e-11,1.29325650285981e-11,-8.74195868715234e-09,-6.997072964069e-09,-2.15676578962842e-08,-1.55996171969611e-09,-4.60345588669901e-09,-9.15815179719169e-11
3.15,-1.32846098627709e-08,-6.30891763287214e-09,1.19358874938504e-11,1.84515606242435e-11,-8.33577093835017e-09,-6.66471079588844e-09,-2.05127080925507e-08,-1.4648280608474e-09,-4.35445951335888e-09,-7.05018221214717e-11
3.16,-1.26052723411851e-08,-5.94335952404582e-09,1.10626730926412e-11,2.39705562198891e-11,-7.94079590365e-09,-6.33234862770787e-09,-1.94577582888172e-08,-1.37797494078399e-09,-4.10546314001874e-09,-5.19559366898617e-11
3.17,-1.19259348195994e-08,-5.65734805993605e-09,1.03976870787737e-11,2.94895518155344e-11,-7.54582086894985e-09,-5.99998645952731e-09,-1.84028084850837e-08,-1.30678887288886e-09,-3.87282294635846e-09,-4.03251931527804e-11
3.18,-1.13639227349346e-08,-5.37754508109508e-09,9.76014247886899e-12,3.3697038777374e-11,-7.15084583424968e-09,-5.66762429134674e-09,-1.75199047676418e-08,-1.23560280499372e-09,-3.68320962952159e-09,-2.86944496156985e-11
3.19,-1.08370375155427e-08,-5.09774210225411e-09,9.12259787896429e-12,3.5910374697184e-11,-6.75587079954953e-09,-5.36870613590367e-09,-1.66994237116292e-08,-1.16441673709858e-09,-3.49359631268474e-09,-1.70637060786172e-11
3.2,-1.03101522961508e-08,-4.81793912341314e-09,8.48505327905958e-12,3.81237106169941e-11,-6.4424593511036e-09,-5.11380350077343e-09,-1.58789426556165e-08,-1.09323066920344e-09,-3.30398299584787e-09,-5.43296254153529e-12
3.21,-9.78326707675888e-09,-4.53813614457217e-09,7.84750867915488e-12,4.0337046536804e-11,-6.13778011913968e-09,-4.8589008656432e-09,-1.50584615996039e-08,-1.02829297126094e-09,-3.11436967901101e-09,4.75903593160164e-12
3.22,-9.25638185736697e-09,-4.32030659122983e-09,7.36485494034034e-12,4.25503824566141e-11,-5.83310088717574e-09,-4.60399823051296e-09,-1.42379805435912e-08,-9.75177395109361e-10,-2.93741023652134e-09,1.10244871803428e-11
3.23,-8.81964948355364e-09,-4.10731396219319e-09,6.90261352038639e-12,4.40009587986905e-11,-5.52842165521182e-09,-4.34909559538273e-09,-1.35559559449999e-08,-9.22061818957784e-10,-2.79373831615072e-09,1.72899384290836e-11
3.24,-8.40990858698273e-09,-3.89432133315654e-09,6.44037210043241e-12,4.4291757944073e-11,-5.22374242324789e-09,-4.11969042626768e-09,-1.29241668429e-08,-8.68946242806204e-10,-2.65006639578009e-09,2.35553896778248e-11
3.25,-8.00016769041183e-09,-3.6813287041199e-09,5.97813068047845e-12,4.45825570894555e-11,-4.9816147095351e-09,-3.92384236174194e-09,-1.22923777408003e-08,-8.15830666654626e-10,-2.50639447540946e-09,2.98208409265657e-11
3.26,-7.59042679384092e-09,-3.46833607508325e-09,5.5158892605245e-12,4.48733562348381e-11,-4.74618377588962e-09,-3.7279942972162e-09,-1.16605886387005e-08,-7.6740118805631e-10,-2.36272255503884e-09,3.51382935751826e-11
3.27,-7.18068589727001e-09,-3.30183757613282e-09,5.17250583600262e-12,4.51641553802206e-11,-4.51075284224414e-09,-3.53214623269045e-09,-1.10287995366007e-08,-7.27837960403243e-10,-2.22871557288956e-09,3.7868518392176e-11
3.28,-6.84217730554286e-09,-3.13896786784672e-09,4.84478613292186e-12,4.50309214756656e-11,-4.27532190859866e-09,-3.33629816816472e-09,-1.04996704172626e-08,-6.88274732750178e-10,-2.12013336073525e-09,4.05987432091693e-11
3.29,-6.52499544091763e-09,-2.97609815956061e-09,4.51706642984108e-12,4.42529446189168e-11,-4.03989097495318e-09,-3.16031583983197e-09,-1.00077889301396e-08,-6.48711505097111e-10,-2.01155114858094e-09,4.33289680261627e-11
3.3,-6.2078135762924e-09,-2.81322845127452e-09,4.18934672676031e-12,4.3474967762168e-11,-3.85238416381642e-09,-3.01047872086141e-09,-9.51590744301665e-09,-6.09148277444046e-10,-1.90296893642663e-09,4.6059192843156e-11
3.31,-5.89063171166717e-09,-2.65035874298841e-09,3.86162702367953e-12,4.26969909054192e-11,-3.67000812036257e-09,-2.86064160189084e-09,-9.02402595589368e-09,-5.73011858125678e-10,-1.79438672427231e-09,4.82069364485095e-11
3.32,-5.57344984704195e-09,-2.52289980059692e-09,3.61659508109944e-12,4.19190140486705e-11,-3.48763207690872e-09,-2.71080448292028e-09,-8.53214446877074e-09,-5.43359073066177e-10,-1.69297910556607e-09,4.87650030206319e-11
3.33,-5.31047809184445e-09,-2.39820461045667e-09,3.38246015930756e-12,4.09608829019056e-11,-3.30525603345487e-09,-2.5609673639497e-09,-8.12212903763551e-09,-5.13706288006674e-10,-1.61044510860958e-09,4.93230695927544e-11
3.34,-5.0637366722014e-09,-2.27350942031642e-09,3.1483252375157e-12,3.97288268598705e-11,-3.12287999000102e-09,-2.42604176024613e-09,-7.74181667737863e-09,-4.84053502947172e-10,-1.5279111116531e-09,4.98811361648768e-11
3.35,-4.81699525255835e-09,-2.14881423017617e-09,2.91419031572382e-12,3.84967708178353e-11,-2.97785890385624e-09,-2.31074113720145e-09,-7.36150431712173e-09,-4.5440071788767e-10,-1.44537711469661e-09,5.04392027369993e-11
3.36,-4.5702538329153e-09,-2.02411904003592e-09,2.68005539393196e-12,3.72647147758001e-11,-2.83683704811414e-09,-2.19544051415677e-09,-6.98119195686485e-09,-4.27363780946065e-10,-1.36284311774012e-09,5.06692526132126e-11
3.37,-4.32351241327225e-09,-1.92720355937084e-09,2.51218136575419e-12,3.60326587337649e-11,-2.69581519237202e-09,-2.08013989111209e-09,-6.60087959660796e-09,-4.05276114817607e-10,-1.28592878043731e-09,5.00040966053852e-11
3.38,-4.11959197785299e-09,-1.8324562395083e-09,2.35303954087699e-12,3.47550894192067e-11,-2.55479333662992e-09,-1.96483926806742e-09,-6.28385851061863e-09,-3.83188448689151e-10,-1.2237976265209e-09,4.93389405975579e-11
3.39,-3.92849200987162e-09,-1.73770891964576e-09,2.19389771599977e-12,3.34083170986686e-11,-2.41377148088781e-09,-1.86118901095295e-09,-5.98980109599304e-09,-3.61100782560693e-10,-1.16166647260448e-09,4.86737845897306e-11
3.4,-3.73739204189027e-09,-1.64296159978322e-09,2.03475589112256e-12,3.20615447781306e-11,-2.30181622984919e-09,-1.77287174997978e-09,-5.69574368136747e-09,-3.39013116432237e-10,-1.09953531868807e-09,4.80086285819033e-11
3.41,-3.54629207390891e-09,-1.54821427992068e-09,1.87561406624535e-12,3.07147724575925e-11,-2.19297285625887e-09,-1.68455448900661e-09,-5.40168626674188e-09,-3.18883645120478e-10,-1.03740416477166e-09,4.71851724649583e-11
3.42,-3.35519210592755e-09,-1.47354322254673e-09,1.75188879035745e-12,2.93680001370544e-11,-2.08412948266855e-09,-1.59623722803344e-09,-5.1076288521163e-09,-3.02459142910878e-10,-9.79228632205703e-10,4.59296920306732e-11
3.43,-3.19679422493322e-09,-1.40043908456148e-09,1.63283089049044e-12,2.80514619326007e-11,-1.97528610907823e-09,-1.50791996706027e-09,-4.86255659491236e-09,-2.86034640701277e-10,-9.31458832270316e-10,4.46742115963881e-11
3.44,-3.04818724550196e-09,-1.32733494657623e-09,1.51377299062344e-12,2.67808947515474e-11,-1.86644273548792e-09,-1.42844690755881e-09,-4.63525738888728e-09,-2.69610138491677e-10,-8.83689032334931e-10,4.34187311621031e-11
3.45,-2.89958026607069e-09,-1.25423080859097e-09,1.39471509075644e-12,2.55103275704941e-11,-1.77978761048768e-09,-1.36061366330873e-09,-4.4079581828622e-09,-2.53185636282076e-10,-8.35919232399544e-10,4.2163250727818e-11
3.46,-2.75097328663943e-09,-1.18112667060572e-09,1.27565719088944e-12,2.42397603894408e-11,-1.6955079645332e-09,-1.29278041905865e-09,-4.18065897683713e-09,-2.38180582795536e-10,-7.88149432464159e-10,4.08533863180629e-11
3.47,-2.60236630720817e-09,-1.1244689989802e-09,1.19005856082608e-12,2.29691932083875e-11,-1.61122831857873e-09,-1.22494717480857e-09,-3.95335977081204e-09,-2.25861173054038e-10,-7.43545978181246e-10,3.93951000278201e-11
3.48,-2.47960089254905e-09,-1.0690949471036e-09,1.10886936640835e-12,2.17631594679962e-11,-1.52694867262426e-09,-1.1571139305585e-09,-3.7643384898445e-09,-2.13541763312539e-10,-7.07271972891687e-10,3.79368137375774e-11
3.49,-2.364572360769e-09,-1.013720895227e-09,1.02768017199062e-12,2.06552489306282e-11,-1.44266902666978e-09,-1.09608147339699e-09,-3.58920540597329e-09,-2.0122235357104e-10,-6.70997967602126e-10,3.64785274473345e-11
3.5,-2.24954382898895e-09,-9.58346843350395e-10,9.46490977572891e-13,1.95473383932603e-11,-1.37566969384875e-09,-1.04399950266755e-09,-3.4140723221021e-09,-1.88902943829542e-10,-6.34723962312567e-10,3.50202411570918e-11
3.51,-2.1345152972089e-09,-9.02972791473792e-10,8.65301783155162e-13,1.84394278558925e-11,-1.31052039536397e-09,-9.91917531938113e-10,-3.2389392382309e-09,-1.77664273930364e-10,-5.98449957023008e-10,3.35709718050697e-11
3.52,-2.01948676542885e-09,-8.59649167275226e-10,8.06977924810171e-13,1.73315173185245e-11,-1.24537109687918e-09,-9.39835561208671e-10,-3.0638061543597e-09,-1.68470399415754e-10,-5.64591891906069e-10,3.2146311005758e-11
3.53,-1.92414302418456e-09,-8.17266059210162e-10,7.51667378725733e-13,1.63012426838647e-11,-1.18022179839439e-09,-8.87753590479231e-10,-2.91730625169204e-09,-1.59276524901144e-10,-5.37089244879105e-10,3.07216502064463e-11
3.54,-1.8346928470575e-09,-7.74882951145097e-10,6.96356832641293e-13,1.53890135673919e-11,-1.11507249990961e-09,-8.40912171938023e-10,-2.78119518967998e-09,-1.50082650386534e-10,-5.0958659785214e-10,2.92969894071346e-11
3.55,-1.74524266993045e-09,-7.32499843080033e-10,6.41046286556855e-13,1.4476784450919e-11,-1.06329973664753e-09,-8.00967821434145e-10,-2.64508412766794e-09,-1.40888775871924e-10,-4.82083950825176e-10,2.78723286078229e-11
3.56,-1.65579249280339e-09,-6.90116735014967e-10,5.85735740472415e-13,1.35645553344462e-11,-1.01295906835218e-09,-7.61023470930264e-10,-2.50897306565588e-09,-1.3251559332846e-10,-4.54581303798211e-10,2.64885856267062e-11
3.57,-1.56634231567633e-09,-6.57032708125167e-10,5.46031830720696e-13,1.26523262179733e-11,-9.62618400056843e-10,-7.21079120426386e-10,-2.37286200364384e-09,-1.25695187030524e-10,-4.2889564113828e-10,2.52165133991428e-11
3.58,-1.49249827927899e-09,-6.24674459282895e-10,5.08384644231548e-13,1.18225412225161e-11,-9.122777317615e-10,-6.81134769922506e-10,-2.25887700779559e-09,-1.18874780732587e-10,-4.07989772053662e-10,2.39444411715794e-11
3.59,-1.42332667212828e-09,-5.92316210440624e-10,4.70737457742401e-13,1.1118112649117e-11,-8.61937063466159e-10,-6.45202346639513e-10,-2.15291990706936e-09,-1.1205437443465e-10,-3.87083902969045e-10,2.26723689440161e-11
3.6,-1.35415506497756e-09,-5.59957961598352e-10,4.33090271253253e-13,1.04136840757179e-11,-8.2195561415025e-10,-6.14550003395674e-10,-2.04696280634312e-09,-1.05233968136714e-10,-3.66178033884426e-10,2.14002967164527e-11
3.61,-1.28498345782685e-09,-5.27599712756082e-10,3.95443084764106e-13,9.70925550231889e-12,-7.83083225223507e-10,-5.83897660151837e-10,-1.94100570561689e-09,-9.90039289015824e-11,-3.45272164799809e-10,2.01832719582883e-11
3.62,-1.21581185067614e-09,-5.02423801135164e-10,3.6836273762789e-13,9.00482692891982e-12,-7.44210836296762e-10,-5.53245316907998e-10,-1.83504860489065e-09,-9.38908835977858e-11,-3.25770278649675e-10,1.91164798532848e-11
3.63,-1.15853376724532e-09,-4.77808459164836e-10,3.42674943239474e-13,8.36557721279029e-12,-7.05338447370018e-10,-5.22592973664161e-10,-1.74674671383503e-09,-8.87778382939894e-11,-3.09961736664664e-10,1.80496877482813e-11
3.64,-1.1048165672537e-09,-4.53193117194506e-10,3.16987148851056e-13,7.8254320567009e-12,-6.66466058443274e-10,-4.95011622981108e-10,-1.66485057835038e-09,-8.36647929901928e-11,-2.94153194679652e-10,1.69828956432777e-11
3.65,-1.05109936726208e-09,-4.28577775224178e-10,2.9129935446264e-13,7.28528690061154e-12,-6.35383236040958e-10,-4.71471992306383e-10,-1.58295444286574e-09,-7.85517476863965e-11,-2.7834465269464e-10,1.59161035382742e-11
3.66,-9.97382167270455e-10,-4.03962433253849e-10,2.65611560074223e-13,6.74514174452215e-12,-6.05134366439344e-10,-4.47932361631657e-10,-1.50105830738109e-09,-7.38902705771593e-11,-2.62536110709628e-10,1.49035976315499e-11
3.67,-9.43664967278835e-10,-3.84412907481494e-10,2.47173254102269e-13,6.20499658843279e-12,-5.74885496837732e-10,-4.24392730956931e-10,-1.41916217189645e-09,-7.00831753680744e-11,-2.47768863762722e-10,1.4039246756956e-11
3.68,-8.9915144550852e-10,-3.65258760362149e-10,2.29690323212427e-13,5.72179347094049e-12,-5.44636627236118e-10,-4.00853100282205e-10,-1.35090534125231e-09,-6.62760801589894e-11,-2.35740867314305e-10,1.3174895882362e-11
3.69,-8.57393475930293e-10,-3.46104613242805e-10,2.12207392322586e-13,5.32517081710408e-12,-5.14387757634505e-10,-3.79699009724344e-10,-1.28759719457153e-09,-6.24689849499046e-11,-2.23712870865889e-10,1.23105450077681e-11
3.7,-8.15635506352065e-10,-3.26950466123459e-10,1.94724461432744e-13,4.92854816326765e-12,-4.90538863541978e-10,-3.6168451818216e-10,-1.22428904789073e-09,-5.86618897408196e-11,-2.11684874417472e-10,1.14461941331741e-11
3.71,-7.73877536773838e-10,-3.07796319004115e-10,1.77241530542903e-13,4.53192550943124e-12,-4.67375152313413e-10,-3.43670026639976e-10,-1.16098090120994e-09,-5.51847790990036e-11,-1.99656877969055e-10,1.0635067433365e-11
3.72,-7.3211956719561e-10,-2.9290446024593e-10,1.64741881297714e-13,4.13530285559481e-12,-4.44211441084847e-10,-3.25655535097791e-10,-1.09767275452915e-09,-5.23320101291671e-11,-1.88414237658186e-10,9.96919734712077e-12
3.73,-6.97511610774356e-10,-2.78345266109817e-10,1.52898954684102e-13,3.7829015885367e-12,-4.21047729856283e-10,-3.07641043555607e-10,-1.04494996136602e-09,-4.94792411593308e-11,-1.79237570114445e-10,9.30332726087659e-12
3.74,-6.65044345710882e-10,-2.63786071973702e-10,1.4105602807049e-13,3.49773901305163e-12,-3.97884018627717e-10,-2.91418470163018e-10,-9.96067801564454e-10,-4.66264721894944e-11,-1.70060902570703e-10,8.63745717463237e-12
3.75,-6.32577080647408e-10,-2.49226877837589e-10,1.29213101456878e-13,3.21257643756657e-12,-3.7944069523928e-10,-2.77554232486048e-10,-9.47185641762893e-10,-4.3773703219658e-11,-1.60884235026961e-10,7.97158708838819e-12
3.76,-6.00109815583935e-10,-2.34667683701475e-10,1.17370174843267e-13,2.92741386208151e-12,-3.61502737668996e-10,-2.63689994809078e-10,-8.98303481961331e-10,-4.11702550398687e-11,-1.5170756748322e-10,7.35104050497892e-12
3.77,-5.6764255052046e-10,-2.23410578718913e-10,1.09053669947305e-13,2.64225128659644e-12,-3.43564780098711e-10,-2.49825757132108e-10,-8.49421322159767e-10,-3.90385300082422e-11,-1.43132777480279e-10,6.85418843751693e-12
3.78,-5.40796963335381e-10,-2.12411196383724e-10,1.0120189514601e-13,2.3915907330713e-12,-3.25626822528427e-10,-2.35961519455138e-10,-8.08659143314364e-10,-3.69068049766158e-11,-1.36141297964123e-10,6.35733637005497e-12
3.79,-5.15634488752514e-10,-2.01411814048536e-10,9.33501203447148e-14,2.19339056087339e-12,-3.07688864958142e-10,-2.23509389016455e-10,-7.70843098455278e-10,-3.47750799449893e-11,-1.29149818447968e-10,5.86048430259298e-12
3.8,-4.90472014169648e-10,-1.90412431713348e-10,8.54983455434198e-14,1.99519038867548e-12,-2.9338660479558e-10,-2.12915726798036e-10,-7.33027053596194e-10,-3.26433549133629e-11,-1.22158338931812e-10,5.36363223513102e-12
3.81,-4.65309539586782e-10,-1.79413049378159e-10,7.76465707421244e-14,1.79699021647757e-12,-2.79473583241633e-10,-2.02322064579617e-10,-6.95211008737108e-10,-3.07011313003105e-11,-1.15166859415656e-10,4.90339865107151e-12
3.82,-4.40147065003916e-10,-1.70807939836081e-10,7.20638569594225e-14,1.59879004427967e-12,-2.65560561687686e-10,-1.91728402361198e-10,-6.57394963878023e-10,-2.91174506139599e-11,-1.08635041448006e-10,4.54310230257149e-12
3.83,-4.19428534557404e-10,-1.62389699362062e-10,6.67801717746603e-14,1.42794893404303e-12,-2.51647540133738e-10,-1.81134740142779e-10,-6.25945183534902e-10,-2.75337699276093e-11,-1.03312417877523e-10,4.18280595407146e-12
3.84,-4.000405069503e-10,-1.53971458888044e-10,6.14964865898984e-14,1.29870732266797e-12,-2.37734518579791e-10,-1.71600049619112e-10,-5.9680524460122e-10,-2.59500892412588e-11,-9.79897943070416e-11,3.82250960557144e-12
3.85,-3.80652479343195e-10,-1.45553218414026e-10,5.62128014051362e-14,1.16946571129291e-12,-2.26724728214304e-10,-1.63459067156343e-10,-5.67665305667537e-10,-2.43664085549081e-11,-9.26671707365595e-11,3.4622132570714e-12
3.86,-3.6126445173609e-10,-1.37134977940007e-10,5.09291162203742e-14,1.04022409991785e-12,-2.16025758453931e-10,-1.55318084693575e-10,-5.38525366733854e-10,-2.29203538069966e-11,-8.73445471660776e-11,3.13011184868681e-12
3.87,-3.41876424128985e-10,-1.30526546512158e-10,4.71870613167061e-14,9.10982488542787e-13,-2.05326788693558e-10,-1.47177102230807e-10,-5.09385427800171e-10,-2.17346918684335e-11,-8.23841171064581e-11,2.87495858533949e-12
3.88,-3.25817651416957e-10,-1.24059367714669e-10,4.36481704256936e-14,7.99238631459803e-13,-1.94627818933186e-10,-1.39036119768038e-10,-4.85033192244071e-10,-2.05490299298704e-11,-7.83764801735441e-11,2.61980532199218e-12
3.89,-3.10755647105946e-10,-1.17592188917179e-10,4.01092795346809e-14,7.14100138653694e-13,-1.83928849172813e-10,-1.31711664595643e-10,-4.62418056283802e-10,-1.93633679913072e-11,-7.436884324063e-11,2.36465205864486e-12
3.9,-2.95693642794936e-10,-1.11125010119689e-10,3.65703886436683e-14,6.2896164584759e-13,-1.75367310739095e-10,-1.25461837453608e-10,-4.39802920323534e-10,-1.81777060527442e-11,-7.0361206307716e-11,2.10949879529756e-12
3.91,-2.80631638483925e-10,-1.04657831322199e-10,3.30314977526556e-14,5.43823153041482e-13,-1.67034606199481e-10,-1.19212010311572e-10,-4.17187784363264e-10,-1.70963703844586e-11,-6.63535693748018e-11,1.87629580294684e-12
3.92,-2.65569634172915e-10,-9.96225431392308e-11,3.05849458291798e-14,4.58684660235377e-13,-1.58701901659867e-10,-1.12962183169537e-10,-3.94572648402996e-10,-1.62124234563665e-11,-6.26086053587034e-11,1.7029983336914e-12
3.93,-2.53040395270456e-10,-9.46990116723181e-11,2.82823479850615e-14,3.86822593991464e-13,-1.50369197120253e-10,-1.06712356027501e-10,-3.75672529810126e-10,-1.53284765282744e-11,-5.95546337049953e-11,1.52970086443596e-12
3.94,-2.4126945833225e-10,-8.97754802054055e-11,2.59797501409432e-14,3.35147356244875e-13,-1.4203649258064e-10,-1.01086439975422e-10,-3.58120313260987e-10,-1.44445296001823e-11,-5.65006620512874e-11,1.35640339518053e-12
3.95,-2.29498521394044e-10,-8.48519487384928e-11,2.36771522968248e-14,2.83472118498284e-13,-1.3543778231542e-10,-9.62816506065837e-11,-3.40568096711847e-10,-1.35605826720901e-11,-5.34466903975793e-11,1.18310592592509e-12
3.96,-2.17727584455838e-10,-7.99284172715803e-11,2.13745544527065e-14,2.31796880751696e-13,-1.29024713879819e-10,-9.14768612377454e-11,-3.23015880162708e-10,-1.27498463069083e-11,-5.03927187438714e-11,1.02515639524832e-12
3.97,-2.05956647517631e-10,-7.59840456583556e-11,1.97078289910088e-14,1.80121643005105e-13,-1.22611645444219e-10,-8.66720718689069e-11,-3.05463663613568e-10,-1.20776267385338e-11,-4.7515222551092e-11,9.09093649893341e-13
3.98,-1.95873244754033e-10,-7.21160958671835e-11,1.81249020809702e-14,1.35360645005961e-13,-1.16198577008618e-10,-8.18672825000685e-11,-2.90314437203801e-10,-1.14054071701594e-11,-4.51019660566012e-11,7.93030904538362e-13
3.99,-1.86295084392682e-10,-6.82481460760112e-11,1.65419751709315e-14,1.01112759953072e-13,-1.09785508573017e-10,-7.73847087566042e-11,-2.76037076252415e-10,-1.07331876017849e-11,-4.26887095621104e-11,6.76968159183378e-13
4,-1.76716924031333e-10,-6.43801962848406e-11,1.49590482608936e-14,6.68648749001977e-14,-1.04219473541126e-10,-7.33262016021315e-11,-2.61759715301031e-10,-1.00609680334106e-11,-4.02754530676201e-11,5.60905413828464e-13
4.01,0.00893159994194679,0.0126766385368869,0.0141553537430477,0.0101670147665096,0.0099904989828404,0.0137479449622605,0.00941792146100899,0.0130662230011058,0.0133955562269012,0.011301550688437
4.02,0.0367721461995583,0.0500255879831765,0.052364371105223,0.0383541764825088,0.0393449800195292,0.0538940405268441,0.0380576427533678,0.0498340770707992,0.0499232548844528,0.043763842272073
4.03,0.0754093320946661,0.10142926618709,0.107469879931314,0.0798453111918637,0.0807578785418365,0.109830141032408,0.0794425011939313,0.101204583821804,0.101320233056429,0.0904366253571465
4.04,0.124205255432271,0.163277513798949,0.170405641880665,0.130431847947644,0.132088881055508,0.17508584440403,0.130860641948375,0.163628108133646,0.162439432416409,0.146746619796169
4.05,0.179838208481935,0.230754532892808,0.237166674319934,0.186711355669222,0.188763591934232,0.245440554527458,0.188797388349155,0.23079840763806,0.228870019540169,0.20875997279167
4.06,0.239323180872724,0.300806630994115,0.303391273209434,0.245035556259669,0.247208579558698,0.316808903086179,0.250794678404606,0.299641889877215,0.296491609179629,0.272407066387833
4.07,0.300331513150516,0.37039474610086,0.366782264495996,0.30300599640509,0.304986405198605,0.38665222598158,0.314348075251115,0.367346608072685,0.362967816031691,0.335245998631099
4.08,0.361165933297425,0.438117885235092,0.426605555040228,0.358283556112059,0.360599036226512,0.454079052506315,0.377779667209828,0.431999156986771,0.426433377026012,0.396105634866261
4.09,0.420570860562098,0.502557861897512,0.479027898224767,0.408818019702433,0.411062046030109,0.517274228744105,0.439903756442064,0.494541595814112,0.484400181250141,0.451990416507111
4.1,0.475711004525764,0.55932225139851,0.528430431903346,0.456984424515533,0.456243159818528,0.570061373883519,0.499541477634497,0.55136035882792,0.540661974469187,0.503472664884156
4.11,0.529801139462723,0.593467319922827,0.56945765990306,0.495987108328944,0.496806893539127,0.598731963792827,0.549519384095736,0.590990211126785,0.581834001979216,0.550480980323156
4.12,0.574761485238459,0.60796757339201,0.59810628697364,0.534680794914258,0.532920425870548,0.607827581959861,0.581677765686802,0.607805049835198,0.601466414248869,0.592788194404777
4.13,0.599086576670266,0.606638774053801,0.605056996401053,0.563262955124384,0.560430231478913,0.601436121529013,0.598515883687182,0.606453812767721,0.60369095568463,0.613366389036288
4.14,0.605272229734295,0.592786673653707,0.59584073949715,0.587603593909471,0.578111229230892,0.58299638198978,0.602387219463961,0.591088128301457,0.592173256500189,0.613533781193403
4.15,0.597196413830161,0.56937012916834,0.574858793400581,0.595018340725698,0.577487445367008,0.555603785930936,0.595481710295139,0.565180746089236,0.570104773735265,0.598640016908699
4.16,0.577955434934777,0.53874447463439,0.545503955249528,0.586815426949378,0.56275624893704,0.521646800412208,0.579761433628599,0.531510805941867,0.540122498374999,0.572828394722517
4.17,0.550507520399193,0.503031776090741,0.510657329567891,0.567048686825925,0.53741659950248,0.483448478589112,0.556981556226623,0.492637929839111,0.504631387221675,0.539444930509579
4.18,0.51704645534555,0.464064762825612,0.472321783836991,0.538800978493489,0.504606604507263,0.442581694069508,0.528663747003893,0.450627011470646,0.465481810975049,0.500951907083248
4.19,0.479594931099347,0.423174858144582,0.432214719207699,0.50467949112771,0.466831229484827,0.400538506016531,0.496228597344586,0.407129350112811,0.424261731582261,0.459584820777153
4.2,0.439687198271559,0.381595235117226,0.391529077094377,0.466777531029496,0.425998538491921,0.358498480949089,0.460734733956869,0.363428565234346,0.382251463211378,0.416840125774348
4.21,0.398637199495764,0.340258382769869,0.351237739063061,0.426589888094632,0.383838594786334,0.317235116764259,0.423300460741841,0.320637021700708,0.340515480775104,0.373938305437429
4.22,0.357415661981012,0.29989622026513,0.311884567443657,0.385458098318706,0.341689010089021,0.277596610098028,0.384750785368001,0.279447412541261,0.299726849859985,0.331800109463766
4.23,0.316897335542825,0.260955531162266,0.274277266253278,0.344385426481447,0.300459700383703,0.239795063411369,0.345798118258109,0.240481208523824,0.260678492902253,0.291098619963158
4.24,0.277534105283552,0.224148400035055,0.238489865379322,0.304158805624117,0.26096632745648,0.204306736067339,0.307078210853741,0.204006900530188,0.22363702833007,0.252427763809387
4.25,0.239957142597467,0.189511666910731,0.204805274016458,0.265253880252331,0.223547985476106,0.171488844343605,0.269030435330131,0.170504224554279,0.188847976053384,0.215929771883123
4.26,0.204440624163641,0.157254079954836,0.173336489349884,0.228110933647686,0.188851545856281,0.141227875505117,0.232052096646566,0.139753932372859,0.15653343876919,0.181848796834656
4.27,0.17111046712289,0.127481623581143,0.144099058392655,0.193074325879694,0.156712629159906,0.113575100641748,0.196513690107211,0.111834857972051,0.126896330259948,0.150351352390683
4.28,0.140134557010134,0.100242271289536,0.117074345746547,0.160372182956148,0.127262587365549,0.0885063979649023,0.162728327395947,0.0867531870518018,0.0998916015490267,0.121551369830013
4.29,0.111593070021799,0.0755225893034144,0.092562582412305,0.130115318620206,0.100672968134771,0.0659095447908109,0.130917716994481,0.0644828095997575,0.0756085661128131,0.0953756129264005
4.3,0.0854965748114215,0.0531710399742052,0.0704990055179039,0.102324437802679,0.0768571912641004,0.0455598358734715,0.101145097910947,0.0449034622741094,0.0538868722561848,0.0718287662265262
4.31,0.0617888927918922,0.0329587129641524,0.0498774934914578,0.0768752587883297,0.0555411468689654,0.027898751492727,0.0733571480649736,0.0277875454247036,0.0345721465586556,0.0507455097900904
4.32,0.0403366977703224,0.0156197034171502,0.031886468151908,0.0535290824379403,0.0367009774291158,0.0124217495311098,0.0474311120407349,0.0128600752052896,0.0173157686219099,0.0318960602580388
4.33,0.0209266964721573,0.000232740760414661,0.0156336608279633,0.032789810394803,0.0203687325816004,-0.00153199877999891,0.0240871647630041,-0.000375201411794471,0.0018483753437685,0.014945418858845
4.34,0.00417502261213366,-0.0138299641182974,0.000995921741227188,0.0144918426865249,0.00603012813950515,-0.0133059476587033,0.0030147176089103,-0.0115401255882249,-0.0108519407012142,3.36650474859817e-05
4.35,-0.0106437041700116,-0.0251788402763162,-0.0115753949495293,-0.00245224756929262,-0.00679545117699834,-0.0234113302950265,-0.0164825810409361,-0.020968443389698,-0.022459647130215,-0.0125674241821255
4.36,-0.024026878705185,-0.0353190604630905,-0.0227697898789062,-0.0166023036665534,-0.0173844779054983,-0.0321911657187269,-0.0334024847061673,-0.0293110242818292,-0.0318730024903867,-0.0244356448651036
4.37,-0.0351026553180658,-0.0439464266743159,-0.0329915813078075,-0.0294365437651749,-0.0265766455581712,-0.039497216836715,-0.0483588835798825,-0.0358089299283552,-0.0402595286000245,-0.0334338475128575
4.38,-0.04482925726414,-0.0507222184496343,-0.0407772818910566,-0.0403847972107165,-0.0343916776703177,-0.0452578764121332,-0.0620958509663979,-0.0415082801404808,-0.0465485515728146,-0.0424320501606114
4.39,-0.0529958596841059,-0.0566555495633107,-0.0485629824743056,-0.0498223778208373,-0.040945445766145,-0.0510185359875513,-0.0727884609000131,-0.046064292952276,-0.0528375745456048,-0.0486544096884956
4.4,-0.0600162662581186,-0.0614780645036265,-0.0545424380199836,-0.0577323966351862,-0.0460023656997111,-0.0543307035567267,-0.0825946956479716,-0.0491942010989808,-0.0569541968431494,-0.0547550243502873
4.41,-0.0653876718256853,-0.064772539914666,-0.0592849931263831,-0.0646270668676825,-0.0510592856332767,-0.0571842879946165,-0.0903508600693579,-0.0523241092456853,-0.0602103269279124,-0.0596470948643947
4.42,-0.0704949159325354,-0.0680670153257056,-0.0640275482327826,-0.0696538755275385,-0.0539445705425995,-0.0600378724325063,-0.0968320662212692,-0.0549685251505994,-0.0634664570126754,-0.0629976063112294
4.43,-0.0733295775547167,-0.0697044162563487,-0.0670654376200863,-0.0746806841873946,-0.0563059483886876,-0.0620726344795452,-0.101807372783181,-0.0557666548142358,-0.0654485373355205,-0.066348117758064
4.44,-0.0761642391768982,-0.0706170144327738,-0.0692171069428594,-0.0776212137777737,-0.058667326234776,-0.0624945492912873,-0.105578921856507,-0.0565647844778723,-0.0661183395138206,-0.0691432373892175
4.45,-0.0781635266233229,-0.0715296126091989,-0.0713687762656322,-0.0799406375358115,-0.0609656935074429,-0.0629164641030293,-0.108009882744316,-0.0573629141415088,-0.0667881416921205,-0.0700310956157743
4.46,-0.0787578745649067,-0.0723236028886476,-0.073300443345755,-0.0822600612938492,-0.0611375239769906,-0.0633383789147713,-0.109756199717416,-0.0581610438051452,-0.0674579438704205,-0.0709189538423311
4.47,-0.0793522225064904,-0.0713525498208249,-0.073269348915551,-0.0834094671185973,-0.0613093544465384,-0.0637602937265134,-0.109933651020424,-0.0577304389971137,-0.0678044412620931,-0.0718068120688879
4.48,-0.0799465704480742,-0.0703814967530021,-0.073238254485347,-0.0833813991847153,-0.0614811849160861,-0.0628204241674624,-0.110111102323432,-0.0569692469860856,-0.066707139480787,-0.0726946702954447
4.49,-0.0788696600489727,-0.0694104436851793,-0.073207160055143,-0.0833533312508333,-0.0616530153856339,-0.0616902738129157,-0.108608443700043,-0.0562080549750575,-0.065609837699481,-0.0720600664964904
4.5,-0.0776715806755906,-0.0684393906173566,-0.0731760656249389,-0.0833252633169513,-0.0612358557140099,-0.0605601234583689,-0.106881327035942,-0.0554468629640295,-0.064512535918175,-0.0711738284465084
4.51,-0.0764735013022084,-0.06709903121392,-0.0727065433691853,-0.0829351343738963,-0.060112654087443,-0.0594299731038221,-0.105044073991571,-0.0546856709530015,-0.063415234136869,-0.0702875903965264
4.52,-0.0752754219288263,-0.0651023368615873,-0.071239635782098,-0.0812834761031829,-0.0589894524608762,-0.0582998227492754,-0.101855568076884,-0.0533763616869413,-0.0620991479096315,-0.0694013523465443
4.53,-0.0736774830206926,-0.0631056425092544,-0.0697727281950106,-0.0796318178324694,-0.0578662508343092,-0.0565913933011955,-0.0986670621621963,-0.0519195831714758,-0.0602058632526883,-0.0685151142965623
4.54,-0.0714413546833134,-0.0611089481569216,-0.0683058206079234,-0.077980159561756,-0.0567430492077424,-0.0548021614821266,-0.0954785562475093,-0.0504628046560104,-0.0583125785957454,-0.0668716143174239
4.55,-0.0692052263459341,-0.0591122538045889,-0.0668389130208361,-0.0763285012910426,-0.0553795881275489,-0.0530129296630577,-0.091677761273351,-0.049006026140545,-0.0564192939388024,-0.0651029532274125
4.56,-0.0669690980085548,-0.0570245225886151,-0.0651872145832793,-0.074513550038737,-0.0537281200970277,-0.0512236978439888,-0.0876216717677249,-0.0475492476250796,-0.0545260092818594,-0.0633342921374011
4.57,-0.0647329696711754,-0.0547749997392912,-0.0631151329654533,-0.072129636981486,-0.0520766520665063,-0.0494344660249198,-0.0835655822620984,-0.0459688164406609,-0.0525929660694229,-0.0615656310473895
4.58,-0.0623921401926218,-0.0525254768899674,-0.0610430513476274,-0.0697457239242351,-0.050425184035985,-0.0475619767170971,-0.0795094927564723,-0.044355116888735,-0.0505550315988334,-0.0597969699573781
4.59,-0.0598842041285796,-0.0502759540406436,-0.0589709697298016,-0.0673618108669843,-0.0487737160054638,-0.0456778539219684,-0.0754008355134466,-0.0427414173368092,-0.0485170971282439,-0.0578080873827745
4.6,-0.0573762680645373,-0.0480264311913199,-0.0568988881119758,-0.0649778978097334,-0.0470900105920045,-0.0437937311268398,-0.0712325157375259,-0.0411277177848834,-0.0464791626576543,-0.0557828063513247
4.61,-0.0548683320004949,-0.0458356542635598,-0.0547989138690116,-0.062571850429548,-0.0453676611618108,-0.041909608331711,-0.0670641959616049,-0.0395140182329574,-0.0444412281870646,-0.0537575253198748
4.62,-0.0523603959364527,-0.0437492811808175,-0.0526354863196107,-0.060088680418585,-0.0436453117316173,-0.0400254855365824,-0.0628958761856842,-0.0379777332204472,-0.0424510418677114,-0.051732244288425
4.63,-0.0499203529385537,-0.0416629080980752,-0.0504720587702097,-0.057605510407622,-0.0419229623014237,-0.0382916983717586,-0.0587275564097635,-0.0364622763499373,-0.0405868250056365,-0.0497069632569752
4.64,-0.0475886695853952,-0.0395765350153329,-0.0483086312208088,-0.0551223403966589,-0.0402006128712301,-0.0365789174572189,-0.0548116869359452,-0.0349468194794275,-0.0387226081435616,-0.0477444332737218
4.65,-0.0452569862322364,-0.0374901619325904,-0.0461452036714076,-0.0526391703856957,-0.038544366083639,-0.0348661365426791,-0.0511823396751529,-0.0334313626089175,-0.0368583912814866,-0.0457922748549141
4.66,-0.0429253028790778,-0.0355219052579044,-0.0440357378785611,-0.0502046916670772,-0.0369673587191683,-0.0331533556281394,-0.0475529924143611,-0.0319159057384076,-0.0349941744194117,-0.0438401164361065
4.67,-0.0405936195259192,-0.0337635662563517,-0.0420490304083025,-0.0479398680390042,-0.0353903513546977,-0.0314405747135997,-0.0439236451535692,-0.0305585146676836,-0.0332106800273049,-0.041887958017299
4.68,-0.0384016882204404,-0.0320052272547989,-0.0400623229380439,-0.0456750444109312,-0.033813343990227,-0.0299647516876993,-0.0402942978927773,-0.0292436507107058,-0.0316401481367561,-0.0399357995984914
4.69,-0.0364328059404152,-0.030246888253246,-0.0380756154677851,-0.043410220782858,-0.0322363366257562,-0.0285220385553446,-0.0370520986328366,-0.0279287867537278,-0.030069616246207,-0.0381777441700597
4.7,-0.0344639236603901,-0.0284885492516932,-0.0360889079975265,-0.041145397154785,-0.0307631966849326,-0.02707932542299,-0.0342492987360538,-0.02661392279675,-0.0284990843556581,-0.036451770304115
4.71,-0.0324950413803651,-0.0268591669608257,-0.0341913764204644,-0.0389579229720624,-0.0294145660588162,-0.0256366122906355,-0.031446498839271,-0.0252990588397722,-0.0269285524651092,-0.0347257964381704
4.72,-0.03052615910034,-0.0254589678383886,-0.0324967122769901,-0.037039957494545,-0.0280659354326998,-0.0241938991582809,-0.0286436989424882,-0.0241611269117503,-0.0254433625209275,-0.0329998225722257
4.73,-0.0287122687959471,-0.0240587687159514,-0.0308020481335157,-0.0351219920170275,-0.0267173048065832,-0.0229986264540162,-0.0258408990457052,-0.0230707979979854,-0.0241833222084819,-0.0312738487062809
4.74,-0.027145750960809,-0.0226585695935143,-0.0291073839900414,-0.0332040265395102,-0.0253686741804668,-0.0218379283582613,-0.0234279550512544,-0.0219804690842206,-0.0229232818960365,-0.0297869308817966
4.75,-0.0255792331256708,-0.0212583704710773,-0.0274127198465672,-0.0312860610619928,-0.0241300972638256,-0.0206772302625063,-0.0214574837928921,-0.0208901401704558,-0.021663241583591,-0.0283395245110882
4.76,-0.0240127152905327,-0.0199752036732723,-0.0258154440476673,-0.0294507235738723,-0.0230234453672399,-0.0195165321667514,-0.0194870125345298,-0.019799811256691,-0.0204032012711456,-0.0268921181403797
4.77,-0.0224461974553945,-0.0189000279045919,-0.0244397182979679,-0.0279032868242146,-0.0219167934706542,-0.0183558340709965,-0.0175165412761675,-0.0188761006135974,-0.0192201527623845,-0.0254447117696713
4.78,-0.0210219734222255,-0.0178248521359115,-0.0230639925482683,-0.0263558500745568,-0.0208101415740684,-0.0174181977754304,-0.015546070017805,-0.0179972181000463,-0.0182402244891481,-0.0239973053989627
4.79,-0.0198248551408811,-0.0167496763672312,-0.0216882667985689,-0.0248084133248991,-0.0197034896774827,-0.0165117296865901,-0.013902038065244,-0.0171183355864953,-0.0172602962159118,-0.0227875795117385
4.8,-0.0186277368595367,-0.0156745005985508,-0.0203125410488695,-0.0232609765752414,-0.0186981155174651,-0.0156052615977498,-0.0126285032423678,-0.0162394530729442,-0.0162803679426755,-0.021617137724507
4.81,-0.0174306185781923,-0.0146962289562007,-0.0190281718272922,-0.0217897534401014,-0.017814146328635,-0.0146987935089095,-0.0113549684194915,-0.0153605705593932,-0.0153004396694392,-0.0204466959372755
4.82,-0.0162335002968478,-0.0138901763056991,-0.017951630794896,-0.0205840814343148,-0.0169301771398048,-0.0137923254200692,-0.0100814335966152,-0.0146262546230959,-0.0143846273841703,-0.019276254150044
4.83,-0.0151550758117027,-0.0130841236551976,-0.0168750897624999,-0.0193784094285283,-0.0160462079509746,-0.0130722737703079,-0.00880789877373891,-0.0139308338765431,-0.013637966280633,-0.0181058123628125
4.84,-0.0142660906657957,-0.0122780710046961,-0.0157985487301038,-0.0181727374227418,-0.0151622387621445,-0.0123782699068791,-0.00777625516353021,-0.0132354131299904,-0.0128913051770958,-0.0171492662933501
4.85,-0.0133771055198887,-0.0114720183541946,-0.0147220076977077,-0.0169670654169553,-0.0143649773976106,-0.0116842660434503,-0.00701914957125201,-0.0125399923834376,-0.0121446440735586,-0.0162280731508159
4.86,-0.0124881203739816,-0.0107419813748377,-0.013724381285343,-0.0158263542599447,-0.0136716555687252,-0.0109902621800215,-0.00626204397897374,-0.0118445716368847,-0.0113979829700213,-0.0153068800082817
4.87,-0.0115991352280746,-0.0101470402138427,-0.0129062787988343,-0.0149119862158468,-0.0129783337398398,-0.0102962583165927,-0.00550493838669553,-0.0112689373438929,-0.0107022518149096,-0.0143856868657475
4.88,-0.0108035032409936,-0.00955209905284767,-0.0120881763123256,-0.0139976181717489,-0.0122850119109543,-0.00975119686495729,-0.00474783279441733,-0.0107255312251345,-0.0101408843533912,-0.0134644937232133
4.89,-0.010156866073272,-0.00895715789185267,-0.0112700738258169,-0.013083250127651,-0.0115916900820689,-0.00922694699054868,-0.00415278239642627,-0.010182125106376,-0.00957951689187281,-0.0127247895910099
4.9,-0.00951022890555034,-0.00836221673085762,-0.0104519713393081,-0.012168882083553,-0.0109694738608901,-0.00870269711614003,-0.00374165894371069,-0.00963871898761754,-0.0090181494303544,-0.0120150821683593
4.91,-0.00886359173782874,-0.00782490088617876,-0.00969848229240006,-0.0113071563565243,-0.0104324942825059,-0.00817844724173142,-0.00333053549099515,-0.0090953128688591,-0.00845678196883603,-0.0113053747457087
4.92,-0.00821695457010714,-0.00738999733555537,-0.00909198322447845,-0.0106288522771627,-0.00989551470412161,-0.00765419736732281,-0.00291941203827961,-0.0086483458298865,-0.00793469290085606,-0.0105956673230582
4.93,-0.00764093187187259,-0.00695509378493199,-0.00848548415655683,-0.00995054819780117,-0.00935853512573736,-0.00724549485778597,-0.00250828858556407,-0.00822732542656304,-0.00751622832489689,-0.00988595990040758
4.94,-0.00717761227075539,-0.00652019023430857,-0.00787898508863516,-0.00927224411843956,-0.00882155554735307,-0.00685293766829887,-0.00219565206963245,-0.00780630502323954,-0.00709776374893767,-0.00932425256644027
4.95,-0.00671429266963824,-0.00608528668368519,-0.00727248602071355,-0.008593940039078,-0.00834129840776209,-0.0064603804788118,-0.00199479476270365,-0.00738528461991609,-0.00667929917297849,-0.00878700685505786
4.96,-0.00625097306852108,-0.00569310637293173,-0.00671689463437905,-0.00795678494177093,-0.00792903633086441,-0.00606782328932473,-0.00179393745577484,-0.00696426421659263,-0.00626083459701931,-0.00824976114367545
4.97,-0.00578765346740392,-0.00537685423549288,-0.00627711381459218,-0.00746300526007003,-0.00751677425396672,-0.00567526609983766,-0.00159308014884604,-0.00661944714254834,-0.00587207732677742,-0.00771251543229305
4.98,-0.00537626491186204,-0.00506060209805401,-0.00583733299480527,-0.00696922557836909,-0.007104512177069,-0.00537074281103941,-0.00139222284191722,-0.0062951323381695,-0.00556169404760136,-0.00717526972091059
4.99,-0.00504776007286437,-0.00474434996061517,-0.0053975521750184,-0.00647544589666819,-0.00669225010017132,-0.00507852041290563,-0.00124500267861775,-0.00597081753379068,-0.00525131076842533,-0.00675525866616857
5,-0.00471925523386669,-0.00442809782317632,-0.00495777135523153,-0.00598166621496729,-0.00632440596924572,-0.00478629801477185,-0.00115865878666791,-0.00564650272941187,-0.0049409274892493,-0.00635462428849554
5.01,-0.00439075039486902,-0.00414309727386738,-0.00455688338267262,-0.005519174917796,-0.00600980709866736,-0.00449407561663806,-0.00107231489471807,-0.00532218792503305,-0.00463054421007326,-0.00595398991082252
5.02,-0.00406224555587135,-0.00391363736256036,-0.00424447326908697,-0.00516570175209729,-0.00569520822808901,-0.00420185321850428,-0.000985971002768227,-0.0050573409841085,-0.00434237429969745,-0.0055533555331495
5.03,-0.00377119650780575,-0.00368417745125332,-0.00393206315550129,-0.00481222858639854,-0.00538060935751063,-0.00397583833094944,-0.000899627110818379,-0.0048084936876155,-0.00411280783133212,-0.00515272115547645
5.04,-0.00353992817711571,-0.0034547175399463,-0.00361965304191565,-0.00445875542069983,-0.00506601048693228,-0.00375907455396024,-0.0008385451774099,-0.00455964639112252,-0.00388324136296681,-0.00484286251651077
5.05,-0.00330865984642567,-0.00322525762863929,-0.00330724292833,-0.00410528225500111,-0.00478575720977657,-0.00354231077697105,-0.000806134678364425,-0.00431079909462954,-0.0036536748946015,-0.0045480073946367
5.06,-0.00307739151573563,-0.00301847423849933,-0.00302381429430434,-0.00377506842649255,-0.00454667513096307,-0.00332554699998185,-0.000773724179318949,-0.00406195179813656,-0.00342410842623619,-0.00425315227276262
5.07,-0.00284612318504557,-0.00285199179076419,-0.00280631601622087,-0.00352589711640996,-0.00430759305214954,-0.00310878322299264,-0.000741313680273471,-0.00385914417302363,-0.00321102723900351,-0.00395829715088853
5.08,-0.00264150162119995,-0.00268550934302906,-0.00258881773813741,-0.0032767258063274,-0.00406851097333604,-0.00294142209961157,-0.000708903181227996,-0.00366872337886512,-0.00304143761874445,-0.00366344202901445
5.09,-0.00247940920433149,-0.00251902689529393,-0.00237131946005396,-0.00302755449624484,-0.00382942889452254,-0.00278096396060142,-0.00068578611873277,-0.0034783025847066,-0.00287184799848538,-0.00343759423725354
5.1,-0.00231731678746303,-0.00235254444755881,-0.0021538211819705,-0.00277838318616228,-0.00361668804368579,-0.00262050582159126,-0.000673216779828371,-0.00328788179054809,-0.00270225837822631,-0.00322315205531242
5.11,-0.00215522437059456,-0.00220246814301983,-0.00195742671758907,-0.00254617308513801,-0.00343552329369734,-0.0024600476825811,-0.000660647440923971,-0.00309746099638956,-0.00253266875796723,-0.00300870987337128
5.12,-0.0019931319537261,-0.00208154900183773,-0.00180904160159971,-0.00237306093202158,-0.00325435854370891,-0.00229958954357094,-0.000648078102019571,-0.00294247079794722,-0.00237526438975434,-0.00279426769143016
5.13,-0.001849815996628,-0.00196062986065564,-0.00166065648561035,-0.00219994877890516,-0.00307319379372047,-0.00217579632829745,-0.000635508763115172,-0.0027970130915187,-0.00225000722614126,-0.00257982550948904
5.14,-0.00173646790850055,-0.00183971071947354,-0.001512271369621,-0.00202683662578874,-0.00289202904373204,-0.00205712626688371,-0.000624553809921932,-0.00265155538509019,-0.00212475006252818,-0.00241701205887723
5.15,-0.0016231198203731,-0.00171879157829143,-0.00136388625363162,-0.00185372447267231,-0.00273093505290791,-0.00193845620546997,-0.000615431127725347,-0.00250609767866166,-0.00199949289891508,-0.0022627318635597
5.16,-0.00150977173224565,-0.00160972516533023,-0.00123056026792505,-0.00169277184719386,-0.00259390054465743,-0.00181978614405623,-0.000606308445528763,-0.00236063997223315,-0.00187423573530199,-0.00210845166824218
5.17,-0.0013964236441182,-0.00152172354065161,-0.00113149249935567,-0.00157418666901606,-0.00245686603640694,-0.0017011160826425,-0.000597185763332179,-0.00224234717186861,-0.00175796748242516,-0.00195417147292466
5.18,-0.00129622477806494,-0.001433721915973,-0.00103242473078629,-0.00145560149083826,-0.00231983152815646,-0.00160959693743017,-0.000588063081135595,-0.002131363005324,-0.00166541382744685,-0.00179989127760715
5.19,-0.00121701251806011,-0.00134572029129438,-0.0009333569622169,-0.00133701631266045,-0.00218279701990596,-0.00152187156312903,-0.000577778565094168,-0.00202037883877937,-0.00157286017246854,-0.0016837263597787
5.2,-0.0011378002580553,-0.00125771866661576,-0.00083428919364752,-0.00121843113448265,-0.00206100488674018,-0.00143414618882789,-0.000566175408505985,-0.00190939467223476,-0.00148030651749023,-0.00157386117826088
5.21,-0.00105858799805048,-0.00117829598769384,-0.000745746624346977,-0.00110842860958932,-0.00195748429251962,-0.00134642081452676,-0.000554572251917802,-0.00179841050569015,-0.00138775286251192,-0.00146399599674307
5.22,-0.000979375738045666,-0.00111411989780062,-0.00068114797180611,-0.00102833062717126,-0.00185396369829906,-0.00125869544022563,-0.000542969095329619,-0.00170820807378276,-0.00130183109570874,-0.00135413081522525
5.23,-0.000909346871729582,-0.00104994380790739,-0.000616549319265237,-0.000948232644753203,-0.00175044310407848,-0.00119103476642044,-0.000531365938741435,-0.00162359690319792,-0.00123340561583018,-0.00124426563370743
5.24,-0.000853975014356388,-0.00098576771801416,-0.00055195066672437,-0.000868134662335149,-0.00164692250985792,-0.00112617771355088,-0.000518320088600706,-0.00153898573261309,-0.00116498013595162,-0.00116218068084804
5.25,-0.000798603156983194,-0.000921591628120934,-0.000487352014183502,-0.000788036679917096,-0.00155494127708575,-0.00106132066068132,-0.000503636832024131,-0.00145437456202826,-0.00109655465607306,-0.00108468727570196
5.26,-0.00074323129961,-0.000863636470474713,-0.000429968752873006,-0.000713908821979788,-0.00147679265838689,-0.000996463607811756,-0.000488953575447555,-0.00136976339144343,-0.00102812917619451,-0.00100719387055587
5.27,-0.000687859442236806,-0.000816737216436624,-0.000388999881693823,-0.000660582671300114,-0.00139864403968803,-0.000931606554942194,-0.00047427031887098,-0.00130102893045583,-0.000964594126141516,-0.000929700465409787
5.28,-0.000638887589704823,-0.000769837962398531,-0.000348031010514636,-0.000607256520620434,-0.00132049542098916,-0.000881571904215702,-0.000459587062294403,-0.00123656604899949,-0.000913961037212314,-0.000852207060263694
5.29,-0.000600130362764603,-0.000722938708360443,-0.000307062139335453,-0.00055393036994076,-0.0012423468022903,-0.000833608373213767,-0.000444164787790827,-0.00117210316754316,-0.000863327948283117,-0.000794751616931322
5.3,-0.000561373135824383,-0.000676039454322354,-0.000266093268156269,-0.000500604219261085,-0.00117292303429935,-0.000785644842211833,-0.000427903753934829,-0.00110764028608683,-0.000812694859353921,-0.00074060807066345
5.31,-0.000522615908884163,-0.000633665340334403,-0.000229976132842146,-0.000451371872155442,-0.00111395803330598,-0.000737681311209899,-0.000411642720078831,-0.00104317740463049,-0.000762061770424724,-0.000686464524395578
5.32,-0.000483858681943939,-0.000599333350938258,-0.000204896276417068,-0.000416403566577224,-0.0010549930323126,-0.00068971778020796,-0.000395381686222831,-0.000990807976283615,-0.000715040219798815,-0.000632320978127701
5.33,-0.000449563877593782,-0.000565001361542115,-0.000179816419991992,-0.000381435260999008,-0.00099602803131923,-0.000652703429729429,-0.000379120652366833,-0.000941692254030451,-0.000677546651057556,-0.00057817743185983
5.34,-0.000422391251604516,-0.000530669372145973,-0.000154736563566915,-0.000346466955420793,-0.00093706303032586,-0.000617218997514538,-0.000362980581591522,-0.000892576531777288,-0.000640053082316298,-0.000538333079904841
5.35,-0.00039521862561525,-0.000496337382749831,-0.000129656707141839,-0.000311498649842577,-0.000884686080098421,-0.000581734565299646,-0.000346977799657952,-0.000843460809524125,-0.00060255951357504,-0.000500852115010364
5.36,-0.000368045999625981,-0.000465303264773232,-0.000107751739701604,-0.000279297725643774,-0.00084020644413295,-0.000546250133084751,-0.000330975017724381,-0.000794345087270958,-0.000565065944833778,-0.000463371150115885
5.37,-0.000340873373636715,-0.000440130157185242,-9.30693697279426e-05,-0.000256739189557727,-0.000795726808167484,-0.000510765700869859,-0.000314972235790811,-0.000754459247985144,-0.000530243332855166,-0.000425890185221408
5.38,-0.00031681587053462,-0.000414957049597251,-7.83869997542814e-05,-0.00023418065347168,-0.000751247172202017,-0.000483373252575911,-0.000298969453857241,-0.000717056680117615,-0.000502467254932681,-0.000388409220326932
5.39,-0.00029773020960362,-0.000389783942009261,-6.37046297806203e-05,-0.000211622117385632,-0.00070676753623655,-0.000457111489264575,-0.000283741905387803,-0.000679654112250087,-0.000474691177010196,-0.000361031529726532
5.4,-0.000278644548672618,-0.000364610834421268,-4.90222598069578e-05,-0.000189063581299583,-0.00066725998000008,-0.000430849725953237,-0.00026939421963156,-0.000642251544382555,-0.000446915099087708,-0.000335323719765064
5.41,-0.000259558887741617,-0.000341849773070002,-3.63639120420237e-05,-0.000168349424296207,-0.000633712620117677,-0.000404587962641901,-0.000255046533875319,-0.000604848976515026,-0.000419139021165223,-0.000309615909803598
5.42,-0.000240473226810617,-0.000323375424647397,-2.83100395034132e-05,-0.000154061638111991,-0.000600165260235273,-0.000378326199330565,-0.000240698848119078,-0.000574475091668494,-0.000393338124476315,-0.000283908099842131
5.43,-0.000223566651208729,-0.000304901076224792,-2.02561669648027e-05,-0.000139773851927775,-0.00056661790035287,-0.000358048942427033,-0.000226351162362837,-0.000545992252213975,-0.000372748162694358,-0.000258200289880665
5.44,-0.000210137969971236,-0.000286426727802185,-1.22022944261915e-05,-0.000125486065743557,-0.000533070540470463,-0.000338607894738664,-0.000213128165236602,-0.000517509412759454,-0.000352158200912399,-0.000239565837332331
5.45,-0.000196709288733745,-0.00026795237937958,-4.14842188758101e-06,-0.000111198279559341,-0.000503273322387385,-0.000319166847050296,-0.000201181650144858,-0.000489026573304935,-0.000331568239130442,-0.000222100477322977
5.46,-0.000183280607496253,-0.000251244224046467,2.65185125262125e-06,-9.81211531139661e-05,-0.000477971523263337,-0.000299725799361928,-0.000189235135053114,-0.000460543733850416,-0.000310978277348484,-0.000204635117313622
5.47,-0.000169851926258761,-0.000237674964906954,6.60029433442937e-06,-8.9262328909554e-05,-0.000452669724139288,-0.00028028475167356,-0.000177288619961369,-0.000437413602382077,-0.000291850090726295,-0.000187169757304267
5.48,-0.000157950196403323,-0.000224105705767439,1.05487374162378e-05,-8.04035047051412e-05,-0.000427367925015238,-0.00026527011399254,-0.000165342104869624,-0.000415723600414784,-0.000276578368046074,-0.000169704397294911
5.49,-0.000148485532933218,-0.000210536446627925,1.4497180498046e-05,-7.15446805007291e-05,-0.000402066125891189,-0.000250873974243683,-0.000154608041414679,-0.000394033598447494,-0.000261306645365854,-0.000157143372572354
5.5,-0.000139020869463113,-0.000196967187488412,1.84456235798541e-05,-6.2685856296317e-05,-0.000379592783534404,-0.000236477834494827,-0.000145250067919894,-0.000372343596480203,-0.000246034922685634,-0.000145392941950668
5.51,-0.000129556205993009,-0.000184692803990494,2.16526045341216e-05,-5.46087677713951e-05,-0.000360510005816705,-0.000222081694745971,-0.000135892094425109,-0.000350653594512912,-0.000230763200005415,-0.000133642511328982
5.52,-0.000120091542522904,-0.000174719686558427,2.31728233655242e-05,-4.92554812057183e-05,-0.000341427228099007,-0.000207685554997114,-0.000126534120930325,-0.000333037585590658,-0.000216575079631906,-0.000121892080707295
5.53,-0.000111699184445996,-0.000164746569126359,2.46930421969269e-05,-4.3902194640041e-05,-0.000322344450381306,-0.000196565038153874,-0.000117176147435539,-0.000316517671875983,-0.000205245725324672,-0.000110141650085608
5.54,-0.000105018262279415,-0.000154773451694292,2.62132610283295e-05,-3.85489080743642e-05,-0.000303261672663607,-0.000185902220888916,-0.000108938690989008,-0.000299997758161308,-0.000193916371017439,-0.000101760626231483
5.55,-9.83373401128336e-05,-0.000144800334262225,2.77334798597321e-05,-3.31956215086874e-05,-0.000286312357302156,-0.000175239403623958,-0.000101972981978409,-0.000283477844446634,-0.000182587016710206,-9.39365017509742e-05
5.56,-9.16564179462527e-05,-0.00013577868568194,2.88394765662914e-05,-2.83380834592205e-05,-0.00027192049380196,-0.000164576586359,-9.50072729678099e-05,-0.00026695793073196,-0.000171257662402973,-8.61123772704652e-05
5.57,-8.49754957796711e-05,-0.000128447997152941,2.90031538141944e-05,-2.52078821748171e-05,-0.000257528630301762,-0.000153913769094041,-8.80415639572103e-05,-0.000253547120693284,-0.000160731835393397,-7.82882527899555e-05
5.58,-7.90494334841201e-05,-0.000121117308623942,2.91668310620974e-05,-2.2077680890414e-05,-0.000243136766801565,-0.00014567417572831,-8.10758549466113e-05,-0.000240972805366667,-0.000152325878891337,-7.04641283094465e-05
5.59,-7.43281532392253e-05,-0.000113786620094943,2.93305083100004e-05,-1.89474796060109e-05,-0.000228744903301369,-0.000137773177063103,-7.50481078246357e-05,-0.000228398490040049,-0.000143919922389277,-6.49338058140701e-05
5.6,-6.96068729943305e-05,-0.000106455931565944,2.94941855579034e-05,-1.58172783216078e-05,-0.000215961782338897,-0.000129872178397895,-7.00849144537328e-05,-0.000215824174713432,-0.000135513965887217,-5.97826055134422e-05
5.61,-6.48855927494354e-05,-9.98240246779938e-05,2.94479988241013e-05,-1.29947914305491e-05,-0.000205107114243348,-0.000121971179732688,-6.51217210828294e-05,-0.000203249859386813,-0.000127108009385156,-5.46314052128137e-05
5.62,-6.01643125045406e-05,-9.44339995787874e-05,2.89243897080289e-05,-1.12444739305901e-05,-0.000194252446147801,-0.000114070181067481,-6.01585277119265e-05,-0.000193042215824107,-0.000119297867309142,-4.94802049121858e-05
5.63,-5.59752556420552e-05,-8.9043974479581e-05,2.84007805919564e-05,-9.49415643063122e-06,-0.000183397778052253,-0.000107964868562676,-5.51953343410236e-05,-0.000183471317967557,-0.000113059606404315,-4.43290046115578e-05
5.64,-5.26356454155284e-05,-8.36539493803746e-05,2.7877171475884e-05,-7.7438389306723e-06,-0.000172543109956706,-0.000102110465525177,-5.09588024387211e-05,-0.000173900420111006,-0.000106821345499488,-4.07240296462669e-05
5.65,-4.92960351890012e-05,-7.82639242811677e-05,2.73535623598116e-05,-5.99352143071323e-06,-0.000162901519964259,-9.62560624876778e-05,-4.75470057431907e-05,-0.000164329522254454,-0.000100583084594661,-3.73746165588136e-05
5.66,-4.59564249624744e-05,-7.33877862837524e-05,2.67426522629843e-05,-4.42946226597917e-06,-0.000154714086799814,-9.0401659450179e-05,-4.41352090476606e-05,-0.000154758624397904,-9.43448236898344e-05,-3.40252034713606e-05
5.67,-4.26168147359476e-05,-6.94249336328532e-05,2.59331399959902e-05,-3.51438309758074e-06,-0.00014652665363537,-8.45472564126802e-05,-4.07234123521305e-05,-0.000146985437135679,-8.85485346452755e-05,-3.06757903839075e-05
5.68,-3.96528566804249e-05,-6.5462080981954e-05,2.51236277289961e-05,-2.5993039291823e-06,-0.000138339220470925,-8.0022520350267e-05,-3.73116156566004e-05,-0.000139695918339569,-8.39182583976222e-05,-2.73263772964545e-05
5.69,-3.72884522775534e-05,-6.14992283310545e-05,2.43141154620019e-05,-1.68422476078379e-06,-0.00013015178730648,-7.56835773511236e-05,-3.44299049780854e-05,-0.000132406399543457,-7.92879821499684e-05,-2.50084541977192e-05
5.7,-3.49240478746821e-05,-5.75363756801553e-05,2.35046031950078e-05,-7.69145592385355e-07,-0.000122879406723598,-7.13446343519805e-05,-3.21498232832737e-05,-0.000125116880747347,-7.4657705902315e-05,-2.28610169346921e-05
5.71,-3.25596434718108e-05,-5.39512585932491e-05,2.26771623782343e-05,3.67852808570584e-08,-0.000116703929922968,-6.70056913528374e-05,-2.9869741588462e-05,-0.000117827361951237,-7.00274296546616e-05,-2.0713579671665e-05
5.72,-3.01952390689395e-05,-5.10374569650311e-05,2.18089356634863e-05,4.62410703044743e-07,-0.000110528453122338,-6.26667483536943e-05,-2.75896598936503e-05,-0.000111908397014316,-6.57252166377513e-05,-1.85661424086379e-05
5.73,-2.80965210974489e-05,-4.81236553368128e-05,2.09407089487383e-05,8.88036125232466e-07,-0.000104352976321708,-5.93136513144075e-05,-2.53095781988383e-05,-0.000106358175347248,-6.22885019921822e-05,-1.64187051456105e-05
5.74,-2.64218477147823e-05,-4.52098537085947e-05,2.00724822339903e-05,1.31366154742015e-06,-9.8177499521078e-05,-5.60983055648997e-05,-2.33964412938281e-05,-0.000100807953680181,-5.88517873466134e-05,-1.49516474572136e-05
5.75,-2.47471743321157e-05,-4.22960520803766e-05,1.92042555192424e-05,1.73928696960784e-06,-9.26920424320801e-05,-5.28829598153919e-05,-2.18997738180745e-05,-9.52577320131135e-05,-5.54150727010447e-05,-1.35970436768991e-05
5.76,-2.3072500949449e-05,-3.96600550681057e-05,1.83541501041095e-05,2.10370963908948e-06,-8.80337347842929e-05,-4.96676140658841e-05,-2.0403106342321e-05,-8.97075103460462e-05,-5.19783580554759e-05,-1.22424398965847e-05
5.77,-2.13978275667824e-05,-3.75177752245566e-05,1.75452690761335e-05,2.25488353138783e-06,-8.33754271365057e-05,-4.64522683163763e-05,-1.89064388665674e-05,-8.52011583038973e-05,-4.87851648785138e-05,-1.08878361162703e-05
5.78,-1.99111965147736e-05,-3.53754953810074e-05,1.67363880481575e-05,2.40605742368619e-06,-7.87171194887181e-05,-4.39667457211965e-05,-1.74097713908138e-05,-8.0975656150435e-05,-4.62344314919656e-05,-9.53323233595571e-06
5.79,-1.87246874237206e-05,-3.32332155374583e-05,1.59275070201814e-05,2.55723131598453e-06,-7.40588118409309e-05,-4.15832006000979e-05,-1.61562332342749e-05,-7.67501539969732e-05,-4.36836981054177e-05,-8.6221761756334e-06
5.8,-1.75381783326676e-05,-3.10909356939093e-05,1.51186259922054e-05,2.70840520828288e-06,-6.99212280605444e-05,-3.91996554789993e-05,-1.5178638303047e-05,-7.25246518435113e-05,-4.11329647188697e-05,-7.78443006921143e-06
5.81,-1.63516692416146e-05,-2.91529634093315e-05,1.43439733561773e-05,2.82743917921741e-06,-6.64078531957653e-05,-3.68161103579006e-05,-1.42010433718192e-05,-6.82991496900494e-05,-3.85822313323218e-05,-6.94668396278946e-06
5.82,-1.51651601505615e-05,-2.75780885816475e-05,1.36471873473437e-05,2.83448800852731e-06,-6.28944783309859e-05,-3.44325652368018e-05,-1.32234484405913e-05,-6.48683755703855e-05,-3.62121945404812e-05,-6.10893785636741e-06
5.83,-1.41118014121401e-05,-2.60032137539637e-05,1.29504013385102e-05,2.84153683783722e-06,-5.93811034662069e-05,-3.25903288124041e-05,-1.22458535093634e-05,-6.16514205661561e-05,-3.43188725821564e-05,-5.27119174994544e-06
5.84,-1.32709551691443e-05,-2.44283389262798e-05,1.22536153296767e-05,2.84858566714713e-06,-5.58677286014278e-05,-3.08237289216793e-05,-1.142367347907e-05,-5.84344655619267e-05,-3.24255506238316e-05,-4.71866393235533e-06
5.85,-1.24301089261485e-05,-2.2853464098596e-05,1.15568293208432e-05,2.85563449645704e-06,-5.27467769341705e-05,-2.90571290309544e-05,-1.07778838946669e-05,-5.52175105576973e-05,-3.05322286655068e-05,-4.21327731716418e-06
5.86,-1.15892626831526e-05,-2.14287956272825e-05,1.08987050688661e-05,2.84759451906281e-06,-5.00962359277628e-05,-2.72905291402294e-05,-1.01320943102636e-05,-5.20005555534677e-05,-2.86389067071819e-05,-3.70789070197298e-06
5.87,-1.07484164401568e-05,-2.0271075409289e-05,1.03285329652814e-05,2.7869806060767e-06,-4.74456949213553e-05,-2.55239292495045e-05,-9.48630472586043e-06,-4.93885948019421e-05,-2.68796668203531e-05,-3.20250408678182e-06
5.88,-1.00018821029599e-05,-1.91133551912955e-05,9.75836086169663e-06,2.7263666930906e-06,-4.47951539149479e-05,-2.41583436785585e-05,-8.84051514145725e-06,-4.69394058798405e-05,-2.54741630539757e-05,-2.69711747159067e-06
5.89,-9.4058727779279e-06,-1.79556349733019e-05,9.1881887581119e-06,2.66575278010449e-06,-4.21446129085404e-05,-2.28487914454955e-05,-8.29196635513534e-06,-4.44902169577389e-05,-2.40686592875983e-05,-2.37220624406088e-06
5.9,-8.80986345289587e-06,-1.67979147553083e-05,8.61801665452712e-06,2.60513886711838e-06,-3.97902568990126e-05,-2.15392392124324e-05,-7.85378245422106e-06,-4.2041028035637e-05,-2.26631555212207e-05,-2.0771241933788e-06
5.91,-8.21385412786389e-06,-1.57506435162071e-05,8.08465513188473e-06,2.53905197108477e-06,-3.77909476374752e-05,-2.02296869793694e-05,-7.41559855330682e-06,-3.95918391135354e-05,-2.12576517548433e-05,-1.78204214269675e-06
5.92,-7.6178448028319e-06,-1.48996633177029e-05,7.63503449275869e-06,2.45389555790002e-06,-3.57916383759378e-05,-1.89201347463065e-05,-6.97741465239258e-06,-3.76032500803049e-05,-1.99517211309297e-05,-1.48696009201469e-06
5.93,-7.08868966098764e-06,-1.40486831191987e-05,7.18541385363264e-06,2.36873914471528e-06,-3.37923291144005e-05,-1.7907707072217e-05,-6.53923075147834e-06,-3.57385840202414e-05,-1.89084849651437e-05,-1.19187804133264e-06
5.94,-6.6662360713214e-06,-1.31977029206945e-05,6.73579321450656e-06,2.28358273153052e-06,-3.17930198528629e-05,-1.69367963215517e-05,-6.16154078974493e-06,-3.38739179601777e-05,-1.78652487993576e-05,-1.00884743107849e-06
5.95,-6.24378248165521e-06,-1.23467227221903e-05,6.28617257538051e-06,2.19842631834577e-06,-3.00170520814312e-05,-1.59658855708865e-05,-5.85250932112648e-06,-3.20092519001142e-05,-1.68220126335717e-05,-8.44336810036615e-07
5.96,-5.82132889198901e-06,-1.1576902149113e-05,5.86875759475113e-06,2.11284138075815e-06,-2.8508811138126e-05,-1.49949748202213e-05,-5.54347785250802e-06,-3.01445858400507e-05,-1.57787764677857e-05,-6.79826188994743e-07
5.97,-5.39887530232282e-06,-1.09513192818914e-05,5.52460769790186e-06,2.02576333541203e-06,-2.70005701948208e-05,-1.40240640695562e-05,-5.23444638388957e-06,-2.86305089265174e-05,-1.48094480606654e-05,-5.15315567952871e-07
5.98,-5.02379893591332e-06,-1.03257364146697e-05,5.18045780105255e-06,1.9386852900659e-06,-2.54923292515155e-05,-1.32739501478261e-05,-4.92541491527108e-06,-2.72107569367362e-05,-1.40351035431135e-05,-3.50804946910984e-07
5.99,-4.72433823060892e-06,-9.70015354744811e-06,4.83630790420328e-06,1.85160724471978e-06,-2.39840883082103e-05,-1.25546879506082e-05,-4.65485393780869e-06,-2.57910049469551e-05,-1.32607590255617e-05,-2.54227771282108e-07
6,-4.42487752530452e-06,-9.07457068022648e-06,4.49215800735401e-06,1.76452919937366e-06,-2.26443205487988e-05,-1.18354257533902e-05,-4.42795561462094e-06,-2.43712529571741e-05,-1.24864145080098e-05,-1.68878712591267e-07
6.01,-4.12541682000013e-06,-8.50869827657129e-06,4.17465209679263e-06,1.67943717686166e-06,-2.15065071648459e-05,-1.11161635561723e-05,-4.20105729143319e-06,-2.29515009673931e-05,-1.17120699904579e-05,-8.35296539004251e-08
6.02,-3.82595611469573e-06,-8.04894391172039e-06,3.91775894742728e-06,1.60126505455197e-06,-2.0368693780893e-05,-1.03969013589544e-05,-3.97415896824545e-06,-2.17986759448819e-05,-1.09925884087179e-05,1.81940479041662e-09
6.03,-3.56009626682943e-06,-7.58918954686945e-06,3.66086579806191e-06,1.52309293224228e-06,-1.923088039694e-05,-9.84069574290971e-06,-3.74726064505768e-06,-2.07176667959777e-05,-1.04178465513432e-05,8.71684634812659e-08
6.04,-3.34786453125483e-06,-7.12943518201855e-06,3.40397264869656e-06,1.44492080993259e-06,-1.80930670129871e-05,-9.30727386314657e-06,-3.54592785448028e-06,-1.96366576470735e-05,-9.84310469396849e-06,1.32577443158876e-07
6.05,-3.13563279568024e-06,-6.66968081716765e-06,3.14707949933121e-06,1.36674868762291e-06,-1.70823703582725e-05,-8.77385198338343e-06,-3.37361104415602e-06,-1.85556484981693e-05,-9.2683628365938e-06,1.71385081259469e-07
6.06,-2.92340106010564e-06,-6.2537915348689e-06,2.9113408014792e-06,1.29138964984494e-06,-1.6224052729527e-05,-8.24043010362028e-06,-3.20129423383176e-06,-1.74746393492651e-05,-8.6936209792191e-06,2.10192719360062e-07
6.07,-2.71116932453103e-06,-5.91585972022977e-06,2.72372664865416e-06,1.22583224369264e-06,-1.53657351007814e-05,-7.70700822385709e-06,-3.02897742350748e-06,-1.65970321639277e-05,-8.15958553149085e-06,2.49000357460658e-07
6.08,-2.52275240376282e-06,-5.57792790559066e-06,2.53611249582913e-06,1.16027483754034e-06,-1.45074174720359e-05,-7.29474915543342e-06,-2.85666061318322e-06,-1.57741496467507e-05,-7.73294197639374e-06,2.87807995561251e-07
6.09,-2.37234473811538e-06,-5.23999609095155e-06,2.34849834300411e-06,1.09471743138805e-06,-1.36490998432904e-05,-6.89942004789088e-06,-2.70251303957032e-06,-1.49512671295738e-05,-7.30629842129662e-06,3.04153902988473e-07
6.1,-2.22193707246795e-06,-4.90206427631245e-06,2.16088419017909e-06,1.02916002523576e-06,-1.28866533492191e-05,-6.50409094034835e-06,-2.56898691052758e-06,-1.41283846123968e-05,-6.87965486619951e-06,3.16787310083967e-07
6.11,-2.0715294068205e-06,-4.59638003513131e-06,1.98961242925603e-06,9.66581242932164e-07,-1.22391307538963e-05,-6.10876183280578e-06,-2.43546078148484e-06,-1.33055020952198e-05,-6.45301131110236e-06,3.29420717179461e-07
6.12,-1.92112174117306e-06,-4.34800650713452e-06,1.85551819451183e-06,9.1438088096657e-07,-1.15916081585734e-05,-5.71343272526324e-06,-2.3019346524421e-06,-1.26371111775767e-05,-6.05659488988852e-06,3.42054124274955e-07
6.13,-1.78759391272611e-06,-4.09963297913772e-06,1.72142395976763e-06,8.62180519000976e-07,-1.09440855632506e-05,-5.40775621389594e-06,-2.16840852339937e-06,-1.20102857461747e-05,-5.73992387350717e-06,3.54687531370449e-07
6.14,-1.68100687906453e-06,-3.85125945114093e-06,1.58732972502343e-06,8.09980157035382e-07,-1.02965629679278e-05,-5.1146067719269e-06,-2.04865999424622e-06,-1.13834603147726e-05,-5.42325285712582e-06,3.55446500085833e-07
6.15,-1.57441984540294e-06,-3.60288592314412e-06,1.45323549027921e-06,7.57779795069784e-07,-9.72140885928691e-06,-4.82145732995784e-06,-1.94454855634497e-06,-1.07566348833706e-05,-5.10658184074445e-06,3.54242848152509e-07
6.16,-1.46783281174136e-06,-3.37821494507016e-06,1.33137617333887e-06,7.08264127295591e-07,-9.23300524822051e-06,-4.52830788798881e-06,-1.84043711844374e-06,-1.01298094519686e-05,-4.7899108243631e-06,3.53039196219186e-07
6.17,-1.36124577807978e-06,-3.1956683780665e-06,1.23735023474835e-06,6.68102740629906e-07,-8.74460163715411e-06,-4.23515844601977e-06,-1.7363256805425e-06,-9.6209351486765e-06,-4.49566625471695e-06,3.51835544285863e-07
6.18,-1.2666189764373e-06,-3.01312181106285e-06,1.14332429615783e-06,6.2794135396422e-07,-8.25619802608771e-06,-4.00866221735854e-06,-1.63221424264127e-06,-9.14379523099102e-06,-4.26058727055962e-06,3.5063189235254e-07
6.19,-1.19108111224043e-06,-2.83057524405918e-06,1.0492983575673e-06,5.87779967298531e-07,-7.76779441502127e-06,-3.79147937686837e-06,-1.53901097805595e-06,-8.6666553133055e-06,-4.02550828640227e-06,3.43859903048966e-07
6.2,-1.11554324804357e-06,-2.64802867705553e-06,9.55272418976776e-07,5.47618580632846e-07,-7.33393760901162e-06,-3.57429653637822e-06,-1.45818810649264e-06,-8.18951539562002e-06,-3.79042930224494e-06,3.36167572626766e-07
6.21,-1.0400053838467e-06,-2.48290268535967e-06,8.70221622951896e-07,5.09688419079646e-07,-6.9654678616061e-06,-3.35711369588807e-06,-1.37736523492933e-06,-7.71237547793454e-06,-3.55535031808761e-06,3.28475242204566e-07
6.22,-9.64467519649836e-07,-2.34873671601314e-06,8.05588498935746e-07,4.79532516131168e-07,-6.59699811420058e-06,-3.13993085539792e-06,-1.29654236336602e-06,-7.32496370649912e-06,-3.33692764059792e-06,3.20782911782366e-07
6.23,-8.9741239570387e-07,-2.2145707466666e-06,7.40955374919591e-07,4.49376613182687e-07,-6.22852836679503e-06,-2.97189525969147e-06,-1.2157194918027e-06,-6.96169301483535e-06,-3.16244773066783e-06,3.13090581360165e-07
6.24,-8.43896013962761e-07,-2.08040477732007e-06,6.76322250903442e-07,4.19220710234209e-07,-5.86005861938952e-06,-2.81072696033122e-06,-1.14368920002759e-06,-6.59842232317162e-06,-2.98796782073775e-06,3.034102697512e-07
6.25,-7.90379632221653e-07,-1.94623880797354e-06,6.11689126887292e-07,3.89064807285731e-07,-5.53273877802759e-06,-2.64955866097096e-06,-1.08163817703583e-06,-6.23515163150789e-06,-2.81348791080766e-06,2.93401382356038e-07
6.26,-7.36863250480544e-07,-1.82487654559201e-06,5.53509578843448e-07,3.60699977449739e-07,-5.25474668950522e-06,-2.4883903616107e-06,-1.01958715404408e-06,-5.87188093984416e-06,-2.63900800087758e-06,2.83392494960877e-07
6.27,-6.83346868739435e-07,-1.72626916052001e-06,5.10011357198846e-07,3.38575784418391e-07,-4.97675460098285e-06,-2.32722206225045e-06,-9.57536131052324e-07,-5.57695552499733e-06,-2.47688929028433e-06,2.73383607565716e-07
6.28,-6.35837131377767e-07,-1.627661775448e-06,4.6651313555424e-07,3.16451591387042e-07,-4.69876251246045e-06,-2.20268799122705e-06,-8.95485108060564e-07,-5.3004181951451e-06,-2.34738196948202e-06,2.63374720170553e-07
6.29,-5.97914202920319e-07,-1.52905439037601e-06,4.23014913909639e-07,2.94327398355694e-07,-4.42077042393808e-06,-2.08327278502528e-06,-8.40515752179452e-07,-5.02388086529288e-06,-2.21787464867973e-06,2.53297674049141e-07
6.3,-5.5999127446287e-07,-1.43044700530401e-06,3.79516692265037e-07,2.72203205324347e-07,-4.17383108522312e-06,-1.96385757882351e-06,-7.93583839373493e-07,-4.74734353544067e-06,-2.08836732787743e-06,2.43209362576117e-07
6.31,-5.22068346005422e-07,-1.34124999898241e-06,3.40557615442858e-07,2.51448259017816e-07,-3.96411570434334e-06,-1.84444237262174e-06,-7.46651926567535e-07,-4.47080620558846e-06,-1.95886000707514e-06,2.33121051103094e-07
6.32,-4.8414541754797e-07,-1.26877721280166e-06,3.11924699960901e-07,2.35464179654661e-07,-3.75440032346355e-06,-1.72502716641996e-06,-6.99720013761572e-07,-4.24622266474747e-06,-1.8385257675947e-06,2.2303273963007e-07
6.33,-4.50479329883136e-07,-1.19630442662092e-06,2.83291784478947e-07,2.19480100291508e-07,-3.54468494258377e-06,-1.63279475585504e-06,-6.52788100955614e-07,-4.03561712988766e-06,-1.7423920059498e-06,2.12944428157046e-07
6.34,-4.23607305032163e-07,-1.12383164044017e-06,2.54658868996993e-07,2.03496020928354e-07,-3.334969561704e-06,-1.54436057068358e-06,-6.11479592658552e-07,-3.82501159502785e-06,-1.6462582443049e-06,2.03664733488949e-07
6.35,-3.96735280181189e-07,-1.05135885425943e-06,2.26025953515039e-07,1.87511941565201e-07,-3.14867205866558e-06,-1.45592638551211e-06,-5.76553450677593e-07,-3.61440606016804e-06,-1.55012448265999e-06,1.94518687923862e-07
6.36,-3.69863255330213e-07,-9.85800799112433e-07,2.00528705465115e-07,1.72570586852443e-07,-2.99044634001863e-06,-1.36749220034064e-06,-5.41627308696631e-07,-3.40380052530821e-06,-1.45399072101508e-06,1.85372642358773e-07
6.37,-3.42991230479239e-07,-9.32531673783314e-07,1.82164829246052e-07,1.61262398080831e-07,-2.83222062137169e-06,-1.27905801516917e-06,-5.06701166715672e-07,-3.23284080893821e-06,-1.36466733542695e-06,1.76226596793685e-07
6.38,-3.19137678597013e-07,-8.79262548454195e-07,1.63800953026989e-07,1.49954209309218e-07,-2.67399490272475e-06,-1.21066658365166e-06,-4.71775024734714e-07,-3.07254767721055e-06,-1.29331112455694e-06,1.67080551228598e-07
6.39,-3.0010171232597e-07,-8.25993423125076e-07,1.45437076807926e-07,1.38646020537606e-07,-2.51576918407781e-06,-1.14507570645903e-06,-4.4122346757705e-07,-2.91225454548289e-06,-1.22195491368693e-06,1.59130443502902e-07
6.4,-2.81065746054926e-07,-7.72724297795953e-07,1.27073200588861e-07,1.27337831765992e-07,-2.37514447947219e-06,-1.0794848292664e-06,-4.15636910319172e-07,-2.75196141375521e-06,-1.15059870281692e-06,1.51378001740263e-07
6.41,-2.62029779783883e-07,-7.24537481940975e-07,1.10834709673821e-07,1.16790730483385e-07,-2.2556186923085e-06,-1.01389395207377e-06,-3.90050353061296e-07,-2.59166828202755e-06,-1.07924249194691e-06,1.43625559977625e-07
6.42,-2.4299381351284e-07,-6.85382997804404e-07,9.94312862479387e-08,1.08895486661161e-07,-2.13609290514481e-06,-9.48303074881142e-07,-3.6446379580342e-07,-2.46147639249382e-06,-1.01294200218492e-06,1.35873118214986e-07
6.43,-2.26095096015023e-07,-6.46228513667832e-07,8.80278628220561e-08,1.01000242838936e-07,-2.01656711798111e-06,-8.97570092119055e-07,-3.38877238545544e-07,-2.33938314891902e-06,-9.59979545993576e-07,1.28120676452348e-07
6.44,-2.12607500314226e-07,-6.07074029531258e-07,7.66244393961725e-08,9.31049990167114e-08,-1.89704133081741e-06,-8.4891318838405e-07,-3.1660902112816e-07,-2.21728990534421e-06,-9.07017089802227e-07,1.2164241198432e-07
6.45,-1.99119904613429e-07,-5.67919545394686e-07,6.52210159702899e-08,8.52097551944872e-08,-1.79102800887798e-06,-8.0025628464905e-07,-2.98107002708173e-07,-2.09519666176941e-06,-8.54054633610882e-07,1.15374744985282e-07
6.46,-1.85632308912633e-07,-5.32502446922659e-07,5.52202754550284e-08,7.7864064144962e-08,-1.70121252574113e-06,-7.51599380914049e-07,-2.79604984288186e-07,-1.97310341819461e-06,-8.01092177419538e-07,1.09107077986244e-07
6.47,-1.72144713211837e-07,-5.03727467993632e-07,4.84105170764666e-08,7.24331800541767e-08,-1.61139704260427e-06,-7.02942477179049e-07,-2.61102965868199e-07,-1.87399795086322e-06,-7.51881134725175e-07,1.02839410987205e-07
6.48,-1.60172557624581e-07,-4.74952489064604e-07,4.16007586979042e-08,6.7002295963391e-08,-1.52158155946741e-06,-6.65322984212139e-07,-2.4260094744821e-07,-1.78107727351421e-06,-7.12567093485399e-07,9.65717439881665e-08
6.49,-1.50619096046251e-07,-4.46177510135578e-07,3.47910003193425e-08,6.15714118726058e-08,-1.43176607633056e-06,-6.29245737834485e-07,-2.26565827037601e-07,-1.68815659616521e-06,-6.73253052245626e-07,9.14406727450201e-08
6.5,-1.41065634467921e-07,-4.17402531206552e-07,2.79812419407807e-08,5.61405277818205e-08,-1.3519455532994e-06,-5.93168491456832e-07,-2.13330549095269e-07,-1.59523591881622e-06,-6.33939011005853e-07,8.64974593380372e-08
6.51,-1.31512172889591e-07,-3.91373255156675e-07,2.20795448214356e-08,5.11014139206163e-08,-1.28410631939228e-06,-5.57091245079178e-07,-2.00095271152938e-07,-1.50231524146722e-06,-5.9462496976608e-07,8.15542459310542e-08
6.52,-1.21958711311261e-07,-3.70223669989621e-07,1.82436084205313e-08,4.74273452363193e-08,-1.21626708548515e-06,-5.21013998701524e-07,-1.86859993210606e-07,-1.42684295768462e-06,-5.58096950198557e-07,7.66110325240712e-08
6.53,-1.13478736788136e-07,-3.49074084822566e-07,1.44076720196267e-08,4.3753276552022e-08,-1.14842785157802e-06,-4.93137307478245e-07,-1.73624715268273e-07,-1.35606511013611e-06,-5.28919029617709e-07,7.16678191170878e-08
6.54,-1.06712084148127e-07,-3.27924499655512e-07,1.05717356187224e-08,4.0079207867725e-08,-1.0805886176709e-06,-4.66406471789618e-07,-1.62181401663493e-07,-1.2852872625876e-06,-4.99741109036863e-07,6.76917366743456e-08
6.55,-9.99454315081177e-08,-3.06774914488459e-07,6.73579921781818e-09,3.6405139183428e-08,-1.02029442010233e-06,-4.3967563610099e-07,-1.52771904550047e-07,-1.21450941503909e-06,-4.70563188456018e-07,6.38755027347206e-08
6.56,-9.31787788681087e-08,-2.87644041494147e-07,3.46670057621196e-09,3.30040786505517e-08,-9.69044707040694e-07,-4.12944800412363e-07,-1.43362407436601e-07,-1.14373156749059e-06,-4.41385267875172e-07,6.00592687950957e-08
6.57,-8.64121262280991e-08,-2.72100844158108e-07,1.48710874375754e-09,3.05542605353336e-08,-9.17794993979059e-07,-3.86213964723733e-07,-1.33952910323154e-07,-1.08627509170473e-06,-4.14272602784961e-07,5.62430348554705e-08
6.58,-8.04035235073189e-08,-2.5655764682207e-07,-4.92483088696702e-10,2.81044424201157e-08,-8.66545280917428e-07,-3.6554041746089e-07,-1.24543413209709e-07,-1.03240268972213e-06,-3.9260850704371e-07,5.24268009158456e-08
6.59,-7.56047942627125e-08,-2.41014449486031e-07,-2.47207492115095e-09,2.56546243048978e-08,-8.15295567855797e-07,-3.45713249173248e-07,-1.16415890337082e-07,-9.78530287739541e-07,-3.70944411302459e-07,4.94182564420528e-08
6.6,-7.08060650181061e-08,-2.25471252149993e-07,-4.45166675360519e-09,2.320480618968e-08,-7.69754091774977e-07,-3.25886080885606e-07,-1.09743363134741e-07,-9.24657885756948e-07,-3.49280315561209e-07,4.65432077996115e-08
6.61,-6.60073357734993e-08,-2.1141201784301e-07,-6.08888653817454e-09,2.09424344624018e-08,-7.31055268084192e-07,-3.06058912597963e-07,-1.03070835932399e-07,-8.7078548377435e-07,-3.27616219819956e-07,4.36681591571698e-08
6.62,-6.12086065288929e-08,-1.99990097616268e-07,-6.94723956630593e-09,1.93331822640367e-08,-6.9235644439341e-07,-2.86231744310321e-07,-9.63983087300582e-08,-8.27046031129522e-07,-3.07487328220205e-07,4.07931105147284e-08
6.63,-5.69497825703406e-08,-1.88568177389527e-07,-7.80559259443732e-09,1.77239300656716e-08,-6.53657620702628e-07,-2.70919810212329e-07,-8.97257815277173e-08,-7.86032817112243e-07,-2.91408621339824e-07,3.7918061872287e-08
6.64,-5.35526658274653e-08,-1.77146257162785e-07,-8.66394562256871e-09,1.61146778673065e-08,-6.14958797011846e-07,-2.56238785362437e-07,-8.39625929494959e-08,-7.45019603094963e-07,-2.75329914459442e-07,3.56812267509281e-08
6.65,-5.01555490845897e-08,-1.65724336936042e-07,-9.52229865070018e-09,1.45054256689413e-08,-5.80590324200338e-07,-2.41557760512544e-07,-7.92314717239477e-08,-7.0400638907768e-07,-2.59251207579059e-07,3.35498762844775e-08
6.66,-4.67584323417144e-08,-1.55391925714935e-07,-1.01857525877599e-08,1.30227233702063e-08,-5.51412786154399e-07,-2.26876735662652e-07,-7.45003504984e-08,-6.629931750604e-07,-2.43172500698678e-07,3.14185258180271e-08
6.67,-4.33613155988391e-08,-1.46995800900462e-07,-1.04058279726471e-08,1.1980958940367e-08,-5.2223524810846e-07,-2.1219571081276e-07,-6.97692292728523e-08,-6.29691054010227e-07,-2.28232526338809e-07,2.92871753515767e-08
6.68,-4.03461748618567e-08,-1.38599676085989e-07,-1.06259033575342e-08,1.09391945105276e-08,-4.93057710062522e-07,-2.00847389163458e-07,-6.50381080473046e-08,-5.98463578633963e-07,-2.16296762903961e-07,2.71558248851263e-08
6.69,-3.7940680833279e-08,-1.30203551271515e-07,-1.08459787424213e-08,9.89743008068817e-09,-4.6388017201658e-07,-1.8996474286611e-07,-6.09364600713165e-08,-5.67236103257697e-07,-2.04360999469112e-07,2.55089187741345e-08
6.7,-3.55351868047015e-08,-1.21807426457041e-07,-1.10660541273085e-08,8.85566565084882e-09,-4.37961849072716e-07,-1.79082096568762e-07,-5.75492420920542e-08,-5.36008627881433e-07,-1.92425236034263e-07,2.3942082175884e-08
6.71,-3.3129692776124e-08,-1.14212440803308e-07,-1.11819551856302e-08,7.89779103000158e-09,-4.15950455025256e-07,-1.68199450271415e-07,-5.4162024112792e-08,-5.04781152505169e-07,-1.80489472599415e-07,2.23752455776335e-08
6.72,-3.07241987475465e-08,-1.08041247755914e-07,-1.10608686734497e-08,7.2322137061663e-09,-3.93939060977796e-07,-1.57316803974068e-07,-5.07748061335298e-08,-4.79425752418125e-07,-1.69400110723569e-07,2.08084089793831e-08
6.73,-2.85879941663281e-08,-1.01870054708519e-07,-1.09397821612693e-08,6.56663638233097e-09,-3.71927666930334e-07,-1.48897764441226e-07,-4.73875881542672e-08,-4.55650215996012e-07,-1.60543730487136e-07,1.92415723811325e-08
6.74,-2.68815847100865e-08,-9.56988616611254e-08,-1.08186956490889e-08,5.9010590584957e-09,-3.49916272882874e-07,-1.40822962267096e-07,-4.444801661271e-08,-4.31874679573901e-07,-1.51687350250704e-07,1.8044293050276e-08
6.75,-2.51751752538448e-08,-8.95276686137313e-08,-1.06976091369085e-08,5.23548173466043e-09,-3.30364021719725e-07,-1.32748160092967e-07,-4.20165080321242e-08,-4.0809914315179e-07,-1.42830970014272e-07,1.69080945638897e-08
6.76,-2.34687657976032e-08,-8.39455291995928e-08,-1.05289128927624e-08,4.62627188283637e-09,-3.13759626434203e-07,-1.24673357918837e-07,-3.95849994515385e-08,-3.84323606729679e-07,-1.3397458977784e-07,1.57718960775034e-08
6.77,-2.17623563413615e-08,-7.94102618507166e-08,-1.02519086318258e-08,4.21346323762165e-09,-2.97155231148681e-07,-1.16598555744707e-07,-3.71534908709527e-08,-3.65019476570833e-07,-1.25745644787371e-07,1.46356975911171e-08
6.78,-2.02478729318868e-08,-7.48749945018399e-08,-9.97490437088922e-09,3.80065459240689e-09,-2.80550835863158e-07,-1.10360568083705e-07,-3.47219822903667e-08,-3.46918364414743e-07,-1.19172003203726e-07,1.34994991047307e-08
6.79,-1.90397100264845e-08,-7.03397271529637e-08,-9.69790010995263e-09,3.38784594719216e-09,-2.63946440577636e-07,-1.04379236714425e-07,-3.26036377653755e-08,-3.28817252258656e-07,-1.12598361620081e-07,1.26407716674544e-08
6.8,-1.78315471210823e-08,-6.58044598040874e-08,-9.42089584901605e-09,2.97503730197744e-09,-2.4918521978498e-07,-9.83979053451461e-08,-3.08407234280363e-08,-3.10716140102568e-07,-1.06024720036436e-07,1.18279049600055e-08
6.81,-1.66233842156801e-08,-6.17014711957504e-08,-9.12914560186152e-09,2.59829207181338e-09,-2.36633473194474e-07,-9.2416573975867e-08,-2.90778090906971e-08,-2.9261502794648e-07,-9.94510784527916e-08,1.10150382525565e-08
6.82,-1.54152213102778e-08,-5.83667327302332e-08,-8.80384951319625e-09,2.34720261398894e-09,-2.24081726603967e-07,-8.64352426065872e-08,-2.73148947533578e-08,-2.77917980330083e-07,-9.33430647311738e-08,1.02021715451074e-08
6.83,-1.43429748971148e-08,-5.50319942647163e-08,-8.47855342453101e-09,2.09611315616453e-09,-2.11529980013461e-07,-8.18106042234288e-08,-2.55519804160186e-08,-2.64136785732332e-07,-8.84634732113447e-08,9.38930483765848e-09
6.84,-1.34876558323541e-08,-5.16972557991994e-08,-8.15325733586577e-09,1.84502369834011e-09,-1.98978233422955e-07,-7.73755352215743e-08,-2.40093023354894e-08,-2.50355591134581e-07,-8.35838816915156e-08,8.77661764039059e-09
6.85,-1.26323367675933e-08,-4.83625173336825e-08,-7.82796124720053e-09,1.5939342405157e-09,-1.87841213119587e-07,-7.29404662197198e-08,-2.27165846596979e-08,-2.3657439653683e-07,-7.87042901716865e-08,8.19701633969754e-09
6.86,-1.17770177028325e-08,-4.53462258278496e-08,-7.50573251969922e-09,1.36598357572198e-09,-1.78400071989154e-07,-6.85053972178649e-08,-2.14238669839063e-08,-2.22793201939077e-07,-7.3824698651857e-08,7.61741503900445e-09
6.87,-1.09216986380718e-08,-4.28958814744327e-08,-7.19048177318488e-09,1.21865541728818e-09,-1.68958930858721e-07,-6.40703282160104e-08,-2.01311493081148e-08,-2.11602180215498e-07,-6.92905047165917e-08,7.0378137383114e-09
6.88,-1.0162316009312e-08,-4.04455371210156e-08,-6.87523102667054e-09,1.07132725885438e-09,-1.59517789728288e-07,-6.06424822673288e-08,-1.88384316323233e-08,-2.01108036479383e-07,-6.56675407482675e-08,6.45821243761835e-09
6.89,-9.55605119822085e-09,-3.79951927675987e-08,-6.55998028015619e-09,9.23999100420584e-10,-1.50076648597855e-07,-5.73553746087233e-08,-1.77050262904323e-08,-1.90613892743269e-07,-6.20445767799432e-08,6.0264161618477e-09
6.9,-8.94978638712964e-09,-3.55448484141814e-08,-6.24472953364182e-09,7.76670941986771e-10,-1.4169966515951e-07,-5.40682669501176e-08,-1.67524348437567e-08,-1.80119749007154e-07,-5.84216128116187e-08,5.619049268302e-09
6.91,-8.34352157603848e-09,-3.332847201983e-08,-5.94044194930524e-09,6.4362311428719e-10,-1.34598322728998e-07,-5.07811592915122e-08,-1.57998433970812e-08,-1.69625605271039e-07,-5.47986488432944e-08,5.21168237475633e-09
6.92,-7.73725676494732e-09,-3.15279058449289e-08,-5.66109460941453e-09,5.60332249014838e-10,-1.27496980298486e-07,-4.74940516329068e-08,-1.48472519504057e-08,-1.61103440564331e-07,-5.14323172153048e-08,4.80431548121066e-09
6.93,-7.19914430079941e-09,-2.97273396700278e-08,-5.38174726952382e-09,4.77041383742485e-10,-1.20395637867974e-07,-4.49550081798611e-08,-1.38946605037301e-08,-1.53111830706314e-07,-4.87430345576905e-08,4.39694858766499e-09
6.94,-6.76980530237451e-09,-2.79267734951266e-08,-5.10239992963308e-09,3.93750518470125e-10,-1.13294295437461e-07,-4.25204910051068e-08,-1.30584849126722e-08,-1.45120220848295e-07,-4.60537519000759e-08,4.09809383570043e-09
6.95,-6.34046630394965e-09,-2.61262073202255e-08,-4.82305258974237e-09,3.10459653197772e-10,-1.069759992476e-07,-4.00859738303528e-08,-1.2354437222849e-08,-1.37128610990277e-07,-4.33644692424616e-08,3.81717409361886e-09
6.96,-5.91112730552479e-09,-2.44972174615267e-08,-4.55815016851026e-09,2.35934602486408e-10,-1.01596366474852e-07,-3.76514566555987e-08,-1.16503895330258e-08,-1.29137001132259e-07,-4.06751865848474e-08,3.53625435153729e-09
6.97,-5.48178830709992e-09,-2.31731547645533e-08,-4.32610868616651e-09,1.91952283163607e-10,-9.62167337021047e-08,-3.52169394808446e-08,-1.09463418432026e-08,-1.22648626841955e-07,-3.81762511859267e-08,3.25533460945573e-09
6.98,-5.10067271949829e-09,-2.18490920675798e-08,-4.09406720382274e-09,1.47969963840803e-10,-9.08371009293566e-08,-3.33334492976039e-08,-1.02422941533793e-08,-1.16564693424135e-07,-3.61794910597885e-08,2.97441486737413e-09
6.99,-4.79652333716325e-09,-2.05250293706063e-08,-3.86202572147899e-09,1.03987644518002e-10,-8.54574681566089e-08,-3.15269535758455e-08,-9.62333208508803e-09,-1.10480760006315e-07,-3.41827309336505e-08,2.76721382663141e-09
7,-4.49237395482821e-09,-1.92009666736329e-08,-3.62998423913524e-09,6.00053251952013e-11,-8.06852786182379e-08,-2.97204578540871e-08,-9.10093920437533e-09,-1.04396826588495e-07,-3.21859708075124e-08,2.57219709649032e-09
7.01,-4.18822457249317e-09,-1.80034399693271e-08,-3.41214883291148e-09,2.11406191908906e-11,-7.66412513677133e-08,-2.79139621323287e-08,-8.57854632366263e-09,-9.83128931706747e-08,-3.01892106813744e-08,2.37718036634922e-09
7.02,-3.88407519015813e-09,-1.70307943089453e-08,-3.22663101948663e-09,1.07215440316184e-13,-7.25972241171886e-08,-2.61074664105703e-08,-8.05615344294993e-09,-9.33748346610311e-08,-2.83339523506287e-08,2.18216363620812e-09
7.03,-3.61403832520581e-09,-1.60581486485635e-08,-3.04111320606176e-09,-2.09261883102601e-11,-6.85531968666636e-08,-2.47109100727971e-08,-7.53376056223718e-09,-8.87450702455225e-08,-2.68520049001553e-08,1.987146906067e-09
7.04,-3.39844619923436e-09,-1.50855029881817e-08,-2.85559539263691e-09,-4.19595920608346e-11,-6.4509169616139e-08,-2.33716341633812e-08,-7.07447093777853e-09,-8.41153058300143e-08,-2.53700574496819e-08,1.84514303710727e-09
7.05,-3.18285407326291e-09,-1.41128573278e-08,-2.67007757921205e-09,-6.2992995811409e-11,-6.0913626491142e-08,-2.20323582539653e-08,-6.68680128953084e-09,-7.94855414145061e-08,-2.38881099992086e-08,1.7119011939942e-09
7.06,-2.96726194729147e-09,-1.3232988230859e-08,-2.49716013365427e-09,-8.11135193001228e-11,-5.78556961148361e-08,-2.06930823445494e-08,-6.29913164128315e-09,-7.48557769989979e-08,-2.24061625487353e-08,1.57865935088114e-09
7.07,-2.75166982132e-09,-1.2518002579319e-08,-2.3529074336888e-09,-8.90846928583691e-11,-5.47977657385299e-08,-1.93538064351335e-08,-5.91146199303542e-09,-7.11020881567029e-08,-2.10293986335821e-08,1.44541750776807e-09
7.08,-2.56029612432667e-09,-1.1803016927779e-08,-2.20865473372333e-09,-9.70558664166147e-11,-5.1739835362224e-08,-1.83182581032765e-08,-5.52379234478773e-09,-6.75841047333077e-08,-1.99301305484405e-08,1.31217566465501e-09
7.09,-2.40757586441173e-09,-1.10880312762391e-08,-2.06440203375786e-09,-1.0502703997486e-10,-4.86819049859181e-08,-1.73251493281593e-08,-5.18359884674369e-09,-6.40661213099126e-08,-1.8830862463299e-08,1.21641256069496e-09
7.1,-2.2548556044968e-09,-1.03730456246991e-08,-1.92014933379239e-09,-1.12998213533106e-10,-4.59617167363609e-08,-1.6332040553042e-08,-4.89728910922197e-09,-6.05481378865174e-08,-1.77315943781575e-08,1.12684398526707e-09
7.11,-2.10213534458186e-09,-9.72621897711648e-09,-1.78706063063451e-09,-1.19422267613035e-10,-4.36463911402954e-08,-1.53389317779247e-08,-4.61097937170024e-09,-5.70301544631219e-08,-1.66323262930159e-08,1.03727540983918e-09
7.12,-1.94941508466692e-09,-9.20052519963384e-09,-1.67936905331128e-09,-1.20455692639216e-10,-4.133106554423e-08,-1.43458230028074e-08,-4.32466963417853e-09,-5.41638030510116e-08,-1.56107965677019e-08,9.47706834411291e-10
7.13,-1.81387444486311e-09,-8.6748314221512e-09,-1.57167747598805e-09,-1.21489117665396e-10,-3.90157399481647e-08,-1.35788020208153e-08,-4.03835989665682e-09,-5.14727712127877e-08,-1.47943566467799e-08,8.58138258983404e-10
7.14,-1.70575306357503e-09,-8.14913764466856e-09,-1.46398589866483e-09,-1.22522542691577e-10,-3.67004143520994e-08,-1.28433720645758e-08,-3.78749381730263e-09,-4.87817393745639e-08,-1.3977916725858e-08,7.93770103931827e-10
7.15,-1.59763168228695e-09,-7.62344386718587e-09,-1.35629432134159e-09,-1.23555967717758e-10,-3.464777028838e-08,-1.21079421083363e-08,-3.57685504324893e-09,-4.60907075363398e-08,-1.3161476804936e-08,7.33567102953498e-10
7.16,-1.48951030099887e-09,-7.14794644949145e-09,-1.2571507471371e-09,-1.23846650754214e-10,-3.29100112620494e-08,-1.13725121520968e-08,-3.36621626919525e-09,-4.33996756981159e-08,-1.2345036884014e-08,6.73364101975174e-10
7.17,-1.38138891971079e-09,-6.76165850929347e-09,-1.17745313969369e-09,-1.21549397561208e-10,-3.11722522357187e-08,-1.06370821958574e-08,-3.15557749514157e-09,-4.12173007789227e-08,-1.15864834410657e-08,6.1316110099685e-10
7.18,-1.28537185018213e-09,-6.37537056909548e-09,-1.09775553225029e-09,-1.19252144368202e-10,-2.94344932093881e-08,-1.00679421562129e-08,-2.94493872108788e-09,-3.91717784279804e-08,-1.09806464494407e-08,5.52958100018526e-10
7.19,-1.20867367426925e-09,-5.98908262889746e-09,-1.01805792480688e-09,-1.16954891175196e-10,-2.76967341830574e-08,-9.52203764363941e-09,-2.76071643475592e-09,-3.71262560770379e-08,-1.03748094578157e-08,5.10359864834596e-10
7.2,-1.13197549835638e-09,-5.60279468869948e-09,-9.38360317363473e-10,-1.14657637982189e-10,-2.61517487907794e-08,-8.97613313106593e-09,-2.6064759327964e-09,-3.50807337260956e-08,-9.76897246619067e-09,4.70671365316276e-10
7.21,-1.05527732244351e-09,-5.2533696707111e-09,-8.65489743781914e-10,-1.12073604714951e-10,-2.4837847526967e-08,-8.43022861849246e-09,-2.45223543083688e-09,-3.30352113751533e-08,-9.16313547456567e-09,4.30982865797955e-10
7.22,-9.78579146530636e-10,-4.96945781031391e-09,-8.08150080953463e-10,-1.08490343513567e-10,-2.35239462631546e-08,-7.88432410591899e-09,-2.29799492887736e-09,-3.13754130868438e-08,-8.6002385541746e-09,3.91294366279634e-10
7.23,-9.10504729189879e-10,-4.6855459499167e-09,-7.50810418125007e-10,-1.04907082312183e-10,-2.22100449993421e-08,-7.4627370295231e-09,-2.14375442691782e-09,-2.9819392662616e-08,-8.15062638573201e-09,3.5160586676131e-10
7.24,-8.5619412409508e-10,-4.40163408951952e-09,-6.93470755296556e-10,-1.013238211108e-10,-2.08961437355296e-08,-7.05852070664521e-09,-2.00897075393014e-09,-2.82633722383883e-08,-7.70101421728945e-09,3.23609927908341e-10
7.25,-8.01883519000282e-10,-4.11772222912233e-09,-6.36131092468105e-10,-9.77405599094166e-11,-1.9728895706722e-08,-6.65430438376733e-09,-1.89626989743758e-09,-2.67073518141606e-08,-7.2514020488469e-09,2.97546548749011e-10
7.26,-7.47572913905483e-10,-3.86095368139596e-09,-5.83961247109203e-10,-9.41141708775841e-11,-1.87374457592457e-08,-6.25008806088945e-09,-1.78356904094503e-09,-2.51513313899329e-08,-6.80178988040435e-09,2.7148316958968e-10
7.27,-6.93262308810684e-10,-3.65242450304022e-09,-5.43552288740795e-10,-9.03375115278463e-11,-1.77459958117694e-08,-5.84587173801156e-09,-1.67086818445247e-09,-2.38902153189752e-08,-6.38401521728601e-09,2.4541979043035e-10
7.28,-6.45046694670576e-10,-3.44389532468446e-09,-5.03143330372383e-10,-8.65608521781083e-11,-1.67545458642931e-08,-5.5330939595168e-09,-1.5581673279599e-09,-2.27084423506537e-08,-6.05023445053695e-09,2.19356411271018e-10
7.29,-6.06558893576214e-10,-3.23536614632872e-09,-4.62734372003975e-10,-8.27841928283705e-11,-1.57630959168168e-08,-5.23309279921304e-09,-1.45995784164354e-09,-2.15266693823323e-08,-5.71645368378791e-09,2.01158722640294e-10
7.3,-5.68071092481853e-10,-3.02683696797297e-09,-4.22325413635567e-10,-7.90075334786328e-11,-1.48824741223162e-08,-4.93309163890928e-09,-1.37819555074773e-09,-2.03448964140109e-08,-5.38267291703888e-09,1.8426108426488e-10
7.31,-5.29583291387491e-10,-2.83817869180642e-09,-3.85688512554866e-10,-7.53032293615938e-11,-1.41347056988988e-08,-4.63309047860552e-09,-1.29643325985193e-09,-1.91631234456896e-08,-5.04889215028984e-09,1.67363445889466e-10
7.32,-4.91095490293126e-10,-2.68483518366605e-09,-3.57632715109579e-10,-7.18510326125007e-11,-1.33869372754814e-08,-4.33308931830173e-09,-1.21467096895611e-09,-1.81984528632924e-08,-4.73875705008097e-09,1.50465807514051e-10
7.33,-4.5693642374227e-10,-2.53149167552569e-09,-3.29576917664295e-10,-6.83988358634078e-11,-1.2639168852064e-08,-4.10116703836748e-09,-1.1329086780603e-09,-1.72921930052472e-08,-4.49100408831967e-09,1.33568169138638e-10
7.34,-4.2968616487905e-10,-2.37814816738533e-09,-3.0152112021901e-10,-6.4946639114315e-11,-1.18914004286466e-08,-3.87875735366555e-09,-1.06142191964541e-09,-1.6385933147202e-08,-4.24325112655836e-09,1.21966172232566e-10
7.35,-4.0243590601583e-10,-2.22480465924497e-09,-2.73465322773726e-10,-6.14944423652221e-11,-1.12271602424292e-08,-3.65634766896363e-09,-1.00159752915772e-09,-1.54796732891568e-08,-3.99549816479706e-09,1.11239444957203e-10
7.36,-3.75185647152607e-10,-2.08609404224626e-09,-2.48137642437886e-10,-5.81632427447519e-11,-1.06630481156867e-08,-3.43393798426168e-09,-9.41773138670013e-10,-1.45734134311115e-08,-3.74774520303573e-09,1.00512717681839e-10
7.37,-3.47935388289387e-10,-1.97338914714685e-09,-2.29016192246537e-10,-5.52536334708039e-11,-1.00989359889443e-08,-3.21152829955976e-09,-8.81948748182315e-10,-1.38410286257474e-08,-3.51754030539169e-09,8.97859904064764e-11
7.38,-3.23744456152433e-10,-1.86068425204744e-09,-2.09894742055188e-10,-5.23440241968559e-11,-9.53482386220187e-09,-3.03967114640383e-09,-8.22124357694618e-10,-1.31554243646438e-08,-3.33363081512764e-09,7.90592631311136e-11
7.39,-3.04436313614374e-10,-1.74797935694803e-09,-1.90773291863839e-10,-4.94344149229079e-11,-8.97071173545945e-09,-2.87487764893606e-09,-7.70115286877595e-10,-1.24698201035402e-08,-3.14972132486359e-09,7.1823810247896e-11
7.4,-2.85128171076313e-10,-1.63527446184861e-09,-1.71651841672488e-10,-4.65248056489597e-11,-8.46959382026727e-09,-2.71008415146829e-09,-7.26976328985345e-10,-1.17842158424366e-08,-2.96581183459952e-09,6.51653991575577e-11
7.41,-2.65820028538254e-10,-1.53330218538331e-09,-1.54514129797653e-10,-4.37433100950755e-11,-8.04398914912433e-09,-2.54529065400052e-09,-6.83837371093099e-10,-1.1098611581333e-08,-2.78190234433547e-09,5.850698806722e-11
7.42,-2.46511886000195e-10,-1.4504040271321e-09,-1.41889250783288e-10,-4.14082012302859e-11,-7.6183844779814e-09,-2.38049715653276e-09,-6.40698413200854e-10,-1.05406932996202e-08,-2.6110078646342e-09,5.18485769768823e-11
7.43,-2.29372074997172e-10,-1.36750586888089e-09,-1.29264371768923e-10,-3.90730923654962e-11,-7.19277980683846e-09,-2.25322497930639e-09,-5.97559455308608e-10,-1.00171285350925e-08,-2.47444966339832e-09,4.51901658865446e-11
7.44,-2.15692994937111e-10,-1.28460771062967e-09,-1.16639492754557e-10,-3.67379835007064e-11,-6.76717513569548e-09,-2.131195619384e-09,-5.59984609504028e-10,-9.49356377056477e-09,-2.33789146216241e-09,4.07120155541218e-11
7.45,-2.02013914877053e-10,-1.20170955237846e-09,-1.04014613740192e-10,-3.44028746359168e-11,-6.3887853835863e-09,-2.00916625946163e-09,-5.28724835203041e-10,-8.96999900603708e-09,-2.20133326092652e-09,3.65942211935828e-11
7.46,-1.88334834816994e-10,-1.12674661465426e-09,-9.27420783133686e-11,-3.2184054825494e-11,-6.06699371590447e-09,-1.88713689953926e-09,-4.97465060902055e-10,-8.44643424150939e-09,-2.06477505969063e-09,3.24764268330438e-11
7.47,-1.74655754756935e-10,-1.0658862309802e-09,-8.45460074230721e-11,-3.03704210164684e-11,-5.74520204822264e-09,-1.76510753961689e-09,-4.66205286601069e-10,-8.02181905694088e-09,-1.93790237380963e-09,2.83586324725047e-11
7.48,-1.62511479085483e-10,-1.00502584730613e-09,-7.6349936532775e-11,-2.85567872074426e-11,-5.42341038054079e-09,-1.67065299114638e-09,-4.34945512300081e-10,-7.62382595031548e-09,-1.83658207228524e-09,2.42408381119653e-11
7.49,-1.52816803465146e-10,-9.44165463632071e-10,-6.81538656424786e-11,-2.67431533984169e-11,-5.10161871285896e-09,-1.58005144405493e-09,-4.07716311760973e-10,-7.22583284369012e-09,-1.73526177076087e-09,2.15495472839938e-11
7.5,-1.43122127844809e-10,-8.8330507995801e-10,-5.99577947521821e-11,-2.49295195893913e-11,-4.81635602009138e-09,-1.48944989696349e-09,-3.85061670667417e-10,-6.82783973706475e-09,-1.63394146923649e-09,1.90940305784555e-11
7.51,-1.33427452224472e-10,-8.28240220254273e-10,-5.26847778335287e-11,-2.32157637858438e-11,-4.57488181724503e-09,-1.39884834987205e-09,-3.62407029573861e-10,-6.42984663043939e-09,-1.53262116771212e-09,1.66385138729172e-11
7.52,-1.23732776604135e-10,-7.83475224273556e-10,-4.75116287555787e-11,-2.18500129590977e-11,-4.33340761439869e-09,-1.30824680278061e-09,-3.39752388480306e-10,-6.10745137911737e-09,-1.4384809645394e-09,1.41829971673789e-11
7.53,-1.1512698338284e-10,-7.38710228292835e-10,-4.23384796776283e-11,-2.04842621323515e-11,-4.09193341155232e-09,-1.23826774415657e-09,-3.17097747386748e-10,-5.80539549656325e-09,-1.36328333964749e-09,1.17274804618404e-11
7.54,-1.08259083537503e-10,-6.93945232312118e-10,-3.71653305996783e-11,-1.91185113056055e-11,-3.85045920870597e-09,-1.17117024563471e-09,-2.97343717536483e-10,-5.50333961400915e-09,-1.28808571475558e-09,1.0180191775787e-11
7.55,-1.01391183692166e-10,-6.49180236331402e-10,-3.19921815217284e-11,-1.77527604788594e-11,-3.63577461959908e-09,-1.10407274711285e-09,-2.80881779419253e-10,-5.20128373145505e-09,-1.21288808986368e-09,8.78301604730748e-12
7.56,-9.45232838468286e-11,-6.08695005410203e-10,-2.74458141413632e-11,-1.64671379381241e-11,-3.45320362617828e-09,-1.03697524859099e-09,-2.64419841302023e-10,-4.89922784890095e-09,-1.13769046497177e-09,7.38584031882795e-12
7.57,-8.76553840014909e-11,-5.75815816169668e-10,-2.43253208380652e-11,-1.54607064182828e-11,-3.27063263275747e-09,-9.69877750069129e-10,-2.47957903184792e-10,-4.65351378196801e-09,-1.06781958291978e-09,5.9886645903483e-12
7.58,-8.15588196070902e-11,-5.42936626929137e-10,-2.12048275347675e-11,-1.44542748984416e-11,-3.08806163933667e-09,-9.1797020599307e-10,-2.31495965067562e-10,-4.42295830598155e-09,-1.0120017455874e-09,4.59148886186878e-12
7.59,-7.66933328497249e-11,-5.10057437688605e-10,-1.80843342314697e-11,-1.34478433786005e-11,-2.90549064591587e-09,-8.68185139364583e-10,-2.17134048915164e-10,-4.19240282999509e-09,-9.56183908255025e-10,3.74224555335638e-12
7.6,-7.18278460923597e-11,-4.77178248448073e-10,-1.4963840928172e-11,-1.24414118587593e-11,-2.74329119504123e-09,-8.18400072736096e-10,-2.05155583825232e-10,-3.96184735400863e-09,-9.00366070922647e-10,2.98356513692317e-12
7.61,-6.6962359334994e-11,-4.47432241147857e-10,-1.22444490208295e-11,-1.14975691187479e-11,-2.60551178572416e-09,-7.68615006107604e-10,-1.93177118735299e-10,-3.73129187802215e-09,-8.44548233590264e-10,2.22488472048989e-12
7.62,-6.20968725776287e-11,-4.23254556430716e-10,-1.04375280502937e-11,-1.07718044908137e-11,-2.4677323764071e-09,-7.18829939479117e-10,-1.81198653645367e-10,-3.54428958885523e-09,-7.92675329897092e-10,1.46620430405668e-12
7.63,-5.77781541555435e-11,-3.99076871713576e-10,-8.63060707975796e-12,-1.00460398628795e-11,-2.32995296709004e-09,-6.80370287790933e-10,-1.69220188555434e-10,-3.36900514967472e-09,-7.51209973651518e-10,7.07523887623462e-13
7.64,-5.43320966093265e-11,-3.74899186996436e-10,-6.82368610922221e-12,-9.32027523494529e-12,-2.19217355777299e-09,-6.43493125232716e-10,-1.58758446756112e-10,-3.19372071049422e-09,-7.09744617405944e-10,2.77701302032156e-13
7.65,-5.08860390631092e-11,-3.50721502279293e-10,-5.01676513868629e-12,-8.59451060701104e-12,-2.069769925574e-09,-6.06615962674496e-10,-1.50018132541361e-10,-3.0184362713137e-09,-6.68279261160366e-10,-9.77672881418001e-14
7.66,-4.74399815168922e-11,-3.28851948727492e-10,-3.46424711285497e-12,-7.91557485559302e-12,-1.965797745748e-09,-5.69738800116279e-10,-1.4127781832661e-10,-2.8431518321332e-09,-6.26813904914792e-10,-4.73235878315723e-13
7.67,-4.39939239706752e-11,-3.11084429190145e-10,-2.49047375264059e-12,-7.39980497845952e-12,-1.86182556592201e-09,-5.32861637558062e-10,-1.3253750411186e-10,-2.70002866056304e-09,-5.88291018388447e-10,-8.48704468489645e-13
7.68,-4.09344855886658e-11,-2.93316909652798e-10,-1.51670039242622e-12,-6.88403510132602e-12,-1.75785338609602e-09,-5.04364192269174e-10,-1.2379718989711e-10,-2.56555837840815e-09,-5.57530973019085e-10,-1.22417305866357e-12
7.69,-3.84921045537904e-11,-2.75549390115449e-10,-5.42927032211756e-13,-6.36826522419248e-12,-1.65388120627002e-09,-4.77037636661661e-10,-1.16158701152831e-10,-2.43108809625324e-09,-5.2677092764972e-10,-1.40894153096302e-12
7.7,-3.60497235189151e-11,-2.57781870578101e-10,4.3084632800262e-13,-5.85249534705898e-12,-1.56150424803253e-09,-4.49711081054151e-10,-1.09770745561171e-10,-2.29661781409834e-09,-4.96010882280358e-10,-1.56219087140383e-12
7.71,-3.36073424840399e-11,-2.41707341003434e-10,1.2462610149702e-12,-5.37122722685003e-12,-1.48302686526507e-09,-4.2238452544664e-10,-1.0338278996951e-10,-2.16214753194345e-09,-4.65250836910996e-10,-1.71544021184465e-12
7.72,-3.11649614491647e-11,-2.28641610286183e-10,1.70142343558829e-12,-5.01017359291009e-12,-1.4045494824976e-09,-3.95057969839129e-10,-9.69948343778499e-11,-2.05363758418472e-09,-4.36671388939693e-10,-1.86868955228547e-12
7.73,-2.8997394634924e-11,-2.15575879568931e-10,2.15658585620642e-12,-4.64911995897011e-12,-1.32607209973012e-09,-3.73936285513898e-10,-9.06068787861889e-11,-1.9521121839704e-09,-4.13844806025194e-10,-2.0219388927263e-12
7.74,-2.72684406718781e-11,-2.0251014885168e-10,2.6117482768245e-12,-4.28806632503016e-12,-1.24759471696265e-09,-3.53681601771765e-10,-8.50204351141981e-11,-1.85058678375609e-09,-3.91018223110697e-10,-2.07163381256668e-12
7.75,-2.55394867088323e-11,-1.89444418134428e-10,3.06691069744259e-12,-3.92701269109022e-12,-1.17788841394388e-09,-3.33426918029633e-10,-8.03436792780992e-11,-1.74906138354178e-09,-3.681916401962e-10,-2.10421314027305e-12
7.76,-2.38105327457864e-11,-1.77627089638373e-10,3.43110520173611e-12,-3.59093099242665e-12,-1.11869629420224e-09,-3.131722342875e-10,-7.56669234420004e-11,-1.64753598332746e-09,-3.45365057281704e-10,-2.13679246797942e-12
7.77,-2.20815787827405e-11,-1.68028434176138e-10,3.58835557503187e-12,-3.34185901842601e-12,-1.05950417446059e-09,-2.92917550545367e-10,-7.09901676059015e-11,-1.56476047192992e-09,-3.24154482436342e-10,-2.1693717956858e-12
7.78,-2.0546378909243e-11,-1.58429778713902e-10,3.74560594832765e-12,-3.09278704442534e-12,-1.00031205471894e-09,-2.77242386099479e-10,-6.63134117698022e-11,-1.48702956003153e-09,-3.07207269714e-10,-2.20195112339218e-12
7.79,-1.93204171583259e-11,-1.48831123251667e-10,3.90285632162341e-12,-2.8437150704247e-12,-9.41119934977301e-10,-2.62207113396632e-10,-6.22223923141435e-11,-1.40929864813316e-09,-2.90260056991659e-10,-2.18134427959813e-12
7.8,-1.80944554074088e-11,-1.39232467789432e-10,4.06010669491917e-12,-2.59464309642406e-12,-8.88532988321982e-10,-2.47171840693784e-10,-5.8796163047189e-11,-1.33156773623478e-09,-2.73312844269319e-10,-2.15194676503124e-12
7.81,-1.68684936564917e-11,-1.30549948214112e-10,4.16696802141664e-12,-2.36351363581744e-12,-8.43863881020145e-10,-2.32136567990936e-10,-5.53699337802345e-11,-1.2538368243364e-09,-2.56365631546978e-10,-2.12254925046436e-12
7.82,-1.56425319055746e-11,-1.23495594588116e-10,4.15919863059317e-12,-2.19490128223102e-12,-7.99194773718304e-10,-2.17101295288086e-10,-5.19437045132797e-11,-1.19077723219354e-09,-2.40617854770439e-10,-2.09315173589747e-12
7.83,-1.45542337519846e-11,-1.16441240962121e-10,4.1514292397697e-12,-2.02628892864461e-12,-7.54525666416467e-10,-2.05481666951529e-10,-4.85174752463253e-11,-1.13166491317929e-09,-2.28034437057443e-10,-2.06375422133058e-12
7.84,-1.36856513859908e-11,-1.09386887336126e-10,4.14365984894623e-12,-1.8576765750582e-12,-7.0985655911463e-10,-1.94339303254721e-10,-4.55208204960939e-11,-1.07255259416505e-09,-2.15451019344447e-10,-2.01155778322266e-12
7.85,-1.28170690199969e-11,-1.02332533710131e-10,4.13589045812276e-12,-1.6890642214718e-12,-6.70192731943694e-10,-1.83196939557912e-10,-4.30117177121929e-11,-1.01344027515081e-09,-2.02867601631451e-10,-1.95559311316326e-12
7.86,-1.1948486654003e-11,-9.59518067272103e-11,4.10347532820411e-12,-1.53278742008257e-12,-6.36528899546199e-10,-1.72054575861103e-10,-4.05026149282917e-11,-9.54327956136555e-10,-1.90284183918454e-10,-1.89962844310386e-12
7.87,-1.10799042880091e-11,-9.07682558166144e-11,4.01499327638686e-12,-1.41949138844001e-12,-6.02865067148708e-10,-1.60912212164294e-10,-3.79935121443907e-11,-9.06437275795309e-10,-1.78593025244133e-10,-1.84366377304446e-12
7.88,-1.03090399507318e-11,-8.55847049060185e-11,3.9265112245696e-12,-1.30619535679745e-12,-5.69201234751216e-10,-1.5230249515955e-10,-3.54844093604897e-11,-8.61565742574498e-10,-1.69255829685509e-10,-1.78769910298506e-12
7.89,-9.69413691374497e-12,-8.04011539954226e-11,3.83802917275235e-12,-1.19289932515489e-12,-5.35537402353725e-10,-1.4404666239493e-10,-3.32891327201748e-11,-8.16694209353687e-10,-1.59918634126885e-10,-1.7257494695823e-12
7.9,-9.07923387675804e-12,-7.52176030848263e-11,3.74954712093509e-12,-1.07960329351232e-12,-5.0560704222652e-10,-1.35790829630309e-10,-3.14500377140927e-11,-7.71822676132873e-10,-1.5058143856826e-10,-1.66281063464735e-12
7.91,-8.46433083977117e-12,-7.05280520119717e-11,3.65176049457494e-12,-9.74938204656078e-13,-4.80152118742763e-10,-1.27534996865689e-10,-2.96109427080108e-11,-7.26951142912062e-10,-1.41244243009635e-10,-1.5998717997124e-12
7.92,-7.8494278027843e-12,-6.67164424391404e-11,3.53280676698966e-12,-9.00345913406708e-13,-4.54697195259006e-10,-1.19279164101069e-10,-2.77718477019289e-11,-6.90401664917216e-10,-1.32568283712515e-10,-1.53693296477746e-12
7.93,-7.30363411831827e-12,-6.29048328663091e-11,3.41385303940438e-12,-8.25753622157338e-13,-4.2924227177525e-10,-1.12901092512356e-10,-2.5932752695847e-11,-6.56091210099265e-10,-1.25636801862943e-10,-1.47399412984252e-12
7.94,-6.86814131305475e-12,-5.90932232934774e-11,3.29489931181908e-12,-7.51161330907961e-13,-4.0378734829149e-10,-1.06785398652424e-10,-2.43244323392906e-11,-6.2178075528131e-10,-1.1870532001337e-10,-1.41370932724429e-12
7.95,-6.43264850779127e-12,-5.5281613720646e-11,3.1759455842338e-12,-6.76569039658591e-13,-3.81215870095535e-10,-1.00669704792492e-10,-2.29780330925191e-11,-5.87470300463359e-10,-1.11773838163798e-10,-1.35386318612206e-12
7.96,-5.99715570252779e-12,-5.18341358194403e-11,3.05608659693448e-12,-6.07817410381686e-13,-3.6210087309621e-10,-9.45540109325608e-11,-2.16316338457476e-11,-5.53159845645407e-10,-1.04842356314226e-10,-1.29401704499983e-12
7.97,-5.56166289726431e-12,-4.90337964020335e-11,2.93416822218938e-12,-5.59416402089849e-13,-3.42985876096884e-10,-8.84383170726292e-11,-2.02852345989762e-11,-5.25389486259033e-10,-9.8401778022783e-11,-1.2341709038776e-12
7.98,-5.17498399124829e-12,-4.62334569846266e-11,2.81224984744426e-12,-5.11015393798008e-13,-3.23870879097557e-10,-8.37092206438103e-11,-1.89388353522046e-11,-4.99378719287366e-10,-9.32563044252814e-11,-1.17432476275536e-12
7.99,-4.86621373012486e-12,-4.34331175672198e-11,2.69033147269915e-12,-4.62614385506171e-13,-3.04755882098232e-10,-7.91738721150856e-11,-1.77617877372889e-11,-4.73367952315701e-10,-8.81108308277803e-11,-1.12080298785039e-12
8,-4.55744346900143e-12,-4.06327781498131e-11,2.56841309795405e-12,-4.14213377214334e-13,-2.87767242057701e-10,-7.46385235863609e-11,-1.67769482676383e-11,-4.47357185344035e-10,-8.29653572302792e-11,-1.0683265113697e-12
8.01,-4.248673207878e-12,-3.80995583458314e-11,2.44991696470669e-12,-3.69747267804032e-13,-2.73327536403574e-10,-7.01031750576361e-11,-1.57921087979877e-11,-4.2134641837237e-10,-7.78198836327781e-11,-1.01585003488902e-12
8.02,-3.93990294675458e-12,-3.60410662161914e-11,2.3392061344698e-12,-3.38991528233688e-13,-2.58887830749448e-10,-6.55678265289114e-11,-1.4807269328337e-11,-4.00160315125666e-10,-7.30385746495302e-11,-9.63373558408327e-13
8.03,-3.66585260048026e-12,-3.39825740865514e-11,2.22849530423291e-12,-3.08235788663344e-13,-2.44448125095322e-10,-6.2058690753525e-11,-1.38224298586864e-11,-3.80272272707398e-10,-6.92180069228417e-11,-9.10897081927639e-13
8.04,-3.44721642021973e-12,-3.19240819569114e-11,2.11778447399602e-12,-2.77480049093e-13,-2.30008419441195e-10,-5.86929466804073e-11,-1.29608748600105e-11,-3.60384230289129e-10,-6.53974391961532e-11,-8.66313649821527e-13
8.05,-3.22858023995916e-12,-2.9865589827271e-11,2.0070736437591e-12,-2.46724309522651e-13,-2.17173531190393e-10,-5.5327202607289e-11,-1.22392433993979e-11,-3.40496187870858e-10,-6.1576871469464e-11,-8.23034789045414e-13
8.06,-3.00994405969863e-12,-2.8003539859005e-11,1.9014298856076e-12,-2.18519858002909e-13,-2.06262390618138e-10,-5.19614585341713e-11,-1.15176119387853e-11,-3.2060814545259e-10,-5.77563037427755e-11,-7.79755928269309e-13
8.07,-2.7913078794381e-12,-2.64906088835973e-11,1.80731327759628e-12,-1.99204860518736e-13,-1.95351250045883e-10,-4.85957144610536e-11,-1.07959804781728e-11,-3.04510036930404e-10,-5.42069435494761e-11,-7.36477067493203e-13
8.08,-2.59720564791679e-12,-2.49776779081897e-11,1.71319666958496e-12,-1.79889863034562e-13,-1.84440109473627e-10,-4.59954013904367e-11,-1.00743490175602e-11,-2.8943159838178e-10,-5.13730846877684e-11,-6.93198206717098e-13
8.09,-2.4422604337533e-12,-2.3464746932782e-11,1.61908006157364e-12,-1.60574865550389e-13,-1.73528968901372e-10,-4.35020412436271e-11,-9.44508701488235e-12,-2.74353159833155e-10,-4.85392258260606e-11,-6.57287091028257e-13
8.1,-2.28731521958981e-12,-2.19518159573744e-11,1.52496345356232e-12,-1.41259868066216e-13,-1.63828252117478e-10,-4.10086810968175e-11,-8.92066109789339e-12,-2.59274721284531e-10,-4.57053669643528e-11,-6.2259372460719e-13
8.11,-2.13237000542633e-12,-2.05831106242953e-11,1.4362211223129e-12,-1.2362993479425e-13,-1.55578510346748e-10,-3.85153209500079e-11,-8.39623518090444e-12,-2.44196282735906e-10,-4.28715081026451e-11,-5.87900358186123e-13
8.12,-1.97742479126284e-12,-1.9470724559147e-11,1.35970480523605e-12,-1.11871271470761e-13,-1.47328768576018e-10,-3.60219608031983e-11,-7.87180926391549e-12,-2.31918277955377e-10,-4.02383326308772e-11,-5.53206991765056e-13
8.13,-1.83989433633783e-12,-1.83583384939986e-11,1.28318848815919e-12,-1.00112608147269e-13,-1.39079026805286e-10,-3.40950121816392e-11,-7.34738334692644e-12,-2.20393721204435e-10,-3.81346012749711e-11,-5.18513625343983e-13
8.14,-1.73015842998034e-12,-1.72459524288504e-11,1.20667217108234e-12,-8.83539448237804e-14,-1.30829285034556e-10,-3.22472076873837e-11,-6.88940473800382e-12,-2.08869164453495e-10,-3.60308699190655e-11,-4.90382830311438e-13
8.15,-1.62042252362286e-12,-1.61335663637022e-11,1.1301558540055e-12,-7.65952815002914e-14,-1.23506479708269e-10,-3.03994031931282e-11,-6.50684148647305e-12,-1.97344607702555e-10,-3.39271385631599e-11,-4.63336704524154e-13
8.16,-1.51068661726537e-12,-1.51273133222669e-11,1.05876570000373e-12,-6.59119621707929e-14,-1.17294823743562e-10,-2.85515986988727e-11,-6.12427823494228e-12,-1.85820050951615e-10,-3.18234072072542e-11,-4.3629057873687e-13
8.17,-1.40095071090788e-12,-1.43096809623014e-11,9.99037123025917e-13,-5.89754643751303e-14,-1.11083167778855e-10,-2.67037942046173e-11,-5.74171498341152e-12,-1.76493180206833e-10,-2.98687409347602e-11,-4.09244452949586e-13
8.18,-1.30353411059701e-12,-1.34920486023359e-11,9.39308546048101e-13,-5.20389665794677e-14,-1.04871511814148e-10,-2.52752623246385e-11,-5.35915173188075e-12,-1.67757590073598e-10,-2.83073390540847e-11,-3.82198327162303e-13
8.19,-1.22577954210301e-12,-1.26744162423703e-11,8.79579969070285e-13,-4.51024687838051e-14,-9.86598558494408e-11,-2.39053149961384e-11,-5.02509706248142e-12,-1.59021999940363e-10,-2.67459371734092e-11,-3.60645232683611e-13
8.2,-1.14802497360901e-12,-1.18567838824048e-11,8.19851392092468e-13,-3.81659709881425e-14,-9.31506577091432e-11,-2.25353676676383e-11,-4.74609792752701e-12,-1.50286409807129e-10,-2.51845352927337e-11,-3.40000032652228e-13
8.21,-1.07027040511499e-12,-1.11172569979813e-11,7.64503136839945e-13,-3.18898202397215e-14,-8.8483518987059e-11,-2.11654203391379e-11,-4.46709879257255e-12,-1.41550819673892e-10,-2.36231334120579e-11,-3.1935483262084e-13
8.22,-9.92515836620994e-13,-1.05165399533975e-11,7.19119734137199e-13,-2.79145169877693e-14,-8.38163802649757e-11,-1.97954730106377e-11,-4.18809965761813e-12,-1.34435017651857e-10,-2.21723137512353e-11,-2.98709632589457e-13
8.23,-9.2349217150693e-13,-9.91582290881371e-12,6.73736331434453e-13,-2.39392137358171e-14,-7.91492415428924e-11,-1.87363240955469e-11,-3.90910052266372e-12,-1.27755014603053e-10,-2.10132327621465e-11,-2.78064432558073e-13
8.24,-8.68403325399453e-13,-9.3151058642299e-12,6.28352928731708e-13,-1.99639104838649e-14,-7.44821028208091e-11,-1.77206027381593e-11,-3.66522292919072e-12,-1.21075011554248e-10,-1.98541517730578e-11,-2.61928605117305e-13
8.25,-8.13314479291976e-13,-8.7143888196461e-12,5.82969526028962e-13,-1.59886072319127e-14,-7.03329271664409e-11,-1.67048813807716e-11,-3.46120704990985e-12,-1.14395008505444e-10,-1.8695070783969e-11,-2.46538091894836e-13
8.26,-7.582256331845e-13,-8.17101574336941e-12,5.41186581636698e-13,-1.24226754107862e-14,-6.68046509658206e-11,-1.56891600233839e-11,-3.25719117062899e-12,-1.07715005456639e-10,-1.75359897948803e-11,-2.31147578672368e-13
8.27,-7.03136787077023e-13,-7.72955494662528e-12,5.0759436806868e-13,-1.02831166395194e-14,-6.32763747652002e-11,-1.46734386659963e-11,-3.05317529134812e-12,-1.02299280842934e-10,-1.64588448637652e-11,-2.15757065449899e-13
8.28,-6.5423724438119e-13,-7.28809414988115e-12,4.74002154500663e-13,-8.14355786825253e-15,-5.97480985645799e-11,-1.38884763705541e-11,-2.84915941206725e-12,-9.72237064254707e-11,-1.5597864129319e-11,-2.00366552227431e-13
8.29,-6.15216040622928e-13,-6.84663335313702e-12,4.40409940932645e-13,-6.0039990969857e-15,-5.62198223639595e-11,-1.31357578126788e-11,-2.67138008239859e-12,-9.21481320080071e-11,-1.47368833948728e-11,-1.88365936292088e-13
8.3,-5.76194836864658e-13,-6.40517255639281e-12,4.06817727364622e-13,-3.86444032571849e-15,-5.30834801156221e-11,-1.23830392548034e-11,-2.52337831367734e-12,-8.70725575905425e-11,-1.38759026604264e-11,-1.7692560642668e-13
8.31,-5.37173633106396e-13,-6.00579390287394e-12,3.76005133535772e-13,-1.97083495045693e-15,-5.04169620536922e-11,-1.16303206969282e-11,-2.37537654495611e-12,-8.19969831730789e-11,-1.30149219259803e-11,-1.65485276561274e-13
8.32,-4.98152429348133e-13,-5.68120405923881e-12,3.51515933873439e-13,-9.34205097096821e-16,-4.77504439917623e-11,-1.08776021390529e-11,-2.22737477623488e-12,-7.78773429255037e-11,-1.22150141702863e-11,-1.54044946695868e-13
8.33,-4.63520829226779e-13,-5.35661421560369e-12,3.27026734211105e-13,1.02424756263286e-16,-4.50839259298324e-11,-1.02954170905052e-11,-2.07937300751365e-12,-7.40148938048622e-11,-1.15762295112683e-11,-1.42604616830462e-13
8.34,-4.35895185938207e-13,-5.03202437196857e-12,3.02537534548772e-13,1.13905460962339e-15,-4.24174078679025e-11,-9.73706052208196e-12,-1.95012316716726e-12,-7.01524446842207e-11,-1.09374448522503e-11,-1.33839583020718e-13
8.35,-4.08269542649635e-13,-4.70743452833345e-12,2.78048334886439e-13,2.1756844629835e-15,-4.00485105061848e-11,-9.17870395365875e-12,-1.84215610593308e-12,-6.62899955635793e-11,-1.02986601932324e-11,-1.25516725178557e-13
8.36,-3.80643899361063e-13,-4.41386330948332e-12,2.55722100646304e-13,3.06995345345571e-15,-3.80363809175076e-11,-8.62034738523554e-12,-1.7341890446989e-12,-6.24275464429378e-11,-9.65987553421444e-12,-1.17193867336397e-13
8.37,-3.53018256072491e-13,-4.17541870382596e-12,2.38316425409399e-13,3.46819442905468e-15,-3.60242513288303e-11,-8.06199081681232e-12,-1.62622198346472e-12,-5.92931739308796e-11,-9.06643316844948e-12,-1.08871009494236e-13
8.38,-3.28494368273371e-13,-3.93697409816857e-12,2.20910750172492e-13,3.86643540465372e-15,-3.40121217401527e-11,-7.63066709667764e-12,-1.51825492223053e-12,-5.6354688174786e-11,-8.59261311108643e-12,-1.00548151652074e-13
8.39,-3.08920987823545e-13,-3.69852949251121e-12,2.03505074935587e-13,4.26467638025269e-15,-3.19999921514755e-11,-7.21709355193404e-12,-1.42394061842465e-12,-5.3416202418693e-11,-8.11879305372347e-12,-9.42388285980942e-14
8.4,-2.8934760737372e-13,-3.46008488685386e-12,1.86099399698683e-13,4.66291735585166e-15,-3.021247096784e-11,-6.80352000719044e-12,-1.3451217140684e-12,-5.04777166626e-11,-7.6449729963605e-12,-8.82623048585467e-14
8.41,-2.69774226923894e-13,-3.24438735208359e-12,1.70285172539704e-13,4.99075170276484e-15,-2.86941953051504e-11,-6.38994646244683e-12,-1.26630280971215e-12,-4.7539230906507e-11,-7.17115293899754e-12,-8.22857811189992e-14
8.42,-2.50200846474068e-13,-3.06911614139291e-12,1.58091351924281e-13,5.0732682035195e-15,-2.71759196424609e-11,-5.97637291770323e-12,-1.18748390535591e-12,-4.51564295109015e-11,-6.7308290653742e-12,-7.63092573794518e-14
8.43,-2.32819289473403e-13,-2.89384493070223e-12,1.45897531308858e-13,5.15578470427417e-15,-2.56576439797713e-11,-5.65679981267412e-12,-1.10866500099966e-12,-4.29231332709806e-11,-6.37887502340527e-12,-7.03327336399043e-14
8.44,-2.18935957310349e-13,-2.71857372001155e-12,1.33703710693435e-13,5.23830120502883e-15,-2.41393683170817e-11,-5.35036129695985e-12,-1.03979209428374e-12,-4.06898370310597e-11,-6.02692098143634e-12,-6.57736951078093e-14
8.45,-2.05052625147296e-13,-2.54330250932087e-12,1.21509890078012e-13,5.3208177057835e-15,-2.27893517002516e-11,-5.04392278124558e-12,-9.82207545042225e-13,-3.84565407911387e-11,-5.67496693946742e-12,-6.14489401391409e-14
8.46,-1.9116929298424e-13,-2.38475179502823e-12,1.10486129747877e-13,5.36653262091094e-15,-2.16410327645384e-11,-4.73748426553125e-12,-9.24622995800702e-13,-3.62232445512174e-11,-5.32301289749843e-12,-5.71241851704717e-14
8.47,-1.77285960821186e-13,-2.25591691577719e-12,1.02124155229031e-13,5.28401975564594e-15,-2.04927138288253e-11,-4.43104574981697e-12,-8.67038446559189e-13,-3.44031952572495e-11,-4.99599015324453e-12,-5.27994302018033e-14
8.48,-1.64969660587845e-13,-2.12708203652616e-12,9.37621807101839e-14,5.20150689038094e-15,-1.93443948931123e-11,-4.19411649025211e-12,-8.09453897317676e-13,-3.26943287738553e-11,-4.73474130726897e-12,-4.84746752331348e-14
8.49,-1.55154396658293e-13,-1.99824715727512e-12,8.54002061913373e-14,5.11899402511594e-15,-1.81960759573993e-11,-3.96689969092547e-12,-7.59165112424165e-13,-3.09854622904611e-11,-4.47349246129342e-12,-4.52916718388297e-14
8.5,-1.45339132728742e-13,-1.86941227802409e-12,7.70382316724907e-14,5.03648115985094e-15,-1.71781767716905e-11,-3.73968289159882e-12,-7.17156763439411e-13,-2.92765958070669e-11,-4.21224361531786e-12,-4.2297378440215e-14
8.51,-1.35523868799191e-13,-1.75284306739804e-12,6.95324137556967e-14,4.93216615379428e-15,-1.63166160521447e-11,-3.51246609227218e-12,-6.75148414454657e-13,-2.75677293236727e-11,-3.95099476934231e-12,-3.93030850416004e-14
8.52,-1.2570860486964e-13,-1.65807252691058e-12,6.39742779577074e-14,4.75188593934044e-15,-1.54550553325989e-11,-3.28524929294553e-12,-6.33140065469903e-13,-2.61819208231766e-11,-3.70826289576313e-12,-3.63087916429857e-14
8.53,-1.16981542501837e-13,-1.56330198642311e-12,5.8416142159718e-14,4.57160572488661e-15,-1.45934946130531e-11,-3.10953358629519e-12,-5.91131716485149e-13,-2.4883030072149e-11,-3.51438260916289e-12,-3.33144982443711e-14
8.54,-1.09991286870497e-13,-1.46853144593565e-12,5.28580063617287e-14,4.39132551043277e-15,-1.37319338935073e-11,-2.94101407685013e-12,-5.54430703556069e-13,-2.35841393211214e-11,-3.32050232256264e-12,-3.10859824159987e-14
8.55,-1.03001031239155e-13,-1.37376090544817e-12,4.72998705637384e-14,4.21104529597891e-15,-1.29654776254996e-11,-2.77249456740504e-12,-5.23753330366294e-13,-2.22852485700936e-11,-3.12662203596236e-12,-2.89840351733194e-14
8.56,-9.60107756078151e-14,-1.28805898363015e-12,4.23376735302278e-14,4.03981087379459e-15,-1.23130262078179e-11,-2.60397505795998e-12,-4.93075957176524e-13,-2.0986357819066e-11,-2.93274174936211e-12,-2.68820879306405e-14
8.57,-8.90205199764749e-14,-1.21847390248605e-12,3.87311855722478e-14,3.90009470944736e-15,-1.16605747901363e-11,-2.43545554851492e-12,-4.62398583986755e-13,-1.99335283729217e-11,-2.75258759847665e-12,-2.47801406879616e-14
8.58,-8.28161154144109e-14,-1.14888882134194e-12,3.51246976142677e-14,3.76037854510013e-15,-1.10081233724546e-11,-2.30509061666429e-12,-4.31721210796985e-13,-1.8946900958561e-11,-2.60864582067258e-12,-2.26781934452827e-14
8.59,-7.78659559103882e-14,-1.07930374019783e-12,3.15182096562877e-14,3.6206623807529e-15,-1.0355671954773e-11,-2.18005698654699e-12,-4.04919258165921e-13,-1.79602735442002e-11,-2.46470404286851e-12,-2.11056939377452e-14
8.6,-7.29157964063656e-14,-1.00971865905372e-12,2.79117216983076e-14,3.48094621640567e-15,-9.77651327657189e-12,-2.0550233564297e-12,-3.82515771552287e-13,-1.69736461298394e-11,-2.32076226506444e-12,-1.96207021526058e-14
8.61,-6.7965636902343e-14,-9.46762243667488e-13,2.47020553571598e-14,3.33901482970369e-15,-9.28521302833187e-12,-1.9299897263124e-12,-3.60112284938652e-13,-1.59870187154786e-11,-2.17682048726037e-12,-1.81357103674664e-14
8.62,-6.30154773983203e-14,-8.95586360002184e-13,2.23951238259836e-14,3.18936494281256e-15,-8.79391278009186e-12,-1.80495609619511e-12,-3.37708798325017e-13,-1.51833868210516e-11,-2.04307273613786e-12,-1.6650718582327e-14
8.63,-5.8632232187629e-14,-8.44410476336872e-13,2.00881922948071e-14,3.0397150559214e-15,-8.30261253185175e-12,-1.7083612427133e-12,-3.15305311711379e-13,-1.44289893043444e-11,-1.936218926986e-12,-1.51657267971873e-14
8.64,-5.51538014876572e-14,-7.93234592671568e-13,1.7781260763631e-14,2.89006516903027e-15,-7.81131228361174e-12,-1.61574011161897e-12,-2.95714204407161e-13,-1.36745917876373e-11,-1.82936511783416e-12,-1.40902653918422e-14
8.65,-5.16753707876855e-14,-7.42058709006265e-13,1.54743292324548e-14,2.74041528213913e-15,-7.3753452560699e-12,-1.52311898052463e-12,-2.79315048694572e-13,-1.29201942709303e-11,-1.72251130868232e-12,-1.30824916323401e-14
8.66,-4.81969400877138e-14,-6.95775236262604e-13,1.34268211330562e-14,2.60147975096481e-15,-7.00570798956149e-12,-1.4304978494303e-12,-2.62915892981983e-13,-1.21657967542232e-11,-1.61565749953048e-12,-1.2074717872838e-14
8.67,-4.4718509387742e-14,-6.58186605612277e-13,1.19694788725484e-14,2.49987625395391e-15,-6.63607072305307e-12,-1.33787671833597e-12,-2.46516737269394e-13,-1.15551623776307e-11,-1.51638373839497e-12,-1.10669441133359e-14
8.68,-4.16138851400037e-14,-6.20597974961951e-13,1.05121366120407e-14,2.39827275694302e-15,-6.26643345654465e-12,-1.26629908032535e-12,-2.30117581556805e-13,-1.09832070285094e-11,-1.43710770513029e-12,-1.00591703538338e-14
8.69,-3.91058687149284e-14,-5.83009344311624e-13,9.05479435153296e-15,2.29666925993212e-15,-5.89679619003624e-12,-1.19766182897935e-12,-2.15813463386137e-13,-1.0411251679388e-11,-1.35783167186561e-12,-9.31546327031478e-15
8.7,-3.65978522898531e-14,-5.45420713661298e-13,7.59745209102523e-15,2.19506576292122e-15,-5.56812305783108e-12,-1.12902457763335e-12,-2.03887139133264e-13,-9.83929633026662e-12,-1.27855563860093e-12,-8.61540142662358e-15
8.71,-3.40898358647773e-14,-5.11408750583442e-13,6.33505055754518e-15,2.09966289906606e-15,-5.28855498773853e-12,-1.06038732628734e-12,-1.91960814880388e-13,-9.26734098114515e-12,-1.19927960533624e-12,-7.91533958293225e-15
8.72,-3.15818194397019e-14,-4.8375327723246e-13,5.51612229443346e-15,2.02586490394253e-15,-5.00898691764603e-12,-9.91750074941337e-13,-1.80034490627515e-13,-8.80224970238065e-12,-1.12561676466265e-12,-7.21527773924106e-15
8.73,-2.93689781329688e-14,-4.56097803881479e-13,4.69719403132173e-15,1.95206690881901e-15,-4.72941884755353e-12,-9.38726002519607e-13,-1.68108166374641e-13,-8.3659098706819e-12,-1.06676268215015e-12,-6.51521589554986e-15
8.74,-2.76272463632868e-14,-4.28442330530498e-13,3.87826576821e-15,1.87826891369548e-15,-4.44985077746103e-12,-8.87883544287052e-13,-1.57689149323134e-13,-7.92957003898315e-12,-1.00790859963764e-12,-6.03642918677811e-15
8.75,-2.58855145936048e-14,-4.00786857179517e-13,3.05933750509827e-15,1.80447091857195e-15,-4.20146491434086e-12,-8.37041086054498e-13,-1.48980872926121e-13,-7.4932302072844e-12,-9.49054517125129e-13,-5.59421508337409e-15
8.76,-2.41437828239228e-14,-3.75783222966302e-13,2.34618463931844e-15,1.71845975796677e-15,-3.99045819363954e-12,-7.86198627821944e-13,-1.40272596529109e-13,-7.05689037558565e-12,-8.90200434612621e-13,-5.15200097997007e-15
8.77,-2.24020510542408e-14,-3.55492464046907e-13,1.87366164136797e-15,1.58989425969947e-15,-3.77945147293822e-12,-7.3535616958939e-13,-1.31564320132096e-13,-6.7018917679726e-12,-8.35513552183179e-13,-4.70978687656606e-15
8.78,-2.08553057348522e-14,-3.35201705127513e-13,1.40113864341751e-15,1.46132876143217e-15,-3.5684447522369e-12,-6.96012590177937e-13,-1.22856043735084e-13,-6.36877776470556e-12,-7.91820601858784e-13,-4.26757277316204e-15
8.79,-1.96197654277455e-14,-3.14910946208118e-13,9.28615645467046e-16,1.33276326316488e-15,-3.35743803153559e-12,-6.58275737834524e-13,-1.15242669468328e-13,-6.03566376143853e-12,-7.4812765153439e-13,-3.95308600896814e-15
8.8,-1.83842251206385e-14,-2.9462018728872e-13,4.56092647516499e-16,1.20419776489755e-15,-3.16994920219571e-12,-6.20538885491105e-13,-1.08871970606575e-13,-5.70254975817143e-12,-7.04434701209988e-13,-3.65971016432378e-15
8.81,-1.71486848135318e-14,-2.76262332038413e-13,5.95681800911832e-17,1.08516503878726e-15,-3.01065204676055e-12,-5.82802033147692e-13,-1.02501271744823e-13,-5.36943575490439e-12,-6.60741750885593e-13,-3.36633431967948e-15
8.82,-1.59131445064251e-14,-2.61339652707206e-13,-1.64066212545661e-16,9.99347354742423e-16,-2.85135489132539e-12,-5.45065180804279e-13,-9.61305728830715e-14,-5.09934024573808e-12,-6.20141985267213e-13,-3.07295847503517e-15
8.83,-1.48098587001377e-14,-2.46416973375998e-13,-3.87700605182505e-16,9.13529670697582e-16,-2.69205773589022e-12,-5.15932734924918e-13,-8.97598740213197e-14,-4.84619966717895e-12,-5.87702677982592e-13,-2.77958263039086e-15
8.84,-1.39176555792875e-14,-2.31494294044791e-13,-6.1133499781935e-16,8.27711986652741e-16,-2.53276058045506e-12,-4.88002574327912e-13,-8.41864572818345e-14,-4.59305908861982e-12,-5.55263370697971e-13,-2.58900345267733e-15
8.85,-1.30254524584374e-14,-2.16571614713583e-13,-8.34969390456194e-16,7.418943026079e-16,-2.39124678323001e-12,-4.60072413730907e-13,-7.9517927706975e-14,-4.33991851006069e-12,-5.22824063413351e-13,-2.41541462471164e-15
8.86,-1.21332493375872e-14,-2.03067466653672e-13,-1.0179568270158e-15,6.65212609835539e-16,-2.27105048543056e-12,-4.32142253133902e-13,-7.48493981321154e-14,-4.08677793150156e-12,-4.9038475612873e-13,-2.24182579674596e-15
8.87,-1.12410462167371e-14,-1.9208434669339e-13,-1.10847595889158e-15,6.20363455324585e-16,-2.15085418763111e-12,-4.04212092536896e-13,-7.01808685572559e-14,-3.88185015740941e-12,-4.60250769241737e-13,-2.06823696878027e-15
8.88,-1.0458488905609e-14,-1.81101226733106e-13,-1.19899509076737e-15,5.75514300813623e-16,-2.03065788983163e-12,-3.82578944498366e-13,-6.55123389823955e-14,-3.68989388899634e-12,-4.36198692372671e-13,-1.89464814081456e-15
8.89,-9.85093003929562e-15,-1.70118106772825e-13,-1.28951422264315e-15,5.30665146302668e-16,-1.91046159203218e-12,-3.61825671853165e-13,-6.14318820268708e-14,-3.49793762058331e-12,-4.1214661550361e-13,-1.75073463417088e-15
8.9,-9.24337117298226e-15,-1.59134986812543e-13,-1.38003335451893e-15,4.85815991791714e-16,-1.80369695374313e-12,-3.41072399207963e-13,-5.80188668090223e-14,-3.30598135217028e-12,-3.88094538634549e-13,-1.61172589830619e-15
8.91,-8.6358123066689e-15,-1.49208662289033e-13,-1.44266307892643e-15,4.4906318215277e-16,-1.71303328977595e-12,-3.20319126562761e-13,-5.46058515911737e-14,-3.11402508375724e-12,-3.64042461765487e-13,-1.47271716244151e-15
8.92,-8.02825344035553e-15,-1.41160485287238e-13,-1.44184681681704e-15,4.40520470381603e-16,-1.62236962580878e-12,-2.9956585391756e-13,-5.11928363733252e-14,-2.95775302804772e-12,-3.41698901591794e-13,-1.33370842657683e-15
8.93,-7.48252727882247e-15,-1.33112308285444e-13,-1.44103055470766e-15,4.31977758610437e-16,-1.5317059618416e-12,-2.83549866294679e-13,-4.77798211554766e-14,-2.81108169921678e-12,-3.23862760350433e-13,-1.19469969071215e-15
8.94,-7.03548821899133e-15,-1.2506413128365e-13,-1.44021429259828e-15,4.2343504683927e-16,-1.44104229787442e-12,-2.68195814865128e-13,-4.48013389101084e-14,-2.66441037038585e-12,-3.06026619109072e-13,-1.0902096101538e-15
8.95,-6.58844915916017e-15,-1.17015954281855e-13,-1.4393980304889e-15,4.14892335068103e-16,-1.36050605101969e-12,-2.52841763435577e-13,-4.23160363039456e-14,-2.51773904155491e-12,-2.88190477867712e-13,-9.9142481211085e-16
8.96,-6.14141009932894e-15,-1.09724648605185e-13,-1.43260921406236e-15,4.05244162170614e-16,-1.29210987388219e-12,-2.37487712006024e-13,-3.98307336977823e-14,-2.37106771272395e-12,-2.70354336626348e-13,-8.9264001406788e-16
8.97,-5.69437103949779e-15,-1.0377846229039e-13,-1.41223335384122e-15,3.91744230602327e-16,-1.2237136967447e-12,-2.22133660576473e-13,-3.73454310916195e-14,-2.25202471135468e-12,-2.53768259957991e-13,-7.93855216024927e-16
8.98,-5.30221728721593e-15,-9.78322759755946e-14,-1.39185749362008e-15,3.7824429903404e-16,-1.15531751960721e-12,-2.10248758915942e-13,-3.48601284854567e-14,-2.14041502589672e-12,-2.40480111099338e-13,-6.95070417981974e-16
8.99,-4.99766235415608e-15,-9.18860896607996e-14,-1.37148163339894e-15,3.64744367465753e-16,-1.08692134246972e-12,-1.98848598152649e-13,-3.26709002262603e-14,-2.02880534043876e-12,-2.27191962240685e-13,-6.36784516631035e-16
9,-4.69310742109623e-15,-8.59399033460045e-14,-1.3511057731778e-15,3.51244435897467e-16,-1.02608041148207e-12,-1.87448437389356e-13,-3.08177059365492e-14,-1.91719565498079e-12,-2.13903813382031e-13,-5.85192318877155e-16
9.01,-4.38855248803638e-15,-8.0566822296344e-14,-1.33782157008613e-15,3.36990833010417e-16,-9.74296203839741e-13,-1.76048276626064e-13,-2.89645116468382e-14,-1.80558596952283e-12,-2.00615664523378e-13,-5.33600121123276e-16
9.02,-4.08399755497652e-15,-7.62122697110795e-14,-1.34067027276274e-15,3.20111212828088e-16,-9.22511996197411e-13,-1.64648115862771e-13,-2.71113173571272e-14,-1.71473109939895e-12,-1.88278082195436e-13,-4.82007923369396e-16
9.03,-3.81492942454749e-15,-7.1857717125815e-14,-1.34351897543935e-15,3.03231592645758e-16,-8.70727788555081e-13,-1.55818194477984e-13,-2.52581230674162e-14,-1.62946024804252e-12,-1.7844829015634e-13,-4.30415725615517e-16
9.04,-3.60249943913815e-15,-6.75031645405505e-14,-1.34636767811597e-15,2.86351972463429e-16,-8.18943580912751e-13,-1.47347410122558e-13,-2.36596527048498e-14,-1.54418939668609e-12,-1.68618498117244e-13,-3.81727139531741e-16
9.05,-3.39006945372876e-15,-6.31486119552853e-14,-1.34921638079258e-15,2.69472352281096e-16,-7.73123423735569e-13,-1.38876625767132e-13,-2.2350285039759e-14,-1.45891854532965e-12,-1.58788706078147e-13,-3.33518465679356e-16
9.06,-3.17763946831942e-15,-5.9203338055366e-14,-1.34045031622262e-15,2.58641329600304e-16,-7.34452571029642e-13,-1.30405841411706e-13,-2.10409173746684e-14,-1.37364769397322e-12,-1.48958914039051e-13,-2.8530979182698e-16
9.07,-2.96520948291007e-15,-5.59854383679256e-14,-1.30526166210997e-15,2.68885437756786e-16,-6.95781718323714e-13,-1.21935057056281e-13,-1.97315497095778e-14,-1.30465250103794e-12,-1.39819649163743e-13,-2.37101117974603e-16
9.08,-2.75066726444572e-15,-5.27675386804852e-14,-1.27007300799731e-15,2.79129545913268e-16,-6.57110865617787e-13,-1.15448199771707e-13,-1.84221820444872e-14,-1.24003622357906e-12,-1.32502137169043e-13,-1.88892444122226e-16
9.09,-2.53275385012221e-15,-4.95496389930448e-14,-1.23488435388466e-15,2.89373654069751e-16,-6.1844001291186e-13,-1.09238554672369e-13,-1.72809673791016e-14,-1.17541994612018e-12,-1.25184625174342e-13,-1.90508087589279e-16
9.1,-2.31484043579869e-15,-4.63317393056045e-14,-1.199695699772e-15,2.99617762226233e-16,-5.83994780556565e-13,-1.03028909573032e-13,-1.63306004536528e-14,-1.1108036686613e-12,-1.17867113179642e-13,-2.00358750755729e-16
9.11,-2.09692702147517e-15,-4.3431120269992e-14,-1.15791191997019e-15,3.02015680740655e-16,-5.54614939019656e-13,-9.68192644736941e-14,-1.5380233528204e-14,-1.04618739120242e-12,-1.10549601184941e-13,-2.10209413922179e-16
9.12,-1.87901360715166e-15,-4.10943756126988e-14,-1.10112480042273e-15,2.77075117360941e-16,-5.25235097482747e-13,-9.06096193743564e-14,-1.44298666027552e-14,-9.93700503406767e-13,-1.03757343795172e-13,-2.20060077088629e-16
9.13,-1.71230786416976e-15,-3.87576309554052e-14,-1.04433768087526e-15,2.52134553981222e-16,-4.95855255945833e-13,-8.57654744112358e-14,-1.34794996773062e-14,-9.4447699032329e-13,-9.83508162358354e-14,-2.2991074025508e-16
9.14,-1.62733130783066e-15,-3.6420886298112e-14,-9.87550561327796e-16,2.27193990601508e-16,-4.66475414408924e-13,-8.11121294438738e-14,-1.26490562787406e-14,-8.95253477239821e-13,-9.29442886765002e-14,-2.04363374149524e-16
9.15,-1.54235475149155e-15,-3.40841416408188e-14,-9.30763441780334e-16,2.02253427221793e-16,-4.40418253200914e-13,-7.64587844765118e-14,-1.19547218649152e-14,-8.46029964156352e-13,-8.7537761117165e-14,-1.72965381601744e-16
9.16,-1.45737819515245e-15,-3.1962365555208e-14,-8.80408321445164e-16,1.75144606485433e-16,-4.18344098754954e-13,-7.18054395091498e-14,-1.12603874510899e-14,-7.96806451072883e-13,-8.21312335578298e-14,-1.41567389053964e-16
9.17,-1.37240163881334e-15,-3.02226337859372e-14,-8.4468544224902e-16,1.40480925722655e-16,-3.96269944308995e-13,-6.71520945417877e-14,-1.05660530372646e-14,-7.56737436366337e-13,-7.71013281423442e-14,-1.10169396506184e-16
9.18,-1.29559330134384e-15,-2.84829020166664e-14,-8.08962563052875e-16,1.05817244959878e-16,-3.74195789863036e-13,-6.35557999644809e-14,-9.87171862343922e-15,-7.19131411087573e-13,-7.30650295122819e-14,-7.87714039584044e-17
9.19,-1.23182171924795e-15,-2.67431702473956e-14,-7.7323968385673e-16,7.11535641971007e-17,-3.52121635417077e-13,-6.01072060022007e-14,-9.26428557306472e-15,-6.81525385808808e-13,-6.90287308822196e-14,-5.34349604481189e-17
9.2,-1.16805013715206e-15,-2.50034384781249e-14,-7.37516804660586e-16,3.64898834343233e-17,-3.32499697413609e-13,-5.66586120399204e-14,-8.75548251347909e-15,-6.43919360530044e-13,-6.49924322521573e-14,-2.91003766404497e-17
9.21,-1.10427855505616e-15,-2.34311049076495e-14,-6.97529836462336e-16,7.51441441060795e-18,-3.15817312332973e-13,-5.32100180776395e-14,-8.24667945389337e-15,-6.06313335251273e-13,-6.09561336220943e-14,-4.76579283277615e-18
9.22,-1.04050697296027e-15,-2.21562731064561e-14,-6.4784243509275e-16,-1.64161604066299e-18,-2.99134927252339e-13,-4.97614241153593e-14,-7.73787639430774e-15,-5.75812591198758e-13,-5.72051738567815e-14,1.95687909748931e-17
9.23,-9.6805490315833e-16,-2.08814413052627e-14,-5.98155033723163e-16,-1.07976464919339e-17,-2.82452542171706e-13,-4.70820241209527e-14,-7.22907333472211e-15,-5.47223501048086e-13,-5.42069967857156e-14,4.39033747825623e-17
9.24,-8.8174847948147e-16,-1.96066095040694e-14,-5.48467632353577e-16,-1.99536769432049e-17,-2.65770157091073e-13,-4.45101028458187e-14,-6.78506148690225e-15,-5.18634410897415e-13,-5.12088197146497e-14,5.47197684466207e-17
9.25,-7.95442055804609e-16,-1.8331777702876e-14,-4.98780230983991e-16,-2.91097073944758e-17,-2.50951035895142e-13,-4.19381815706847e-14,-6.41458538542625e-15,-4.90045320746743e-13,-4.82106426435839e-14,6.33018603054122e-17
9.26,-7.09135632127749e-16,-1.71927682242907e-14,-4.54274039801931e-16,-3.66475943934164e-17,-2.38365470719545e-13,-3.93662602955507e-14,-6.04410928395026e-15,-4.61456230596072e-13,-4.5212465572518e-14,7.18839521642038e-17
9.27,-6.22829208450889e-16,-1.62951435489743e-14,-4.21554653057131e-16,-3.85473834758156e-17,-2.25779905543949e-13,-3.67943390204167e-14,-5.67363318247427e-15,-4.38285043045677e-13,-4.24321126097387e-14,8.04660440229953e-17
9.28,-5.57840186603284e-16,-1.53975188736579e-14,-3.88835266312331e-16,-4.04471725582147e-17,-2.13194340368352e-13,-3.48349399689409e-14,-5.30315708099827e-15,-4.16571525405289e-13,-4.0226424508166e-14,8.90481358817868e-17
9.29,-5.26874463749695e-16,-1.44998941983415e-14,-3.56115879567531e-16,-4.23469616406139e-17,-2.00608775192756e-13,-3.29611280474667e-14,-4.97477616879474e-15,-3.948580077649e-13,-3.80207364065932e-14,9.46098741642655e-17
9.3,-4.959087408961e-16,-1.36022695230249e-14,-3.23396492822725e-16,-4.42467507230134e-17,-1.89389907578082e-13,-3.10873161259921e-14,-4.69417181573055e-15,-3.73144490124508e-13,-3.581504830502e-14,9.9672404980626e-17
9.31,-4.6494301804251e-16,-1.27730679950245e-14,-2.9473685637255e-16,-4.35268704863711e-17,-1.79809345514354e-13,-2.92135042045179e-14,-4.4135674626664e-15,-3.5143097248412e-13,-3.36093602034472e-14,1.04734935796985e-16
9.32,-4.3397729518892e-16,-1.20654687753691e-14,-2.7531280023179e-16,-3.36792753314719e-17,-1.70228783450626e-13,-2.73396922830437e-14,-4.13296310960225e-15,-3.33779522878847e-13,-3.15528459254746e-14,1.09797466613345e-16
9.33,-4.10466329006174e-16,-1.13578695557138e-14,-2.5588874409103e-16,-2.38316801765728e-17,-1.60648221386899e-13,-2.58748480983844e-14,-3.8523587565381e-15,-3.17220960094184e-13,-2.98898829183378e-14,1.14859997429705e-16
9.34,-3.98853408240557e-16,-1.06502703360584e-14,-2.3646468795027e-16,-1.39840850216736e-17,-1.51067659323171e-13,-2.44671485747762e-14,-3.60899868082338e-15,-3.00662397309521e-13,-2.82269199112009e-14,1.21675267405178e-16
9.35,-3.87240487474941e-16,-9.94267111640301e-15,-2.1704063180951e-16,-4.13648986677446e-18,-1.42581488434739e-13,-2.3059449051168e-14,-3.40790954984466e-15,-2.84103834524857e-13,-2.65639569040641e-14,1.28780232097606e-16
9.36,-3.75627566709325e-16,-9.3079816160903e-15,-2.03748628498137e-16,3.93177389580803e-18,-1.35407200430022e-13,-2.16517495275598e-14,-3.20682041886595e-15,-2.67545271740194e-13,-2.49009938969272e-14,1.35885196790033e-16
9.37,-3.64014645943709e-16,-8.80286800523374e-15,-2.04406514282756e-16,5.80031253425505e-18,-1.28232912425305e-13,-2.02440500039516e-14,-3.00573128788723e-15,-2.54143774678885e-13,-2.3355130864143e-14,1.4299016148246e-16
9.38,-3.5183442647303e-16,-8.29775439437709e-15,-2.05064400067374e-16,7.6688511727024e-18,-1.21058624420586e-13,-1.91742765941877e-14,-2.80464215690848e-15,-2.41591676369891e-13,-2.21182016818768e-14,1.50095126174889e-16
9.39,-3.38748778957428e-16,-7.79264078352053e-15,-2.05722285851993e-16,9.53738981114941e-18,-1.13884336415869e-13,-1.81517212691228e-14,-2.63739739155192e-15,-2.29039578060899e-13,-2.08812724996108e-14,1.54087307167082e-16
9.4,-3.25663131441825e-16,-7.28752717266397e-15,-2.06380171636611e-16,1.14059284495964e-17,-1.07529168941359e-13,-1.71291659440579e-14,-2.50856479071173e-15,-2.16487479751908e-13,-1.96443433173449e-14,1.575650037374e-16
9.41,-3.12577483926223e-16,-6.82897048826368e-15,-2.02563990032586e-16,1.28191479607362e-17,-1.02155908327516e-13,-1.6106610618993e-14,-2.37973218987154e-15,-2.03935381442916e-13,-1.84074141350789e-14,1.61042700307717e-16
9.42,-2.9949183641062e-16,-6.45315524369207e-15,-1.88569692613828e-16,1.2645898843685e-17,-9.67826477136743e-14,-1.5084055293928e-14,-2.25089958903136e-15,-1.93689789389132e-13,-1.72608842130629e-14,1.64520396878035e-16
9.43,-2.85145206288527e-16,-6.07733999912046e-15,-1.7457539519507e-16,1.24726497266337e-17,-9.14093870998322e-14,-1.42501630799042e-14,-2.12206698819117e-15,-1.84064755697783e-13,-1.63528461584225e-14,1.67998093448352e-16
9.44,-2.6878600500084e-16,-5.70152475454885e-15,-1.60581097776312e-16,1.22994006095824e-17,-8.603612648599e-14,-1.34426325774845e-14,-2.00361534264378e-15,-1.74439722006434e-13,-1.54448081037822e-14,1.54051998479102e-16
9.45,-2.52426803713153e-16,-5.32570950997725e-15,-1.46586800357553e-16,1.21261514925311e-17,-8.12486331914742e-14,-1.26351020750647e-14,-1.89694571620694e-15,-1.64814688315085e-13,-1.45367700491419e-14,1.37226079474386e-16
9.46,-2.36067602425464e-16,-4.99585814023449e-15,-1.2909827580861e-16,1.21057398283643e-17,-7.71633185488062e-14,-1.18275715726449e-14,-1.79027608977008e-15,-1.55189654623735e-13,-1.36287319945015e-14,1.20400160469667e-16
9.47,-2.19708401137777e-16,-4.74769423297971e-15,-1.03660687169964e-16,1.26178597660386e-17,-7.3078003906139e-14,-1.10200410702252e-14,-1.68360646333324e-15,-1.47360155246496e-13,-1.27936430891521e-14,1.03574241464951e-16
9.48,-2.12668225763694e-16,-4.49953032572494e-15,-7.82230985313186e-17,1.3129979703713e-17,-6.89926892634717e-14,-1.04369535060744e-14,-1.5769368368964e-15,-1.40013738813925e-13,-1.21510090644042e-14,8.6748322460235e-17
9.49,-2.2050153298056e-16,-4.25136641847016e-15,-5.2785509892673e-17,1.36420996413874e-17,-6.49073746208045e-14,-9.88522713371994e-15,-1.4846057399261e-15,-1.32667322381353e-13,-1.15083750396563e-14,9.00393844835216e-17
9.5,-2.28334840197426e-16,-4.00320251121539e-15,-2.73479212540273e-17,1.41542195790617e-17,-6.12711925309724e-14,-9.33350076136544e-15,-1.40854836954713e-15,-1.25320905948782e-13,-1.08657410149084e-14,9.66554039567346e-17
9.51,-2.36168147414293e-16,-3.77204054227588e-15,-6.07006793110639e-18,1.4615855840509e-17,-5.81734004810863e-14,-8.78177438901095e-15,-1.33249099916816e-15,-1.17974489516211e-13,-1.02231069901605e-14,1.03271423429947e-16
9.52,-2.44001454631159e-16,-3.57109458979539e-15,5.74474781898247e-18,1.49015918074884e-17,-5.50756084312001e-14,-8.23004801665645e-15,-1.25643362878919e-15,-1.1205707861408e-13,-9.61342582445676e-15,1.0988744290316e-16
9.53,-2.38883467094512e-16,-3.37014863731491e-15,1.75595635690713e-17,1.51873277744679e-17,-5.1977816381314e-14,-7.78198504783316e-15,-1.18037625841023e-15,-1.06524137222873e-13,-9.09068108795711e-15,1.16503462376373e-16
9.54,-2.13094772250828e-16,-3.16920268483442e-15,2.93743793191602e-17,1.54730637414474e-17,-4.88800243314279e-14,-7.3484068647887e-15,-1.10177373048499e-15,-1.00991195831666e-13,-8.56793635145746e-15,1.02487766169049e-16
9.55,-1.87306077407139e-16,-2.9682567323539e-15,4.11891950692511e-17,1.57587997084269e-17,-4.61381878198537e-14,-6.91482868174416e-15,-1.02028253826981e-15,-9.54582544404582e-14,-8.04519161495772e-15,8.50620365843788e-17
9.56,-1.61517382563454e-16,-2.78244256933105e-15,4.7501143439299e-17,1.58895625843116e-17,-4.38230469803735e-14,-6.4812504986997e-15,-9.38791346054654e-16,-8.99253130492512e-14,-7.52244687845807e-15,6.76363069997115e-17
9.57,-1.3572868771977e-16,-2.62352077533274e-15,4.12945451174961e-17,1.54803526532337e-17,-4.15079061408933e-14,-6.04767231565524e-15,-8.57300153839494e-16,-8.54174579126501e-14,-7.03764161380277e-15,5.02105774150443e-17
9.58,-1.10500423005704e-16,-2.46459898133443e-15,3.50879467956932e-17,1.50711427221558e-17,-3.91927653014131e-14,-5.72502855191206e-15,-7.75808961624335e-16,-8.11853990571464e-14,-6.65292848997251e-15,3.27848478303771e-17
9.59,-8.61666238563442e-17,-2.30567718733611e-15,2.88813484738903e-17,1.46619327910779e-17,-3.6877624461933e-14,-5.41788554585522e-15,-7.10867393932062e-16,-7.69533402016427e-14,-6.26821536614225e-15,2.7578571079215e-17
9.6,-6.18328247069847e-17,-2.1467553933378e-15,2.26747501520874e-17,1.425272286e-17,-3.48187425843209e-14,-5.11074253979837e-15,-6.64709067945525e-16,-7.27212813461389e-14,-5.883502242312e-15,2.43919393571102e-17
9.61,-3.74990255576252e-17,-2.00893866158256e-15,1.70024008335073e-17,1.39966640513125e-17,-3.30670467965299e-14,-4.80359953374152e-15,-6.18550741958988e-16,-6.84892224906352e-14,-5.49878911848174e-15,2.12053076350053e-17
9.62,-1.31652264082657e-17,-1.9086300595641e-15,1.25454217264978e-17,1.42742297632599e-17,-3.13153510087389e-14,-4.49645652768468e-15,-5.72392415972451e-16,-6.50441276718473e-14,-5.14817617640422e-15,1.80186759129005e-17
9.63,3.94812686994755e-18,-1.80832145754563e-15,8.08844261948752e-18,1.45517954752073e-17,-2.95636552209476e-14,-4.27060909349504e-15,-5.26234089985907e-16,-6.18107630891327e-14,-4.88752653714122e-15,1.48320441907951e-17
9.64,9.53740274358865e-18,-1.70801285552718e-15,3.63146351247802e-18,1.48293611871547e-17,-2.78119594331566e-14,-4.05612100988774e-15,-4.96952600568129e-16,-5.85773985064187e-14,-4.62687689787826e-15,2.075929788769e-17
9.65,1.51266786172297e-17,-1.60770425350872e-15,-8.25515594531481e-19,1.51069268991021e-17,-2.62481585183635e-14,-3.84163292628045e-15,-4.86825727018575e-16,-5.53440339237047e-14,-4.36622725861531e-15,2.81929049076575e-17
9.66,2.07159544908708e-17,-1.51556295164082e-15,-2.15507395322965e-18,1.52334890122827e-17,-2.49095933998636e-14,-3.62714484267315e-15,-4.76698853469022e-16,-5.21106693409906e-14,-4.10557761935236e-15,3.56265119276251e-17
9.67,2.63052303645119e-17,-1.43793665807367e-15,3.62997902775874e-18,1.48339092223004e-17,-2.35710282813637e-14,-3.41265675906586e-15,-4.66571979919468e-16,-4.94929883548048e-14,-3.86370209227518e-15,4.30601189475927e-17
9.68,3.04753758523984e-17,-1.36031036450652e-15,9.41503200874714e-18,1.44343294323181e-17,-2.22324631628637e-14,-3.21289726652606e-15,-4.56445106369914e-16,-4.70409551328849e-14,-3.67135653990287e-15,5.04937259675603e-17
9.69,3.2380540935409e-17,-1.28268407093937e-15,1.52000849897355e-17,1.40347496423358e-17,-2.08938980443638e-14,-3.01519578558119e-15,-4.44264994628896e-16,-4.4588921910965e-14,-3.47901098753055e-15,4.74266124598237e-17
9.7,3.42857060184197e-17,-1.20505777737222e-15,2.09851379707239e-17,1.36351698523535e-17,-1.97085532387853e-14,-2.81749430463632e-15,-4.29754529762559e-16,-4.21368886890452e-14,-3.28666543515824e-15,4.26239279486804e-17
9.71,3.61908711014307e-17,-1.13233790983153e-15,2.90199038519923e-17,1.33903345095215e-17,-1.87068786879537e-14,-2.61979282369141e-15,-4.1524406489622e-16,-3.96848554671249e-14,-3.09431988278589e-15,3.78212434375362e-17
9.72,3.80960361844413e-17,-1.06833779217006e-15,4.21725717360539e-17,1.36846753094604e-17,-1.77052041371223e-14,-2.42209134274654e-15,-4.00733600029884e-16,-3.76882389106456e-14,-2.91922487942308e-15,3.30185589263929e-17
9.73,3.9356084970553e-17,-1.00433767450859e-15,5.53252396201156e-17,1.39790161093994e-17,-1.67035295862908e-14,-2.31471245825909e-15,-3.86223135163548e-16,-3.58141507971282e-14,-2.78964037730962e-15,2.82158744152495e-17
9.74,3.95865061861402e-17,-9.40337556847121e-16,6.84779075041773e-17,1.42733569093384e-17,-1.57018550354594e-14,-2.2199542616529e-15,-3.71371794273326e-16,-3.39400626836107e-14,-2.66005587519615e-15,3.08652325385947e-17
9.75,3.98169274017274e-17,-8.76337439185652e-16,8.1630575388239e-17,1.45676977092774e-17,-1.48357469792728e-14,-2.1251960650467e-15,-3.561335710862e-16,-3.20659745700933e-14,-2.53047137308268e-15,3.47462727239894e-17
9.76,4.00473486173146e-17,-8.15567251930499e-16,8.70074621018488e-17,1.47070588041445e-17,-1.41321469622085e-14,-2.0304378684405e-15,-3.40895347899073e-16,-3.01918864565758e-14,-2.40088687096922e-15,3.86273129093841e-17
9.77,4.02777698329018e-17,-7.60537329609216e-16,7.46951201051433e-17,1.43064240469643e-17,-1.34285469451442e-14,-1.93567967183431e-15,-3.25657124711947e-16,-2.86592514238622e-14,-2.26686557403891e-15,4.25083530947789e-17
9.78,4.04580423099184e-17,-7.05507407287932e-16,6.23827781084377e-17,1.39057892897841e-17,-1.272494692808e-14,-1.84059930642352e-15,-3.1041890152482e-16,-2.72184832847217e-14,-2.12113909856942e-15,4.63893932801736e-17
9.79,4.05582756930423e-17,-6.50477484966649e-16,5.00704361117321e-17,1.35051545326039e-17,-1.20213469110157e-14,-1.74547392468141e-15,-2.95527705024255e-16,-2.57777151455812e-14,-1.97541262309994e-15,4.55032836133214e-17
9.8,4.06585090761663e-17,-5.95447562645355e-16,3.77580941150244e-17,1.31045197754237e-17,-1.13880854656074e-14,-1.65034854293928e-15,-2.81030371606383e-16,-2.43369470064404e-14,-1.82968614763042e-15,4.38292540098667e-17
9.81,4.07587424592902e-17,-5.501125261807e-16,3.13917090730244e-17,1.29048602622812e-17,-1.08391411915213e-14,-1.55522316119717e-15,-2.66533038188514e-16,-2.28961788672999e-14,-1.68395967216094e-15,4.21552244064123e-17
9.82,4.08589758424141e-17,-5.22007338759179e-16,3.85518611297227e-17,1.34054588770927e-17,-1.02901969174353e-14,-1.46009777945505e-15,-2.52035704770644e-16,-2.17521948388705e-14,-1.56101965131394e-15,4.04811948029578e-17
9.83,4.0958045035796e-17,-4.93902151337658e-16,4.57120131864209e-17,1.39060574919041e-17,-9.74125264334918e-15,-1.37902404312773e-15,-2.37538371352775e-16,-2.06880596559946e-14,-1.49819499091106e-15,3.88071651995034e-17
9.84,4.10552561427191e-17,-4.65796963916137e-16,5.28721652431192e-17,1.44066561067156e-17,-9.19230836926311e-15,-1.29991372944274e-15,-2.26253846360821e-16,-1.96239244731187e-14,-1.43537033050818e-15,3.68168770239677e-17
9.85,4.11524672496422e-17,-4.37691776494616e-16,6.00323172998175e-17,1.49072547215271e-17,-8.6774099745053e-15,-1.22080341575775e-15,-2.18615745922779e-16,-1.85597892902429e-14,-1.37254567010531e-15,3.47743172727972e-17
9.86,4.12496783565653e-17,-4.07780589819207e-16,6.27584592833935e-17,1.52038075805891e-17,-8.20332350089609e-15,-1.14169310207276e-15,-2.10977645484737e-16,-1.7495654107367e-14,-1.30972100970243e-15,3.27317575216267e-17
9.87,4.13468894634884e-17,-3.74659763032848e-16,5.53976123756901e-17,1.4789403726438e-17,-7.72923702728687e-15,-1.06258278838777e-15,-2.03339545046695e-16,-1.65966758107011e-14,-1.24875177865321e-15,3.06891977704561e-17
9.88,4.14429714837743e-17,-3.41538936246483e-16,4.80367654679854e-17,1.43749998722869e-17,-7.25515055367758e-15,-9.84907766295029e-16,-1.95701444608652e-16,-1.57421324626161e-14,-1.19267755238738e-15,2.86466380192853e-17
9.89,4.15372514433515e-17,-3.08418109460124e-16,4.06759185602819e-17,1.39605960181358e-17,-6.78106408006836e-15,-9.07433296089816e-16,-1.81136711362766e-16,-1.48875891145312e-14,-1.13660332612157e-15,3.06199646329786e-17
9.9,4.16315314029288e-17,-2.75297282673765e-16,3.33150716525785e-17,1.35461921639847e-17,-6.3769895958724e-15,-8.29958825884604e-16,-1.58710493522057e-16,-1.40330457664463e-14,-1.08052909985575e-15,3.32570415016622e-17
9.91,4.1725811362506e-17,-2.58323091553825e-16,2.69185580505391e-17,1.32899956338212e-17,-6.05684079806688e-15,-7.52484355679392e-16,-1.36284275681348e-16,-1.31785024183615e-14,-1.02445487358993e-15,3.58941183703458e-17
9.92,4.18200913220833e-17,-2.70044864388623e-16,2.27158191989646e-17,1.35850409496613e-17,-5.73669200026136e-15,-6.75009885474179e-16,-1.13858057840638e-16,-1.2542959899111e-14,-9.67592417909432e-16,3.85311952390294e-17
9.93,4.18776138276122e-17,-2.81766637223421e-16,1.85130803473902e-17,1.38800862655013e-17,-5.41654320245584e-15,-6.34810327715525e-16,-9.1431839999929e-17,-1.19663388743968e-14,-9.08650450687465e-16,4.1168272107713e-17
9.94,4.1876470185204e-17,-2.93488410058219e-16,1.43103414958158e-17,1.41751315813413e-17,-5.09639440465032e-15,-5.99819156941321e-16,-7.66862470548625e-17,-1.13897178496826e-14,-8.49708483465499e-16,5.24310618557851e-17
9.95,4.18753265427959e-17,-3.05210182893017e-16,1.01076026442414e-17,1.44701768971813e-17,-4.80088740069083e-15,-5.64827986167117e-16,-7.06578932028496e-17,-1.08130968249684e-14,-7.90766516243533e-16,6.51195192156869e-17
9.96,4.18741829003877e-17,-3.09394033861089e-16,1.05557243991884e-17,1.46142097047242e-17,-4.53491932970198e-15,-5.29836815392907e-16,-6.46295393508356e-17,-1.02364758002541e-14,-7.31824549021556e-16,7.78079765755909e-17
9.97,4.18730392579796e-17,-3.00181413969836e-16,2.15841512276978e-17,1.42320695656223e-17,-4.26895125871318e-15,-4.94845644618703e-16,-5.86011854988226e-17,-9.73819249195459e-15,-6.75916765555084e-16,9.04964339354927e-17
9.98,4.16669576165537e-17,-2.90968794078584e-16,3.26125780562071e-17,1.38499294265204e-17,-4.00298318772437e-15,-4.68240000778191e-16,-5.25728316468097e-17,-9.26098570356732e-15,-6.28013783762995e-16,1.03184891295394e-16
9.99,4.11337879523149e-17,-2.81756174187332e-16,4.36410048847164e-17,1.34677892874185e-17,-3.73701511673557e-15,-4.4280605839779e-16,-5.21587594571153e-17,-8.78377891518005e-15,-5.80110801970906e-16,8.29419256030904e-17
10,4.06006182880761e-17,-2.72543554296079e-16,5.46694317132258e-17,1.30856491483166e-17,-3.50401230604923e-15,-4.1737211601739e-16,-5.81166994736076e-17,-8.30657212679278e-15,-5.32207820178817e-16,5.72560169432342e-17
