Tempo,Sim_1,Sim_2,Sim_3,Sim_4,Sim_5,Sim_6,Sim_7,Sim_8,Sim_9,Sim_10
0,0.5,0.5,0.5,0.5,0.5,0.5,0.5,0.5,0.5,0.5
0.002,0.480613652605254,0.476659831495514,0.482693054160749,0.487317337858881,0.483196744573552,0.488310028562399,0.482332958750628,0.487783024707594,0.483322910985103,0.482190848533824
0.004,0.466853710376675,0.460153866697082,0.471665539927538,0.479628229097703,0.472370593410464,0.481165384269059,0.470420618803288,0.48034988615992,0.471475619403824,0.469689879417118
0.006,0.45419054754439,0.445043639275727,0.461729380934972,0.472676401313562,0.462521025827907,0.47469760931395,0.459486115626345,0.473649911736988,0.460483881324062,0.45821792375495
0.008,0.441955457941799,0.430560369362393,0.45214141209092,0.465853484461987,0.452935859670828,0.468368540127576,0.448854524429018,0.467122359147413,0.449779397315223,0.447154476289041
0.01,0.429957908427237,0.416502578653429,0.442722976761157,0.459076468873215,0.443481440269687,0.462098165326654,0.438383361768977,0.460675773446138,0.439213313929272,0.43630287540373
0.012,0.418619710950975,0.40327330281609,0.433819988373022,0.452466005605267,0.434396660992933,0.456008323515291,0.428368848317362,0.454466098003829,0.429106490488544,0.426085358169278
0.014,0.407281513474714,0.39004402697875,0.424941873596302,0.445869839215388,0.425311881716178,0.449958247953757,0.418354334865748,0.448313215904542,0.418999667047815,0.415891341146587
0.016,0.396139390911683,0.377560759773146,0.416185844165981,0.439273672825509,0.416227102439424,0.443908172392223,0.408339821414134,0.442160333805255,0.408892843607087,0.405973331441941
0.018,0.385819663963096,0.365771755216781,0.408088074225198,0.432744766961369,0.407588981453523,0.437858096830689,0.398982714662214,0.436007451705968,0.399414721390265,0.396681949063201
0.02,0.375499937014509,0.353982750660416,0.399990304284415,0.426465875115437,0.399102206487691,0.432145386106465,0.389716960042274,0.430305717752133,0.390001191893315,0.387390566684461
0.022,0.365180210065921,0.342833709787599,0.391892534343632,0.420186983269506,0.390615431521859,0.426470632612447,0.380451205422335,0.424636579052873,0.380587662396364,0.378331107077538
0.024,0.355745882491877,0.332557009734066,0.38454578408707,0.413908091423574,0.38231816036948,0.42079587911843,0.371629514400119,0.418967440353613,0.371658038524539,0.370008254459753
0.026,0.346505089125194,0.322280309680533,0.377319828786966,0.407794858528798,0.374489789110915,0.415121125624413,0.363194537442397,0.413298301654352,0.362997869438822,0.361685401841967
0.028,0.337264295758511,0.312581644136734,0.370093873486862,0.401917303069538,0.366661417852351,0.409846005991754,0.354759560484674,0.408093298561371,0.354337700353105,0.353481685153291
0.03,0.328611627832205,0.303771457959565,0.363328427130309,0.396039747610278,0.358833046593786,0.404628845351342,0.34633986806809,0.40300228551543,0.345854931234064,0.346127768890106
0.032,0.320422694356714,0.294961271782396,0.357000590621436,0.390162192151018,0.351495262343679,0.399411684710929,0.33882005726177,0.39791127246949,0.338010586977135,0.338773852626921
0.034,0.312233760881223,0.286453199154923,0.350672754112563,0.384515367096112,0.344397106166271,0.394194524070516,0.331300246455449,0.39282025942355,0.330166242720205,0.331419936363736
0.036,0.304243934838847,0.278742323780432,0.344469398292932,0.379119259099075,0.337298949988864,0.389347996764445,0.323780435649129,0.388011266260228,0.322321898463275,0.324692473526574
0.038,0.296856232405036,0.286310340537723,0.339062082799005,0.373723151102038,0.330200793811457,0.38466843786791,0.316545097100707,0.383575642170388,0.315008306648588,0.318271047407131
0.04,0.289787152894561,0.298163539885193,0.333654767305077,0.368327043105001,0.32379788781838,0.379988878971375,0.309989154504937,0.379140018080549,0.308033311558418,0.313299867934819
0.042,0.297786919315572,0.310382430551283,0.32824745181115,0.363148431971181,0.317491726342931,0.375309320074839,0.303433211909167,0.374704393990709,0.301058316468248,0.327722953792284
0.044,0.310455608219091,0.320823308165168,0.326013473053488,0.358311408337923,0.311185564867482,0.37079272977958,0.296877269313396,0.370268769900869,0.294083321378079,0.337907345670844
0.046,0.321702156816123,0.33099253905478,0.340401023940289,0.353474384704664,0.304964800680487,0.366725934568084,0.290696711463251,0.366450589959941,0.287924302547462,0.349265995488906
0.048,0.331779839275907,0.340713814976557,0.350358955941366,0.348637361071406,0.299498875261683,0.362659139356589,0.285070186671039,0.362710176120134,0.281849066491038,0.359233300727779
0.05,0.341838581245274,0.349933146208423,0.360501863163514,0.343872533494677,0.29403294984288,0.358592344145093,0.279511312779577,0.358969762280327,0.275773830434614,0.36918193197684
0.052,0.351253789092651,0.358788134539864,0.370563842628014,0.339672827752945,0.288567024424076,0.354525548933598,0.278938241840444,0.35522934844052,0.269816592252324,0.378655398203776
0.054,0.360347455364668,0.367272670530107,0.380050562886565,0.335473122011214,0.283401254182978,0.350861125444741,0.293589391989595,0.35177469361273,0.264584626014168,0.387839851186304
0.056,0.369047048677796,0.375395520091858,0.389308732871956,0.331273416269482,0.296352101089898,0.347452258021194,0.303698950437701,0.348743830542548,0.277364127895041,0.396726989813874
0.058,0.377442423563178,0.383237787634117,0.398253717930035,0.327073710527751,0.30553141314836,0.344043390597647,0.313662892630708,0.345712967472366,0.288008466232979,0.405313080254628
0.06,0.385507419239882,0.3907576879047,0.406941972342939,0.323293119641933,0.316231107361836,0.3406345231741,0.323336906323415,0.342682104402184,0.299115958728029,0.413663066961585
0.062,0.393316613496165,0.39803053700179,0.415373488502212,0.319789641170622,0.32581335169297,0.337225655750553,0.332267229269201,0.339651241332002,0.308696566783203,0.421747469973867
0.064,0.400835987643963,0.40506103537769,0.423573682682255,0.316286162699311,0.334876653040492,0.334224467503114,0.340855608227925,0.337078495838588,0.318125814857248,0.429622409401378
0.066,0.408124856127279,0.41183604781428,0.431575353694262,0.312782684228,0.343599728007237,0.331369847968166,0.348990915714241,0.347126953182765,0.326864851147802,0.437280379014587
0.068,0.415193544935097,0.418386741981672,0.439346702762019,0.309317205435548,0.351870543570533,0.328656128892802,0.356756198496481,0.355575503515735,0.335216673893697,0.444723342242701
0.07,0.422036939191087,0.424733160377232,0.446939449492835,0.306278635327475,0.35981624214328,0.326523506011299,0.364198638702261,0.364945077550385,0.343110187856987,0.451978478264029
0.072,0.428671815052136,0.430880699824094,0.454352921842355,0.303844215573936,0.367409544266275,0.337920561772273,0.371290243586636,0.373224171486825,0.350674594447972,0.459051892950344
0.074,0.435117445287993,0.436843944850816,0.46159767793123,0.316028508270874,0.374719950478204,0.346005752291669,0.378108765535304,0.381478617627197,0.357843909566389,0.465950651852787
0.076,0.441383278365324,0.442631616325228,0.468678709507772,0.324353159198984,0.381729887248131,0.355238131183034,0.384668817696064,0.389292956183234,0.364733693357977,0.472679515892505
0.078,0.447478361782356,0.448228124372972,0.475602389002055,0.333936302428781,0.388499817437932,0.363369451451698,0.390955514754802,0.396868484763085,0.371312732795405,0.479246140761973
0.08,0.453411613670623,0.453652591495276,0.482375856971085,0.342395471380418,0.395031799323369,0.371429989108907,0.397002876038212,0.404155119149716,0.377620164890479,0.485656497777403
0.082,0.459190753955609,0.458927819076288,0.489004697567752,0.350633113878827,0.401342814296718,0.379052403781139,0.402832399932201,0.411184439089801,0.383680867509823,0.491918960598879
0.084,0.464794093241226,0.464073300781756,0.495496999371079,0.358457474103323,0.407432039720941,0.386402573498025,0.408456698125002,0.417954128599082,0.389512262163468,0.498041253664371
0.086,0.470255927924593,0.46905086958112,0.501858355182551,0.365939636094466,0.413329883395873,0.393455533548152,0.413887967797686,0.42451198364587,0.395123576519655,0.504033163170221
0.088,0.475589169237074,0.473870968455693,0.508097801892765,0.373110895858343,0.419045580334884,0.400256177219028,0.419129684654155,0.430847202901939,0.400527891293638,0.509853623953562
0.09,0.480806872689033,0.478598754525942,0.514221007438271,0.379957468863284,0.42457455009969,0.406771196393359,0.424172249094064,0.436972794214573,0.405739334694042,0.515548764545371
0.092,0.485860140020577,0.483151117334088,0.520201129849597,0.386542133293203,0.42993852377909,0.413066765996457,0.429052590447955,0.442901716437607,0.41077075606097,0.521132209200337
0.094,0.490792193805581,0.487589681940547,0.526064622315061,0.392886005024243,0.435150276076612,0.419131327364338,0.433791954934511,0.448635619986077,0.415639562434092,0.526598283849878
0.096,0.495638452004616,0.491926059570972,0.531827287289554,0.398980271431407,0.440225737448204,0.424985032569087,0.438390497984976,0.454194747189415,0.420361014322955,0.531900841858631
0.098,0.500317742152169,0.496099360638321,0.537499834932757,0.404853345300994,0.44517937485728,0.430635758516349,0.442790180388991,0.459581340181379,0.42488361658924,0.537113961881672
0.1,0.50490714054562,0.500217355667444,0.543017151037206,0.410505523467779,0.449948861807982,0.436092795387673,0.447092935323285,0.464807443430734,0.429274300714568,0.542216666746263
0.102,0.509396819415557,0.504145197468219,0.548450691471476,0.415954513680036,0.454610731698522,0.441373733077352,0.451254755825001,0.469832059519468,0.433557186449632,0.54716852854175
0.104,0.513744187041992,0.508043914567235,0.553811455414169,0.421211145717159,0.459186616232588,0.44647241315133,0.455263887257285,0.474711661736343,0.437671136907918,0.552055828601523
0.106,0.518043060752298,0.511753550312008,0.559015384992971,0.426289501329749,0.46357824026544,0.451368918260253,0.459205030437879,0.479472738824222,0.44166654502168,0.55678808451381
0.108,0.522166261212687,0.515432189443519,0.564153962571825,0.431207695174591,0.46790101938447,0.456117621775196,0.462950783254485,0.484049397370989,0.445575988524888,0.561436695592147
0.11,0.526273400676694,0.518947120477535,0.569198735005646,0.435981224361369,0.472103781023451,0.46073270621361,0.46666978591743,0.488479411076375,0.449306847796526,0.565982117944163
0.112,0.530189776668566,0.522406490678652,0.574124866411711,0.440540189417426,0.476193018051645,0.465168174562315,0.47017966717097,0.492830742398936,0.453005960513674,0.570404118553043
0.114,0.534105040643958,0.525754222956585,0.579004329712776,0.444975356693689,0.480207567063829,0.469449510401648,0.473676412304234,0.496957575203264,0.456507983042228,0.574762270761614
0.116,0.537833980837013,0.528995465161095,0.583730366192573,0.44930816058246,0.484087622680421,0.473640578818798,0.476986275033943,0.501013959827046,0.459997611074299,0.578969283866572
0.118,0.541557691941294,0.532200395967847,0.588415012025891,0.453428775923997,0.487914545022765,0.477616566086109,0.480261005008551,0.50491213787661,0.463298005316541,0.583140464381316
0.12,0.54511734231638,0.535226155006933,0.59298111017558,0.45746773678066,0.491607474973475,0.481517175164613,0.483403178383519,0.508705267355229,0.466598399558783,0.587145214098789
0.122,0.5486507637134,0.538251914046019,0.597477332446783,0.461366213474885,0.495248284678027,0.485258853237834,0.486458071221739,0.512372049940606,0.469711173340197,0.591130209671782
0.124,0.552059695869682,0.541126384152884,0.601884031900393,0.465132811900549,0.498779189303534,0.488886455455071,0.489468095726523,0.515913391329146,0.472812296788167,0.594944586327843
0.126,0.555404694547364,0.543940305516181,0.606202538356959,0.468808272111873,0.502235608564728,0.492392586521049,0.49230628276011,0.519349246007237,0.475778467892269,0.598744916153359
0.128,0.558679501046453,0.546721019874123,0.610449964361897,0.472335582732671,0.505626818776544,0.495781061203666,0.495144469793698,0.522672390993557,0.4786842493563,0.602381236613373
0.13,0.561838813551271,0.549328090633356,0.614597769024811,0.475787118666305,0.508901548237352,0.499050550396849,0.497840774117018,0.525877256348448,0.481533457826242,0.605998869713779
0.132,0.564995273651733,0.551935161392589,0.618687026840412,0.479102753268745,0.51217593404331,0.502221661515831,0.500467333867546,0.52899572334403,0.484248587528228,0.60946846035368
0.134,0.567972180829509,0.554439327417126,0.62267403208241,0.482331395671829,0.515272072331107,0.50525617030319,0.503093893618074,0.531973128904539,0.486963717230215,0.612905992328325
0.136,0.570949088007284,0.556845385837235,0.626605946698547,0.485471224690892,0.518368210618903,0.508243990084819,0.505516443852071,0.534916494992027,0.489535465659853,0.616220151920613
0.138,0.573822426057716,0.559251444257344,0.630439332509573,0.488478648052437,0.5213707462364,0.511046065119118,0.507937777489024,0.537670244019742,0.492065977336898,0.619480577099739
0.14,0.576620839077081,0.56150736729653,0.63421546000289,0.491471447837058,0.524292232481604,0.513848140153416,0.51032111003294,0.540423993047456,0.494573379648055,0.622649536347065
0.142,0.579406356809859,0.563719298367044,0.637904351720862,0.494261619193146,0.527213718726809,0.516445240892889,0.51254478479111,0.542984862929947,0.496926200505018,0.625736329984126
0.144,0.582030690539231,0.565931229437559,0.641526086111976,0.497051790549233,0.529971134172197,0.519020202344182,0.514768459549281,0.545521075084951,0.49927902136198,0.628770145802671
0.146,0.584655024268603,0.56796458726052,0.64507758756239,0.499716654910119,0.532722296111888,0.52148705602334,0.516941749369491,0.547947100043337,0.501567893269274,0.631687038867616
0.148,0.587194161935437,0.56998959407031,0.648546867395902,0.50229529821776,0.535425521136072,0.523840946496673,0.518976391354722,0.550270872564286,0.503751058498717,0.634594946545527
0.15,0.58964929355511,0.572006026194072,0.651969336678217,0.504870420967709,0.538011333869331,0.526193811183552,0.521011033339953,0.552575293923592,0.505934223728161,0.637345860865996
0.152,0.592104425174783,0.573850855018394,0.655288048867357,0.507246192782429,0.54059714660259,0.528334850208276,0.523003788007417,0.554693439905182,0.508032272550335,0.640096775186464
0.154,0.594416853664856,0.575695683842716,0.658588385963707,0.509621964597149,0.543099017641726,0.530475889233001,0.524859306036652,0.556811585886772,0.510053880670111,0.642726340221875
0.156,0.596707864740998,0.577534946736149,0.66175875666019,0.511928236407475,0.545525014040671,0.532528436735018,0.526714824065887,0.55881443475094,0.512075488789887,0.645315352593199
0.158,0.598971516232183,0.579207371667592,0.664929127356673,0.514108608571778,0.547951010439616,0.534465621411977,0.528550678162452,0.560734603590694,0.514008443806305,0.647841337398815
0.16,0.601103712388575,0.580879796599036,0.667969008573316,0.516288980736082,0.550272270510515,0.536402806088935,0.530237301316124,0.562649287928865,0.515876573958978,0.650272964402616
0.162,0.603235908544968,0.582552221530479,0.670993286308606,0.51836348217514,0.552544092986743,0.538184007300219,0.531923924469796,0.56438171411739,0.517744704111652,0.652703092994086
0.164,0.605304785572944,0.584070300437142,0.673928182049562,0.520355473566146,0.554815915462972,0.539927890605421,0.533610547623467,0.566114140305915,0.519535350754636,0.654981876826384
0.166,0.607283555082078,0.585579786440872,0.676809303252706,0.522347464957151,0.556976843643198,0.541648635300857,0.535153683220888,0.567767300324751,0.521258121811815,0.657260660658681
0.168,0.609262324591211,0.587089272444602,0.679644878867459,0.524223753295695,0.559100014902433,0.543209913557138,0.536681210167844,0.569322536990661,0.522980892868993,0.659454878288884
0.17,0.611154220419232,0.588474685130765,0.68238599056134,0.526036998069733,0.561223186161667,0.544771191813418,0.538208737114799,0.570877773656572,0.524648655458526,0.661585321690248
0.172,0.612985037435415,0.589830572686553,0.685127102255222,0.527850242843772,0.563242070041365,0.546264920530259,0.539647570900043,0.57229390313947,0.526234085149913,0.66370435797434
0.174,0.614815854451598,0.591186460242342,0.687731885601295,0.529548798862903,0.565222128696691,0.547654521713748,0.541025976835001,0.573682351525764,0.527819514841301,0.665691123140078
0.176,0.616547746608393,0.592456420748117,0.690335785159625,0.531193043282559,0.567202187352017,0.549044122897236,0.542404382769958,0.575040079704302,0.529382709325247,0.667677888305817
0.178,0.618236075987955,0.593667210055347,0.692856878083955,0.532837287702216,0.569096355913642,0.550334341788961,0.543755305940595,0.576271765064106,0.530838599899851,0.669589782772215
0.18,0.619924405367516,0.594877999362576,0.695325846569219,0.534388829214536,0.570938846646778,0.55156317389992,0.544994361244137,0.577503450423911,0.532294490474455,0.671437529084492
0.182,0.621512722930535,0.596049289964643,0.69777096507466,0.535873574545651,0.572781337379913,0.552792006010879,0.54623341654768,0.57865961934264,0.533750381049059,0.67328527539677
0.184,0.623063890107063,0.597122772909544,0.700107295159497,0.537358319876766,0.574566551286903,0.55390221119369,0.547472471851222,0.579744398616233,0.535101594756739,0.675007072954637
0.186,0.62461505728359,0.598196255854446,0.702443625244334,0.538779681696613,0.576276946758407,0.554980812655959,0.548619131434304,0.580829177889824,0.53643565494784,0.676720375971578
0.188,0.626076692711639,0.599269738799347,0.704690473129518,0.540115885302736,0.577987342229911,0.556059414118229,0.549727952593557,0.581802506682774,0.53776971513894,0.678398069086702
0.19,0.627496025961458,0.600231291523699,0.706896439422552,0.541452088908858,0.579678223957378,0.557010059761262,0.55083677375281,0.582749690668076,0.539052235379052,0.679981472389101
0.192,0.628915359211276,0.60117523722335,0.709085575645978,0.54275935079624,0.581261882828651,0.557948764256537,0.551933472113998,0.583691194985759,0.540271762074469,0.681564875691499
0.194,0.630265484812781,0.602119182923,0.711163613236045,0.543957006528715,0.582845541699923,0.558887468751813,0.552920566654267,0.584509162737827,0.541491288769888,0.683080790259428
0.196,0.631558436826485,0.603022964702829,0.713241650826112,0.54515466226119,0.584429200571195,0.559698787714664,0.553907661194536,0.585327130489895,0.542710815465306,0.684538679143452
0.198,0.632851388840189,0.603845653097972,0.715255845454445,0.546352317993665,0.585918770840394,0.560507448074374,0.554894755734805,0.586118972684424,0.543828239576858,0.685996568027476
0.2,0.634105312844741,0.604668341493115,0.717208436881291,0.547434879731957,0.587380865439481,0.561316108434084,0.555839966124566,0.586816518346668,0.544940332192209,0.687367187979188
0.202,0.635277101991344,0.605491029888259,0.719161028308138,0.548503609708685,0.588842960038569,0.562006077614941,0.55671389353461,0.587514064008912,0.546052424807561,0.688704035422093
0.204,0.636448891137947,0.606234783241312,0.721013004609483,0.549572339685413,0.590270591922552,0.562694333354763,0.557587820944653,0.588172654079815,0.547129528367635,0.690040882864997
0.206,0.63762068028455,0.606944107670971,0.722842669954548,0.550578063248447,0.591616248686251,0.563382589094585,0.558461748354697,0.58875776381677,0.54814083717066,0.691282126524153
0.208,0.638677623256068,0.60765343210063,0.724666919758539,0.551527215768013,0.59296190544995,0.56396816291985,0.559281503138942,0.589342873553726,0.549152145973685,0.692502442148741
0.21,0.639733348225325,0.608362756530289,0.72637581802066,0.552476368287579,0.594307562213649,0.56454518653357,0.560050476464202,0.58988903303974,0.55016345477671,0.693722757773329
0.212,0.640789073194582,0.608975540170148,0.728084716282781,0.55342153840732,0.595575117335972,0.56512221014729,0.560819449789463,0.590368720956931,0.551114569551469,0.694850771947856
0.214,0.641785276929989,0.609578572691291,0.729772705636399,0.554259424788568,0.596809205657298,0.565618987021,0.561588423114724,0.590848408874121,0.552031153695224,0.695958969968176
0.216,0.642730051129664,0.610181605212434,0.731363113251561,0.555097311169815,0.598043293978623,0.566093657730321,0.562306829317563,0.591299974431498,0.552947737838979,0.697067167988496
0.218,0.643674825329339,0.610784637733577,0.732953520866723,0.555935197551062,0.599277382299948,0.566568328439641,0.562978506115042,0.591681762438563,0.553864321982734,0.69809778055239
0.22,0.644619599529014,0.611294021279807,0.734520073382018,0.556725614437183,0.60040624187643,0.56699056372354,0.563650182912522,0.592063550445628,0.554711257594412,0.699098306367757
0.222,0.645463570964489,0.611797886658561,0.735994830381994,0.557460580195588,0.601533605147641,0.567371406078391,0.564321859710002,0.592435652550094,0.555538608733036,0.700098832183125
0.224,0.646302543836564,0.612301752037315,0.73746958738197,0.558195545953993,0.602660968418852,0.567752248433242,0.564961968107045,0.592727254869868,0.55636595987166,0.701047896556359
0.226,0.647141516708639,0.61280561741607,0.738927308846835,0.558930511712398,0.60377489090038,0.568112707433934,0.565543558264612,0.593018857189643,0.557193311010284,0.701945212759924
0.228,0.647957940920836,0.61323750398351,0.740289509646902,0.559593387796534,0.604800099688643,0.568407905340609,0.566125148422179,0.593310459509418,0.557956695959128,0.702842528963489
0.23,0.648696244490321,0.613649877422124,0.741651710446969,0.560232948002837,0.605825308476907,0.568703103247283,0.566706738579746,0.593535113248383,0.558700278204474,0.703725262728524
0.232,0.649434548059805,0.614062250860737,0.743013911247037,0.56087250820914,0.60685051726517,0.568998301153958,0.567288328737314,0.593744389831478,0.55944386044982,0.704523864102969
0.234,0.65017285162929,0.614474624299351,0.744267717628729,0.561512068415443,0.607863603022898,0.569231114979677,0.567788087328758,0.593953666414572,0.560187442695166,0.705322465477414
0.236,0.650879755910681,0.614849177878929,0.745520294520819,0.562071934188202,0.608791097380585,0.569448488142921,0.568286479896434,0.594131377801704,0.560884543535083,0.706121066851858
0.238,0.651522465695599,0.61517792342142,0.746772871412908,0.562623410100704,0.609718591738272,0.569665861306164,0.56878487246411,0.594266384073197,0.561549695052368,0.706858568406632
0.24,0.652165175480518,0.615506668963911,0.747950119257342,0.563174886013207,0.610646086095959,0.569866567025182,0.569283265031786,0.594401390344691,0.562214846569653,0.707562991237656
0.242,0.652807885265437,0.615835414506402,0.749096066071239,0.563726361925709,0.611573580453646,0.570013704774915,0.569751913275073,0.594536396616185,0.562879998086938,0.708267414068681
0.244,0.65342839808962,0.616164160048893,0.750242012885136,0.564204015492544,0.612413551474707,0.570160842524648,0.570173792768225,0.594609417592132,0.563528193941494,0.708971836899706
0.246,0.653980673583311,0.616422912303662,0.751356642652793,0.564674454764564,0.613247672488293,0.570307980274382,0.570595672261377,0.594677555704509,0.56411971463114,0.709587801479238
0.248,0.654532949077001,0.616675150726424,0.75239897057358,0.565144894036583,0.614081793501879,0.570422354659219,0.571017551754529,0.594745693816885,0.564711235320785,0.710202655996407
0.25,0.655085224570691,0.616927389149186,0.753441298494368,0.565615333308602,0.614915914515465,0.57050661721191,0.571439431247681,0.594797404729315,0.565302756010431,0.710817510513576
0.252,0.655637500064381,0.617179627571948,0.754483626415156,0.566032502620924,0.615700707041291,0.570590879764602,0.571824186255569,0.594805632678753,0.565894276700077,0.711420100442938
0.254,0.656108885848828,0.617427613644175,0.755451514255893,0.566428436372059,0.616445792679331,0.570675142317293,0.572176059086705,0.59481386062819,0.566441842838685,0.711950010872077
0.256,0.656575919818388,0.61760991641793,0.756392902003943,0.566824370123194,0.617190878317371,0.57072388398943,0.572527931917841,0.594822088577628,0.56696441827387,0.712479921301216
0.258,0.657042953787949,0.617792219191685,0.757334289751993,0.567220303874329,0.617935963955412,0.570752468472524,0.572879804748977,0.594807487319084,0.567486993709055,0.713009831730354
0.26,0.65750998775751,0.61797452196544,0.758275470118286,0.567594240067265,0.618681049593452,0.570781052955618,0.573231677580113,0.594762553077198,0.56800956914424,0.713532749032135
0.262,0.657944109961965,0.618156824739195,0.759118875544353,0.567922276782911,0.619345510152876,0.570809637438711,0.573559440382355,0.594717618835312,0.568532144579425,0.71398237331755
0.264,0.658331196045278,0.61833912751295,0.759962280970419,0.568250313498558,0.620005820296221,0.570811003156279,0.573847769231894,0.594672684593426,0.569003372761019,0.714431997602966
0.266,0.658718282128591,0.618468437457495,0.760805686396485,0.568578350214204,0.620666130439566,0.570790912813691,0.574136098081434,0.594610703381715,0.569461600925534,0.714881621888381
0.268,0.659105368211904,0.618587912471088,0.761642713173062,0.56890638692985,0.621326440582911,0.570770822471103,0.574424426930974,0.594519535095063,0.569919829090049,0.715331246173797
0.27,0.659492454295217,0.618707387484681,0.762391277255099,0.569192046853344,0.621979800931579,0.570750732128515,0.574712755780513,0.59442836680841,0.570378057254565,0.715721048724459
0.272,0.659835480516801,0.618826862498274,0.763139841337136,0.569458233414403,0.622559548832814,0.570720064641418,0.575001084630053,0.594337198521758,0.57083628541908,0.716095200699868
0.274,0.660148001783668,0.618946337511867,0.763888405419173,0.569724419975463,0.623139296734049,0.570658157192118,0.575238651807,0.594243676278229,0.57125381483648,0.716469352675278
0.276,0.660460523050534,0.619052325480115,0.764636969501211,0.569990606536523,0.623719044635283,0.570596249742819,0.575469641800859,0.594113236350689,0.571652055566895,0.716843504650687
0.278,0.660773044317401,0.619116336050497,0.765300583489747,0.570256793097583,0.624298792536518,0.570534342293519,0.575700631794718,0.593982796423149,0.57205029629731,0.717201946444566
0.28,0.661085565584267,0.619180346620878,0.765957642165034,0.570480726870171,0.624878540437753,0.57047243484422,0.575931621788577,0.593852356495609,0.572448537027726,0.717505546419181
0.282,0.661367003510162,0.61924435719126,0.76661470084032,0.570691020310866,0.625387238558904,0.57038642858134,0.576162611782436,0.593721916568069,0.572846777758141,0.717809146393796
0.284,0.661610552017767,0.619308367761642,0.767271759515606,0.570901313751561,0.625890751757416,0.570289456019416,0.576393601776295,0.593575412847462,0.573233554611481,0.718112746368411
0.286,0.661854100525372,0.619372378332024,0.767881146555452,0.571111607192255,0.626394264955929,0.570192483457492,0.576573817928244,0.593412689035085,0.573575990200589,0.718416346343026
0.288,0.662097649032977,0.619427911295196,0.768449999294211,0.57132190063295,0.626897778154441,0.570095510895567,0.576753489257406,0.593249965222707,0.573918425789698,0.718697842668304
0.29,0.662341197540582,0.619443973380861,0.76901885203297,0.571508527345835,0.627401291352953,0.569998538333643,0.576933160586569,0.59308724141033,0.574260861378807,0.718935981315718
0.292,0.662584746048187,0.619460035466526,0.769587704771729,0.571668804664115,0.627872980722402,0.569878452855974,0.577112831915731,0.592924517597953,0.574603296967916,0.719174119963132
0.294,0.662769269418189,0.619476097552191,0.770156557510489,0.571829081982395,0.628304570708083,0.569753031576898,0.577292503244894,0.592746575867396,0.574945732557025,0.719412258610545
0.296,0.662949568317068,0.619492159637857,0.770652362879905,0.571989359300674,0.628736160693763,0.569627610297822,0.577472174574057,0.592558492141393,0.575270437169866,0.719650397257959
0.298,0.663129867215946,0.619508221723522,0.771136528636181,0.572149636618954,0.629167750679444,0.569502189018746,0.577625228352572,0.59237040841539,0.575561266867803,0.719883294254229
0.3,0.663310166114825,0.619524283809187,0.771620694392457,0.572309913937233,0.629599340665124,0.569376767739671,0.577759439524208,0.592182324689387,0.575852096565739,0.720061227918604
0.302,0.663490465013704,0.61951849825133,0.772104860148733,0.572434169721863,0.630030930650804,0.569238727460156,0.577893650695844,0.591994240963384,0.576142926263676,0.720239161582979
0.304,0.663670763912583,0.619494239175554,0.772589025905009,0.572550315966755,0.630424930044229,0.569091402966921,0.57802786186748,0.59180000222432,0.576433755961612,0.720417095247354
0.306,0.663795479902967,0.619469980099778,0.773003167866315,0.572666462211647,0.630788964342998,0.568944078473687,0.578162073039115,0.591593449680003,0.576724585659549,0.720595028911729
0.308,0.663918495576069,0.619445721024001,0.77340642990089,0.572782608456539,0.631152998641768,0.568796753980452,0.578296284210751,0.591386897135685,0.577014606472106,0.720772962576104
0.31,0.66404151124917,0.619421461948225,0.773809691935465,0.572898754701432,0.631517032940537,0.568649429487217,0.578430495382387,0.591180344591367,0.577257925302458,0.720928822135906
0.312,0.664164526922272,0.619397202872449,0.77421295397004,0.573014900946324,0.631881067239306,0.568502104993982,0.578541436319774,0.590973792047049,0.57750124413281,0.721052013156193
0.314,0.664287542595374,0.619372943796673,0.774616216004615,0.573104659699584,0.632245101538076,0.568340742057903,0.578636079590823,0.590767239502731,0.577744562963162,0.721175204176479
0.316,0.664410558268476,0.619340736167979,0.77498273365736,0.573182242147217,0.632596321970254,0.568177964755309,0.578730722861873,0.590553484673115,0.577987881793514,0.721298395196766
0.318,0.664509257607505,0.619284125558051,0.775308980402529,0.57325982459485,0.632897318829999,0.568015187452715,0.578825366132922,0.590335357642599,0.578231200623866,0.721421586217052
0.32,0.664581243213524,0.619227514948124,0.775635227147697,0.573337407042483,0.633198315689744,0.567852410150121,0.578920009403971,0.590117230612084,0.578474519454218,0.721544777237339
0.322,0.664653228819543,0.619170904338197,0.775961473892865,0.573414989490116,0.633499312549489,0.567689632847527,0.57901465267502,0.589899103581568,0.578712238813147,0.721657707348328
0.324,0.664725214425561,0.61911429372827,0.776287720638034,0.573492571937748,0.633800309409233,0.567526855544933,0.57910929594607,0.589680976551053,0.578912156834668,0.72173186948126
0.326,0.66479720003158,0.619057683118342,0.776613967383202,0.573570154385382,0.634101306268978,0.567357493147094,0.579203939217119,0.589462849520537,0.57911207485619,0.721806031614191
0.328,0.664869185637598,0.619001072508415,0.776894247889656,0.573616345436533,0.634402303128723,0.567185614237879,0.579269250443957,0.589243298493097,0.579311992877712,0.721880193747123
0.33,0.664941171243617,0.618944461898488,0.777147891191798,0.573660933054645,0.634685685735192,0.567013735328664,0.5793301673263,0.589020496581441,0.579511910899233,0.721954355880055
0.332,0.664997775707149,0.618885291476638,0.777401534493941,0.573705520672757,0.634928340265123,0.56684185641945,0.579391084208642,0.588797694669784,0.579711828920755,0.722028518012986
0.334,0.665025320722565,0.618804392699896,0.777655177796083,0.573750108290869,0.635170994795054,0.566669977510235,0.579452001090985,0.588574892758128,0.579911746942277,0.722102680145918
0.336,0.665052865737982,0.618723493923154,0.777908821098225,0.57379469590898,0.635413649324984,0.56649809860102,0.579512917973327,0.588352090846471,0.580111664963798,0.722159658674619
0.338,0.665080410753398,0.618642595146412,0.778162464400368,0.573839283527092,0.635656303854915,0.566326219691805,0.57957383485567,0.588129288934815,0.580288375777471,0.722190763226825
0.34,0.665107955768814,0.61856169636967,0.778398336596025,0.573883871145204,0.635898958384846,0.566151788235244,0.579634751738013,0.587906487023158,0.580449057772306,0.722221867779031
0.342,0.66513550078423,0.618480797592929,0.778584373709249,0.573914774147782,0.636141612914776,0.565977061341922,0.579695668620355,0.587684381008242,0.580609739767141,0.722252972331237
0.344,0.665163045799647,0.618399898816187,0.778770410822474,0.573932053618218,0.636384267444707,0.5658023344486,0.57974972518257,0.587463839346249,0.580770421761977,0.722284076883443
0.346,0.665190590815063,0.618319000039445,0.778956447935698,0.573949333088654,0.636587600865818,0.565627607555278,0.579782662826118,0.587243297684255,0.580931103756812,0.722315181435649
0.348,0.665201989897788,0.618238101262703,0.779142485048922,0.573966612559089,0.636776787203678,0.565452880661956,0.579815600469666,0.587022756022261,0.581091785751647,0.722346285987855
0.35,0.66519205328108,0.618157202485961,0.779328522162146,0.573983892029525,0.636965973541538,0.565278153768634,0.579848538113214,0.586802214360267,0.581252467746483,0.722377390540061
0.352,0.665182116664372,0.618061359978389,0.77951455927537,0.574001171499961,0.637155159879398,0.565103426875312,0.579881475756762,0.586581672698273,0.581413149741318,0.722378101495866
0.354,0.665172180047664,0.617964450866484,0.779682718335537,0.574018450970396,0.637344346217258,0.564929548812112,0.579914413400309,0.586361131036279,0.581564754286762,0.722372452535879
0.356,0.665162243430956,0.61786754175458,0.779806602310792,0.574035730440832,0.637533532555119,0.56475811554706,0.579947351043857,0.586140589374285,0.581690328775086,0.722366803575892
0.358,0.665152306814248,0.617770632642675,0.779930486286047,0.574048337025371,0.637722718892979,0.564586682282009,0.579980288687405,0.585924606259937,0.58181590326341,0.722361154615905
0.36,0.66514237019754,0.617673723530771,0.780054370261302,0.574043984456428,0.637911905230839,0.564415249016957,0.580013226330953,0.585713088889838,0.581941477751734,0.722355505655918
0.362,0.665132433580833,0.617576814418866,0.780178254236557,0.574039631887486,0.638084247402285,0.564243815751906,0.580046163974501,0.585501571519738,0.582067052240058,0.722349856695931
0.364,0.665122496964125,0.617479905306961,0.780302138211811,0.574035279318544,0.638225112299257,0.564072382486854,0.580069066988685,0.585290054149638,0.582192626728382,0.722344207735945
0.366,0.665096571061937,0.617382996195057,0.780426022187066,0.574030926749601,0.638365977196229,0.563900949221803,0.580079812651474,0.585078536779539,0.582318201216706,0.722338558775958
0.368,0.665056561679701,0.617286087083152,0.780549906162321,0.574026574180659,0.638506842093202,0.563729515956751,0.580090558314263,0.584867019409439,0.58244377570503,0.72232369030336
0.37,0.665016552297465,0.617189177971248,0.780642715246919,0.574022221611717,0.638647706990174,0.5635580826917,0.580101303977053,0.584655502039339,0.582569350193355,0.722287987914497
0.372,0.664976542915228,0.617089464095828,0.780710197291595,0.574017869042775,0.638788571887147,0.563392105527572,0.580112049639842,0.58444398466924,0.582694924681679,0.722252285525633
0.374,0.664936533532992,0.616984998286024,0.780777679336271,0.574013516473832,0.638929436784119,0.563229942984072,0.580122795302631,0.58423246729914,0.582791919945071,0.72221658313677
0.376,0.664896524150756,0.616880532476221,0.780845161380947,0.57400916390489,0.639070301681092,0.563067780440573,0.58013354096542,0.584031063694928,0.582886559066199,0.722180880747906
0.378,0.66485651476852,0.616776066666418,0.780912643425623,0.573990970382139,0.639211166578064,0.562905617897073,0.580144286628209,0.583835117101258,0.582981198187326,0.722145178359043
0.38,0.664816505386284,0.616671600856614,0.780980125470299,0.573970547951403,0.639352031475037,0.562743455353573,0.580155032290998,0.583639170507588,0.583075837308454,0.72210947597018
0.382,0.664776496004048,0.616567135046811,0.781047607514975,0.573950125520668,0.639452481687877,0.562581292810073,0.580165777953787,0.583443223913917,0.583170476429582,0.722073773581316
0.384,0.664736486621811,0.616462669237007,0.781115089559651,0.573929703089932,0.639550544504162,0.562419130266573,0.580176523616576,0.583247277320247,0.583265115550709,0.722038071192453
0.386,0.664688194065489,0.616358203427204,0.781182571604327,0.573909280659197,0.639648607320446,0.562256967723073,0.580184952428263,0.583051330726577,0.583359754671837,0.72200236880359
0.388,0.664626022326329,0.616253737617401,0.78120936435249,0.573888858228461,0.63974667013673,0.562094805179573,0.580179287199028,0.582855384132906,0.583454393792964,0.721953592586571
0.39,0.664563850587169,0.616149271807597,0.781226856407496,0.573868435797726,0.639844732953014,0.561932642636073,0.580173621969792,0.582659437539236,0.583549032914092,0.721895001931668
0.392,0.664501678848009,0.616044805997794,0.781244348462502,0.57384801336699,0.639942795769298,0.561778934651947,0.580167956740557,0.582463490945566,0.583643672035219,0.721836411276764
0.394,0.66443950710885,0.61594034018799,0.781261840517508,0.573827590936254,0.640040858585582,0.561631761584989,0.580162291511322,0.582267544351896,0.583729329504216,0.721777820621861
0.396,0.66437733536969,0.615835874378187,0.781279332572514,0.573807168505519,0.640138921401867,0.561484588518031,0.580156626282087,0.582079557372336,0.58379730799903,0.721719229966957
0.398,0.66431516363053,0.615732324075109,0.78129682462752,0.573785849709443,0.640236984218151,0.561337415451073,0.580150961052851,0.581905515956806,0.583865286493844,0.721660639312054
0.4,0.66425299189137,0.615628843114656,0.781314316682526,0.573754825959861,0.640335047034435,0.561190242384115,0.580145295823616,0.581731474541275,0.583933264988658,0.72160204865715
0.402,0.664190820152211,0.615525362154204,0.781331808737532,0.57372380221028,0.640423972344578,0.561043069317157,0.580139630594381,0.581557433125745,0.584001243483472,0.721543458002247
0.404,0.664128648413051,0.615421881193751,0.781349300792538,0.573692778460699,0.640485171269333,0.5608958962502,0.580133965365146,0.581383391710215,0.584069221978286,0.721484867347344
0.406,0.664066476673891,0.615318400233298,0.781366792847545,0.573661754711117,0.640546370194089,0.560748723183242,0.58012830013591,0.581209350294684,0.5841372004731,0.72142627669244
0.408,0.664004304934731,0.615214919272846,0.781350175820931,0.573630730961536,0.640607569118844,0.560601550116284,0.580122634906675,0.581035308879154,0.584205178967914,0.721367686037537
0.41,0.663934604198866,0.615111438312393,0.781325123053181,0.573599707211955,0.6406687680436,0.560454377049326,0.58011696967744,0.580861267463624,0.584273157462728,0.721305740666202
0.412,0.663858724065688,0.61500795735194,0.78130007028543,0.573568683462373,0.640729966968355,0.560307203982368,0.580111304448205,0.580687226048093,0.584341135957542,0.721231973485368
0.414,0.66378284393251,0.614904476391487,0.781275017517679,0.573537659712792,0.64079116589311,0.56016003091541,0.580096566678873,0.580513184632563,0.584409114452356,0.721158206304533
0.416,0.663706963799332,0.614800995431035,0.781249964749928,0.573506635963211,0.640852364817865,0.560026629769443,0.580080212583337,0.580339143217033,0.58447709294717,0.721084439123698
0.418,0.663631083666154,0.614697514470582,0.781224911982177,0.573475612213629,0.640913563742621,0.559899758412376,0.5800638584878,0.580165101801502,0.584541764459611,0.721010671942864
0.42,0.663555203532975,0.614594033510129,0.781199859214426,0.573444588464048,0.640974762667376,0.559772887055308,0.580047504392264,0.579991820375639,0.584587346548839,0.720936904762029
0.422,0.663479323399798,0.614490552549677,0.781174806446675,0.573413564714467,0.641035961592131,0.559646015698241,0.580031150296728,0.579845703590124,0.584632928638067,0.720863137581194
0.424,0.663403443266619,0.614387071589224,0.781149753678924,0.573380219523476,0.641097160516887,0.559519144341174,0.580014796201191,0.57969958680461,0.584678510727295,0.720789370400359
0.426,0.663327563133441,0.614283590628771,0.781124700911173,0.573343911993875,0.641158359441642,0.559392272984107,0.579998442105655,0.579553470019095,0.584724092816522,0.720715603219525
0.428,0.663251683000263,0.61418838662937,0.781099648143422,0.573307604464274,0.641193426934827,0.55926540162704,0.579982088010119,0.579407353233581,0.58476967490575,0.72064183603869
0.43,0.663175802867085,0.614094430229305,0.781070159380263,0.573271296934673,0.641224186679517,0.559138530269972,0.579965733914583,0.579261236448066,0.584815256994978,0.720568068857855
0.432,0.663099922733907,0.614000473829241,0.781011317705774,0.573234989405072,0.641254946424206,0.559011658912905,0.579949379819046,0.579115119662552,0.584860839084206,0.72049430167702
0.434,0.663024042600729,0.613906517429176,0.780952476031284,0.573198681875471,0.641285706168896,0.558884787555838,0.57993302572351,0.578969002877037,0.584906421173434,0.720420534496186
0.436,0.662948162467551,0.613812561029111,0.780893634356795,0.57316237434587,0.641316465913585,0.558757916198771,0.579916671627974,0.578822886091523,0.584952003262662,0.720346767315351
0.438,0.662870288240158,0.613718604629047,0.780834792682306,0.573126066816269,0.641347225658275,0.558631044841703,0.579900317532438,0.578676769306008,0.58499758535189,0.720268410776965
0.44,0.662789704005073,0.613624648228982,0.780775951007816,0.573089759286667,0.641377985402964,0.558504173484636,0.579883963436901,0.578530652520494,0.585043167441117,0.720187794896218
0.442,0.662709119769988,0.613530691828917,0.780717109333327,0.573053451757066,0.641408745147654,0.558377302127569,0.579867609341365,0.578384535734979,0.585088749530345,0.720107179015471
0.444,0.662628535534903,0.613436735428853,0.780658267658837,0.573017144227465,0.641439504892344,0.558253448473668,0.579851255245829,0.578238418949465,0.585134331619573,0.720026563134723
0.446,0.662547951299817,0.613342779028788,0.780599425984348,0.572980836697864,0.641470264637033,0.558151487258413,0.579831158023624,0.57809230216395,0.585179913708801,0.719945947253976
0.448,0.662467367064732,0.613248822628723,0.780540584309859,0.572944529168263,0.641501024381723,0.558049526043158,0.579809646213424,0.577946185378436,0.585212136341887,0.719865331373229
0.45,0.662386782829647,0.613154866228659,0.780481742635369,0.572908221638662,0.641531784126412,0.557947564827903,0.579788134403225,0.577800068592921,0.585239669361707,0.719784715492481
0.452,0.662306198594561,0.613060909828594,0.78042290096088,0.572871914109061,0.641562543871102,0.557845603612648,0.579766622593026,0.577673293601863,0.585267202381527,0.719704099611734
0.454,0.662225614359476,0.612966953428529,0.780364059286391,0.572835575544505,0.641593303615791,0.557743642397393,0.579745110782827,0.577560453755965,0.585294735401347,0.719623483730987
0.456,0.662145030124391,0.612872997028465,0.780305217611901,0.57279908187758,0.641620145950313,0.557641681182139,0.579723598972628,0.577447613910068,0.585322268421167,0.719542867850239
0.458,0.662064445889305,0.6127790406284,0.780242384469314,0.572762588210655,0.641627453946352,0.557539719966884,0.579702087162429,0.577334774064171,0.585349801440987,0.719462251969492
0.46,0.66198386165422,0.612685084228335,0.780160037971531,0.57272609454373,0.64163476194239,0.557437758751629,0.57968057535223,0.577221934218273,0.585377334460806,0.719381636088745
0.462,0.661903277419135,0.612591127828271,0.780077691473748,0.572689600876806,0.641642069938429,0.557335797536374,0.57965906354203,0.577109094372376,0.585404867480626,0.719301020207998
0.464,0.66182269318405,0.612497171428206,0.779995344975965,0.572653107209881,0.641649377934467,0.557233836321119,0.579637551731831,0.576996254526479,0.585432400500446,0.71922040432725
0.466,0.661742108948964,0.612416413379744,0.779912998478182,0.572616613542956,0.641656685930506,0.557131875105864,0.579616039921632,0.576883414680581,0.585459933520266,0.719139788446503
0.468,0.661661524713879,0.61233981384028,0.779830651980399,0.572580119876031,0.641663993926544,0.557029913890609,0.579594528111433,0.576770574834684,0.585487466540086,0.719059172565756
0.47,0.661580940478794,0.612263214300815,0.779748305482616,0.572543626209107,0.641671301922582,0.556927952675355,0.579573016301234,0.576657734988786,0.585514999559906,0.718978556685008
0.472,0.661500356243708,0.612186614761351,0.779665958984833,0.572507132542182,0.641678609918621,0.5568259914601,0.579551504491035,0.576544895142889,0.585542532579726,0.718899933767099
0.474,0.661424281163519,0.612110015221887,0.77958361248705,0.572470638875257,0.641685917914659,0.556724030244845,0.579529992680836,0.576432055296992,0.585570065599546,0.718821425710854
0.476,0.66134847048192,0.612033415682423,0.779501265989267,0.572434145208332,0.641693225910698,0.55662206902959,0.579508480870637,0.576319215451094,0.585597598619366,0.718742917654607
0.478,0.661272659800321,0.611956816142958,0.779418919491484,0.572397651541408,0.641700533906736,0.556520107814335,0.579486969060437,0.576206375605197,0.585625131639186,0.718664409598362
0.48,0.661196849118722,0.611880216603494,0.779336572993701,0.572361157874483,0.641707841902774,0.55641814659908,0.579465457250238,0.5760935357593,0.585652664659006,0.718585901542116
0.482,0.661121038437123,0.61180361706403,0.779254226495918,0.572324664207558,0.641715149898813,0.556329125232508,0.579443945440039,0.575980695913402,0.585677633702336,0.71850739348587
0.484,0.661045227755524,0.611727017524565,0.779171879998135,0.572288170540633,0.641722457894851,0.556255160702891,0.57942243362984,0.575867856067505,0.585691536432191,0.718428885429624
0.486,0.660969417073925,0.611650417985101,0.779089533500352,0.572251676873709,0.64172976589089,0.556181196173274,0.57940088639653,0.575755016221608,0.585705439162045,0.718350377373378
0.488,0.660893606392326,0.611573818445637,0.779007187002569,0.572215183206784,0.641737073886928,0.556107231643657,0.579379271701884,0.57564217637571,0.585719341891899,0.718271869317132
0.49,0.660817795710727,0.611497218906172,0.778924840504786,0.572178689539859,0.641744381882966,0.55603326711404,0.579357657007237,0.575529336529813,0.585733244621754,0.718193361260886
0.492,0.660741985029128,0.611420619366708,0.778842494007003,0.572142195872934,0.641748327107473,0.555959302584423,0.579336042312591,0.575421246658017,0.585747147351608,0.71811485320464
0.494,0.660666174347529,0.611344019827244,0.778750342973198,0.572109854549725,0.641739750289094,0.555885338054806,0.579314427617944,0.575342756303383,0.585761050081462,0.718036345148394
0.496,0.66059036366593,0.611267420287779,0.778656890618667,0.572077756235383,0.641731173470715,0.555811373525189,0.579292812923298,0.575264265948749,0.585774952811316,0.717957837092148
0.498,0.660514552984331,0.611190820748315,0.778563438264137,0.572045657921042,0.641722596652336,0.555737408995572,0.579271198228652,0.575185775594115,0.585788855541171,0.717879329035902
0.5,0.660438742302732,0.611114221208851,0.778469985909606,0.5720135596067,0.641714019833957,0.555663444465955,0.579249583534005,0.575107285239482,0.585802758271025,0.717800820979656
0.502,0.660362931621133,0.611037621669386,0.778376533555075,0.571981461292359,0.641705443015578,0.555589479936337,0.579227968839359,0.575028794884848,0.585816661000879,0.71772231292341
0.504,0.660287120939534,0.610961022129922,0.778283081200545,0.571949362978017,0.641696866197199,0.555515515406721,0.579206354144712,0.574950304530214,0.585830563730734,0.717643804867164
0.506,0.660211310257935,0.610884422590457,0.778189628846014,0.571917264663676,0.64168828937882,0.555441550877103,0.579184739450066,0.57487181417558,0.585844466460588,0.717565296810918
0.508,0.660135499576336,0.610807823050993,0.778096176491483,0.571885166349334,0.641679712560441,0.555367586347486,0.57916312475542,0.574793323820946,0.585858369190442,0.717486788754672
0.51,0.660059688894737,0.610731223511529,0.778002724136952,0.571853068034993,0.641671135742062,0.555293621817869,0.579141510060773,0.574714833466313,0.585872271920296,0.717408280698426
0.512,0.659983878213138,0.610654623972065,0.777909271782422,0.571820969720652,0.641662558923683,0.555219657288252,0.579119895366127,0.574636343111679,0.585886174650151,0.71732977264218
0.514,0.659908067531539,0.6105780244326,0.777815819427891,0.57178887140631,0.641653982105304,0.555145692758635,0.579098280671481,0.574557852757045,0.585900077380005,0.717253880308971
0.516,0.65983225684994,0.6105164997003,0.77772236707336,0.571756773091969,0.641645405286925,0.555071728229018,0.579076665976834,0.574479362402411,0.585913980109859,0.717185546022284
0.518,0.659758289683533,0.610459724706688,0.77762891471883,0.571724674777627,0.641636828468546,0.554997763699401,0.579055051282188,0.574400872047777,0.585927882839714,0.717117211735596
0.52,0.65969480463832,0.610402949713075,0.777535462364299,0.571692576463286,0.641628251650167,0.554923799169784,0.579033436587541,0.574322381693144,0.585941785569568,0.717048877448909
0.522,0.659631319593108,0.610346174719463,0.777442010009768,0.571660478148944,0.641619674831788,0.554849834640167,0.579011821892895,0.57424389133851,0.585955688299422,0.716980543162221
0.524,0.659567834547895,0.610289399725851,0.777348557655237,0.571628379834603,0.641611098013409,0.55477587011055,0.578990207198249,0.574165400983876,0.585969591029276,0.716912208875534
0.526,0.659504349502683,0.610232624732239,0.777255105300707,0.571596281520261,0.64160252119503,0.554701905580933,0.578968592503602,0.574086910629242,0.585982407029468,0.716843874588847
0.528,0.65944086445747,0.610175849738627,0.777161652946176,0.57156418320592,0.641593944376651,0.554627941051316,0.578946977808956,0.574008420274608,0.585987556243523,0.716775540302159
0.53,0.659377379412257,0.610119074745014,0.777068200591645,0.571532084891578,0.641585367558271,0.554553976521699,0.578925363114309,0.573929929919975,0.585992705457577,0.716707206015472
0.532,0.659313894367045,0.610062299751402,0.776974748237115,0.571499986577237,0.641576790739892,0.554491398562684,0.578903748419663,0.573851439565341,0.585997854671631,0.716638871728785
0.534,0.659250409321832,0.61000552475779,0.776881295882584,0.571467888262895,0.641568213921513,0.554442070042766,0.578882133725017,0.573772949210707,0.586003003885685,0.716570537442097
0.536,0.65918692427662,0.609948749764178,0.776787843528053,0.571435789948554,0.641559637103134,0.554392741522848,0.578861603305248,0.573694458856073,0.586008153099739,0.71650220315541
0.538,0.659123439231407,0.609891974770566,0.776695196398854,0.571403691634212,0.641548742999461,0.554343413002929,0.578843137826432,0.573615968501439,0.586013302313793,0.716433868868722
0.54,0.659059954186194,0.609835199776954,0.776604257800718,0.571371593319871,0.64153254874146,0.554294084483011,0.578824672347616,0.573537478146806,0.586018451527847,0.716365534582035
0.542,0.658996469140982,0.609778424783342,0.776513319202582,0.571339495005529,0.641516354483459,0.554244755963093,0.5788062068688,0.573462819589619,0.586023600741901,0.716297200295348
0.544,0.658932984095769,0.609721649789729,0.776422380604445,0.571313793396155,0.641500160225458,0.554195427443175,0.578787741389984,0.57341203892142,0.586028749955955,0.71622886600866
0.546,0.658869499050556,0.609664874796117,0.776331442006309,0.571288466143083,0.641483965967457,0.554146098923257,0.578769275911169,0.573361258253221,0.586033899170009,0.716160531721973
0.548,0.658806014005344,0.609608099802505,0.776240503408173,0.57126313889001,0.641467771709457,0.554096770403338,0.578750810432353,0.573310477585022,0.586039048384063,0.716092197435286
0.55,0.658742528960131,0.609551324808893,0.776149564810036,0.571237811636937,0.641451577451456,0.55404744188342,0.578732344953537,0.573259696916823,0.586044197598117,0.716023863148598
0.552,0.658679043914919,0.609494549815281,0.7760586262119,0.571212484383864,0.641435383193455,0.553998113363502,0.578713879474721,0.573208916248625,0.586049346812171,0.715955528861911
0.554,0.658615558869706,0.609437774821669,0.775967687613764,0.571187157130791,0.641419188935454,0.553948784843584,0.578695413995905,0.573158135580426,0.586054496026226,0.715887194575223
0.556,0.658552073824493,0.609380999828056,0.775876749015627,0.571161829877718,0.641402994677453,0.553899456323666,0.57867694851709,0.573107354912227,0.58605964524028,0.715818860288536
0.558,0.658488588779281,0.609324224834444,0.775785810417491,0.571136502624646,0.641386800419453,0.553850127803748,0.578658483038274,0.573056574244028,0.586064794454334,0.715750526001849
0.56,0.658425103734068,0.609267449840832,0.775694871819355,0.571111175371573,0.641370606161452,0.55380079928383,0.578640017559458,0.573005793575829,0.586069943668388,0.715682191715161
0.562,0.658361618688856,0.60921067484722,0.775603933221218,0.5710858481185,0.641354411903451,0.553751470763911,0.578621552080642,0.572955012907631,0.586075092882442,0.715613857428474
0.564,0.658298133643643,0.609153899853608,0.775512994623082,0.571060520865427,0.64133821764545,0.553702142243993,0.578603086601826,0.572904232239432,0.586080242096496,0.715549061436186
0.566,0.65823464859843,0.609109720041554,0.775422056024945,0.571035193612354,0.641322023387449,0.553652813724075,0.57858462112301,0.572853451571233,0.58608539131055,0.715494489230325
0.568,0.658173339606392,0.609069508692944,0.775331117426809,0.571009866359281,0.641305829129448,0.553603485204157,0.578566155644195,0.572802670903034,0.586090540524604,0.715439917024464
0.57,0.65812440352736,0.609029297344333,0.775240178828673,0.570984539106208,0.641289634871448,0.553554156684239,0.578547690165379,0.572751890234835,0.586095689738658,0.715385344818603
0.572,0.658075467448329,0.608989085995722,0.775149240230536,0.570959211853136,0.641273440613447,0.55350482816432,0.578529224686563,0.572701109566637,0.586100838952712,0.715330772612742
0.574,0.658026531369298,0.608948874647111,0.7750583016324,0.570933884600063,0.641257246355446,0.553455499644402,0.578510759207747,0.572650328898438,0.586105988166766,0.715276200406881
0.576,0.657977595290266,0.6089086632985,0.774967363034264,0.57090855734699,0.641241052097445,0.553406171124484,0.578492293728931,0.572599548230239,0.586110595822327,0.71522162820102
0.578,0.657928659211235,0.60886845194989,0.774876424436127,0.570883230093917,0.641224857839444,0.553356842604566,0.578473828250115,0.57254876756204,0.586111382828379,0.715167055995159
0.58,0.657879723132204,0.608828240601279,0.774785485837991,0.570857902840844,0.641208663581444,0.553307514084648,0.578455362771299,0.572497986893841,0.586112169834431,0.715112483789298
0.582,0.657830787053172,0.608788029252668,0.774694547239855,0.570832575587772,0.641192469323443,0.553266061948768,0.578436897292484,0.572447206225642,0.586112956840482,0.715057911583437
0.584,0.657781850974141,0.608747817904057,0.774603608641718,0.570807248334699,0.641176275065442,0.553233774791023,0.578418431813668,0.572396425557444,0.586113743846534,0.715003339377576
0.586,0.65773291489511,0.608707606555447,0.774512670043582,0.570781921081626,0.641160080807441,0.553201487633279,0.578401329555606,0.572345644889245,0.586114530852586,0.714948767171715
0.588,0.657683978816078,0.608667395206836,0.774425518628936,0.570756593828553,0.641143527573139,0.553169200475535,0.578386823475339,0.572294864221046,0.586115317858638,0.714894194965853
0.59,0.657635042737047,0.608627183858225,0.774346402878814,0.57073126657548,0.641126153279039,0.553136913317791,0.578372317395073,0.572244083552847,0.58611610486469,0.714839622759992
0.592,0.657586106658015,0.608586972509614,0.774267287128691,0.570705939322407,0.641108778984939,0.553104626160046,0.578357811314807,0.572195870086906,0.586116891870742,0.714785050554131
0.594,0.657537170578984,0.608546761161004,0.774188171378569,0.570686641954437,0.641091404690839,0.553072339002302,0.57834330523454,0.572163654170778,0.586117678876794,0.71473047834827
0.596,0.657488234499953,0.608506549812393,0.774109055628447,0.570667697475257,0.641074030396739,0.553040051844558,0.578328799154274,0.57213143825465,0.586118465882846,0.714675906142409
0.598,0.657439298420921,0.608466338463782,0.774029939878325,0.570648752996077,0.641056656102639,0.553007764686814,0.578314293074008,0.572099222338522,0.586119252888898,0.714621333936548
0.6,0.65739036234189,0.608426127115171,0.773950824128202,0.570629808516898,0.641039281808539,0.552975477529069,0.578299786993741,0.572067006422393,0.58612003989495,0.714566761730687
0.602,0.657341426262859,0.608385915766561,0.77387170837808,0.570610864037718,0.641021907514439,0.552943190371325,0.578285280913475,0.572034790506265,0.586120826901002,0.714512189524826
0.604,0.657292490183827,0.60834570441795,0.773792592627958,0.570591919558538,0.641004533220339,0.552910903213581,0.578270774833209,0.572002574590137,0.586121613907054,0.714457617318965
0.606,0.657243554104796,0.608305493069339,0.773713476877835,0.570572975079359,0.640987158926239,0.552878616055837,0.578256268752942,0.571970358674009,0.586122400913105,0.714403045113104
0.608,0.657194618025765,0.608265281720728,0.773634361127713,0.570554030600179,0.640969784632139,0.552846328898092,0.578241762672676,0.57193814275788,0.586123187919157,0.714348472907243
0.61,0.657145681946733,0.608225070372118,0.773555245377591,0.570535086120999,0.640952410338039,0.552814041740348,0.57822725659241,0.571905926841752,0.586123974925209,0.714293900701382
0.612,0.657096745867702,0.608184859023507,0.773476129627469,0.57051614164182,0.640935036043939,0.552781754582604,0.578212750512143,0.571873710925624,0.586124761931261,0.714239328495521
0.614,0.657047809788671,0.608144647674896,0.773397013877346,0.57049719716264,0.640917661749838,0.552749467424859,0.578198244431877,0.571841495009496,0.586125548937313,0.714188128198755
0.616,0.656998873709639,0.608113966793054,0.773317898127224,0.57047825268346,0.640900287455738,0.552717180267115,0.578183738351611,0.571809279093368,0.586126335943365,0.714146670923498
0.618,0.656951883874032,0.608086288750734,0.773238782377102,0.570459308204281,0.640882913161638,0.552684893109371,0.578169232271344,0.571777063177239,0.586127122949417,0.714105213648241
0.62,0.656915960266432,0.608058610708414,0.773159666626979,0.570440363725101,0.640865538867538,0.552652605951627,0.578154726191078,0.571744847261111,0.586127909955469,0.714063756372983
0.622,0.656880036658833,0.608030932666094,0.773080550876857,0.570421419245921,0.640848164573438,0.552620318793882,0.578140220110812,0.571712631344983,0.586128696961521,0.714022299097726
0.624,0.656844113051233,0.608003254623774,0.773001435126735,0.570402474766742,0.640830790279338,0.552588031636138,0.578125714030545,0.571680415428855,0.586129483967573,0.713980841822469
0.626,0.656808189443633,0.607975576581454,0.772922319376613,0.570383530287562,0.640813415985238,0.552555744478394,0.578111207950279,0.571648199512726,0.586130051537961,0.713939384547212
0.628,0.656772265836033,0.607947898539134,0.77284320362649,0.570364585808383,0.640796041691138,0.55252345732065,0.578096701870012,0.571615983596598,0.586129071008243,0.713897927271955
0.63,0.656736342228434,0.607920220496813,0.772764087876368,0.570345641329203,0.640778667397038,0.552491170162905,0.578082195789746,0.57158376768047,0.586128090478525,0.713856469996698
0.632,0.656700418620834,0.607892542454493,0.772684972126246,0.570326696850023,0.640761293102938,0.55246414112658,0.57806768970948,0.571551551764342,0.586127109948808,0.71381501272144
0.634,0.656664495013234,0.607864864412173,0.772605856376123,0.570307752370844,0.640743918808838,0.552443230452133,0.578053183629214,0.571519335848214,0.58612612941909,0.713773555446183
0.636,0.656628571405634,0.607837186369853,0.772526740626001,0.570288807891664,0.640726544514738,0.552422319777687,0.578039912844025,0.571487119932085,0.586125148889372,0.713732098170926
0.638,0.656592647798034,0.607809508327533,0.772452431137553,0.570269863412484,0.640709741087973,0.55240140910324,0.578028994609329,0.571454904015957,0.586124168359654,0.713690640895669
0.64,0.656556724190435,0.607781830285213,0.772388319598723,0.570250918933305,0.640694243363612,0.552380498428793,0.578018076374632,0.571422688099829,0.586123187829937,0.713649183620412
0.642,0.656520800582835,0.607754152242893,0.772324208059894,0.570231974454125,0.64067874563925,0.552359587754347,0.578007158139935,0.571392134470126,0.586122207300219,0.713607726345155
0.644,0.656484876975235,0.607726474200573,0.772260096521064,0.570217928493086,0.640663247914888,0.5523386770799,0.577996239905238,0.571371939397021,0.586121226770501,0.713566269069898
0.646,0.656448953367635,0.607698796158252,0.772195984982234,0.570204169209508,0.640647750190527,0.552317766405453,0.577985321670541,0.571351744323917,0.586120246240783,0.71352481179464
0.648,0.656413029760036,0.607671118115932,0.772131873443405,0.570190409925929,0.640632252466165,0.552296855731006,0.577974403435844,0.571331549250812,0.586119265711066,0.713483354519383
0.65,0.656377106152436,0.607643440073612,0.772067761904575,0.57017665064235,0.640616754741804,0.55227594505656,0.577963485201147,0.571311354177707,0.586118285181348,0.713441897244126
0.652,0.656341182544836,0.607615762031292,0.772003650365745,0.570162891358772,0.640601257017442,0.552255034382113,0.57795256696645,0.571291159104603,0.58611730465163,0.713400439968869
0.654,0.656305258937236,0.607588083988972,0.771939538826915,0.570149132075193,0.640585759293081,0.552234123707666,0.577941648731753,0.571270964031498,0.586116324121913,0.713358982693612
0.656,0.656269335329636,0.607560405946652,0.771875427288086,0.570135372791615,0.640570261568719,0.55221321303322,0.577930730497057,0.571250768958393,0.586115343592195,0.713317525418355
0.658,0.656233411722037,0.607532727904332,0.771811315749256,0.570121613508036,0.640554763844358,0.552192302358773,0.57791981226236,0.571230573885289,0.586114363062477,0.713276068143097
0.66,0.656197488114437,0.607505049862011,0.771747204210426,0.570107854224457,0.640539266119996,0.552171391684326,0.577908894027663,0.571210378812184,0.586113382532759,0.71323461086784
0.662,0.656161564506837,0.607477371819691,0.771683092671596,0.570094094940879,0.640523768395634,0.55215048100988,0.577897975792966,0.571190183739079,0.586112402003041,0.713193153592583
0.664,0.656125640899238,0.607449693777371,0.771618981132767,0.5700803356573,0.640508270671273,0.552129570335433,0.577887057558269,0.571169988665975,0.586111421473324,0.713154531248572
0.666,0.656089717291638,0.607428866705765,0.771554869593937,0.570066576373722,0.640492772946911,0.552108659660986,0.577876139323572,0.57114979359287,0.586110440943606,0.713124100346064
0.668,0.656055352892653,0.607410198223672,0.771490758055107,0.570052817090143,0.64047727522255,0.552087748986539,0.577865221088876,0.571129598519765,0.586109460413888,0.713093669443557
0.67,0.656029854064043,0.607391529741579,0.771426646516277,0.570039057806564,0.640461777498188,0.552066838312093,0.577854302854179,0.571109403446661,0.586108479884171,0.713063238541049
0.672,0.656004355235433,0.607372861259486,0.771362534977448,0.570025298522986,0.640446279773827,0.552045927637646,0.577843384619482,0.571089208373556,0.586107499354453,0.713032807638541
0.674,0.655978856406823,0.607354192777394,0.771298423438618,0.570011539239407,0.640430782049465,0.552025016963199,0.577832466384785,0.571069013300451,0.586106518824735,0.713002376736034
0.676,0.655953357578212,0.607335524295301,0.771234311899788,0.569997779955828,0.640415284325104,0.552004106288753,0.577821548150088,0.571048818227347,0.586105471554169,0.712971945833526
0.678,0.655927858749602,0.607316855813208,0.771170200360959,0.56998402067225,0.640399786600742,0.551983195614306,0.577810629915391,0.571028623154242,0.586103953432542,0.712941514931018
0.68,0.655902359920992,0.607298187331115,0.771106088822129,0.569970261388671,0.64038428887638,0.551962284939859,0.577799711680694,0.571008428081137,0.586102435310916,0.71291108402851
0.682,0.655876861092382,0.607279518849022,0.771041977283299,0.569956502105093,0.640368791152019,0.551944814079432,0.577788793445997,0.570988233008033,0.58610091718929,0.712880653126003
0.684,0.655851362263772,0.607260850366929,0.770977865744469,0.569942742821514,0.640353293427657,0.551931345794314,0.577777875211301,0.570968037934928,0.586099399067664,0.712850222223495
0.686,0.655825863435162,0.607242181884836,0.77091375420564,0.569928983537935,0.640337795703296,0.551917877509196,0.577767961344147,0.570947842861824,0.586097880946037,0.712819791320987
0.688,0.655800364606552,0.607223513402743,0.770854330930298,0.569915224254357,0.640323162473594,0.551904409224078,0.57775996023889,0.570927647788719,0.586096362824411,0.71278936041848
0.69,0.655774865777942,0.60720484492065,0.770804855235444,0.569901464970778,0.64031050653824,0.55189094093896,0.577751959133634,0.570907452715614,0.586094844702785,0.712758929515972
0.692,0.655749366949332,0.607186176438557,0.770755379540589,0.569887705687199,0.640297850602885,0.551877472653842,0.577743958028377,0.570888313692643,0.586093326581158,0.712728498613464
0.694,0.655723868120721,0.607167507956464,0.770705903845735,0.56987767066373,0.640285194667531,0.551864004368725,0.577735956923121,0.570875755457986,0.586091808459532,0.712698067710956
0.696,0.655698369292111,0.607148839474371,0.770656428150881,0.569867853596262,0.640272538732176,0.551850536083607,0.577727955817864,0.570863197223329,0.586090290337906,0.712667636808449
0.698,0.655672870463501,0.607130170992278,0.770606952456027,0.569858036528794,0.640259882796822,0.551837067798489,0.577719954712607,0.570850638988672,0.58608877221628,0.712637205905941
0.7,0.655647371634891,0.607111502510185,0.770557476761172,0.569848219461326,0.640247226861467,0.551823599513371,0.577711953607351,0.570838080754014,0.586087254094653,0.712606775003433
0.702,0.655621872806281,0.607092834028093,0.770508001066318,0.569838402393858,0.640234570926112,0.551810131228253,0.577703952502094,0.570825522519357,0.586085735973027,0.712576344100926
0.704,0.655596373977671,0.607074165546,0.770458525371464,0.56982858532639,0.640221914990758,0.551796662943135,0.577695951396838,0.5708129642847,0.586084217851401,0.712545913198418
0.706,0.655570875149061,0.607055497063907,0.77040904967661,0.569818768258922,0.640209259055403,0.551783194658017,0.577687950291581,0.570800406050043,0.586082699729774,0.71251548229591
0.708,0.655545376320451,0.607036828581814,0.770359573981755,0.569808951191454,0.640196603120049,0.551769726372899,0.577679949186324,0.570787847815386,0.586081181608148,0.712485051393403
0.71,0.655519877491841,0.607018160099721,0.770310098286901,0.569799134123986,0.640183947184694,0.551756258087782,0.577671948081068,0.570775289580728,0.586079663486522,0.712454620490895
0.712,0.65549437866323,0.606999491617628,0.770260622592047,0.569789317056518,0.64017129124934,0.551742789802664,0.577663946975811,0.570762731346071,0.586078145364895,0.712424189588387
0.714,0.65546887983462,0.606980823135535,0.770211146897193,0.56977949998905,0.640158635313985,0.551729321517546,0.577655945870555,0.570750173111414,0.586076627243269,0.712395984797584
0.716,0.65544338100601,0.606966905080965,0.770161671202338,0.569769682921582,0.640145979378631,0.551715853232428,0.577647944765298,0.570737614876757,0.586075109121643,0.712374212284047
0.718,0.65541905485907,0.606954483781156,0.770112195507484,0.569759865854114,0.640133323443276,0.55170238494731,0.577639943660041,0.5707250566421,0.586073591000017,0.71235243977051
0.72,0.655401396512559,0.606942062481347,0.77006271981263,0.569750048786646,0.640120667507921,0.551688916662192,0.577631942554785,0.570712498407442,0.58607207287839,0.712330667256973
0.722,0.655383738166048,0.606929641181537,0.770013244117776,0.569740231719178,0.640108011572567,0.551675448377074,0.577623941449528,0.570699940172785,0.586070554756764,0.712308894743436
0.724,0.655366079819538,0.606917219881728,0.769963768422921,0.56973041465171,0.640095355637212,0.551661980091956,0.577615940344272,0.570687381938128,0.586069036635138,0.712287122229899
0.726,0.655348421473027,0.606904798581919,0.769914292728067,0.569720597584242,0.640082699701858,0.551648511806838,0.577607939239015,0.570674823703471,0.586067518762002,0.712265349716362
0.728,0.655330763126516,0.60689237728211,0.769864817033213,0.569710780516774,0.640070043766503,0.551635043521721,0.577599938133759,0.570662265468814,0.586066002641948,0.712243577202825
0.73,0.655313104780005,0.606879955982301,0.769815341338359,0.569700963449306,0.640057387831149,0.551621575236603,0.577591937028502,0.570649707234156,0.586064486521894,0.712221804689288
0.732,0.655295446433494,0.606867534682491,0.769765865643504,0.569691146381838,0.640044731895794,0.551610333669769,0.577583935923245,0.570637148999499,0.58606297040184,0.712200032175751
0.734,0.655277788086983,0.606855113382682,0.76971638994865,0.56968132931437,0.64003207596044,0.551601683117325,0.577575934817989,0.570624590764842,0.586061454281785,0.712178259662214
0.736,0.655260129740473,0.606842692082873,0.769666914253796,0.569671512246902,0.640019420025085,0.551593032564881,0.57756869887487,0.570612032530185,0.586059938161731,0.712156487148677
0.738,0.655242471393962,0.606830270783064,0.769621518795133,0.569661695179434,0.640007627223679,0.551584382012437,0.577562920140311,0.570599474295527,0.586058422041677,0.71213471463514
0.74,0.655224813047451,0.606817849483255,0.769584780801654,0.569651878111966,0.639997808604366,0.551575731459994,0.577557141405752,0.57058691606087,0.586056905921623,0.712112942121603
0.742,0.65520715470094,0.606805428183446,0.769548042808175,0.569642061044498,0.639987989985054,0.55156708090755,0.577551362671193,0.570575019545586,0.586055389801569,0.712091169608066
0.744,0.655189496354429,0.606793006883636,0.769511304814696,0.569634967898279,0.639978171365741,0.551558430355106,0.577545583936635,0.570567246542031,0.586053873681515,0.712069397094529
0.746,0.655171838007918,0.606780585583827,0.769474566821217,0.569628034164927,0.639968352746428,0.551549779802662,0.577539805202076,0.570559473538476,0.58605235756146,0.712047624580992
0.748,0.655154179661408,0.606768164284018,0.769437828827738,0.569621100431574,0.639958534127115,0.551541129250219,0.577534026467517,0.570551700534921,0.586050841441406,0.712025852067455
0.75,0.655136521314897,0.606755742984209,0.769401090834259,0.569614166698222,0.639948715507803,0.551532478697775,0.577528247732958,0.570543927531366,0.586049325321352,0.712004079553918
0.752,0.655118862968386,0.6067433216844,0.76936435284078,0.56960723296487,0.63993889688849,0.551523828145331,0.5775224689984,0.570536154527811,0.586047809201298,0.711982307040381
0.754,0.655101204621875,0.606730900384591,0.769327614847301,0.569600299231518,0.639929078269177,0.551515177592887,0.577516690263841,0.570528381524256,0.586046293081244,0.711960534526844
0.756,0.655083546275364,0.606718479084781,0.769290876853822,0.569593365498166,0.639919259649865,0.551506527040444,0.577510911529282,0.570520608520701,0.58604477696119,0.711938762013307
0.758,0.655065887928853,0.606706057784972,0.769254138860343,0.569586431764814,0.639909441030552,0.551497876488,0.577505132794723,0.570512835517146,0.586043260841135,0.71191698949977
0.76,0.655048229582343,0.606693636485163,0.769217400866864,0.569579498031462,0.639899622411239,0.551489225935556,0.577499354060165,0.570505062513591,0.586041744721081,0.711895216986233
0.762,0.655030571235832,0.606681215185354,0.769180662873385,0.56957256429811,0.639889803791926,0.551480575383112,0.577493575325606,0.570497289510037,0.586040228601027,0.711873444472696
0.764,0.655012912889321,0.606668793885545,0.769143924879905,0.569565630564758,0.639879985172614,0.551471924830669,0.577487796591047,0.570489516506482,0.586038712480973,0.711853344840661
0.766,0.65499525454281,0.606659595128978,0.769107186886426,0.569558696831406,0.639870166553301,0.551463274278225,0.577482017856489,0.570481743502927,0.586037196360919,0.711838078945241
0.768,0.654978442641865,0.606651411724591,0.769070448892947,0.569551763098054,0.639860347933988,0.551454623725781,0.57747623912193,0.570473970499372,0.586035680240864,0.711822813049822
0.77,0.65496644358165,0.606643228320203,0.769033710899468,0.569544829364702,0.639850529314675,0.551445973173337,0.577470460387371,0.570466197495817,0.58603416412081,0.711807547154402
0.772,0.654954444521435,0.606635044915816,0.768996972905989,0.569537895631349,0.639840710695363,0.551437322620894,0.577464681652812,0.570458424492262,0.586032648000756,0.711792281258983
0.774,0.65494244546122,0.606626861511429,0.76896023491251,0.569530961897997,0.63983089207605,0.55142867206845,0.577458902918254,0.570450651488707,0.586031131880702,0.711777015363563
0.776,0.654930446401005,0.606618678107042,0.768923496919031,0.569524028164645,0.639821073456737,0.551420021516006,0.577453124183695,0.570442878485152,0.58602964090692,0.711761749468144
0.778,0.65491844734079,0.606610494702655,0.768886758925552,0.569517094431293,0.639811254837424,0.551411370963562,0.577447345449136,0.570435105481597,0.586028327337967,0.711746483572724
0.78,0.654906448280575,0.606602311298267,0.768850020932073,0.569510160697941,0.639801436218111,0.551402720411118,0.577441566714577,0.570427332478042,0.586027013769014,0.711731217677305
0.782,0.65489444922036,0.60659412789388,0.768813282938594,0.569503226964589,0.639791617598799,0.551395504520578,0.577435787980019,0.570419559474488,0.586025700200061,0.711715951781885
0.784,0.654882450160145,0.606585944489493,0.768776544945115,0.569496293231237,0.639781798979486,0.551389958005845,0.57743000924546,0.570411786470933,0.586024386631108,0.711700685886465
0.786,0.65487045109993,0.606577761085106,0.768739806951636,0.569489359497885,0.639771980360173,0.551384411491113,0.577424799073625,0.570404013467378,0.586023073062155,0.711685419991046
0.788,0.654858452039715,0.606569577680719,0.768706375538137,0.569482425764533,0.639762906593925,0.551378864976381,0.577420671697748,0.570396240463823,0.586021759493202,0.711670154095626
0.79,0.6548464529795,0.606561394276331,0.768679960042275,0.569475492031181,0.639755536474697,0.551373318461649,0.577416544321871,0.570388467460268,0.58602044592425,0.711654888200207
0.792,0.654834453919285,0.606553210871944,0.768653544546412,0.569468558297829,0.63974816635547,0.551367771946917,0.577412416945994,0.570381105477969,0.586019132355297,0.711639622304787
0.794,0.65482245485907,0.606545027467557,0.76862712905055,0.569463571074988,0.639740796236242,0.551362225432185,0.577408289570116,0.570376304779262,0.586017818786344,0.711624356409368
0.796,0.654810455798855,0.60653684406317,0.768600713554687,0.56945869776837,0.639733426117015,0.551356678917452,0.577404162194239,0.570371504080554,0.586016505217391,0.711609090513948
0.798,0.65479845673864,0.606528660658783,0.768574298058825,0.569453824461753,0.639726055997788,0.55135113240272,0.577400034818362,0.570366703381847,0.586015191648438,0.711593824618528
0.8,0.654786457678425,0.606520477254396,0.768547882562962,0.569448951155135,0.63971868587856,0.551345585887988,0.577395907442485,0.570361902683139,0.586013878079485,0.711578558723109
0.802,0.65477445861821,0.606512293850008,0.7685214670671,0.569444077848518,0.639711315759333,0.551340039373256,0.577391780066607,0.570357101984432,0.586012564510532,0.711563292827689
0.804,0.654762459557995,0.606504110445621,0.768495051571237,0.5694392045419,0.639703945640105,0.551334492858524,0.57738765269073,0.570352301285725,0.586011250941579,0.71154802693227
0.806,0.65475046049778,0.606495927041234,0.768468636075375,0.569434331235283,0.639696575520878,0.551328946343791,0.577383525314853,0.570347500587017,0.586009937372626,0.71153276103685
0.808,0.654738461437566,0.606487743636847,0.768442220579512,0.569429457928666,0.63968920540165,0.551323399829059,0.577379397938976,0.57034269988831,0.586008623803674,0.711517495141431
0.81,0.65472646237735,0.60647956023246,0.76841580508365,0.569424584622048,0.639681835282423,0.551317853314327,0.577375270563099,0.570337899189602,0.586007310234721,0.711502229246011
0.812,0.654714463317136,0.606471376828072,0.768389389587787,0.569419711315431,0.639674465163196,0.551312306799595,0.577371143187221,0.570333098490895,0.586005996665768,0.711486963350592
0.814,0.654702464256921,0.606463193423685,0.768362974091925,0.569414838008813,0.639667095043968,0.551306760284863,0.577367015811344,0.570328297792188,0.586004683096815,0.711472916686004
0.816,0.654690465196706,0.606457161364372,0.768336558596062,0.569409964702196,0.639659724924741,0.551301213770131,0.577362888435467,0.57032349709348,0.586003369527862,0.711462392949194
0.818,0.654679059704646,0.606451807146362,0.7683101431002,0.569405091395578,0.639652354805513,0.551295667255398,0.577358761059589,0.570318696394773,0.586002055958909,0.711451869212385
0.82,0.65467102920693,0.606446452928351,0.768283727604337,0.569400218088961,0.639644984686286,0.551290120740666,0.577354633683712,0.570313895696065,0.586000742389956,0.711441345475575
0.822,0.654662998709214,0.606441098710341,0.768257312108475,0.569395344782344,0.639637614567058,0.551284574225934,0.577350506307835,0.570309094997358,0.585999428821003,0.711430821738765
0.824,0.654654968211497,0.606435744492331,0.768230896612612,0.569390471475726,0.639630244447831,0.551279027711202,0.577346378931958,0.570304294298651,0.58599811525205,0.711420298001956
0.826,0.654646937713781,0.60643039027432,0.76820448111675,0.569385598169109,0.639622874328604,0.55127348119647,0.57734225155608,0.570299493599943,0.58599683250843,0.711409774265146
0.828,0.654638907216065,0.60642503605631,0.768178065620887,0.569380724862491,0.639615504209376,0.551267934681738,0.577338124180203,0.570294692901236,0.585995767234936,0.711399250528337
0.83,0.654630876718349,0.6064196818383,0.768151650125025,0.569375851555874,0.639608134090149,0.551262388167005,0.577333996804326,0.570289892202528,0.585994701961441,0.711388726791527
0.832,0.654622846220632,0.606414327620289,0.768125234629162,0.569370978249256,0.639600763970921,0.551257761328812,0.577329869428449,0.570285091503821,0.585993636687946,0.711378203054717
0.834,0.654614815722916,0.606408973402279,0.7680988191333,0.569366104942639,0.639593393851694,0.551254204628302,0.577325742052571,0.570280290805114,0.585992571414451,0.711367679317908
0.836,0.6546067852252,0.606403619184269,0.768072403637437,0.569361231636022,0.639586023732467,0.551250647927793,0.57732202604115,0.570275490106406,0.585991506140956,0.711357155581098
0.838,0.654598754727484,0.606398264966258,0.76804853674558,0.569356358329404,0.639579250108623,0.551247091227283,0.577319093450361,0.570270689407699,0.585990440867461,0.711346631844289
0.84,0.654590724229767,0.606392910748248,0.768030077494214,0.569351485022787,0.639573840804314,0.551243534526773,0.577316160859572,0.570265888708991,0.585989375593966,0.711336108107479
0.842,0.654582693732051,0.606387556530238,0.768011618242848,0.569346611716169,0.639568431500005,0.551239977826263,0.577313228268784,0.570261344469511,0.585988310320471,0.71132558437067
0.844,0.654574663234335,0.606382202312228,0.767993158991482,0.569343138090654,0.639563022195695,0.551236421125754,0.577310295677995,0.570258398358599,0.585987245046976,0.71131506063386
0.846,0.654566632736619,0.606376848094217,0.767974699740117,0.569339746379099,0.639557612891386,0.551232864425244,0.577307363087206,0.570255452247688,0.585986179773482,0.71130453689705
0.848,0.654558602238902,0.606371493876207,0.767956240488751,0.569336354667544,0.639552203587076,0.551229307724734,0.577304430496418,0.570252506136776,0.585985114499987,0.711294013160241
0.85,0.654550571741186,0.606366139658197,0.767937781237385,0.569332962955989,0.639546794282767,0.551225751024225,0.577301497905629,0.570249560025864,0.585984049226492,0.711283489423431
0.852,0.65454254124347,0.606360785440186,0.767919321986019,0.569329571244435,0.639541384978457,0.551222194323715,0.57729856531484,0.570246613914952,0.585982983952997,0.711272965686621
0.854,0.654534510745754,0.606355431222176,0.767900862734653,0.56932617953288,0.639535975674148,0.551218637623205,0.577295632724051,0.57024366780404,0.585981918679502,0.711262441949812
0.856,0.654526480248038,0.606350077004166,0.767882403483287,0.569322787821325,0.639530566369839,0.551215080922696,0.577292700133263,0.570240721693128,0.585980853406007,0.711251918213002
0.858,0.654518449750321,0.606344722786156,0.767863944231921,0.56931939610977,0.639525157065529,0.551211524222186,0.577289767542474,0.570237775582216,0.585979788132512,0.711241394476193
0.86,0.654510419252605,0.606339368568145,0.767845484980555,0.569316004398216,0.63951974776122,0.551207967521676,0.577286834951685,0.570234829471304,0.585978722859017,0.711230870739383
0.862,0.654502388754889,0.606334014350135,0.767827025729189,0.569312612686661,0.63951433845691,0.551204410821167,0.577283902360897,0.570231883360392,0.585977657585522,0.711220347002574
0.864,0.654494358257173,0.606328660132125,0.767808566477823,0.569309220975106,0.639508929152601,0.551200854120657,0.577280969770108,0.57022893724948,0.585976592312027,0.711210690933882
0.866,0.654486327759456,0.606324728131354,0.767790107226458,0.569305829263551,0.639503519848291,0.551197297420147,0.577278037179319,0.570225991138568,0.585975527038533,0.711203541963957
0.868,0.654478704475759,0.606321244239813,0.767771647975092,0.569302437551997,0.639498110543982,0.551193740719637,0.57727510458853,0.570223045027656,0.585974461765038,0.711196392994033
0.87,0.654473396587518,0.606317760348273,0.767753188723726,0.569299045840442,0.639492701239673,0.551190184019128,0.577272171997742,0.570220098916745,0.585973396491543,0.711189244024108
0.872,0.654468088699277,0.606314276456733,0.76773472947236,0.569295654128887,0.639487291935363,0.551186627318618,0.577269239406953,0.570217152805833,0.585972331218048,0.711182095054184
0.874,0.654462780811036,0.606310792565192,0.767716270220994,0.569292262417332,0.639481882631054,0.551183070618108,0.577266306816164,0.570214206694921,0.585971265944553,0.711174946084259
0.876,0.654457472922795,0.606307308673652,0.767697810969628,0.569288870705778,0.639476473326744,0.551179513917599,0.577263374225376,0.570211260584009,0.585970230241373,0.711167797114334
0.878,0.654452165034554,0.606303824782112,0.767679351718262,0.569285478994223,0.639471064022435,0.551175957217089,0.577260441634587,0.570208314473097,0.585969403154273,0.71116064814441
0.88,0.654446857146313,0.606300340890572,0.767660892466896,0.569282087282668,0.639465654718125,0.551172400516579,0.577257509043798,0.570205368362185,0.585968576067174,0.711153499174485
0.882,0.654441549258072,0.606296856999031,0.76764243321553,0.569278695571113,0.639460245413816,0.551169434905883,0.577254576453009,0.570202422251273,0.585967748980074,0.711146350204561
0.884,0.654436241369831,0.606293373107491,0.767623973964164,0.569275303859559,0.639454836109506,0.551167157088621,0.577251643862221,0.570199476140361,0.585966921892974,0.711139201234636
0.886,0.654430933481591,0.606289889215951,0.767605514712799,0.569271912148004,0.639449426805197,0.551164879271358,0.577249007708691,0.570196530029449,0.585966094805875,0.711132052264712
0.888,0.65442562559335,0.606286405324411,0.76758895076354,0.569268520436449,0.639444474670829,0.551162601454095,0.577246936103366,0.570193583918537,0.585965267718775,0.711124903294787
0.89,0.654420317705109,0.60628292143287,0.767576408275596,0.569265128724894,0.639440568187268,0.551160323636832,0.577244864498042,0.570190637807625,0.585964440631675,0.711117754324862
0.892,0.654415009816868,0.60627943754133,0.767563865787653,0.56926173701334,0.639436661703708,0.551158045819569,0.577242792892717,0.570187847073685,0.585963613544576,0.711110605354938
0.894,0.654409701928627,0.60627595364979,0.76755132329971,0.569259304834867,0.639432755220147,0.551155768002306,0.577240721287392,0.570186024573099,0.585962786457476,0.711103456385013
0.896,0.654404394040386,0.60627246975825,0.767538780811767,0.56925692881144,0.639428848736587,0.551153490185044,0.577238649682067,0.570184202072512,0.585961959370376,0.711096307415089
0.898,0.654399086152145,0.606268985866709,0.767526238323823,0.569254552788013,0.639424942253027,0.551151212367781,0.577236578076743,0.570182379571925,0.585961132283277,0.711089158445164
0.9,0.654393778263904,0.606265501975169,0.76751369583588,0.569252176764586,0.639421035769466,0.551148934550518,0.577234506471418,0.570180557071338,0.585960305196177,0.71108200947524
0.902,0.654388470375663,0.606262018083629,0.767501153347937,0.569249800741159,0.639417129285906,0.551146656733255,0.577232434866093,0.570178734570751,0.585959478109077,0.711074860505315
0.904,0.654383162487422,0.606258534192089,0.767488610859994,0.569247424717731,0.639413222802345,0.551144378915992,0.577230363260768,0.570176912070164,0.585958651021978,0.711067711535391
0.906,0.654377854599181,0.606255050300548,0.767476068372051,0.569245048694304,0.639409316318785,0.55114210109873,0.577228291655444,0.570175089569578,0.585957823934878,0.711060562565466
0.908,0.65437254671094,0.606251566409008,0.767463525884107,0.569242672670877,0.639405409835224,0.551139823281467,0.577226220050119,0.570173267068991,0.585956996847778,0.711053413595541
0.91,0.654367238822699,0.606248082517468,0.767450983396164,0.56924029664745,0.639401503351664,0.551137545464204,0.577224148444794,0.570171444568404,0.585956169760678,0.711046264625617
0.912,0.654361930934458,0.606244598625928,0.767438440908221,0.569237920624023,0.639397596868104,0.551135267646941,0.57722207683947,0.570169622067817,0.585955342673579,0.711039115655692
0.914,0.654356623046218,0.606241114734387,0.767425898420278,0.569235544600596,0.639393690384543,0.551132989829678,0.577220005234145,0.57016779956723,0.585954515586479,0.711032572560865
0.916,0.654351315157977,0.606238566329131,0.767413355932334,0.569233168577169,0.639389783900983,0.551130712012415,0.57721793362882,0.570165977066644,0.585953688499379,0.711027780122397
0.918,0.654346281953976,0.606236312674934,0.767400813444391,0.569230792553741,0.639385877417422,0.551128434195153,0.577215862023495,0.570164154566057,0.58595286141228,0.711022987683929
0.92,0.654342810588744,0.606234059020737,0.767388270956448,0.569228416530314,0.639381970933862,0.55112615637789,0.577213790418171,0.57016233206547,0.58595203432518,0.711018195245462
0.922,0.654339339223511,0.606231805366541,0.767375728468505,0.569226040506887,0.639378064450302,0.551123878560627,0.577211718812846,0.570160509564883,0.58595120723808,0.711013402806994
0.924,0.654335867858279,0.606229551712344,0.767363185980561,0.56922366448346,0.639374157966741,0.551121600743364,0.577209647207521,0.570158687064296,0.585950380150981,0.711008610368526
0.926,0.654332396493047,0.606227298058147,0.767350643492618,0.569221288460033,0.639370251483181,0.551119322926101,0.577207575602197,0.570156864563709,0.585949577840091,0.711003817930058
0.928,0.654328925127814,0.606225044403951,0.767338101004675,0.569218912436605,0.63936634499962,0.551117045108839,0.577205503996872,0.570155042063123,0.585948950323278,0.710999025491591
0.93,0.654325453762582,0.606222790749754,0.767325558516732,0.569216536413178,0.63936243851606,0.551114767291576,0.577203432391547,0.570153219562536,0.585948322806465,0.710994233053123
0.932,0.65432198239735,0.606220537095557,0.767313016028788,0.569214160389751,0.639358532032499,0.5511128674169,0.577201360786222,0.570151397061949,0.585947695289652,0.710989440614655
0.934,0.654318511032117,0.606218283441361,0.767300473540845,0.569211784366324,0.639354625548939,0.551111407317067,0.577199289180898,0.570149574561362,0.585947067772839,0.710984648176188
0.936,0.654315039666885,0.606216029787164,0.767287931052902,0.569209408342897,0.639350719065379,0.551109947217234,0.577197428517698,0.570147752060775,0.585946440256026,0.71097985573772
0.938,0.654311568301653,0.606213776132967,0.767276754281718,0.56920703231947,0.639347152465698,0.551108487117401,0.577195969581995,0.570145929560189,0.585945812739213,0.710975063299252
0.94,0.65430809693642,0.606211522478771,0.76726847529506,0.569204656296042,0.639344363257142,0.551107027017568,0.577194510646291,0.570144107059602,0.5859451852224,0.710970270860784
0.942,0.654304625571188,0.606209268824574,0.767260196308402,0.569202280272615,0.639341574048585,0.551105566917735,0.577193051710588,0.570142382481751,0.585944557705587,0.710965478422317
0.944,0.654301154205956,0.606207015170378,0.767251917321744,0.569200592860661,0.639338784840028,0.551104106817901,0.577191592774885,0.570141268110536,0.585943930188774,0.710960685983849
0.946,0.654297682840723,0.606204761516181,0.767243638335087,0.569198945748524,0.639335995631471,0.551102646718068,0.577190133839182,0.570140153739321,0.585943302671961,0.710955893545381
0.948,0.654294211475491,0.606202507861984,0.767235359348428,0.569197298636388,0.639333206422914,0.551101186618235,0.577188674903479,0.570139039368106,0.585942675155148,0.710951101106914
0.95,0.654290740110259,0.606200254207788,0.767227080361771,0.569195651524251,0.639330417214357,0.551099726518402,0.577187215967776,0.570137924996891,0.585942047638335,0.710946308668446
0.952,0.654287268745026,0.606198000553591,0.767218801375113,0.569194004412115,0.639327628005801,0.551098266418569,0.577185757032072,0.570136810625676,0.585941420121522,0.710941516229978
0.954,0.654283797379794,0.606195746899394,0.767210522388455,0.569192357299978,0.639324838797244,0.551096806318736,0.577184298096369,0.570135696254461,0.585940792604709,0.710936723791511
0.956,0.654280326014562,0.606193493245198,0.767202243401797,0.569190710187842,0.639322049588687,0.551095346218903,0.577182839160666,0.570134581883246,0.585940165087896,0.710931931353043
0.958,0.654276854649329,0.606191239591001,0.767193964415139,0.569189063075705,0.63931926038013,0.55109388611907,0.577181380224963,0.570133467512031,0.585939537571083,0.710927138914575
0.96,0.654273383284097,0.606188985936804,0.767185685428481,0.569187415963568,0.639316471171573,0.551092426019236,0.57717992128926,0.570132353140816,0.58593891005427,0.710922346476107
0.962,0.654269911918865,0.606186732282608,0.767177406441823,0.569185768851432,0.639313681963016,0.551090965919403,0.577178462353557,0.570131238769601,0.585938282537457,0.71091755403764
0.964,0.654266440553632,0.606184478628411,0.767169127455165,0.569184121739295,0.63931089275446,0.55108950581957,0.577177003417853,0.570130124398386,0.585937655020644,0.710913178018774
0.966,0.6542629691884,0.606182829859323,0.767160848468507,0.569182474627159,0.639308103545903,0.551088045719737,0.57717554448215,0.570129010027171,0.585937027503831,0.710910005230788
0.968,0.654259680750596,0.606181371676169,0.767152569481849,0.569180827515022,0.639305314337346,0.551086585619904,0.577174085546447,0.570127895655956,0.585936399987018,0.710906832442802
0.97,0.654257432427611,0.606179913493015,0.767144290495191,0.569179180402886,0.639302525128789,0.551085125520071,0.577172626610744,0.570126781284741,0.585935772470205,0.710903659654816
0.972,0.654255184104627,0.606178455309862,0.767136011508533,0.569177533290749,0.639299735920232,0.551083665420238,0.577171167675041,0.570125666913526,0.585935144953392,0.710900486866829
0.974,0.654252935781642,0.606176997126708,0.767127732521875,0.569175886178612,0.639296946711675,0.551082205320405,0.577169708739338,0.570124552542311,0.585934517436579,0.710897314078843
0.976,0.654250687458658,0.606175538943554,0.767119453535217,0.569174239066476,0.639294157503119,0.551080745220571,0.577168249803635,0.570123438171096,0.585933909602636,0.710894141290856
0.978,0.654248439135673,0.6061740807604,0.767111174548559,0.569172591954339,0.639291368294562,0.551079285120738,0.577166790867931,0.570122323799881,0.585933440629687,0.71089096850287
0.98,0.654246190812688,0.606172622577246,0.767102895561901,0.569170944842203,0.639288579086005,0.551077825020905,0.577165331932228,0.570121209428666,0.585932971656737,0.710887795714884
0.982,0.654243942489704,0.606171164394092,0.767094616575243,0.569169297730066,0.639285789877448,0.55107660677965,0.577163872996525,0.570120095057451,0.585932502683787,0.710884622926898
0.984,0.654241694166719,0.606169706210939,0.767086337588585,0.56916765061793,0.639283000668891,0.551075669965577,0.577162414060822,0.570118980686236,0.585932033710838,0.710881450138911
0.986,0.654239445843735,0.606168248027785,0.767078058601927,0.569166003505793,0.639280211460334,0.551074733151505,0.577161102033802,0.570117866315021,0.585931564737888,0.710878277350925
0.988,0.65423719752075,0.606166789844631,0.767070722917797,0.569164356393656,0.639277670266827,0.551073796337432,0.577160069786164,0.570116751943806,0.585931095764939,0.710875104562939
0.99,0.654234949197765,0.606165331661477,0.767065388737601,0.56916270928152,0.639275696339699,0.55107285952336,0.577159037538526,0.570115637572591,0.585930626791989,0.710871931774952
0.992,0.654232700874781,0.606163873478323,0.767060054557406,0.569161062169383,0.639273722412571,0.551071922709287,0.577158005290889,0.570114581536118,0.585930157819039,0.710868758986966
0.994,0.654230452551796,0.606162415295169,0.76705472037721,0.569159892158422,0.639271748485443,0.551070985895215,0.577156973043251,0.570113889013249,0.58592968884609,0.71086558619898
0.996,0.654228204228812,0.606160957112016,0.767049386197014,0.569158750068996,0.639269774558314,0.551070049081142,0.577155940795613,0.57011319649038,0.58592921987314,0.710862413410993
0.998,0.654225955905827,0.606159498928862,0.767044052016818,0.569157607979571,0.639267800631186,0.55106911226707,0.577154908547976,0.570112503967511,0.58592875090019,0.710859240623007
1,0.654223707582843,0.606158040745708,0.767038717836623,0.569156465890146,0.639265826704058,0.551068175452997,0.577153876300338,0.570111811444642,0.585928281927241,0.710856067835021
1.002,0.654221459259858,0.606156582562554,0.767033383656427,0.569155323800721,0.63926385277693,0.551067238638925,0.577152844052701,0.570111118921773,0.585927812954291,0.710852895047035
1.004,0.654219210936874,0.6061551243794,0.767028049476231,0.569154181711295,0.639261878849801,0.551066301824853,0.577151811805063,0.570110426398904,0.585927343981341,0.710849722259048
1.006,0.654216962613889,0.606153666196246,0.767022715296035,0.56915303962187,0.639259904922673,0.55106536501078,0.577150779557425,0.570109733876035,0.585926875008392,0.710846549471062
1.008,0.654214714290904,0.606152208013093,0.76701738111584,0.569151897532445,0.639257930995545,0.551064428196708,0.577149747309788,0.570109041353166,0.585926406035442,0.710843376683076
1.01,0.65421246596792,0.606150749829939,0.767012046935644,0.56915075544302,0.639255957068417,0.551063491382635,0.57714871506215,0.570108348830297,0.585925937062492,0.710840203895089
1.012,0.654210217644935,0.606149291646785,0.767006712755448,0.569149613353594,0.639253983141288,0.551062554568563,0.577147682814512,0.570107656307429,0.585925468089543,0.710837031107103
1.014,0.654207969321951,0.606147833463631,0.767001378575253,0.569148471264169,0.63925200921416,0.55106161775449,0.577146650566875,0.570106963784559,0.585924999116593,0.710834140315676
1.016,0.654205720998966,0.606146770777076,0.766996044395057,0.569147329174744,0.639250035287032,0.551060680940418,0.577145618319237,0.570106271261691,0.585924530143643,0.710832064344122
1.018,0.654203592723227,0.606145832702761,0.766990710214861,0.569146187085319,0.639248061359904,0.551059744126346,0.577144586071599,0.570105578738822,0.585924061170694,0.710829988372568
1.02,0.654202147029214,0.606144894628447,0.766985376034665,0.569145044995894,0.639246087432776,0.551058807312273,0.577143553823962,0.570104886215953,0.585923592197744,0.710827912401014
1.022,0.654200701335201,0.606143956554132,0.766980041854469,0.569143902906468,0.639244113505647,0.551057870498201,0.577142521576324,0.570104193693084,0.585923123224795,0.71082583642946
1.024,0.654199255641188,0.606143018479818,0.766974707674274,0.569142760817043,0.639242139578519,0.551056933684128,0.577141489328686,0.570103501170215,0.585922654251845,0.710823760457906
1.026,0.654197809947175,0.606142080405503,0.766969373494078,0.569141618727618,0.639240165651391,0.551055996870056,0.577140457081049,0.570102808647346,0.58592220111464,0.710821684486352
1.028,0.654196364253162,0.606141142331189,0.766964039313882,0.569140476638193,0.639238191724263,0.551055060055983,0.577139424833411,0.570102116124477,0.585921859697278,0.710819608514798
1.03,0.654194918559149,0.606140204256874,0.766958705133687,0.569139334548767,0.639236217797135,0.551054123241911,0.577138392585773,0.570101423601608,0.585921518279916,0.710817532543244
1.032,0.654193472865136,0.60613926618256,0.766953370953491,0.569138192459342,0.639234243870006,0.551053342679591,0.577137360338136,0.570100731078739,0.585921176862553,0.71081545657169
1.034,0.654192027171123,0.606138328108245,0.766948036773295,0.569137050369917,0.639232269942878,0.551052743932161,0.577136328090498,0.57010003855587,0.585920835445191,0.710813380600136
1.036,0.65419058147711,0.606137390033931,0.766942702593099,0.569135908280492,0.63923029601575,0.551052145184731,0.577135403771822,0.570099346033001,0.585920494027829,0.710811304628582
1.038,0.654189135783097,0.606136451959616,0.766938022435172,0.569134766191066,0.639228500079195,0.551051546437301,0.577134684997825,0.570098653510132,0.585920152610467,0.710809228657028
1.04,0.654187690089084,0.606135513885302,0.766934729984905,0.569133624101641,0.639227111247242,0.551050947689872,0.577133966223829,0.570097960987263,0.585919811193105,0.710807152685474
1.042,0.654186244395071,0.606134575810987,0.766931437534638,0.569132482012216,0.639225722415288,0.551050348942442,0.577133247449833,0.570097306374842,0.585919469775742,0.71080507671392
1.044,0.654184798701059,0.606133637736673,0.766928145084371,0.569131669413899,0.639224333583335,0.551049750195012,0.577132528675836,0.570096888001805,0.58591912835838,0.710803000742366
1.046,0.654183353007045,0.606132699662358,0.766924852634104,0.56913087609849,0.639222944751382,0.551049151447582,0.57713180990184,0.570096469628769,0.585918786941018,0.710800924770812
1.048,0.654181907313032,0.606131761588044,0.766921560183837,0.569130082783082,0.639221555919428,0.551048552700152,0.577131091127843,0.570096051255732,0.585918445523656,0.710798848799258
1.05,0.654180461619019,0.606130823513729,0.76691826773357,0.569129289467673,0.639220167087475,0.551047953952722,0.577130372353847,0.570095632882695,0.585918104106294,0.710796772827704
1.052,0.654179015925006,0.606129885439415,0.766914975283302,0.569128496152264,0.639218778255522,0.551047355205292,0.57712965357985,0.570095214509658,0.585917762688932,0.71079469685615
1.054,0.654177570230993,0.6061289473651,0.766911682833035,0.569127702836855,0.639217389423569,0.551046756457862,0.577128934805854,0.570094796136622,0.585917421271569,0.710792620884596
1.056,0.65417612453698,0.606128009290786,0.766908390382768,0.569126909521446,0.639216000591615,0.551046157710432,0.577128216031857,0.570094377763585,0.585917079854207,0.710790544913042
1.058,0.654174678842967,0.606127071216471,0.766905097932501,0.569126116206037,0.639214611759662,0.551045558963003,0.577127497257861,0.570093959390548,0.585916738436845,0.710788468941489
1.06,0.654173233148954,0.606126133142157,0.766901805482234,0.569125322890629,0.639213222927709,0.551044960215573,0.577126778483864,0.570093541017511,0.585916397019483,0.710786392969935
1.062,0.654171787454941,0.606125195067842,0.766898513031967,0.56912452957522,0.639211834095755,0.551044361468143,0.577126059709868,0.570093122644474,0.585916055602121,0.710784316998381
1.064,0.654170341760928,0.606124256993528,0.7668952205817,0.569123736259811,0.639210445263802,0.551043762720713,0.577125340935872,0.570092704271438,0.585915714184759,0.710782429571703
1.066,0.654168896066915,0.606123572005601,0.766891928131433,0.569122942944402,0.639209056431849,0.551043163973283,0.577124622161875,0.570092285898401,0.585915372767396,0.710781086939307
1.068,0.654167528711117,0.606122966759604,0.766888635681166,0.569122149628993,0.639207667599895,0.551042565225853,0.577123903387879,0.570091867525364,0.585915031350034,0.71077974430691
1.07,0.654166606781897,0.606122361513607,0.766885343230899,0.569121356313584,0.639206278767942,0.551041966478423,0.577123184613882,0.570091449152327,0.585914689932672,0.710778401674514
1.072,0.654165684852676,0.60612175626761,0.766882050780632,0.569120562998175,0.639204889935989,0.551041367730993,0.577122465839886,0.570091030779291,0.58591434851531,0.710777059042118
1.074,0.654164762923456,0.606121151021613,0.766878758330365,0.569119769682767,0.639203501104036,0.551040768983563,0.577121747065889,0.570090612406254,0.585914007097948,0.710775716409721
1.076,0.654163840994235,0.606120545775616,0.766875465880098,0.569118976367358,0.639202112272082,0.551040170236133,0.577121028291893,0.570090194033217,0.585913676271187,0.710774373777325
1.078,0.654162919065015,0.606119940529619,0.766872173429831,0.569118183051949,0.639200723440129,0.551039571488704,0.577120309517896,0.57008977566018,0.585913420160223,0.710773031144928
1.08,0.654161997135794,0.606119335283622,0.766868880979564,0.56911738973654,0.639199334608176,0.551038972741274,0.5771195907439,0.570089357287143,0.58591316404926,0.710771688512532
1.082,0.654161075206573,0.606118730037625,0.766865588529297,0.569116596421131,0.639197945776222,0.551038472925207,0.577118871969903,0.570088938914107,0.585912907938297,0.710770345880135
1.084,0.654160153277353,0.606118124791628,0.766862296079029,0.569115803105722,0.639196556944269,0.551038088225898,0.577118153195907,0.57008852054107,0.585912651827334,0.710769003247739
1.086,0.654159231348132,0.606117519545631,0.766859003628762,0.569115009790314,0.639195168112316,0.551037703526588,0.577117508088718,0.570088102168033,0.58591239571637,0.710767660615342
1.088,0.654158309418912,0.606116914299634,0.766856139638974,0.569114216474905,0.639193906647046,0.551037318827279,0.577117003275849,0.570087683794996,0.585912139605407,0.710766317982946
1.09,0.654157387489691,0.606116309053637,0.766854184758735,0.569113423159496,0.63919293649812,0.551036934127969,0.577116498462981,0.57008726542196,0.585911883494444,0.710764975350549
1.092,0.654156465560471,0.60611570380764,0.766852229878495,0.569112629844087,0.639191966349195,0.551036549428659,0.577115993650113,0.57008686909434,0.58591162738348,0.710763632718153
1.094,0.65415554363125,0.606115098561643,0.766850274998255,0.569112064621516,0.639190996200269,0.55103616472935,0.577115488837244,0.570086610142986,0.585911371272517,0.710762290085756
1.096,0.65415462170203,0.606114493315646,0.766848320118016,0.569111512747691,0.639190026051343,0.55103578003004,0.577114984024376,0.570086351191633,0.585911115161554,0.71076094745336
1.098,0.654153699772809,0.606113888069649,0.766846365237776,0.569110960873865,0.639189055902417,0.55103539533073,0.577114479211507,0.570086092240279,0.58591085905059,0.710759604820963
1.1,0.654152777843588,0.606113282823652,0.766844410357536,0.56911040900004,0.639188085753491,0.551035010631421,0.577113974398639,0.570085833288926,0.585910602939627,0.710758262188567
1.102,0.654151855914368,0.606112677577656,0.766842455477296,0.569109857126215,0.639187115604565,0.551034625932111,0.57711346958577,0.570085574337572,0.585910346828664,0.71075691955617
1.104,0.654150933985147,0.606112072331658,0.766840500597057,0.56910930525239,0.639186145455639,0.551034241232801,0.577112964772902,0.570085315386219,0.585910090717701,0.710755576923774
1.106,0.654150012055927,0.606111467085662,0.766838545716817,0.569108753378565,0.639185175306713,0.551033856533492,0.577112459960034,0.570085056434865,0.585909834606737,0.710754234291378
1.108,0.654149090126706,0.606110861839664,0.766836590836577,0.56910820150474,0.639184205157788,0.551033471834182,0.577111955147165,0.570084797483512,0.585909578495774,0.710752891658981
1.11,0.654148168197486,0.606110256593667,0.766834635956338,0.569107649630915,0.639183235008862,0.551033087134872,0.577111450334297,0.570084538532158,0.585909322384811,0.710751549026585
1.112,0.654147246268265,0.60610965134767,0.766832681076098,0.56910709775709,0.639182264859936,0.551032702435563,0.577110945521428,0.570084279580805,0.585909066273847,0.710750206394188
1.114,0.654146324339045,0.606109046101673,0.766830726195858,0.569106545883264,0.63918129471101,0.551032317736253,0.57711044070856,0.570084020629451,0.585908810162884,0.710748988701533
1.116,0.654145402409824,0.606108606692855,0.766828771315619,0.569105994009439,0.639180324562084,0.551031933036943,0.577109935895692,0.570083761678098,0.585908554051921,0.710748132018189
1.118,0.654144531090085,0.606108219535667,0.766826816435379,0.569105442135614,0.639179354413158,0.551031548337634,0.577109431082823,0.570083502726744,0.585908297940958,0.710747275334846
1.12,0.654143947532943,0.60610783237848,0.766824861555139,0.569104890261789,0.639178384264232,0.551031163638324,0.577108926269955,0.570083243775391,0.585908041829994,0.710746418651503
1.122,0.654143363975802,0.606107445221292,0.766822906674899,0.569104338387964,0.639177414115307,0.551030778939014,0.577108421457086,0.570082984824037,0.585907785719031,0.71074556196816
1.124,0.65414278041866,0.606107058064104,0.76682095179466,0.569103786514139,0.639176443966381,0.551030394239705,0.577107916644218,0.570082725872683,0.585907529608068,0.710744705284816
1.126,0.654142196861518,0.606106670906917,0.76681899691442,0.569103234640314,0.639175473817455,0.551030009540395,0.57710741183135,0.57008246692133,0.585907282075468,0.710743848601473
1.128,0.654141613304377,0.606106283749729,0.76681704203418,0.569102682766489,0.639174503668529,0.551029624841085,0.577106907018481,0.570082207969976,0.585907095062497,0.71074299191813
1.13,0.654141029747235,0.606105896592542,0.76681508715394,0.569102130892663,0.639173533519603,0.551029240141776,0.577106402205613,0.570081949018623,0.585906908049527,0.710742135234786
1.132,0.654140446190093,0.606105509435354,0.766813132273701,0.569101579018838,0.639172563370677,0.551028919285238,0.577105897392744,0.570081690067269,0.585906721036557,0.710741278551443
1.134,0.654139862632951,0.606105122278167,0.766811177393461,0.569101027145013,0.639171593221752,0.551028672716293,0.577105392579876,0.570081431115916,0.585906534023587,0.7107404218681
1.136,0.65413927907581,0.606104735120979,0.766809222513221,0.569100475271188,0.639170623072826,0.551028426147347,0.577104938573487,0.570081172164562,0.585906347010617,0.710739565184757
1.138,0.654138695518668,0.606104347963791,0.766807542841316,0.569099923397363,0.639169742121867,0.551028179578402,0.577104581325201,0.570080913213209,0.585906159997647,0.710738708501413
1.14,0.654138111961526,0.606103960806604,0.766806447107805,0.569099371523538,0.639169065186784,0.551027933009457,0.577104224076915,0.570080654261855,0.585905972984677,0.71073785181807
1.142,0.654137528404385,0.606103573649416,0.766805351374294,0.569098819649713,0.639168388251702,0.551027686440512,0.577103866828629,0.570080408956943,0.585905785971706,0.710736995134727
1.144,0.654136944847243,0.606103186492229,0.766804255640783,0.569098430347354,0.639167711316619,0.551027439871566,0.577103509580344,0.570080248689982,0.585905598958736,0.710736138451384
1.146,0.654136361290101,0.606102799335041,0.766803159907273,0.569098050559215,0.639167034381537,0.551027193302621,0.577103152332058,0.570080088423021,0.585905411945766,0.71073528176804
1.148,0.65413577773296,0.606102412177853,0.766802064173762,0.569097670771075,0.639166357446454,0.551026946733676,0.577102795083772,0.57007992815606,0.585905224932796,0.710734425084697
1.15,0.654135194175818,0.606102025020666,0.766800968440251,0.569097290982936,0.639165680511372,0.551026700164731,0.577102437835486,0.5700797678891,0.585905037919826,0.710733568401354
1.152,0.654134610618676,0.606101637863478,0.76679987270674,0.569096911194797,0.639165003576289,0.551026453595785,0.5771020805872,0.570079607622139,0.585904850906856,0.710732711718011
1.154,0.654134027061535,0.606101250706291,0.766798776973229,0.569096531406657,0.639164326641207,0.55102620702684,0.577101723338914,0.570079447355178,0.585904663893885,0.710731855034667
1.156,0.654133443504393,0.606100863549103,0.766797681239718,0.569096151618518,0.639163649706124,0.551025960457895,0.577101366090628,0.570079287088217,0.585904476880915,0.710730998351324
1.158,0.654132859947251,0.606100476391915,0.766796585506208,0.569095771830379,0.639162972771042,0.55102571388895,0.577101008842342,0.570079126821256,0.585904289867945,0.710730141667981
1.16,0.65413227639011,0.606100089234728,0.766795489772697,0.569095392042239,0.639162295835959,0.551025467320004,0.577100651594056,0.570078966554295,0.585904102854975,0.710729284984637
1.162,0.654131692832968,0.60609970207754,0.766794394039186,0.5690950122541,0.639161618900877,0.551025220751059,0.577100294345771,0.570078806287335,0.585903915842005,0.710728428301294
1.164,0.654131109275826,0.606099314920353,0.766793298305675,0.569094632465961,0.639160941965794,0.551024974182114,0.577099937097485,0.570078646020374,0.585903728829035,0.710727652788575
1.166,0.654130525718684,0.606099032474429,0.766792202572165,0.569094252677821,0.639160265030712,0.551024727613169,0.577099579849199,0.570078485753413,0.585903541816065,0.710727111815729
1.168,0.654129974454054,0.60609878302071,0.766791106838654,0.569093872889682,0.639159588095629,0.551024481044223,0.577099222600913,0.570078325486452,0.585903354803094,0.710726570842883
1.17,0.654129606802779,0.606098533566992,0.766790011105143,0.569093493101543,0.639158911160547,0.551024234475278,0.577098865352627,0.570078165219491,0.585903167790124,0.710726029870037
1.172,0.654129239151505,0.606098284113274,0.766788915371632,0.569093113313403,0.639158234225464,0.551023987906333,0.577098508104341,0.57007800495253,0.585902980777154,0.710725488897191
1.174,0.65412887150023,0.606098034659556,0.766787819638121,0.569092733525264,0.639157557290382,0.551023741337388,0.577098150856055,0.57007784468557,0.585902793764184,0.710724947924345
1.176,0.654128503848956,0.606097785205837,0.76678672390461,0.569092353737125,0.639156880355299,0.551023494768442,0.577097793607769,0.570077684418609,0.58590261309906,0.710724406951499
1.178,0.654128136197682,0.606097535752119,0.7667856281711,0.569091973948985,0.639156203420217,0.551023248199497,0.577097436359484,0.570077524151648,0.58590247721746,0.710723865978653
1.18,0.654127768546407,0.606097286298401,0.766784532437589,0.569091594160846,0.639155526485134,0.551023001630552,0.577097079111198,0.570077363884687,0.58590234133586,0.710723325005807
1.182,0.654127400895133,0.606097036844683,0.766783436704078,0.569091214372707,0.639154849550052,0.551022795967088,0.577096721862912,0.570077203617726,0.58590220545426,0.710722784032961
1.184,0.654127033243859,0.606096787390964,0.766782340970567,0.569090834584567,0.639154172614969,0.551022637901333,0.577096364614626,0.570077043350766,0.58590206957266,0.710722243060115
1.186,0.654126665592584,0.606096537937246,0.766781245237056,0.569090454796428,0.639153495679887,0.551022479835579,0.577096044627538,0.570076883083805,0.585901933691059,0.710721702087269
1.188,0.65412629794131,0.606096288483528,0.766780319982066,0.569090075008289,0.639152881236473,0.551022321769825,0.577095795602323,0.570076722816844,0.585901797809459,0.710721161114424
1.19,0.654125930290036,0.606096039029809,0.766779756449236,0.569089695220149,0.639152409725604,0.55102216370407,0.577095546577107,0.570076562549883,0.585901661927859,0.710720620141578
1.192,0.654125562638761,0.606095789576091,0.766779192916406,0.56908931543201,0.639151938214736,0.551022005638316,0.577095297551892,0.570076411069032,0.585901526046259,0.710720079168732
1.194,0.654125194987487,0.606095540122373,0.766778629383576,0.569089043520802,0.639151466703867,0.551021847572561,0.577095048526676,0.570076314338922,0.585901390164658,0.710719538195886
1.196,0.654124827336213,0.606095290668655,0.766778065850746,0.569088777922908,0.639150995192999,0.551021689506807,0.577094799501461,0.570076217608812,0.585901254283058,0.71071899722304
1.198,0.654124459684938,0.606095041214936,0.766777502317916,0.569088512325014,0.63915052368213,0.551021531441053,0.577094550476245,0.570076120878702,0.585901118401458,0.710718456250194
1.2,0.654124092033664,0.606094791761218,0.766776938785086,0.569088246727121,0.639150052171262,0.551021373375298,0.577094301451029,0.570076024148592,0.585900982519858,0.710717915277348
1.202,0.65412372438239,0.6060945423075,0.766776375252256,0.569087981129227,0.639149580660394,0.551021215309544,0.577094052425814,0.570075927418482,0.585900846638258,0.710717374304502
1.204,0.654123356731115,0.606094292853782,0.766775811719426,0.569087715531333,0.639149109149525,0.551021057243789,0.577093803400598,0.570075830688372,0.585900710756657,0.710716833331656
1.206,0.654122989079841,0.606094043400063,0.766775248186596,0.569087449933439,0.639148637638657,0.551020899178035,0.577093554375383,0.570075733958262,0.585900574875057,0.71071629235881
1.208,0.654122621428566,0.606093793946345,0.766774684653766,0.569087184335545,0.639148166127788,0.551020741112281,0.577093305350167,0.570075637228152,0.585900438993457,0.710715751385964
1.21,0.654122253777292,0.606093544492627,0.766774121120936,0.569086918737652,0.63914769461692,0.551020583046526,0.577093056324952,0.570075540498042,0.585900303111857,0.710715210413118
1.212,0.654121886126018,0.606093295038909,0.766773557588106,0.569086653139758,0.639147223106052,0.551020424980772,0.577092807299736,0.570075443767932,0.585900167230257,0.710714669440272
1.214,0.654121518474743,0.60609304558519,0.766772994055276,0.569086387541864,0.639146751595183,0.551020266915017,0.577092558274521,0.570075347037822,0.585900031348656,0.710714181054297
1.216,0.654121150823469,0.606092864615632,0.766772430522446,0.56908612194397,0.639146280084315,0.551020108849263,0.577092309249305,0.570075250307712,0.585899895467056,0.71071384461637
1.218,0.654120803781383,0.60609270522392,0.766771866989617,0.569085856346077,0.639145808573446,0.551019950783509,0.57709206022409,0.570075153577602,0.585899759585456,0.710713508178444
1.22,0.654120573921957,0.606092545832208,0.766771303456787,0.569085590748183,0.639145337062578,0.551019792717754,0.577091811198874,0.570075056847492,0.585899623703856,0.710713171740517
1.222,0.654120344062532,0.606092386440495,0.766770739923957,0.569085325150289,0.639144865551709,0.551019634652,0.577091562173658,0.570074960117382,0.585899487822256,0.710712835302591
1.224,0.654120114203106,0.606092227048783,0.766770176391127,0.569085059552395,0.639144394040841,0.551019476586245,0.577091313148443,0.570074863387273,0.585899351940655,0.710712498864664
1.226,0.65411988434368,0.606092067657071,0.766769612858297,0.569084793954501,0.639143922529973,0.551019318520491,0.577091064123227,0.570074766657163,0.585899220990789,0.710712162426738
1.228,0.654119654484254,0.606091908265359,0.766769049325467,0.569084528356608,0.639143451019104,0.551019160454737,0.577090815098012,0.570074669927053,0.585899124833888,0.710711825988811
1.23,0.654119424624828,0.606091748873646,0.766768485792637,0.569084262758714,0.639142979508236,0.551019002388982,0.577090566072796,0.570074573196943,0.585899028676988,0.710711489550885
1.232,0.654119194765402,0.606091589481934,0.766767922259807,0.56908399716082,0.639142507997367,0.551018870525224,0.577090317047581,0.570074476466833,0.585898932520087,0.710711153112958
1.234,0.654118964905976,0.606091430090222,0.766767358726977,0.569083731562926,0.639142036486499,0.551018769150168,0.577090068022365,0.570074379736723,0.585898836363186,0.710710816675032
1.236,0.65411873504655,0.60609127069851,0.766766795194147,0.569083465965033,0.639141564975631,0.551018667775112,0.57708984467625,0.570074283006613,0.585898740206286,0.710710480237106
1.238,0.654118505187124,0.606091111306797,0.766766333279126,0.569083200367139,0.639141137574708,0.551018566400056,0.577089670234547,0.570074186276503,0.585898644049385,0.710710143799179
1.24,0.654118275327698,0.606090951915085,0.766766086977271,0.569082934769245,0.639140811063182,0.551018465025,0.577089495792845,0.570074089546393,0.585898547892485,0.710709807361253
1.242,0.654118045468272,0.606090792523373,0.766765840675415,0.569082669171351,0.639140484551657,0.551018363649944,0.577089321351142,0.570073997894986,0.585898451735584,0.710709470923326
1.244,0.654117815608846,0.606090633131661,0.76676559437356,0.569082478490244,0.639140158040132,0.551018262274888,0.57708914690944,0.570073937891573,0.585898355578683,0.7107091344854
1.246,0.654117585749421,0.606090473739948,0.766765348071704,0.569082292193515,0.639139831528607,0.551018160899832,0.577088972467737,0.57007387788816,0.585898259421783,0.710708798047473
1.248,0.654117355889995,0.606090314348236,0.766765101769849,0.569082105896785,0.639139505017082,0.551018059524776,0.577088798026035,0.570073817884747,0.585898163264882,0.710708461609547
1.25,0.654117126030569,0.606090154956524,0.766764855467994,0.569081919600056,0.639139178505556,0.55101795814972,0.577088623584332,0.570073757881334,0.585898067107982,0.71070812517162
1.252,0.654116896171143,0.606089995564812,0.766764609166138,0.569081733303326,0.639138851994031,0.551017856774664,0.57708844914263,0.570073697877921,0.585897970951081,0.710707788733694
1.254,0.654116666311717,0.606089836173099,0.766764362864283,0.569081547006597,0.639138525482506,0.551017755399608,0.577088274700927,0.570073637874508,0.58589787479418,0.710707452295767
1.256,0.654116436452291,0.606089676781387,0.766764116562427,0.569081360709867,0.639138198970981,0.551017654024551,0.577088100259225,0.570073577871096,0.58589777863728,0.710707115857841
1.258,0.654116206592865,0.606089517389675,0.766763870260572,0.569081174413138,0.639137872459456,0.551017552649496,0.577087925817522,0.570073517867683,0.585897682480379,0.710706779419914
1.26,0.654115976733439,0.606089357997963,0.766763623958717,0.569080988116409,0.639137545947931,0.551017451274439,0.57708775137582,0.57007345786427,0.585897586323479,0.710706442981988
1.262,0.654115746874013,0.60608919860625,0.766763377656861,0.569080801819679,0.639137219436405,0.551017349899383,0.577087576934117,0.570073397860857,0.585897490166578,0.710706106544062
1.264,0.654115517014587,0.606089039214538,0.766763131355006,0.56908061552295,0.63913689292488,0.551017248524327,0.577087402492415,0.570073337857444,0.585897394009677,0.71070580351472
1.266,0.654115287155161,0.606088923433745,0.76676288505315,0.56908042922622,0.639136566413355,0.551017147149271,0.577087228050712,0.570073277854031,0.585897297852777,0.710705597018399
1.268,0.65411507026299,0.606088821393789,0.766762638751295,0.569080242929491,0.63913623990183,0.551017045774215,0.577087053609009,0.570073217850618,0.585897201695876,0.710705390522078
1.27,0.654114927101885,0.606088719353833,0.76676239244944,0.569080056632761,0.639135913390305,0.551016944399159,0.577086879167307,0.570073157847205,0.585897105538976,0.710705184025757
1.272,0.65411478394078,0.606088617313877,0.766762146147584,0.569079870336032,0.63913558687878,0.551016843024103,0.577086704725604,0.570073097843792,0.585897009382075,0.710704977529436
1.274,0.654114640779674,0.606088515273921,0.766761899845729,0.569079684039303,0.639135260367254,0.551016741649047,0.577086530283902,0.57007303784038,0.585896913225174,0.710704771033115
1.276,0.654114497618569,0.606088413233965,0.766761653543873,0.569079497742573,0.639134933855729,0.551016640273991,0.577086355842199,0.570072977836967,0.585896820214419,0.710704564536794
1.278,0.654114354457463,0.606088311194009,0.766761407242018,0.569079311445844,0.639134607344204,0.551016538898935,0.577086181400497,0.570072917833554,0.585896749399457,0.710704358040472
1.28,0.654114211296358,0.606088209154053,0.766761160940162,0.569079125149114,0.639134280832679,0.551016437523879,0.577086006958794,0.570072857830141,0.585896678584494,0.710704151544151
1.282,0.654114068135252,0.606088107114097,0.766760914638307,0.569078938852385,0.639133954321154,0.551016352976548,0.577085832517092,0.570072797826728,0.585896607769532,0.71070394504783
1.284,0.654113924974147,0.606088005074141,0.766760668336452,0.569078752555655,0.639133627809629,0.551016288009995,0.577085658075389,0.570072737823315,0.585896536954569,0.710703738551509
1.286,0.654113781813042,0.606087903034185,0.766760422034596,0.569078566258926,0.639133301298103,0.551016223043443,0.577085501658038,0.570072677819902,0.585896466139606,0.710703532055188
1.288,0.654113638651936,0.606087800994229,0.766760232782514,0.569078379962197,0.639133005457374,0.55101615807689,0.577085379567055,0.570072617816489,0.585896395324644,0.710703325558867
1.29,0.654113495490831,0.606087698954273,0.766760164578921,0.569078193665467,0.639132779767676,0.551016093110338,0.577085257476073,0.570072557813077,0.585896324509681,0.710703119062545
1.292,0.654113352329725,0.606087596914317,0.766760096375327,0.569078007368738,0.639132554077978,0.551016028143785,0.57708513538509,0.570072500991716,0.585896253694718,0.710702912566224
1.294,0.65411320916862,0.606087494874361,0.766760028171734,0.569077879264907,0.63913232838828,0.551015963177233,0.577085013294108,0.57007246399935,0.585896182879756,0.710702706069903
1.296,0.654113066007514,0.606087392834405,0.766759959968141,0.569077754566718,0.639132102698582,0.551015898210681,0.577084891203125,0.570072427006983,0.585896112064793,0.710702499573582
1.298,0.654112922846409,0.606087290794449,0.766759891764547,0.569077629868528,0.639131877008884,0.551015833244128,0.577084769112143,0.570072390014617,0.585896041249831,0.710702293077261
1.3,0.654112779685303,0.606087188754493,0.766759823560954,0.569077505170339,0.639131651319185,0.551015768277576,0.57708464702116,0.570072353022251,0.585895970434868,0.710702086580939
1.302,0.654112636524198,0.606087086714537,0.766759755357361,0.569077380472149,0.639131425629487,0.551015703311023,0.577084524930178,0.570072316029885,0.585895899619905,0.710701880084618
1.304,0.654112493363093,0.606086984674582,0.766759687153767,0.56907725577396,0.639131199939789,0.551015638344471,0.577084402839195,0.570072279037518,0.585895828804943,0.710701673588297
1.306,0.654112350201987,0.606086882634626,0.766759618950174,0.56907713107577,0.639130974250091,0.551015573377918,0.577084280748213,0.570072242045152,0.58589575798998,0.710701467091976
1.308,0.654112207040882,0.60608678059467,0.766759550746581,0.56907700637758,0.639130748560393,0.551015508411366,0.577084158657231,0.570072205052786,0.585895687175017,0.710701260595655
1.31,0.654112063879776,0.606086678554714,0.766759482542987,0.569076881679391,0.639130522870695,0.551015443444813,0.577084036566248,0.570072168060419,0.585895616360055,0.710701054099334
1.312,0.654111920718671,0.606086576514758,0.766759414339394,0.569076756981201,0.639130297180996,0.551015378478261,0.577083914475266,0.570072131068053,0.585895545545092,0.710700847603012
1.314,0.654111777557565,0.606086474474802,0.766759346135801,0.569076632283012,0.639130071491298,0.551015313511708,0.577083792384283,0.570072094075687,0.585895474730129,0.710700662181028
1.316,0.65411163439646,0.606086400463779,0.766759277932207,0.569076507584822,0.6391298458016,0.551015248545156,0.577083670293301,0.570072057083321,0.585895403915167,0.710700537652655
1.318,0.654111499427531,0.606086335284054,0.766759209728614,0.569076382886633,0.639129620111902,0.551015183578603,0.577083548202318,0.570072020090954,0.585895333100204,0.710700413124282
1.32,0.654111411038845,0.60608627010433,0.766759141525021,0.569076258188443,0.639129394422204,0.551015118612051,0.577083426111336,0.570071983098588,0.585895262285242,0.710700288595908
1.322,0.654111322650159,0.606086204924605,0.766759073321427,0.569076133490253,0.639129168732506,0.551015053645498,0.577083304020353,0.570071946106222,0.585895191470279,0.710700164067535
1.324,0.654111234261473,0.60608613974488,0.766759005117834,0.569076008792064,0.639128943042808,0.551014988678946,0.577083181929371,0.570071909113855,0.585895120655316,0.710700039539162
1.326,0.654111145872787,0.606086074565156,0.76675893691424,0.569075884093874,0.639128717353109,0.551014923712393,0.577083059838388,0.570071872121489,0.585895052688547,0.710699915010788
1.328,0.654111057484101,0.606086009385431,0.766758868710647,0.569075759395685,0.639128491663411,0.551014858745841,0.577082937747406,0.570071835129123,0.585895004815537,0.710699790482415
1.33,0.654110969095416,0.606085944205706,0.766758800507054,0.569075634697495,0.639128265973713,0.551014793779288,0.577082815656424,0.570071798136757,0.585894956942528,0.710699665954042
1.332,0.65411088070673,0.606085879025981,0.76675873230346,0.569075509999305,0.639128040284015,0.551014739573869,0.577082693565441,0.57007176114439,0.585894909069518,0.710699541425668
1.334,0.654110792318044,0.606085813846256,0.766758664099867,0.569075385301116,0.639127814594317,0.55101469789013,0.577082571474459,0.570071724152024,0.585894861196509,0.710699416897295
1.336,0.654110703929358,0.606085748666532,0.766758595896274,0.569075260602926,0.639127588904619,0.55101465620639,0.577082462413697,0.570071687159658,0.5858948133235,0.710699292368922
1.338,0.654110615540672,0.606085683486807,0.766758557103459,0.569075135904737,0.639127384139395,0.55101461452265,0.577082378168264,0.570071650167291,0.58589476545049,0.710699167840548
1.34,0.654110527151986,0.606085618307082,0.766758580714579,0.569075011206547,0.639127227233164,0.55101457283891,0.577082293922831,0.570071613174925,0.585894717577481,0.710699043312175
1.342,0.6541104387633,0.606085553127357,0.7667586043257,0.569074886508358,0.639127070326933,0.55101453115517,0.577082209677397,0.570071578204873,0.585894669704472,0.710698918783802
1.344,0.654110350374614,0.606085487947633,0.76675862793682,0.569074796519697,0.639126913420702,0.55101448947143,0.577082125431964,0.570071555836895,0.585894621831462,0.710698794255428
1.346,0.654110261985928,0.606085422767908,0.76675865154794,0.569074708562352,0.639126756514471,0.55101444778769,0.577082041186531,0.570071533468917,0.585894573958453,0.710698669727055
1.348,0.654110173597242,0.606085357588183,0.76675867515906,0.569074620605008,0.63912659960824,0.551014406103951,0.577081956941098,0.570071511100939,0.585894526085443,0.710698545198681
1.35,0.654110085208556,0.606085292408459,0.76675869877018,0.569074532647664,0.639126442702009,0.551014364420211,0.577081872695664,0.570071488732961,0.585894478212434,0.710698420670308
1.352,0.65410999681987,0.606085227228734,0.7667587223813,0.569074444690319,0.639126285795779,0.551014322736471,0.577081788450231,0.570071466364982,0.585894430339425,0.710698296141935
1.354,0.654109908431185,0.606085162049009,0.766758745992421,0.569074356732975,0.639126128889548,0.551014281052731,0.577081704204798,0.570071443997004,0.585894382466415,0.710698171613561
1.356,0.654109820042499,0.606085096869284,0.766758769603541,0.56907426877563,0.639125971983317,0.551014239368991,0.577081619959364,0.570071421629026,0.585894334593406,0.710698047085188
1.358,0.654109731653813,0.60608503168956,0.766758793214661,0.569074180818286,0.639125815077086,0.551014197685252,0.577081535713931,0.570071399261048,0.585894286720396,0.710697922556815
1.36,0.654109643265127,0.606084966509835,0.766758816825781,0.569074092860941,0.639125658170855,0.551014156001512,0.577081451468498,0.57007137689307,0.585894238847387,0.710697798028441
1.362,0.654109554876441,0.60608490133011,0.766758840436901,0.569074004903597,0.639125501264624,0.551014114317772,0.577081367223065,0.570071354525092,0.585894190974378,0.710697673500068
1.364,0.654109466487755,0.606084836150385,0.766758864048021,0.569073916946252,0.639125344358394,0.551014072634032,0.577081282977631,0.570071332157114,0.585894143101368,0.710697562046261
1.366,0.654109378099069,0.606084788771604,0.766758887659142,0.569073828988908,0.639125187452163,0.551014030950292,0.577081198732198,0.570071309789135,0.585894095228359,0.710697488370987
1.368,0.654109294798921,0.606084747001506,0.766758911270262,0.569073741031563,0.639125030545932,0.551013989266552,0.577081114486765,0.570071287421157,0.585894047355349,0.710697414695713
1.37,0.654109240431906,0.606084705231408,0.766758934881382,0.569073653074219,0.639124873639701,0.551013947582813,0.577081030241332,0.570071265053179,0.58589399948234,0.710697341020439
1.372,0.654109186064891,0.60608466346131,0.766758958492502,0.569073565116874,0.63912471673347,0.551013905899073,0.577080945995898,0.570071242685201,0.585893951609331,0.710697267345165
1.374,0.654109131697876,0.606084621691212,0.766758982103622,0.56907347715953,0.639124559827239,0.551013864215333,0.577080861750465,0.570071220317223,0.585893903736321,0.710697193669891
1.376,0.654109077330862,0.606084579921114,0.766759005714743,0.569073389202186,0.639124402921009,0.551013822531593,0.577080777505032,0.570071197949245,0.585893857144759,0.710697119994617
1.378,0.654109022963847,0.606084538151016,0.766759029325863,0.569073301244841,0.639124246014778,0.551013780847853,0.577080693259599,0.570071175581266,0.585893819593695,0.710697046319343
1.38,0.654108968596832,0.606084496380918,0.766759052936983,0.569073213287497,0.639124089108547,0.551013739164113,0.577080609014165,0.570071153213288,0.585893782042631,0.710696972644069
1.382,0.654108914229817,0.60608445461082,0.766759076548103,0.569073125330152,0.639123932202316,0.551013704385163,0.577080524768732,0.57007113084531,0.585893744491567,0.710696898968795
1.384,0.654108859862802,0.606084412840722,0.766759100159223,0.569073037372808,0.639123775296085,0.551013677640642,0.577080440523299,0.570071108477332,0.585893706940503,0.710696825293521
1.386,0.654108805495788,0.606084371070624,0.766759123770343,0.569072949415463,0.639123618389854,0.551013650896121,0.577080364125015,0.570071086109354,0.585893669389439,0.710696751618247
1.388,0.654108751128773,0.606084329300526,0.766759160442914,0.569072861458119,0.639123476374828,0.551013624151601,0.577080302671189,0.570071063741376,0.585893631838375,0.710696677942973
1.39,0.654108696761758,0.606084287530428,0.766759224829335,0.569072773500774,0.639123368419348,0.55101359740708,0.577080241217362,0.570071041373398,0.585893594287311,0.710696604267699
1.392,0.654108642394743,0.606084245760331,0.766759289215756,0.56907268554343,0.639123260463868,0.551013570662559,0.577080179763536,0.570071020171841,0.585893556736247,0.710696530592424
1.394,0.654108588027728,0.606084203990233,0.766759353602177,0.56907262271547,0.639123152508388,0.551013543918038,0.57708011830971,0.570071006238851,0.585893519185183,0.71069645691715
1.396,0.654108533660714,0.606084162220135,0.766759417988598,0.569072561358165,0.639123044552909,0.551013517173517,0.577080056855884,0.570070992305862,0.585893481634119,0.710696383241876
1.398,0.654108479293699,0.606084120450037,0.766759482375019,0.56907250000086,0.639122936597428,0.551013490428996,0.577079995402058,0.570070978372873,0.585893444083055,0.710696309566602
1.4,0.654108424926684,0.606084078679939,0.76675954676144,0.569072438643554,0.639122828641948,0.551013463684475,0.577079933948231,0.570070964439883,0.585893406531991,0.710696235891328
1.402,0.654108370559669,0.606084036909841,0.76675961114786,0.569072377286249,0.639122720686468,0.551013436939954,0.577079872494405,0.570070950506894,0.585893368980927,0.710696162216054
1.404,0.654108316192654,0.606083995139743,0.766759675534281,0.569072315928944,0.639122612730988,0.551013410195433,0.577079811040579,0.570070936573905,0.585893331429863,0.71069608854078
1.406,0.65410826182564,0.606083953369645,0.766759739920702,0.569072254571639,0.639122504775508,0.551013383450912,0.577079749586753,0.570070922640915,0.585893293878799,0.710696014865506
1.408,0.654108207458625,0.606083911599547,0.766759804307123,0.569072193214333,0.639122396820028,0.551013356706391,0.577079688132927,0.570070908707926,0.585893256327735,0.710695941190232
1.41,0.65410815309161,0.606083869829449,0.766759868693544,0.569072131857028,0.639122288864548,0.55101332996187,0.5770796266791,0.570070894774937,0.585893218776671,0.710695867514958
1.412,0.654108098724595,0.606083828059351,0.766759933079965,0.569072070499723,0.639122180909068,0.551013303217349,0.577079565225274,0.570070880841947,0.585893181225607,0.710695793839684
1.414,0.65410804435758,0.606083786289254,0.766759997466386,0.569072009142418,0.639122072953588,0.551013276472828,0.577079503771448,0.570070866908958,0.585893143674543,0.710695728167692
1.416,0.654107989990565,0.60608375597888,0.766760061852807,0.569071947785112,0.639121964998108,0.551013249728307,0.577079442317622,0.570070852975969,0.585893106123479,0.710695685620925
1.418,0.654107938775407,0.606083729279213,0.766760126239227,0.569071886427807,0.639121857042628,0.551013222983787,0.577079380863796,0.570070839042979,0.585893068572416,0.710695643074157
1.42,0.654107905481525,0.606083702579545,0.766760190625648,0.569071825070502,0.639121749087148,0.551013196239266,0.577079319409969,0.57007082510999,0.585893031021352,0.710695600527389
1.422,0.654107872187644,0.606083675879877,0.766760255012069,0.569071763713197,0.639121641131668,0.551013169494745,0.577079257956143,0.570070811177001,0.585892993470288,0.710695557980621
1.424,0.654107838893762,0.60608364918021,0.76676031939849,0.569071702355891,0.639121533176188,0.551013142750224,0.577079196502317,0.570070797244012,0.585892955919224,0.710695515433853
1.426,0.65410780559988,0.606083622480542,0.766760383784911,0.569071640998586,0.639121425220708,0.551013116005703,0.577079135048491,0.570070783311022,0.585892919679877,0.710695472887085
1.428,0.654107772305998,0.606083595780875,0.766760448171332,0.569071579641281,0.639121317265228,0.551013089261182,0.577079073594664,0.570070769378033,0.585892892694584,0.710695430340317
1.43,0.654107739012116,0.606083569081207,0.766760512557753,0.569071518283976,0.639121209309748,0.551013062516661,0.577079012140838,0.570070755445043,0.585892865709292,0.710695387793549
1.432,0.654107705718234,0.60608354238154,0.766760576944174,0.56907145692667,0.639121101354268,0.551013040216946,0.577078950687012,0.570070741512054,0.585892838724,0.710695345246781
1.434,0.654107672424352,0.606083515681872,0.766760641330595,0.569071395569365,0.639120993398788,0.551013023089217,0.577078889233186,0.570070727579065,0.585892811738707,0.710695302700013
1.436,0.65410763913047,0.606083488982205,0.766760705717015,0.56907133421206,0.639120885443308,0.551013005961488,0.577078834457267,0.570070713646076,0.585892784753415,0.710695260153245
1.438,0.654107605836588,0.606083462282537,0.76676077378705,0.569071272854755,0.639120787618834,0.551012988833758,0.57707879239905,0.570070699713086,0.585892757768123,0.710695217606477
1.44,0.654107572542706,0.60608343558287,0.766760849672995,0.56907121149745,0.639120712966256,0.551012971706029,0.577078750340833,0.570070685780097,0.58589273078283,0.710695175059709
1.442,0.654107539248824,0.606083408883202,0.76676092555894,0.569071150140144,0.639120638313678,0.5510129545783,0.577078708282616,0.570070672602345,0.585892703797538,0.710695132512941
1.444,0.654107505954942,0.606083382183535,0.766761001444884,0.569071106721866,0.6391205636611,0.551012937450571,0.577078666224398,0.570070664130862,0.585892676812246,0.710695089966173
1.446,0.65410747266106,0.606083355483867,0.766761077330829,0.569071064353438,0.639120489008521,0.551012920322842,0.577078624166181,0.570070655659379,0.585892649826953,0.710695047419405
1.448,0.654107439367178,0.6060833287842,0.766761153216774,0.569071021985011,0.639120414355943,0.551012903195113,0.577078582107964,0.570070647187896,0.585892622841661,0.710695004872637
1.45,0.654107406073297,0.606083302084532,0.766761229102719,0.569070979616583,0.639120339703365,0.551012886067384,0.577078540049747,0.570070638716414,0.585892595856369,0.710694962325869
1.452,0.654107372779415,0.606083275384865,0.766761304988663,0.569070937248156,0.639120265050787,0.551012868939655,0.57707849799153,0.570070630244931,0.585892568871076,0.710694919779101
1.454,0.654107339485533,0.606083248685197,0.766761380874608,0.569070894879728,0.639120190398209,0.551012851811926,0.577078455933313,0.570070621773448,0.585892541885784,0.710694877232333
1.456,0.654107306191651,0.60608322198553,0.766761456760553,0.569070852511301,0.639120115745631,0.551012834684196,0.577078413875096,0.570070613301965,0.585892514900492,0.710694834685565
1.458,0.654107272897769,0.606083195285862,0.766761532646498,0.569070810142873,0.639120041093052,0.551012817556467,0.577078371816878,0.570070604830482,0.585892487915199,0.710694792138797
1.46,0.654107239603887,0.606083168586195,0.766761608532443,0.569070767774446,0.639119966440474,0.551012800428738,0.577078329758661,0.570070596359,0.585892460929907,0.710694749592029
1.462,0.654107206310005,0.606083141886527,0.766761684418387,0.569070725406018,0.639119891787896,0.551012783301009,0.577078287700444,0.570070587887517,0.585892433944615,0.710694707045261
1.464,0.654107173016123,0.60608311518686,0.766761760304332,0.569070683037591,0.639119817135318,0.55101276617328,0.577078245642227,0.570070579416034,0.585892406959322,0.710694669308035
1.466,0.654107139722241,0.606083095825837,0.766761836190277,0.569070640669163,0.63911974248274,0.551012749045551,0.57707820358401,0.570070570944551,0.58589237997403,0.710694645467823
1.468,0.654107108381662,0.606083078777058,0.766761912076222,0.569070598300736,0.639119667830161,0.551012731917822,0.577078161525792,0.570070562473069,0.585892352988738,0.710694621627611
1.47,0.654107088147449,0.60608306172828,0.766761987962167,0.569070555932308,0.639119593177583,0.551012714790093,0.577078119467575,0.570070554001586,0.585892326003445,0.7106945977874
1.472,0.654107067913236,0.606083044679501,0.766762063848111,0.56907051356388,0.639119518525005,0.551012697662364,0.577078077409358,0.570070545530103,0.585892299018153,0.710694573947188
1.474,0.654107047679024,0.606083027630722,0.766762139734056,0.569070471195453,0.639119443872427,0.551012680534634,0.577078035351141,0.57007053705862,0.585892272032861,0.710694550106976
1.476,0.654107027444811,0.606083010581944,0.766762215620001,0.569070428827025,0.639119369219849,0.551012663406905,0.577077993292924,0.570070528587137,0.58589224598741,0.710694526266764
1.478,0.654107007210598,0.606082993533165,0.766762291505946,0.569070386458598,0.639119294567271,0.551012646279176,0.577077951234707,0.570070520115655,0.585892226572464,0.710694502426552
1.48,0.654106986976386,0.606082976484387,0.76676236739189,0.56907034409017,0.639119219914692,0.551012629151447,0.57707790917649,0.570070511644172,0.585892207157518,0.71069447858634
1.482,0.654106966742173,0.606082959435608,0.766762443277835,0.569070301721743,0.639119145262114,0.551012614872926,0.577077867118272,0.570070503172689,0.585892187742571,0.710694454746128
1.484,0.65410694650796,0.60608294238683,0.76676251916378,0.569070259353315,0.639119070609536,0.55101260390975,0.577077825060055,0.570070494701206,0.585892168327625,0.710694430905917
1.486,0.654106926273748,0.606082925338051,0.766762595049725,0.569070216984888,0.639118995956958,0.551012592946575,0.577077787331349,0.570070486229723,0.585892148912678,0.710694407065705
1.488,0.654106906039535,0.606082908289272,0.766762669752884,0.56907017461646,0.639118928311475,0.551012581983399,0.577077757847953,0.570070477758241,0.585892129497732,0.710694383225493
1.49,0.654106885805322,0.606082891240494,0.766762741946403,0.569070132248033,0.639118876692799,0.551012571020223,0.577077728364558,0.570070469286758,0.585892110082786,0.710694359385281
1.492,0.65410686557111,0.606082874191715,0.766762814139923,0.569070089879605,0.639118825074124,0.551012560057048,0.577077698881162,0.570070461266926,0.58589209066784,0.710694335545069
1.494,0.654106845336897,0.606082857142937,0.766762886333442,0.569070059778083,0.639118773455448,0.551012549093872,0.577077669397766,0.570070456061558,0.585892071252893,0.710694311704857
1.496,0.654106825102684,0.606082840094158,0.766762958526962,0.56907003039446,0.639118721836773,0.551012538130696,0.577077639914371,0.570070450856191,0.585892051837947,0.710694287864645
1.498,0.654106804868472,0.60608282304538,0.766763030720481,0.569070001010837,0.639118670218098,0.551012527167521,0.577077610430975,0.570070445650824,0.585892032423001,0.710694264024433
1.5,0.654106784634259,0.606082805996601,0.766763102914,0.569069971627214,0.639118618599422,0.551012516204345,0.577077580947579,0.570070440445457,0.585892013008054,0.710694240184222
1.502,0.654106764400046,0.606082788947823,0.76676317510752,0.569069942243591,0.639118566980747,0.551012505241169,0.577077551464184,0.57007043524009,0.585891993593108,0.71069421634401
1.504,0.654106744165833,0.606082771899044,0.766763247301039,0.569069912859968,0.639118515362071,0.551012494277993,0.577077521980788,0.570070430034723,0.585891974178162,0.710694192503798
1.506,0.654106723931621,0.606082754850265,0.766763319494559,0.569069883476345,0.639118463743396,0.551012483314818,0.577077492497393,0.570070424829356,0.585891954763215,0.710694168663586
1.508,0.654106703697408,0.606082737801487,0.766763391688078,0.569069854092722,0.63911841212472,0.551012472351642,0.577077463013997,0.570070419623989,0.585891935348269,0.710694144823374
1.51,0.654106683463195,0.606082720752708,0.766763463881597,0.569069824709099,0.639118360506045,0.551012461388466,0.577077433530601,0.570070414418622,0.585891915933323,0.710694120983162
1.512,0.654106663228983,0.60608270370393,0.766763536075117,0.569069795325476,0.639118308887369,0.551012450425291,0.577077404047206,0.570070409213255,0.585891896518376,0.71069409714295
1.514,0.65410664299477,0.606082686655151,0.766763608268636,0.569069765941853,0.639118257268694,0.551012439462115,0.57707737456381,0.570070404007888,0.58589187710343,0.710694076146213
1.516,0.654106622760557,0.606082674257345,0.766763680462156,0.56906973655823,0.639118205650018,0.551012428498939,0.577077345080415,0.570070398802521,0.585891857688484,0.710694063365604
1.518,0.654106603722812,0.606082663324957,0.766763752655675,0.569069707174607,0.639118154031343,0.551012417535764,0.577077315597019,0.570070393597153,0.585891838273538,0.710694050584994
1.52,0.654106591488108,0.606082652392569,0.766763824849195,0.569069677790984,0.639118102412668,0.551012406572588,0.577077286113624,0.570070388391786,0.585891818858591,0.710694037804384
1.522,0.654106579253404,0.606082641460182,0.766763897042714,0.569069648407362,0.639118050793992,0.551012395609412,0.577077256630228,0.570070383186419,0.585891799443645,0.710694025023775
1.524,0.654106567018701,0.606082630527794,0.766763969236233,0.569069619023739,0.639117999175317,0.551012384646236,0.577077227146832,0.570070377981052,0.585891780028698,0.710694012243165
1.526,0.654106554783997,0.606082619595406,0.766764041429753,0.569069589640116,0.639117947556641,0.551012373683061,0.577077197663437,0.570070372775685,0.585891761295543,0.710693999462556
1.528,0.654106542549293,0.606082608663018,0.766764113623272,0.569069560256493,0.639117895937966,0.551012362719885,0.577077168180041,0.570070367570318,0.585891747372359,0.710693986681946
1.53,0.65410653031459,0.606082597730631,0.766764185816792,0.56906953087287,0.63911784431929,0.551012351756709,0.577077138696646,0.570070362364951,0.585891733449176,0.710693973901336
1.532,0.654106518079886,0.606082586798243,0.766764258010311,0.569069501489247,0.639117792700615,0.551012342604392,0.57707710921325,0.570070357159584,0.585891719525993,0.710693961120727
1.534,0.654106505845182,0.606082575865855,0.76676433020383,0.569069472105624,0.639117741081939,0.551012335559195,0.577077079729854,0.570070351954217,0.58589170560281,0.710693948340117
1.536,0.654106493610479,0.606082564933468,0.76676440239735,0.569069442722001,0.639117689463264,0.551012328513997,0.577077053314474,0.57007034674885,0.585891691679626,0.710693935559508
1.538,0.654106481375775,0.60608255400108,0.766764471481528,0.569069413338378,0.639117642750449,0.551012321468799,0.577077032741958,0.570070341543482,0.585891677756443,0.710693922778898
1.54,0.654106469141072,0.606082543068692,0.766764533968293,0.569069383954755,0.639117607258445,0.551012314423601,0.577077012169442,0.570070336338115,0.58589166383326,0.710693909998289
1.542,0.654106456906368,0.606082532136304,0.766764596455057,0.569069354571132,0.639117571766442,0.551012307378403,0.577076991596925,0.57007033141381,0.585891649910077,0.710693897217679
1.544,0.654106444671664,0.606082521203917,0.766764658941821,0.569069333448073,0.639117536274438,0.551012300333206,0.577076971024409,0.570070328240948,0.585891635986894,0.710693884437069
1.546,0.654106432436961,0.606082510271529,0.766764721428585,0.569069312808449,0.639117500782434,0.551012293288008,0.577076950451893,0.570070325068086,0.58589162206371,0.71069387165646
1.548,0.654106420202257,0.606082499339141,0.76676478391535,0.569069292168825,0.63911746529043,0.55101228624281,0.577076929879377,0.570070321895223,0.585891608140527,0.71069385887585
1.55,0.654106407967553,0.606082488406753,0.766764846402114,0.5690692715292,0.639117429798426,0.551012279197612,0.57707690930686,0.570070318722361,0.585891594217344,0.710693846095241
1.552,0.65410639573285,0.606082477474366,0.766764908888878,0.569069250889576,0.639117394306422,0.551012272152415,0.577076888734344,0.570070315549498,0.585891580294161,0.710693833314631
1.554,0.654106383498146,0.606082466541978,0.766764971375642,0.569069230249952,0.639117358814418,0.551012265107217,0.577076868161828,0.570070312376636,0.585891566370977,0.710693820534021
1.556,0.654106371263442,0.60608245560959,0.766765033862406,0.569069209610328,0.639117323322414,0.551012258062019,0.577076847589312,0.570070309203773,0.585891552447794,0.710693807753412
1.558,0.654106359028739,0.606082444677203,0.766765096349171,0.569069188970704,0.639117287830411,0.551012251016821,0.577076827016795,0.570070306030911,0.585891538524611,0.710693794972802
1.56,0.654106346794035,0.606082433744815,0.766765158835935,0.56906916833108,0.639117252338407,0.551012243971624,0.577076806444279,0.570070302858048,0.585891524601428,0.710693782192193
1.562,0.654106334559331,0.606082422812427,0.766765221322699,0.569069147691456,0.639117216846403,0.551012236926426,0.577076785871763,0.570070299685186,0.585891510678245,0.710693769411583
1.564,0.654106322324628,0.606082411880039,0.766765283809463,0.569069127051832,0.639117181354399,0.551012229881228,0.577076765299247,0.570070296512323,0.585891496755061,0.710693758256995
1.566,0.654106310089924,0.60608240397012,0.766765346296227,0.569069106412207,0.639117145862395,0.55101222283603,0.57707674472673,0.570070293339461,0.585891482831878,0.710693751800742
1.568,0.654106298584071,0.606082397012514,0.766765408782992,0.569069085772583,0.639117110370391,0.551012215790832,0.577076724154214,0.570070290166598,0.585891468908695,0.710693745344489
1.57,0.654106291222419,0.606082390054907,0.766765471269756,0.569069065132959,0.639117074878387,0.551012208745635,0.577076703581698,0.570070286993736,0.585891454985512,0.710693738888236
1.572,0.654106283860767,0.606082383097301,0.76676553375652,0.569069044493335,0.639117039386383,0.551012201700437,0.577076683009182,0.570070283820873,0.585891441062328,0.710693732431983
1.574,0.654106276499115,0.606082376139695,0.766765596243284,0.569069023853711,0.639117003894379,0.551012194655239,0.577076662436665,0.570070280648011,0.585891427139145,0.71069372597573
1.576,0.654106269137464,0.606082369182089,0.766765658730048,0.569069003214087,0.639116968402376,0.551012187610041,0.577076641864149,0.570070277475148,0.585891413625727,0.710693719519477
1.578,0.654106261775812,0.606082362224482,0.766765721216813,0.569068982574463,0.639116932910372,0.551012180564844,0.577076621291633,0.570070274302286,0.585891403003171,0.710693713063224
1.58,0.65410625441416,0.606082355266876,0.766765783703577,0.569068961934839,0.639116897418368,0.551012173519646,0.577076600719117,0.570070271129423,0.585891392380615,0.710693706606971
1.582,0.654106247052508,0.60608234830927,0.766765846190341,0.569068941295214,0.639116861926364,0.551012167646745,0.5770765801466,0.570070267956561,0.585891381758059,0.710693700150718
1.584,0.654106239690856,0.606082341351663,0.766765908677105,0.56906892065559,0.63911682643436,0.551012163137933,0.577076559574084,0.570070264783698,0.585891371135503,0.710693693694465
1.586,0.654106232329204,0.606082334394057,0.76676597116387,0.569068900015966,0.639116790942356,0.55101215862912,0.577076541109953,0.570070261610836,0.585891360512947,0.710693687238212
1.588,0.654106224967552,0.606082327436451,0.766766029753747,0.569068879376342,0.639116758807335,0.551012154120307,0.577076526661125,0.570070258437974,0.585891349890391,0.710693680781959
1.59,0.654106217605901,0.606082320478844,0.766766080075193,0.569068858736718,0.63911673435049,0.551012149611495,0.577076512212297,0.570070255265111,0.585891339267835,0.710693674325706
1.592,0.654106210244249,0.606082313521238,0.766766130396639,0.569068838097094,0.639116709893645,0.551012145102682,0.577076497763469,0.570070252258328,0.585891328645279,0.710693667869453
1.594,0.654106202882597,0.606082306563632,0.766766180718084,0.569068823961814,0.6391166854368,0.551012140593869,0.577076483314641,0.570070250286468,0.585891318022723,0.7106936614132
1.596,0.654106195520945,0.606082299606026,0.76676623103953,0.569068810207191,0.639116660979955,0.551012136085057,0.577076468865813,0.570070248314608,0.585891307400167,0.710693654956947
1.598,0.654106188159293,0.606082292648419,0.766766281360976,0.569068796452567,0.639116636523111,0.551012131576244,0.577076454416985,0.570070246342748,0.585891296777611,0.710693648500694
1.6,0.654106180797641,0.606082285690813,0.766766331682421,0.569068782697944,0.639116612066266,0.551012127067431,0.577076439968157,0.570070244370889,0.585891286155055,0.710693642044441
1.602,0.65410617343599,0.606082278733207,0.766766382003867,0.56906876894332,0.639116587609421,0.551012122558619,0.577076425519329,0.570070242399029,0.585891275532499,0.710693635588188
1.604,0.654106166074338,0.6060822717756,0.766766432325312,0.569068755188696,0.639116563152576,0.551012118049806,0.577076411070501,0.570070240427169,0.585891264909943,0.710693629131935
1.606,0.654106158712686,0.606082264817994,0.766766482646758,0.569068741434073,0.639116538695731,0.551012113540994,0.577076396621673,0.570070238455309,0.585891254287387,0.710693622675682
1.608,0.654106151351034,0.606082257860388,0.766766532968204,0.569068727679449,0.639116514238886,0.551012109032181,0.577076382172845,0.57007023648345,0.585891243664831,0.710693616219429
1.61,0.654106143989382,0.606082250902781,0.76676658328965,0.569068713924826,0.639116489782042,0.551012104523368,0.577076367724017,0.57007023451159,0.585891233042275,0.710693609763176
1.612,0.65410613662773,0.606082243945175,0.766766633611095,0.569068700170202,0.639116465325197,0.551012100014555,0.577076353275189,0.57007023253973,0.585891222419719,0.710693603306923
1.614,0.654106129266079,0.606082236987569,0.766766683932541,0.569068686415579,0.639116440868352,0.551012095505743,0.577076338826361,0.57007023056787,0.585891211797163,0.710693597752925
1.616,0.654106121904427,0.606082231939738,0.766766734253986,0.569068672660955,0.639116416411507,0.55101209099693,0.577076324377533,0.570070228596011,0.585891201174606,0.710693594805964
1.618,0.654106114986135,0.606082227493636,0.766766784575432,0.569068658906331,0.639116391954662,0.551012086488118,0.577076309928705,0.570070226624151,0.585891190552051,0.710693591859003
1.62,0.654106110588765,0.606082223047534,0.766766834896878,0.569068645151708,0.639116367497817,0.551012081979305,0.577076295479877,0.570070224652291,0.585891179929494,0.710693588912041
1.622,0.654106106191395,0.606082218601432,0.766766885218323,0.569068631397084,0.639116343040973,0.551012077470492,0.577076281031049,0.570070222680431,0.585891169306938,0.71069358596508
1.624,0.654106101794025,0.60608221415533,0.766766935539769,0.569068617642461,0.639116318584128,0.55101207296168,0.577076266582221,0.570070220708572,0.585891158684382,0.710693583018119
1.626,0.654106097396655,0.606082209709228,0.766766985861215,0.569068603887837,0.639116294127283,0.551012068452867,0.577076252133393,0.570070218736712,0.585891148560314,0.710693580071158
1.628,0.654106092999285,0.606082205263126,0.76676703618266,0.569068590133213,0.639116269670438,0.551012063944054,0.577076237684565,0.570070216764852,0.585891141953034,0.710693577124196
1.63,0.654106088601915,0.606082200817024,0.766767086504106,0.56906857637859,0.639116245213593,0.551012059435242,0.577076223235737,0.570070214792992,0.585891135345755,0.710693574177235
1.632,0.654106084204545,0.606082196370922,0.766767136825551,0.569068562623966,0.639116220756748,0.551012055669155,0.577076208786909,0.570070212821133,0.585891128738475,0.710693571230274
1.634,0.654106079807175,0.606082191924819,0.766767187146997,0.569068548869343,0.639116196299903,0.551012052767305,0.577076194338081,0.570070210849273,0.585891122131196,0.710693568283312
1.636,0.654106075409805,0.606082187478717,0.766767237468443,0.569068535114719,0.639116171843059,0.551012049865455,0.577076181375943,0.570070208877413,0.585891115523917,0.710693565336351
1.638,0.654106071012435,0.606082183032615,0.766767284134136,0.569068521360095,0.639116149688932,0.551012046963605,0.577076171245124,0.570070206905553,0.585891108916637,0.71069356238939
1.64,0.654106066615065,0.606082178586513,0.766767323043036,0.569068507605472,0.639116132801643,0.551012044061755,0.577076161114305,0.570070204933694,0.585891102309358,0.710693559442428
1.642,0.654106062217695,0.606082174140411,0.766767361951936,0.569068493850848,0.639116115914355,0.551012041159906,0.577076150983486,0.570070203068908,0.585891095702078,0.710693556495467
1.644,0.654106057820325,0.606082169694309,0.766767400860837,0.569068483663295,0.639116099027066,0.551012038258056,0.577076140852666,0.570070201871359,0.585891089094799,0.710693553548506
1.646,0.654106053422955,0.606082165248207,0.766767439769737,0.569068473684498,0.639116082139777,0.551012035356206,0.577076130721847,0.570070200673811,0.585891082487519,0.710693550601544
1.648,0.654106049025585,0.606082160802105,0.766767478678637,0.569068463705701,0.639116065252488,0.551012032454356,0.577076120591028,0.570070199476262,0.58589107588024,0.710693547654583
1.65,0.654106044628215,0.606082156356003,0.766767517587537,0.569068453726904,0.639116048365199,0.551012029552506,0.577076110460208,0.570070198278713,0.58589106927296,0.710693544707622
1.652,0.654106040230844,0.6060821519099,0.766767556496437,0.569068443748107,0.63911603147791,0.551012026650657,0.577076100329389,0.570070197081164,0.585891062665681,0.710693541760661
1.654,0.654106035833474,0.606082147463798,0.766767595405337,0.56906843376931,0.639116014590621,0.551012023748807,0.57707609019857,0.570070195883615,0.585891056058401,0.710693538813699
1.656,0.654106031436104,0.606082143017696,0.766767634314238,0.569068423790513,0.639115997703332,0.551012020846957,0.577076080067751,0.570070194686066,0.585891049451122,0.710693535866738
1.658,0.654106027038734,0.606082138571594,0.766767673223138,0.569068413811716,0.639115980816043,0.551012017945107,0.577076069936932,0.570070193488517,0.585891042843842,0.710693532919777
1.66,0.654106022641364,0.606082134125492,0.766767712132038,0.569068403832919,0.639115963928754,0.551012015043257,0.577076059806112,0.570070192290968,0.585891036236563,0.710693529972815
1.662,0.654106018243994,0.60608212967939,0.766767751040938,0.569068393854122,0.639115947041466,0.551012012141408,0.577076049675293,0.570070191093419,0.585891029629283,0.710693527025854
1.664,0.654106013846624,0.606082125233288,0.766767789949838,0.569068383875325,0.639115930154177,0.551012009239558,0.577076039544474,0.57007018989587,0.585891023022004,0.710693524566546
1.666,0.654106009449254,0.60608212200424,0.766767828858738,0.569068373896528,0.639115913266888,0.551012006337708,0.577076029413655,0.570070188698321,0.585891016414724,0.710693523516297
1.668,0.654106005318325,0.606082119158659,0.766767867767639,0.569068363917731,0.639115896379599,0.551012003435858,0.577076019282835,0.570070187500772,0.585891009807445,0.710693522466047
1.67,0.654106002702366,0.606082116313078,0.766767906676539,0.569068353938935,0.63911587949231,0.551012000534008,0.577076009152016,0.570070186303223,0.585891003200165,0.710693521415798
1.672,0.654106000086406,0.606082113467498,0.766767945585439,0.569068343960138,0.639115862605021,0.551011997632159,0.577075999021197,0.570070185105674,0.585890996592886,0.710693520365548
1.674,0.654105997470446,0.606082110621917,0.766767984494339,0.569068333981341,0.639115845717732,0.551011994730309,0.577075988890378,0.570070183908125,0.585890989985606,0.710693519315299
1.676,0.654105994854486,0.606082107776336,0.766768023403239,0.569068324002544,0.639115828830443,0.551011991828459,0.577075978759559,0.570070182710577,0.585890983515317,0.710693518265049
1.678,0.654105992238527,0.606082104930755,0.766768062312139,0.569068314023747,0.639115811943154,0.551011988926609,0.577075968628739,0.570070181513028,0.585890978011483,0.710693517214799
1.68,0.654105989622567,0.606082102085174,0.766768101221039,0.56906830404495,0.639115795055865,0.551011986024759,0.57707595849792,0.570070180315479,0.58589097250765,0.71069351616455
1.682,0.654105987006607,0.606082099239593,0.76676814012994,0.569068294066153,0.639115778168576,0.551011983605097,0.577075948367101,0.57007017911793,0.585890967003816,0.710693515114301
1.684,0.654105984390647,0.606082096394013,0.76676817903884,0.569068284087356,0.639115761281288,0.551011981746507,0.577075938236282,0.570070177920381,0.585890961499982,0.710693514064051
1.686,0.654105981774688,0.606082093548432,0.76676821794774,0.569068274108559,0.639115744393999,0.551011979887918,0.577075929158116,0.570070176722832,0.585890955996148,0.710693513013802
1.688,0.654105979158728,0.606082090702851,0.766768253634684,0.569068264129762,0.639115729108218,0.551011978029329,0.57707592208467,0.570070175525283,0.585890950492314,0.710693511963552
1.69,0.654105976542768,0.60608208785727,0.766768282485268,0.569068254150965,0.639115717485448,0.55101197617074,0.577075915011224,0.570070174327734,0.58589094498848,0.710693510913303
1.692,0.654105973926809,0.606082085011689,0.766768311335851,0.569068244172168,0.639115705862679,0.55101197431215,0.577075907937778,0.570070173192974,0.585890939484647,0.710693509863053
1.694,0.654105971310849,0.606082082166109,0.766768340186434,0.569068237382322,0.639115694239909,0.551011972453561,0.577075900864332,0.570070172449481,0.585890933980813,0.710693508812803
1.696,0.654105968694889,0.606082079320528,0.766768369037017,0.569068230779103,0.639115682617139,0.551011970594972,0.577075893790886,0.570070171705989,0.585890928476979,0.710693507762554
1.698,0.654105966078929,0.606082076474947,0.7667683978876,0.569068224175884,0.63911567099437,0.551011968736383,0.57707588671744,0.570070170962497,0.585890922973145,0.710693506712305
1.7,0.65410596346297,0.606082073629366,0.766768426738183,0.569068217572665,0.6391156593716,0.551011966877794,0.577075879643994,0.570070170219005,0.585890917469311,0.710693505662055
1.702,0.65410596084701,0.606082070783786,0.766768455588766,0.569068210969446,0.63911564774883,0.551011965019204,0.577075872570548,0.570070169475512,0.585890911965477,0.710693504611805
1.704,0.65410595823105,0.606082067938205,0.76676848443935,0.569068204366227,0.639115636126061,0.551011963160615,0.577075865497102,0.57007016873202,0.585890906461644,0.710693503561556
1.706,0.654105955615091,0.606082065092624,0.766768513289933,0.569068197763008,0.639115624503291,0.551011961302026,0.577075858423656,0.570070167988528,0.58589090095781,0.710693502511306
1.708,0.654105952999131,0.606082062247043,0.766768542140516,0.569068191159789,0.639115612880521,0.551011959443437,0.57707585135021,0.570070167245036,0.585890895453976,0.710693501461057
1.71,0.654105950383171,0.606082059401462,0.766768570991099,0.569068184556571,0.639115601257751,0.551011957584847,0.577075844276764,0.570070166501543,0.585890889950142,0.710693500410807
1.712,0.654105947767211,0.606082056555881,0.766768599841682,0.569068177953352,0.639115589634982,0.551011955726258,0.577075837203318,0.570070165758051,0.585890884446308,0.710693499360558
1.714,0.654105945151252,0.606082053710301,0.766768628692265,0.569068171350133,0.639115578012212,0.551011953867669,0.577075830129872,0.570070165014559,0.585890878942475,0.710693498552363
1.716,0.654105942535292,0.606082051655234,0.766768657542849,0.569068164746914,0.639115566389442,0.55101195200908,0.577075823056426,0.570070164271067,0.585890873438641,0.710693498443576
1.718,0.654105940080655,0.606082049849242,0.766768686393432,0.569068158143695,0.639115554766673,0.55101195015049,0.57707581598298,0.570070163527574,0.585890867934807,0.71069349833479
1.72,0.654105938543288,0.606082048043249,0.766768715244015,0.569068151540476,0.639115543143903,0.551011948291901,0.577075808909534,0.570070162784082,0.585890862430973,0.710693498226003
1.722,0.654105937005921,0.606082046237256,0.766768744094598,0.569068144937257,0.639115531521133,0.551011946433312,0.577075801836088,0.57007016204059,0.585890856927139,0.710693498117216
1.724,0.654105935468554,0.606082044431263,0.766768772945181,0.569068138334038,0.639115519898364,0.551011944574723,0.577075794762642,0.570070161297098,0.585890851423306,0.71069349800843
1.726,0.654105933931187,0.606082042625271,0.766768801795764,0.569068131730819,0.639115508275594,0.551011942716134,0.577075787689196,0.570070160553605,0.585890846153243,0.710693497899643
1.728,0.65410593239382,0.606082040819278,0.766768830646347,0.569068125127601,0.639115496652824,0.551011940857544,0.57707578061575,0.570070159810113,0.585890842532422,0.710693497790857
1.73,0.654105930856453,0.606082039013285,0.766768859496931,0.569068118524382,0.639115485030055,0.551011938998955,0.577075773542304,0.570070159066621,0.585890838911601,0.71069349768207
1.732,0.654105929319086,0.606082037207292,0.766768888347514,0.569068111921163,0.639115473407285,0.551011937440303,0.577075766468858,0.570070158323128,0.58589083529078,0.710693497573283
1.734,0.654105927781719,0.6060820354013,0.766768917198097,0.569068105317944,0.639115461784515,0.551011936230659,0.577075759395412,0.570070157579636,0.585890831669959,0.710693497464497
1.736,0.654105926244352,0.606082033595307,0.76676894604868,0.569068098714725,0.639115450161746,0.551011935021015,0.577075753047126,0.570070156836144,0.585890828049138,0.71069349735571
1.738,0.654105924706985,0.606082031789314,0.766768972318078,0.569068092111506,0.639115439633752,0.551011933811371,0.577075748079866,0.570070156092652,0.585890824428317,0.710693497246924
1.74,0.654105923169618,0.606082029983322,0.766768993110703,0.569068085508287,0.639115431609759,0.551011932601727,0.577075743112607,0.570070155349159,0.585890820807496,0.710693497138137
1.742,0.654105921632251,0.606082028177329,0.766769013903329,0.569068078905068,0.639115423585767,0.551011931392083,0.577075738145347,0.570070154646002,0.585890817186675,0.71069349702935
1.744,0.654105920094884,0.606082026371336,0.766769034695955,0.569068074081463,0.639115415561774,0.551011930182439,0.577075733178088,0.570070154194188,0.585890813565854,0.710693496920564
1.746,0.654105918557517,0.606082024565343,0.76676905548858,0.569068069362006,0.639115407537781,0.551011928972795,0.577075728210828,0.570070153742375,0.585890809945033,0.710693496811777
1.748,0.65410591702015,0.606082022759351,0.766769076281206,0.56906806464255,0.639115399513788,0.551011927763151,0.577075723243568,0.570070153290562,0.585890806324211,0.710693496702991
1.75,0.654105915482784,0.606082020953358,0.766769097073832,0.569068059923094,0.639115391489795,0.551011926553507,0.577075718276309,0.570070152838749,0.58589080270339,0.710693496594204
1.752,0.654105913945417,0.606082019147365,0.766769117866458,0.569068055203637,0.639115383465802,0.551011925343863,0.577075713309049,0.570070152386936,0.585890799082569,0.710693496485417
1.754,0.65410591240805,0.606082017341372,0.766769138659083,0.569068050484181,0.639115375441809,0.551011924134219,0.57707570834179,0.570070151935123,0.585890795461748,0.710693496376631
1.756,0.654105910870683,0.60608201553538,0.766769159451709,0.569068045764724,0.639115367417816,0.551011922924575,0.57707570337453,0.57007015148331,0.585890791840927,0.710693496267844
1.758,0.654105909333316,0.606082013729387,0.766769180244335,0.569068041045268,0.639115359393824,0.551011921714931,0.577075698407271,0.570070151031497,0.585890788220106,0.710693496159058
1.76,0.654105907795949,0.606082011923394,0.76676920103696,0.569068036325811,0.639115351369831,0.551011920505287,0.577075693440011,0.570070150579684,0.585890784599285,0.710693496050271
1.762,0.654105906258582,0.606082010117401,0.766769221829586,0.569068031606355,0.639115343345838,0.551011919295643,0.577075688472752,0.570070150127871,0.585890780978464,0.710693495941484
1.764,0.654105904721215,0.606082008311409,0.766769242622212,0.569068026886898,0.639115335321845,0.551011918085999,0.577075683505492,0.570070149676057,0.585890777357643,0.710693495934536
1.766,0.654105903183848,0.606082006990689,0.766769263414838,0.569068022167442,0.639115327297852,0.551011916876355,0.577075678538233,0.570070149224244,0.585890773736821,0.710693496221848
1.768,0.654105901741392,0.606082005822869,0.766769284207463,0.569068017447985,0.639115319273859,0.551011915666711,0.577075673570973,0.570070148772431,0.585890770116,0.71069349650916
1.77,0.654105900838596,0.606082004655049,0.766769305000089,0.569068012728529,0.639115311249866,0.551011914457067,0.577075668603714,0.570070148320618,0.585890766495179,0.710693496796472
1.772,0.654105899935799,0.606082003487228,0.766769325792715,0.569068008009072,0.639115303225873,0.551011913247422,0.577075663636454,0.570070147868805,0.585890762874358,0.710693497083783
1.774,0.654105899033002,0.606082002319408,0.76676934658534,0.569068003289616,0.63911529520188,0.551011912037779,0.577075658669195,0.570070147416992,0.585890759253537,0.710693497371095
1.776,0.654105898130206,0.606082001151587,0.766769367377966,0.569067998570159,0.639115287177888,0.551011910828134,0.577075653701935,0.570070146965179,0.585890755756641,0.710693497658407
1.778,0.654105897227409,0.606081999983767,0.766769388170592,0.569067993850703,0.639115279153895,0.55101190961849,0.577075648734675,0.570070146513366,0.585890753134023,0.710693497945718
1.78,0.654105896324613,0.606081998815946,0.766769408963218,0.569067989131246,0.639115271129902,0.551011908408846,0.577075643767416,0.570070146061553,0.585890750511404,0.71069349823303
1.782,0.654105895421816,0.606081997648126,0.766769429755843,0.56906798441179,0.639115263105909,0.55101190741237,0.577075638800156,0.570070145609739,0.585890747888786,0.710693498520342
1.784,0.654105894519019,0.606081996480306,0.766769450548469,0.569067979692333,0.639115255081916,0.551011906663937,0.577075633832897,0.570070145157926,0.585890745266168,0.710693498807654
1.786,0.654105893616223,0.606081995312485,0.766769471341095,0.569067974972877,0.639115247057923,0.551011905915504,0.577075629378805,0.570070144706113,0.58589074264355,0.710693499094965
1.788,0.654105892713426,0.606081994144665,0.766769490141769,0.569067970253421,0.639115239790195,0.551011905167071,0.57707562590201,0.5700701442543,0.585890740020932,0.710693499382277
1.79,0.65410589181063,0.606081992976844,0.766769504715911,0.569067965533964,0.639115234252215,0.551011904418637,0.577075622425216,0.570070143802487,0.585890737398314,0.710693499669589
1.792,0.654105890907833,0.606081991809024,0.766769519290053,0.569067960814508,0.639115228714235,0.551011903670204,0.577075618948422,0.570070143374976,0.585890734775696,0.710693499956901
1.794,0.654105890005037,0.606081990641203,0.766769533864194,0.569067957481401,0.639115223176255,0.551011902921771,0.577075615471628,0.570070143098905,0.585890732153078,0.710693500244212
1.796,0.65410588910224,0.606081989473383,0.766769548438336,0.569067954229429,0.639115217638275,0.551011902173337,0.577075611994834,0.570070142822835,0.58589072953046,0.710693500531524
1.798,0.654105888199444,0.606081988305563,0.766769563012478,0.569067950977457,0.639115212100295,0.551011901424904,0.57707560851804,0.570070142546764,0.585890726907842,0.710693500818836
1.8,0.654105887296647,0.606081987137742,0.76676957758662,0.569067947725484,0.639115206562315,0.551011900676471,0.577075605041246,0.570070142270693,0.585890724285224,0.710693501106147
1.802,0.65410588639385,0.606081985969922,0.766769592160761,0.569067944473512,0.639115201024335,0.551011899928038,0.577075601564452,0.570070141994622,0.585890721662606,0.710693501393459
1.804,0.654105885491054,0.606081984802102,0.766769606734903,0.569067941221539,0.639115195486355,0.551011899179604,0.577075598087658,0.570070141718552,0.585890719039988,0.710693501680771
1.806,0.654105884588257,0.606081983634281,0.766769621309045,0.569067937969567,0.639115189948375,0.551011898431171,0.577075594610864,0.570070141442481,0.58589071641737,0.710693501968083
1.808,0.654105883685461,0.606081982466461,0.766769635883187,0.569067934717594,0.639115184410395,0.551011897682738,0.577075591134069,0.57007014116641,0.585890713794752,0.710693502255394
1.81,0.654105882782664,0.60608198129864,0.766769650457329,0.569067931465622,0.639115178872415,0.551011896934305,0.577075587657275,0.570070140890339,0.585890711172134,0.710693502542706
1.812,0.654105881879868,0.60608198013082,0.76676966503147,0.56906792821365,0.639115173334435,0.551011896185871,0.577075584180481,0.570070140614269,0.585890708549516,0.710693502830018
1.814,0.654105880977071,0.606081978962999,0.766769679605612,0.569067924961677,0.639115167796455,0.551011895437438,0.577075580703687,0.570070140338198,0.585890705926898,0.710693503155673
1.816,0.654105880074275,0.606081978121042,0.766769694179754,0.569067921709705,0.639115162258475,0.551011894689005,0.577075577226893,0.570070140062127,0.58589070330428,0.710693503592122
1.818,0.654105879228158,0.606081977381757,0.766769708753896,0.569067918457732,0.639115156720495,0.551011893940571,0.577075573750099,0.570070139786056,0.585890700681662,0.71069350402857
1.82,0.654105878704321,0.606081976642472,0.766769723328038,0.56906791520576,0.639115151182515,0.551011893192138,0.577075570273305,0.570070139509986,0.585890698059044,0.710693504465018
1.822,0.654105878180484,0.606081975903186,0.766769737902179,0.569067911953787,0.639115145644535,0.551011892443705,0.577075566796511,0.570070139233915,0.585890695436426,0.710693504901467
1.824,0.654105877656647,0.606081975163901,0.766769752476321,0.569067908701815,0.639115140106555,0.551011891695272,0.577075563319717,0.570070138957844,0.585890692813808,0.710693505337915
1.826,0.65410587713281,0.606081974424616,0.766769767050463,0.569067905449843,0.639115134568575,0.551011890946838,0.577075559842923,0.570070138681773,0.58589069028054,0.710693505774364
1.828,0.654105876608973,0.606081973685331,0.766769781624605,0.56906790219787,0.639115129030595,0.551011890198405,0.577075556366129,0.570070138405703,0.585890688377633,0.710693506210812
1.83,0.654105876085135,0.606081972946045,0.766769796198747,0.569067898945898,0.639115123492615,0.551011889449972,0.577075552889335,0.570070138129632,0.585890686474727,0.71069350664726
1.832,0.654105875561298,0.60608197220676,0.766769810772888,0.569067895693925,0.639115117954634,0.551011888820594,0.57707554941254,0.570070137853561,0.58589068457182,0.710693507083709
1.834,0.654105875037461,0.606081971467475,0.76676982534703,0.569067892441953,0.639115112416654,0.55101188832975,0.577075545935746,0.57007013757749,0.585890682668913,0.710693507520157
1.836,0.654105874513624,0.60608197072819,0.766769839921172,0.569067889189981,0.639115106878674,0.551011887838905,0.577075542817258,0.57007013730142,0.585890680766006,0.710693507956606
1.838,0.654105873989787,0.606081969988905,0.766769853007509,0.569067885938008,0.639115101868913,0.551011887348061,0.577075540381145,0.570070137025349,0.585890678863099,0.710693508393054
1.84,0.65410587346595,0.60608196924962,0.766769862937013,0.569067882686036,0.639115098067306,0.551011886857217,0.577075537945031,0.570070136749278,0.585890676960192,0.710693508829503
1.842,0.654105872942113,0.606081968510334,0.766769872866518,0.569067879434063,0.639115094265699,0.551011886366372,0.577075535508918,0.570070136487661,0.585890675057285,0.710693509265951
1.844,0.654105872418276,0.606081967771049,0.766769882796022,0.569067877251191,0.639115090464092,0.551011885875528,0.577075533072804,0.570070136316114,0.585890673154379,0.710693509702399
1.846,0.654105871894439,0.606081967031764,0.766769892725527,0.569067875130887,0.639115086662485,0.551011885384684,0.577075530636691,0.570070136144567,0.585890671251472,0.710693510138848
1.848,0.654105871370602,0.606081966292479,0.766769902655031,0.569067873010583,0.639115082860878,0.551011884893839,0.577075528200577,0.57007013597302,0.585890669348565,0.710693510575296
1.85,0.654105870846765,0.606081965553194,0.766769912584536,0.569067870890278,0.639115079059271,0.551011884402995,0.577075525764463,0.570070135801474,0.585890667445658,0.710693511011745
1.852,0.654105870322928,0.606081964813908,0.76676992251404,0.569067868769974,0.639115075257664,0.551011883912151,0.57707552332835,0.570070135629927,0.585890665542751,0.710693511448193
1.854,0.65410586979909,0.606081964074623,0.766769932443545,0.56906786664967,0.639115071456057,0.551011883421306,0.577075520892236,0.57007013545838,0.585890663639844,0.710693511884641
1.856,0.654105869275253,0.606081963335338,0.76676994237305,0.569067864529365,0.63911506765445,0.551011882930462,0.577075518456123,0.570070135286833,0.585890661736937,0.71069351232109
1.858,0.654105868751416,0.606081962596053,0.766769952302554,0.569067862409061,0.639115063852843,0.551011882439618,0.577075516020009,0.570070135115286,0.585890659834031,0.710693512757538
1.86,0.654105868227579,0.606081961856768,0.766769962232059,0.569067860288756,0.639115060051236,0.551011881948773,0.577075513583895,0.570070134943739,0.585890657931124,0.710693513193987
1.862,0.654105867703742,0.606081961117482,0.766769972161563,0.569067858168452,0.639115056249629,0.551011881457929,0.577075511147782,0.570070134772192,0.585890656028217,0.710693513630435
1.864,0.654105867179905,0.606081960378197,0.766769982091068,0.569067856048147,0.639115052448022,0.551011880967085,0.577075508711668,0.570070134600645,0.58589065412531,0.71069351406727
1.866,0.654105866656068,0.606081959842147,0.766769992020572,0.569067853927843,0.639115048646415,0.55101188047624,0.577075506275555,0.570070134429098,0.585890652222403,0.710693514505224
1.868,0.654105866165433,0.606081959370132,0.766770001950077,0.569067851807539,0.639115044844808,0.551011879985396,0.577075503839441,0.570070134257551,0.585890650319496,0.710693514943178
1.87,0.654105865863582,0.606081958898117,0.766770011879581,0.569067849687234,0.639115041043201,0.551011879494552,0.577075501403327,0.570070134086004,0.585890648416589,0.710693515381131
1.872,0.654105865561731,0.606081958426101,0.766770021809086,0.56906784756693,0.639115037241594,0.551011879003707,0.577075498967214,0.570070133914458,0.585890646513683,0.710693515819085
1.874,0.65410586525988,0.606081957954086,0.766770031738591,0.569067845446625,0.639115033439987,0.551011878512863,0.5770754965311,0.570070133742911,0.585890644610776,0.710693516257039
1.876,0.654105864958029,0.606081957482071,0.766770041668095,0.569067843326321,0.63911502963838,0.551011878022019,0.577075494094987,0.570070133571364,0.585890642783076,0.710693516694992
1.878,0.654105864656178,0.606081957010056,0.7667700515976,0.569067841206017,0.639115025836773,0.551011877531174,0.577075491658873,0.570070133399817,0.585890641485955,0.710693517132946
1.88,0.654105864354327,0.60608195653804,0.766770061527104,0.569067839085712,0.639115022035166,0.55101187704033,0.577075489222759,0.57007013322827,0.585890640188834,0.710693517570899
1.882,0.654105864052476,0.606081956066025,0.766770071456609,0.569067836965408,0.639115018233559,0.551011876630606,0.577075486786646,0.570070133056723,0.585890638891713,0.710693518008853
1.884,0.654105863750625,0.60608195559401,0.766770081386113,0.569067834845103,0.639115014431952,0.551011876315273,0.577075484350532,0.570070132885176,0.585890637594592,0.710693518446807
1.886,0.654105863448774,0.606081955121994,0.766770091315618,0.569067832724799,0.639115010630345,0.551011875999941,0.577075482164974,0.570070132713629,0.585890636297471,0.71069351888476
1.888,0.654105863146923,0.606081954649979,0.766770100174677,0.569067830604495,0.639115007188843,0.551011875684608,0.577075480456583,0.570070132542082,0.58589063500035,0.710693519322714
1.89,0.654105862845072,0.606081954177964,0.766770106762461,0.56906782848419,0.639115004570983,0.551011875369275,0.577075478748192,0.570070132370535,0.585890633703229,0.710693519760668
1.892,0.654105862543221,0.606081953705949,0.766770113350246,0.569067826363886,0.639115001953124,0.551011875053942,0.577075477039801,0.570070132208254,0.585890632406108,0.710693520198621
1.894,0.65410586224137,0.606081953233933,0.76677011993803,0.569067824692592,0.639114999335264,0.55101187473861,0.57707547533141,0.57007013210371,0.585890631108987,0.710693520636575
1.896,0.654105861939519,0.606081952761918,0.766770126525814,0.569067823047577,0.639114996717404,0.551011874423277,0.577075473623019,0.570070131999166,0.585890629811866,0.710693521074528
1.898,0.654105861637668,0.606081952289903,0.766770133113598,0.569067821402561,0.639114994099544,0.551011874107944,0.577075471914628,0.570070131894623,0.585890628514745,0.710693521512482
1.9,0.654105861335817,0.606081951817887,0.766770139701382,0.569067819757545,0.639114991481685,0.551011873792612,0.577075470206237,0.570070131790079,0.585890627217624,0.710693521950436
1.902,0.654105861033967,0.606081951345872,0.766770146289166,0.56906781811253,0.639114988863825,0.551011873477279,0.577075468497846,0.570070131685535,0.585890625920503,0.710693522388389
1.904,0.654105860732116,0.606081950873857,0.76677015287695,0.569067816467514,0.639114986245965,0.551011873161946,0.577075466789455,0.570070131580991,0.585890624623382,0.710693522826343
1.906,0.654105860430265,0.606081950401842,0.766770159464734,0.569067814822498,0.639114983628105,0.551011872846614,0.577075465081064,0.570070131476447,0.585890623326261,0.710693523264297
1.908,0.654105860128414,0.606081949929826,0.766770166052518,0.569067813177482,0.639114981010246,0.551011872531281,0.577075463372673,0.570070131371904,0.58589062202914,0.71069352370225
1.91,0.654105859826563,0.606081949457811,0.766770172640302,0.569067811532467,0.639114978392386,0.551011872215948,0.577075461664282,0.57007013126736,0.585890620732019,0.710693524140204
1.912,0.654105859524712,0.606081948985796,0.766770179228087,0.569067809887451,0.639114975774526,0.551011871900615,0.577075459955892,0.570070131162816,0.585890619434898,0.710693524578157
1.914,0.654105859222861,0.60608194851378,0.766770185815871,0.569067808242436,0.639114973156666,0.551011871585283,0.577075458247501,0.570070131058272,0.585890618137777,0.710693525002327
1.916,0.65410585892101,0.606081948171462,0.766770192403655,0.56906780659742,0.639114970538806,0.55101187126995,0.57707545653911,0.570070130953728,0.585890616840656,0.710693525386667
1.918,0.654105858638606,0.606081947870008,0.766770198991439,0.569067804952404,0.639114967920947,0.551011870954617,0.577075454830719,0.570070130849185,0.585890615543535,0.710693525771007
1.92,0.654105858466778,0.606081947568554,0.766770205579223,0.569067803307388,0.639114965303087,0.551011870639285,0.577075453122328,0.570070130744641,0.585890614246414,0.710693526155347
1.922,0.654105858294951,0.6060819472671,0.766770212167007,0.569067801662373,0.639114962685227,0.551011870323952,0.577075451413937,0.570070130640097,0.585890612949293,0.710693526539687
1.924,0.654105858123123,0.606081946965646,0.766770218754791,0.569067800017357,0.639114960067367,0.551011870008619,0.577075449705546,0.570070130535553,0.585890611652172,0.710693526924028
1.926,0.654105857951295,0.606081946664192,0.766770225342575,0.569067798372341,0.639114957449508,0.551011869693287,0.577075447997155,0.57007013043101,0.585890610380479,0.710693527308368
1.928,0.654105857779467,0.606081946362738,0.766770231930359,0.569067796727326,0.639114954831648,0.551011869377954,0.577075446288764,0.570070130326466,0.585890609288174,0.710693527692708
1.93,0.65410585760764,0.606081946061284,0.766770238518143,0.56906779508231,0.639114952213788,0.551011869062621,0.577075444580373,0.570070130221922,0.585890608195868,0.710693528077048
1.932,0.654105857435812,0.60608194575983,0.766770245105927,0.569067793437294,0.639114949595928,0.551011868799914,0.577075442871982,0.570070130117378,0.585890607103563,0.710693528461388
1.934,0.654105857263984,0.606081945458376,0.766770251693711,0.569067791792279,0.639114946978069,0.551011868598443,0.577075441163591,0.570070130012834,0.585890606011258,0.710693528845729
1.936,0.654105857092156,0.606081945156922,0.766770258281495,0.569067790147263,0.639114944360209,0.551011868396972,0.577075439639582,0.570070129908291,0.585890604918953,0.710693529230069
1.938,0.654105856920328,0.606081944855468,0.766770264117308,0.569067788502247,0.639114941995718,0.551011868195501,0.577075438466715,0.570070129803747,0.585890603826648,0.710693529614409
1.94,0.654105856748501,0.606081944554014,0.766770268357585,0.569067786857232,0.639114940210738,0.55101186799403,0.577075437293849,0.570070129699203,0.585890602734342,0.710693529998749
1.942,0.654105856576673,0.60608194425256,0.766770272597862,0.569067785212216,0.639114938425758,0.551011867792559,0.577075436120983,0.570070129599908,0.585890601642037,0.710693530383089
1.944,0.654105856404845,0.606081943951106,0.766770276838138,0.569067784082288,0.639114936640778,0.551011867591088,0.577075434948116,0.570070129533317,0.585890600549732,0.710693530767429
1.946,0.654105856233017,0.606081943649652,0.766770281078415,0.569067782982506,0.639114934855799,0.551011867389617,0.57707543377525,0.570070129466726,0.585890599457427,0.710693531151769
1.948,0.654105856061189,0.606081943348198,0.766770285318691,0.569067781882723,0.639114933070819,0.551011867188146,0.577075432602384,0.570070129400135,0.585890598365122,0.71069353153611
1.95,0.654105855889362,0.606081943046744,0.766770289558968,0.569067780782941,0.639114931285839,0.551011866986675,0.577075431429517,0.570070129333544,0.585890597272816,0.71069353192045
1.952,0.654105855717534,0.606081942745289,0.766770293799244,0.569067779683158,0.639114929500859,0.551011866785203,0.577075430256651,0.570070129266953,0.585890596180511,0.71069353230479
1.954,0.654105855545706,0.606081942443836,0.766770298039521,0.569067778583375,0.63911492771588,0.551011866583732,0.577075429083785,0.570070129200362,0.585890595088206,0.71069353268913
1.956,0.654105855373878,0.606081942142382,0.766770302279798,0.569067777483592,0.6391149259309,0.551011866382261,0.577075427910918,0.570070129133771,0.585890593995901,0.71069353307347
1.958,0.65410585520205,0.606081941840927,0.766770306520074,0.56906777638381,0.63911492414592,0.55101186618079,0.577075426738052,0.57007012906718,0.585890592903596,0.710693533457811
1.96,0.654105855030223,0.606081941539473,0.766770310760351,0.569067775284027,0.63911492236094,0.551011865979319,0.577075425565186,0.570070129000589,0.58589059181129,0.710693533842151
1.962,0.654105854858395,0.606081941238019,0.766770315000628,0.569067774184244,0.639114920575961,0.551011865777848,0.57707542439232,0.570070128933998,0.585890590718985,0.710693534226491
1.964,0.654105854686567,0.606081940936565,0.766770319240904,0.569067773084462,0.639114918790981,0.551011865576377,0.577075423219453,0.570070128867407,0.58589058962668,0.710693534595497
1.966,0.654105854514739,0.606081940708468,0.766770323481181,0.569067771984679,0.639114917006001,0.551011865374906,0.577075422046587,0.570070128800816,0.585890588534375,0.710693534920197
1.968,0.654105854352928,0.606081940503483,0.766770327721457,0.569067770884896,0.639114915221021,0.551011865173435,0.577075420873721,0.570070128734225,0.58589058744207,0.710693535244897
1.97,0.654105854248071,0.606081940298498,0.766770331961734,0.569067769785114,0.639114913436041,0.551011864971964,0.577075419700854,0.570070128667635,0.585890586349764,0.710693535569597
1.972,0.654105854143214,0.606081940093513,0.766770336202011,0.569067768685331,0.639114911651062,0.551011864770492,0.577075418527988,0.570070128601044,0.585890585257459,0.710693535894297
1.974,0.654105854038356,0.606081939888528,0.766770340442287,0.569067767585548,0.639114909866082,0.551011864569021,0.577075417355122,0.570070128534453,0.585890584165154,0.710693536218996
1.976,0.654105853933499,0.606081939683544,0.766770344682564,0.569067766485766,0.639114908081102,0.55101186436755,0.577075416182255,0.570070128467862,0.585890583125837,0.710693536543696
1.978,0.654105853828642,0.606081939478559,0.76677034892284,0.569067765385983,0.639114906296122,0.551011864166079,0.577075415009389,0.570070128401271,0.585890582460345,0.710693536868396
1.98,0.654105853723784,0.606081939273574,0.766770353163117,0.5690677642862,0.639114904511143,0.551011863964608,0.577075413836523,0.57007012833468,0.585890581794854,0.710693537193096
1.982,0.654105853618927,0.606081939068589,0.766770357403393,0.569067763186418,0.639114902726163,0.551011863789408,0.577075412663656,0.570070128268089,0.585890581129362,0.710693537517796
1.984,0.65410585351407,0.606081938863605,0.76677036164367,0.569067762086635,0.639114900941183,0.551011863644777,0.57707541149079,0.570070128201498,0.585890580463871,0.710693537842496
1.986,0.654105853409213,0.60608193865862,0.766770365883947,0.569067760986852,0.639114899156203,0.551011863500146,0.577075410379464,0.570070128134907,0.585890579798379,0.710693538167195
1.988,0.654105853304355,0.606081938453635,0.766770369766506,0.56906775988707,0.639114897444606,0.551011863355516,0.577075409385339,0.570070128068316,0.585890579132887,0.710693538491895
1.99,0.654105853199498,0.60608193824865,0.766770372890058,0.569067758787287,0.639114895900849,0.551011863210885,0.577075408391213,0.570070128001725,0.585890578467396,0.710693538816595
1.992,0.654105853094641,0.606081938043665,0.766770376013611,0.569067757687504,0.639114894357093,0.551011863066254,0.577075407397087,0.570070127940789,0.585890577801904,0.710693539141295
1.994,0.654105852989784,0.606081937838681,0.766770379137163,0.569067756437056,0.639114892813337,0.551011862921623,0.577075406402962,0.570070127915092,0.585890577136413,0.710693539465995
1.996,0.654105852884926,0.606081937633696,0.766770382260715,0.569067755177791,0.639114891269581,0.551011862776992,0.577075405408836,0.570070127889394,0.585890576470921,0.710693539790695
1.998,0.654105852780069,0.606081937428711,0.766770385384268,0.569067753918525,0.639114889725825,0.551011862632362,0.57707540441471,0.570070127863697,0.58589057580543,0.710693540115395
2,0.654105852675212,0.606081937223726,0.76677038850782,0.56906775265926,0.639114888182069,0.551011862487731,0.577075403420585,0.570070127837999,0.585890575139938,0.710693540440094
