Tempo,Sim_1,Sim_2,Sim_3,Sim_4,Sim_5,Sim_6,Sim_7,Sim_8,Sim_9,Sim_10
0,0.005,0.005,0.005,0.005,0.005,0.005,0.005,0.005,0.005,0.005
0.002,0.00499911439831768,0.00499856464310944,0.00500247884049394,0.00499506226314672,0.00499529581790002,0.00499740755878148,0.00499481784966841,0.00499913394486612,0.00499302349334514,0.0050025069079106
0.004,0.00499834326987499,0.00499663444292226,0.00501108448748529,0.0049819454923158,0.00498329849942697,0.00499091327398085,0.00498157379603477,0.00499768767291978,0.00497456799804595,0.00501128613470095
0.006,0.0050003497503506,0.00499730094139162,0.0050283339666393,0.00496147022595512,0.00496575225106259,0.0049816486924342,0.00496223004040637,0.00499707147082682,0.0049463848441139,0.00502905202429267
0.008,0.00500759589509872,0.00500362521942879,0.00505559049586148,0.00493556228320642,0.00494502294593879,0.00497111352311969,0.00493944433268569,0.00499863787422155,0.00491134875474448,0.00505737986112073
0.01,0.0050192382973529,0.0050163105643284,0.00508922199902032,0.00490689162884806,0.00492343107054133,0.0049601447638508,0.00491577085482607,0.00500211563434714,0.0048733516836825,0.00509250310708395
0.012,0.00504863680863683,0.00504481687537319,0.00514792776218341,0.0048737847563066,0.00490409392509864,0.00495311695897809,0.00489457604107934,0.00501628259981483,0.00483172254188899,0.00515374341504951
0.014,0.00507803531992076,0.00507332318641799,0.00520784351875127,0.00484029707808112,0.00488475677965595,0.00494695723354873,0.00487338122733261,0.00503301203644052,0.00479009340009547,0.00521595166547312
0.016,0.00511505941014366,0.00512231528601572,0.00527482303748369,0.00480680939985564,0.00486541963421325,0.00494079750811938,0.00485218641358588,0.0050497414730662,0.00474846425830196,0.00529200853892618
0.018,0.00518406741189131,0.00519037220232929,0.00537988893278624,0.00477446991489346,0.0048587520388544,0.00493463778269003,0.00484665518218138,0.00506647090969189,0.00471523182341264,0.00539950633821366
0.02,0.00525307541363896,0.00525842911864286,0.00548495482808879,0.00474639837771025,0.00485637740305888,0.00494499111305838,0.0048433005358985,0.00511144895155412,0.00468286206560471,0.00550700413750113
0.022,0.00532208341538661,0.00534992758004605,0.00559002072339135,0.00471832684052705,0.00485400276726337,0.00495720234262375,0.00483994588961562,0.00515846794268845,0.00465049230779679,0.00562848154024747
0.024,0.00543697678002277,0.00547337944314132,0.00574593418309225,0.00469025530334384,0.00486148633987441,0.00496941357218912,0.004855654109365,0.00520548693382278,0.00463557615613065,0.00579435938514313
0.026,0.00556189995447292,0.0055968313062366,0.0059100260294008,0.0046708784594848,0.00489336262939608,0.00498162480175449,0.0048879632809645,0.00525250592495711,0.00463037875429005,0.00596023723003879
0.028,0.00568682312892307,0.00574644092486302,0.00607411787570934,0.00466387126429825,0.00492523891891776,0.00502311971876976,0.004920272452564,0.00533676016683516,0.00462518135244945,0.00613445704751016
0.03,0.00584900709534122,0.00593625683857286,0.00627352140065442,0.00465686406911171,0.00495711520843944,0.00506886165581504,0.00495347643972191,0.00543015925329413,0.00462978232001721,0.00636818042446446
0.032,0.00604057104044059,0.0061260727522827,0.00650648070888212,0.00464985687392516,0.00502364379657433,0.00511460359286032,0.00503936294173282,0.0055235583397531,0.00466964554132524,0.00660190380141876
0.034,0.00623213498553996,0.00633101497029594,0.00673944001710983,0.00466041890019396,0.00510709835989434,0.0051603455299056,0.00512524944374374,0.00561695742621207,0.00470950876263328,0.00683562717837306
0.036,0.0064373131884045,0.00657696291551854,0.00698288870203432,0.00469007205372306,0.00519055292321435,0.00523996160578999,0.00521113594575465,0.00573709752105496,0.00474937198394131,0.00711693127773168
0.038,0.00668516398925589,0.00684996722753196,0.00729341579802035,0.00471972520725216,0.00527400748653437,0.00533483780687705,0.0053172311664322,0.00589264031669904,0.00482704580547066,0.00742333265820047
0.04,0.00695731936714487,0.00714820917638886,0.00760394289400637,0.00474937836078126,0.00541605906047755,0.00542971400796412,0.00547159022053857,0.00604818311234311,0.00492884112766211,0.00775400417528781
0.042,0.0072550075588554,0.00747046164832807,0.0079144699899924,0.00479939055671192,0.00556626444675323,0.00552459020905118,0.00562594927464493,0.00620372590798718,0.00503063644985356,0.00811109300643817
0.044,0.00757740717443037,0.00781559189220064,0.00826010939178366,0.00488137744094336,0.00571646983302891,0.00563679145521738,0.00578030832875129,0.00635926870363125,0.00513243177204501,0.00849278214899957
0.046,0.00792323036780319,0.00818301474022874,0.00864148850232374,0.00496336432517479,0.00587467332111741,0.00579681001123068,0.00596360882030753,0.00658121813682779,0.00530284617919616,0.00889822052602853
0.048,0.0082915649643721,0.00857074624620563,0.0090465556428695,0.00504535120940623,0.0061035731677158,0.00595682856724397,0.00619242784038197,0.00681153137960964,0.00548030625370978,0.00932637622793347
0.05,0.00868115496056191,0.00897846642460486,0.00947445624279969,0.00513508095332645,0.00633247301431419,0.00611684712325727,0.0064270306836708,0.00704184462239148,0.0056577663282234,0.00977627421713269
0.052,0.00909161568100528,0.00940455840186096,0.00992437824916431,0.00528541870391353,0.00656137286091259,0.00627686567927056,0.0066846627936708,0.00727215786517333,0.00584582636556408,0.0102473440885152
0.054,0.00952076920933551,0.00984803239645995,0.0103957378358824,0.00543575645450061,0.00680506813848356,0.00648483909305555,0.00697199376731212,0.00753653820710744,0.00608032982287013,0.0107382112385306
0.056,0.00996930655537406,0.0103097545018018,0.0108865236839512,0.00558609420508769,0.00709570528585453,0.00672326980310434,0.00728159263954329,0.00785144138548484,0.00633998860229985,0.0112475325273849
0.058,0.0104342229496974,0.0107860054127166,0.0113972337767614,0.00573643195567476,0.00740884547216923,0.00696170051315314,0.00761225959787161,0.00816634456386224,0.00662257073027624,0.0117766066861554
0.06,0.0109173225925733,0.0112790185969955,0.011925756214209,0.00593620514244731,0.00774333615361258,0.00720013122320193,0.00796260247893496,0.00848124774223965,0.00692674816209818,0.0123218529324263
0.062,0.0114147536475161,0.0117852756082799,0.012473192013241,0.00616866429319906,0.00809780346520527,0.00743856193325073,0.00833185579981669,0.00879615092061705,0.00725143533532847,0.0128853255480399
0.064,0.0119289910454025,0.0123044696817155,0.0130373330603376,0.00640112344395081,0.0084723528369491,0.00772852997395792,0.00871889726395387,0.00915834845770213,0.00759514796190976,0.0134636065610036
0.066,0.0124566709540955,0.0128374951580556,0.0136168182346029,0.00663358259470256,0.00886366299004887,0.00803830289322108,0.00912257893128473,0.00954674784897841,0.00795707388442842,0.0140572308397217
0.068,0.0129974275737014,0.0133825225307565,0.0142138183546058,0.00687069637663124,0.00927295785894946,0.00836719832566013,0.00954230486853007,0.00995509485289632,0.00833588053079136,0.014666256411224
0.07,0.0135515716790683,0.0139384947395625,0.0148250038951148,0.0071604346403858,0.00969779931158735,0.00871679940814284,0.00997577609222643,0.0103822675499394,0.00873119745536029,0.0152887094918152
0.072,0.0141181964974684,0.0145049559047975,0.015450319224715,0.00746874968987846,0.0101385541636082,0.00908689738488769,0.0104246145140456,0.0108275646488946,0.00914008460424365,0.0159241189802
0.074,0.0146960856037441,0.0150810215914704,0.016089104487348,0.0077996697889181,0.0105930012313765,0.00947642966796731,0.0108856195544683,0.0112897946976303,0.00956476985248414,0.0165718957396193
0.076,0.0152846090175758,0.015666042842485,0.0167409362173131,0.00815062333503038,0.0110620581220981,0.0098842194933375,0.0113581777549468,0.0117684583180378,0.0100012683320723,0.0172315626597759
0.078,0.0158831284185883,0.0162605876912455,0.0174053309721472,0.0085204507719792,0.0115431049541678,0.0103094743645643,0.0118430658564798,0.0122619874718538,0.0104507953398179,0.0179024050787975
0.08,0.016490975055066,0.0168633725860077,0.018081609310527,0.0089081894349303,0.0120361417188499,0.010751387683956,0.0123386744152057,0.012769471182644,0.0109119845801721,0.018583798575653
0.082,0.0171075610484706,0.0174730615656263,0.0187692564321161,0.00931315158125938,0.0125403856799604,0.0112085314167549,0.0128439830426721,0.0132911996324919,0.0113837035842529,0.0192749487259811
0.084,0.0177338366545096,0.0180885820830951,0.0194674740273153,0.00973331811508818,0.0130559554813379,0.0116805558113555,0.0133583346433198,0.0138260521451675,0.0118652633198899,0.0199751097819701
0.086,0.0183676574589344,0.0187113339748587,0.0201756776295477,0.0101686852403541,0.0135812967326279,0.0121659206547901,0.0138810350615488,0.0143721092426481,0.0123561900083395,0.0206834461945478
0.088,0.0190081273551603,0.0193403889496115,0.020893014240589,0.0106177929916541,0.0141158807607968,0.0126637621298518,0.0144117879367135,0.0149295290771061,0.0128558502307086,0.0214020802537084
0.09,0.0196544297402791,0.0199729956215363,0.0216188785762702,0.0110811123099791,0.014659877589314,0.013174908523812,0.0149507113520736,0.0154975393411612,0.0133635133523096,0.022127862474967
0.092,0.0203086655586162,0.0206119740585828,0.0223549702669604,0.0115562170059757,0.0152120502644022,0.0136965934128469,0.0154960510312462,0.0160752072948296,0.0138784985951219,0.0228598034769558
0.094,0.0209683592878499,0.0212546169167565,0.0230990534757821,0.012042135809621,0.0157716432455813,0.014228954573332,0.0160467817137167,0.0166621861028279,0.0143999463976316,0.0235980310435516
0.096,0.0216318401164312,0.0219005503024461,0.0238498611765354,0.0125392312077405,0.0163377468594904,0.0147709521047528,0.0166027529473253,0.0172572425563759,0.0149271123988356,0.0243443901590239
0.098,0.022302231051867,0.0225509591232676,0.0246065836463063,0.013046114701223,0.0169095744315625,0.0153219793508356,0.0171656206620401,0.0178599553692449,0.0154616781942599,0.0250948885338509
0.1,0.0229759665997463,0.0232028857500928,0.0253729154196075,0.013562652477062,0.0174897414333659,0.0158813488768503,0.0177316013310812,0.0184695700231212,0.0160008671833327,0.0258504070795606
0.102,0.0236534124229734,0.0238590302730063,0.0261441228391852,0.0140879095341572,0.0180745284327995,0.0164480837865544,0.0183020233617189,0.0190872496000739,0.0165437436716346,0.0266120892797857
0.104,0.0243354934270177,0.0245158208273688,0.0269195646491132,0.0146211883826299,0.0186629943488523,0.0170221120135599,0.0188766972209837,0.0197103488605481,0.0170921085604659,0.0273762553811442
0.106,0.0250191539132187,0.0251757010150934,0.0277034337742046,0.0151616932122033,0.0192588650070327,0.017603793982645,0.0194532643028344,0.0203377157587312,0.0176439520251095,0.0281459837140982
0.108,0.0257076317023131,0.0258360876946972,0.0284905248505337,0.015708481159183,0.0198572697713178,0.0181906871095017,0.0200344215416205,0.0209712451406292,0.0181983180855072,0.02891827022183
0.11,0.0263965499152305,0.0264981061843796,0.0292822345524286,0.0162607800036992,0.0204600922479939,0.0187821123693325,0.0206162072013831,0.0216091041993029,0.0187572678910918,0.0296937126303457
0.112,0.0270896307746703,0.0271606784935034,0.0300791832675532,0.0168207883198129,0.0210666523469101,0.0193792571767485,0.0212018595242021,0.022249274799373,0.0193170051706589,0.0304722380524388
0.114,0.0277827358994029,0.0278235941888542,0.0308781621455573,0.0173848947700333,0.0216756714332457,0.0199807293418407,0.0217877547343999,0.0228950460885519,0.0198809457647196,0.0312523583757223
0.116,0.028478778745614,0.0284868374362007,0.0316831240777224,0.0179523648117273,0.0222885078647254,0.0205846691893913,0.0223760351840281,0.0235422282829322,0.0204450887540822,0.0320353685280183
0.118,0.0291749040375881,0.029149923691597,0.0324894690636368,0.0185261776648967,0.0229028523854727,0.0211937512039699,0.0229647640441604,0.0241925789690567,0.0210123218270215,0.0328190638111396
0.12,0.0298725558168206,0.0298122352997215,0.0332997752782887,0.0191021156295596,0.0235203132240782,0.0218042751253752,0.0235543283585821,0.0248444584859119,0.0215795548999608,0.0336049258651012
0.122,0.0305704516410541,0.0304745469078459,0.0341120191401217,0.0196817097866376,0.024138986245345,0.0224178392326105,0.0241444427693326,0.0254981767999193,0.022148780928393,0.0343910450992539
0.124,0.0312686544421083,0.0311350140851666,0.0349267454556844,0.0202641538859494,0.0247595823283015,0.0230329809803055,0.0247345173989367,0.0261529773943052,0.0227181307098313,0.0351783093653283
0.126,0.0319670148961122,0.0317947430857672,0.0357433919860867,0.0208485675185969,0.0253814817172726,0.023649802643538,0.0253244396740616,0.0268086881059398,0.0232880464854851,0.0359656679003715
0.128,0.0326650441980228,0.0324537906660711,0.0365615861420671,0.0214354278988583,0.0260041078070666,0.0242675618518642,0.0259143619491865,0.0274646564515079,0.0238582155371175,0.0367530619563915
0.13,0.0333625286232999,0.0331092750141206,0.0373813450990264,0.022023539727297,0.0266280319783139,0.0248862691962682,0.026503033967209,0.0281208951628824,0.0244282183385128,0.0375404600597002
0.132,0.0340599782231838,0.0337647593621701,0.0382020236798547,0.0226131134989852,0.027251957599629,0.025505126784982,0.0270910914026138,0.028776741111429,0.0249978271245777,0.0383269029333739
0.134,0.0347552356369795,0.0344172300428459,0.0390236717013871,0.0232036230794511,0.0278766353447719,0.0261241929946025,0.0276791488380185,0.0294319458014076,0.0255674359106426,0.0391131389516157
0.136,0.0354504930507752,0.0350668275448728,0.0398458420285519,0.0237945162769331,0.0285013130899147,0.0267430068690703,0.0282636495593318,0.0300867532569461,0.0261354992883879,0.0398977368996346
0.138,0.0361436797158091,0.0357164250468997,0.0406683223411189,0.0243859813821723,0.0291256876282841,0.0273608168684622,0.0288481290704196,0.0307393479159897,0.0267031182034813,0.0406816213918505
0.14,0.036835368338721,0.0363602432511461,0.0414909827963621,0.0249774052654049,0.0297497996237304,0.0279786268678541,0.0294315921799948,0.0313919425750333,0.0272702918987976,0.0414636521337927
0.142,0.0375266952924286,0.0370023680325275,0.0423133567746378,0.0255682579648247,0.0303739116191768,0.0285937900892337,0.0300107849804304,0.0320408186828848,0.027834487463042,0.0422440176161184
0.144,0.0382135015796215,0.0376444928139089,0.0431355102123466,0.0261591106642444,0.0309961887966394,0.0292086674319318,0.030589977780866,0.0326892194100423,0.0283986830272864,0.0430229308718931
0.146,0.0389003078668144,0.0382780191647234,0.0439569738028919,0.0267486369969982,0.0316183960406055,0.0298212900897442,0.0311673198821806,0.0333346276598023,0.02896106346958,0.0437986390442584
0.148,0.0395840155986067,0.0389111434082352,0.0447776297902152,0.0273372506853242,0.0322396650563575,0.0304315567982314,0.0317395692824481,0.0339772589253278,0.0295204435418548,0.0445740350852721
0.15,0.0402646680555031,0.0395437675233449,0.0455975166022882,0.027925797560994,0.0328586360618422,0.031041793406411,0.0323118186827155,0.0346192025384589,0.0300798236141295,0.0453439775438542
0.152,0.0409453205123995,0.0401663826790989,0.0464156985126657,0.0285105611822291,0.0334776070673269,0.0316458142788054,0.0328820848833348,0.0352545267707038,0.0306359626903178,0.0461139200024363
0.154,0.0416195570577178,0.0407889978348529,0.0472334549934251,0.0290953248034642,0.0340941982218191,0.0322498351511998,0.0334458534692302,0.0358898510029487,0.0311891911171346,0.046878735491677
0.156,0.0422928306792767,0.0414112286415254,0.0480482024251147,0.0296781452925983,0.034708638236289,0.0328504694489966,0.0340096220551257,0.036520072206195,0.0317424195439514,0.0476418376435429
0.158,0.0429646312721338,0.0420219386408582,0.0488629498568042,0.0302574457870816,0.035323078250759,0.0334466888062329,0.0345722374733945,0.0371466340069198,0.0322913610111442,0.0484017895447467
0.16,0.0436293543643099,0.0426326486401909,0.0496737892318278,0.0308367462815648,0.0359335902833322,0.0340429081634692,0.0351261014229146,0.0377729027773062,0.0328371677705493,0.0491570252440106
0.162,0.044294077456486,0.0432433586395236,0.0504841612949318,0.0314120653371154,0.0365422482316492,0.0346316861113352,0.0356799653724348,0.0383894337134525,0.0333829745299544,0.0499121741194134
0.164,0.0449548096843776,0.0438416622283788,0.0512912382039483,0.0319842814695784,0.0371509061799661,0.0352186837563029,0.0362338293219549,0.0390059646495989,0.0339241959952818,0.0506585534885287
0.166,0.0456098626351265,0.0444392751154091,0.0520963326623672,0.0325564976020414,0.0377543525683781,0.0358043473198469,0.0367775666364983,0.0396175003925918,0.0344614007411438,0.0514049328576441
0.168,0.0462649155858754,0.0450368880024394,0.0528994292416565,0.0331231792355906,0.0383560245422108,0.0363808166743892,0.0373202023704597,0.040222865204606,0.0349986054870058,0.052145714840063
0.17,0.0469136630917573,0.0456230411862691,0.0536983821156455,0.0336868452655594,0.0389576965160435,0.0369572860289315,0.0378628381044211,0.0408282300166202,0.0355319251047177,0.0528822756441478
0.172,0.0475579773898409,0.046206467359669,0.0544973349896344,0.0342505112955281,0.0395534406025098,0.0375291527973257,0.0383980848608674,0.04142344024076,0.0360594297293213,0.0536179839818567
0.174,0.0482022916879244,0.046789893533069,0.0552893341227886,0.0348074294711634,0.0401469777914774,0.0380939246847392,0.038928297407027,0.0420166297919062,0.0365869343539249,0.0543438075539219
0.176,0.048838443415722,0.0473642942614811,0.0560812881763168,0.0353611521568645,0.040740514980445,0.0386586965721527,0.0394585099531866,0.042607251820704,0.0371126020842364,0.0550696311259871
0.178,0.0494710006554079,0.0479324798760581,0.0568684166460695,0.0359148748425656,0.0413282917322606,0.0392155874511078,0.0399860618879214,0.0431873394886497,0.0376294052271993,0.0557891908827616
0.18,0.0501035578950938,0.0485006654906352,0.0576525075470272,0.0364620682916427,0.041912602579333,0.0397676103628439,0.0405027838740465,0.0437674271565953,0.0381462083701622,0.0565033838913663
0.182,0.0507268196989984,0.0490641649177472,0.0584350293966883,0.0370045571625657,0.0424969134264054,0.0403196332745801,0.0410195058601715,0.0443403630797113,0.038663011513125,0.0572175768999711
0.184,0.0513466286205956,0.0496160602931542,0.0592103942334854,0.0375470460334886,0.0430767771343186,0.0408608448404335,0.0415362278462966,0.0449065380840361,0.0391698379527463,0.0579200589913831
0.186,0.0519664375421928,0.0501679556685613,0.0599857590702826,0.0380842897479291,0.0436508317215688,0.0413991761264104,0.0420426637120194,0.0454727130883609,0.0396750294987067,0.0586217512467556
0.188,0.0525769457659381,0.0507198510439683,0.0607545468530072,0.0386144863905393,0.0442248863088191,0.0419375074123873,0.0425448871468917,0.04602700600977,0.040180221044667,0.0593197826458586
0.19,0.0531830595733463,0.051256812128173,0.0615203297873576,0.0391446830331494,0.0447972099385273,0.0424625432093487,0.043047110581764,0.0465785115517932,0.0406798148846903,0.0600081206328922
0.192,0.0537891733807545,0.0517914239948669,0.0622847402694207,0.0396721003618071,0.0453600224149037,0.0429863382389907,0.043547795671964,0.0471293386672348,0.0411725670546626,0.0606964586199258
0.194,0.0543872944278154,0.0523260358615608,0.0630400909212502,0.040188992057266,0.0459228348912801,0.0435101332686326,0.0440345723844873,0.0476654095512317,0.0416653192246348,0.0613771573177737
0.196,0.0549788125227947,0.0528546448756734,0.0637954415730798,0.0407058837527248,0.0464856473676565,0.044018941898983,0.0445213490970105,0.0482014804352287,0.0421580713946071,0.0620512878826878
0.198,0.0555703306177741,0.0533711337671551,0.0645450556177882,0.0412227754481837,0.0470390364532014,0.0445274377552886,0.0450081258095338,0.0487340679340723,0.0426382914349046,0.0627254184476019
0.2,0.0561568604638429,0.0538876226586368,0.0652891343089553,0.0417270201452238,0.047589673728515,0.0450359336115942,0.0454888774559309,0.0492540826432222,0.0431178570843022,0.0633887079649668
0.202,0.056732892487333,0.0544041115501184,0.0660332130001225,0.0422297449517788,0.0481403110038287,0.0455286809894495,0.0459593749928075,0.0497740973523721,0.0435974227336997,0.0640478020674899
0.204,0.0573089245108232,0.0549074014164544,0.066767371263254,0.0427324697583339,0.0486870797074345,0.0460212010202562,0.046429872529684,0.0502883208723432,0.0440721715456205,0.0647068961700131
0.206,0.0578849565343133,0.0554049342930733,0.0674993297156209,0.0432273068169934,0.049224646389954,0.0465137210510628,0.0469003700665605,0.0507916207097269,0.0445378625922198,0.0653529825159072
0.208,0.0584447926309471,0.0559024671696923,0.0682307050350311,0.0437150617691987,0.0497622130724735,0.0469909243250251,0.0473620741031494,0.0512949205471107,0.045003553638819,0.0659962214140361
0.21,0.0590044569615163,0.0564000000463113,0.068949659566798,0.0442028167214041,0.0502997797549931,0.047466852189274,0.047815535106147,0.0517917697992169,0.0454692446854182,0.066639460312165
0.212,0.0595641212920855,0.0568794998219335,0.0696686140985649,0.0446900086580714,0.0508275938059637,0.047942780053523,0.0482689961091445,0.0522776106364127,0.0459256915605604,0.0672689712223185
0.214,0.0601145421290885,0.0573571781611555,0.0703851148549548,0.0451620332548418,0.0513512288233891,0.0484052630235265,0.048722457112142,0.0527634514736085,0.0463768354665755,0.0678955348772935
0.216,0.0606569760923006,0.0578348565003774,0.0710901638578,0.0456340578516122,0.0518748638408146,0.0488640422288367,0.0491666817295812,0.0532440977817781,0.0468279793725907,0.0685220985322685
0.218,0.0611994100555127,0.0583125348395994,0.0717952128606451,0.0461060824483825,0.0523984988582401,0.0493228214341469,0.0496023709433008,0.0537118553596679,0.0472791232786058,0.0691360551143967
0.22,0.0617418440187248,0.0587706425425744,0.0724972189593238,0.0465705468843871,0.0529075785656984,0.0497717367009341,0.0500380601570203,0.0541796129375577,0.0477183789440743,0.0697451228185331
0.222,0.0622670607216334,0.059227597066366,0.0731875158236009,0.0470261799764087,0.0534164513032165,0.0502128652986109,0.0504737493707399,0.0546453693766443,0.0481542917547878,0.0703541905226695
0.224,0.0627914236625653,0.0596845515901576,0.073877812687878,0.0474818130684302,0.0539253240407346,0.0506539938962877,0.0509029579171676,0.0550944942998606,0.0485902045655012,0.0709541267758492
0.226,0.0633157866034972,0.0601415061139491,0.0745657521147619,0.0479374461604518,0.0544321463309861,0.0510908090390899,0.0513201532720716,0.055543619223077,0.0490261173762147,0.0715448807003992
0.228,0.0638359138644594,0.0605815861515135,0.0752404730553733,0.048380175661956,0.0549254349856292,0.0515138138549989,0.0517373486269756,0.0559927441462933,0.0494499338289767,0.0721356346249491
0.23,0.0643413664599042,0.061017091592504,0.0759151939959847,0.0488187317704862,0.0554187236402723,0.0519368186709078,0.0521545439818796,0.0564263645100036,0.0498700054817008,0.0727235616283307
0.232,0.0648468190553489,0.0614525970334946,0.076589914936596,0.0492572878790163,0.0559120122949154,0.0523598234868168,0.0525717393367837,0.0568564236925005,0.0502900771344249,0.0732951789016616
0.234,0.0653522716507937,0.0618881024744851,0.0772483747330875,0.0496958439875465,0.0564032661057737,0.0527679419311432,0.0529700577556706,0.0572864828749974,0.050710148787149,0.0738667961749926
0.236,0.0658512357140615,0.0623136411625844,0.0779066500836644,0.0501184114807048,0.0568801534487836,0.0531723758547463,0.0533680610596881,0.057708306924958,0.0511204964427287,0.0744384134483235
0.238,0.0663369342518598,0.0627271079551849,0.0785649254342414,0.050539295766609,0.0573570407917935,0.0535768097783493,0.0537660643637057,0.0581189895174827,0.0515241602401255,0.0749970763021525
0.24,0.066822632789658,0.0631405747477854,0.0792109752178109,0.0509601800525133,0.0578339281348035,0.0539767360422064,0.0541640676677233,0.0585296721100075,0.0519278240375222,0.0755487257856256
0.242,0.0673083313274563,0.0635540415403859,0.0798519449843334,0.0513810643384175,0.0583108154778134,0.0543621750112186,0.0545543451317903,0.0589403547025323,0.0523314878349189,0.0761003752690988
0.244,0.0677889738325272,0.0639675083329864,0.0804929147508558,0.0517853046998943,0.0587715649051807,0.0547476139802309,0.0549324748034415,0.0593327364455286,0.0527312338638677,0.076652024752572
0.246,0.0682540732107569,0.0643601220023613,0.0811283779863471,0.0521879185324844,0.0592312356839181,0.0551330529492431,0.0553106044750928,0.0597236765473956,0.0531178845525505,0.0771831345469021
0.248,0.0687191725889865,0.0647507950036248,0.0817511282616082,0.0525905323650745,0.0596909064626554,0.0555083869820034,0.055688734146744,0.0601146166492627,0.0535045352412333,0.0777139865887276
0.25,0.0691842719672162,0.0651414680048883,0.0823738785368693,0.0529931461976645,0.0601505772413928,0.0558744338690378,0.0560668638183952,0.0605000167944571,0.0538911859299161,0.0782448386305531
0.252,0.0696493713454459,0.0655321410061519,0.0829966288121304,0.0533822814558322,0.0606002675502087,0.0562404807560722,0.0564341148860803,0.0608707526187848,0.0542778366185989,0.0787725633405496
0.254,0.070094121515257,0.0659213719155466,0.0836052186019267,0.0537660436089047,0.0610419240956309,0.0566065276431066,0.0567917304752966,0.0612414884431125,0.0546532641800317,0.079281755596138
0.256,0.0705377769106038,0.0662883277679229,0.0842087673684323,0.0541498057619772,0.0614835806410532,0.0569599685054931,0.057149346064513,0.0616122242674403,0.0550223107447764,0.0797909478517263
0.258,0.0709814323059506,0.0666552836202992,0.0848123161349379,0.0545335679150497,0.0619252371864754,0.0573062557720803,0.0575069616537293,0.0619740799253405,0.0553913573095211,0.0803001401073146
0.26,0.0714250877012973,0.0670222394726755,0.0854158221122671,0.0549110495017711,0.0623668937318977,0.0576525430386675,0.0578645772429456,0.0623241365781887,0.0557604038742658,0.0808073687342829
0.262,0.0718595606895437,0.0673891953250518,0.0859991541398068,0.055275426237945,0.0627906415732617,0.0579988303052546,0.0582141802625681,0.062674193231037,0.0561294504390106,0.0812940171176467
0.264,0.0722809105647825,0.0677561511774281,0.0865824861673465,0.0556398029741189,0.0632134675107397,0.05833386637252,0.0585506780598051,0.0630242498838852,0.0564840101910375,0.0817806655010106
0.266,0.0727022604400213,0.0681024171336502,0.0871658181948862,0.0560041797102928,0.0636362934482177,0.058660033323027,0.0588871758570422,0.0633665171635797,0.0568349021945565,0.0822673138843744
0.268,0.0731236103152601,0.0684448432552549,0.0877477218879106,0.0563685564464666,0.0640591193856956,0.0589862002735339,0.0592236736542792,0.0636954478197966,0.0571857941980756,0.0827539622677383
0.27,0.0735449601904989,0.0687872693768597,0.0883098166354625,0.056719258695227,0.0644802495834958,0.0593123672240408,0.0595601714515162,0.0640243784760134,0.0575366862015946,0.083222030447462
0.272,0.0739526167158423,0.0691296954984644,0.0888719113830144,0.0570636771212636,0.0648834184524074,0.0596333600178751,0.0598966692487532,0.0643533091322303,0.0578875782051137,0.0836852376702696
0.274,0.0743507926163695,0.0694721216200691,0.0894340061305663,0.0574080955473001,0.0652865873213191,0.0599390707609876,0.060213948539482,0.0646809526667485,0.0582257512962917,0.0841484448930771
0.276,0.0747489685168967,0.0698084050974943,0.0899961008781182,0.0577525139733367,0.0656897561902307,0.0602447815041001,0.0605287376909082,0.0649884099554518,0.0585578964102885,0.0846116521158846
0.278,0.075147144417424,0.0701255700643732,0.0905375038150003,0.0580969323993733,0.0660929250591423,0.0605504922472127,0.0608435268423343,0.0652958672441552,0.0588900415242852,0.0850694342345445
0.28,0.0755453203179512,0.070442735031252,0.0910773100343855,0.0584258102978541,0.066496093928054,0.0608562029903252,0.0611583159937604,0.0656033245328585,0.059222186638282,0.0855082781518478
0.282,0.0759326602486483,0.0707598999981309,0.0916171162537706,0.0587496712977746,0.0668801782559961,0.0611476350728141,0.0614731051451865,0.0659107818215618,0.0595543317522787,0.0859471220691511
0.284,0.0763067915415144,0.0710770649650097,0.0921569224731557,0.0590735322976951,0.0672628698721183,0.0614325695714357,0.0617878942966127,0.0662073883843852,0.0598825010662702,0.0863859659864544
0.286,0.0766809228343805,0.0713942299318886,0.0926840584365382,0.0593973932976156,0.0676455614882405,0.0617175040700572,0.0620805823030474,0.0664930386451185,0.0601952923369169,0.0868248099037577
0.288,0.0770550541272467,0.0717067951950852,0.0932004211179284,0.0597212542975361,0.0680282531043627,0.0620024385686787,0.0623730331557246,0.0667786889058517,0.0605080836075636,0.0872551109235808
0.29,0.0774291854201128,0.0719979447054506,0.0937167837993185,0.0600351305721935,0.0684109447204849,0.0622873730673002,0.0626654840084018,0.0670643391665849,0.0608208748782103,0.0876686545206207
0.292,0.077803316712979,0.0722890942158161,0.0942331464807086,0.0603378903347546,0.0687842006526125,0.062555178262632,0.062957934861079,0.0673499894273182,0.061133666148857,0.0880821981176606
0.294,0.0781541752720627,0.0725802437261815,0.0947495091620987,0.0606406500973157,0.0691455672199225,0.0628190290213366,0.0632503857137562,0.0676223500194535,0.0614464574195037,0.0884957417147005
0.296,0.0785033681850199,0.0728713932365469,0.0952446258691506,0.0609434098598767,0.0695069337872325,0.0630828797800412,0.0635428365664334,0.0678858536998339,0.0617523976274151,0.0889092853117404
0.298,0.0788525610979771,0.0731625427469124,0.0957363571713027,0.0612461696224378,0.0698683003545424,0.0633467305387458,0.0638218308684545,0.0681493573802142,0.0620452489245036,0.0893205418733357
0.3,0.0792017540109343,0.0734536922572778,0.0962280884734549,0.0615489293849989,0.0702296669218525,0.0636105812974504,0.0640912992566401,0.0684128610605946,0.0623381002215921,0.0897078168526511
0.302,0.0795509469238915,0.0737303722788196,0.096719819775607,0.0618340455867898,0.0705910334891624,0.0638621225125238,0.0643607676448258,0.068676364740975,0.0626309515186806,0.0900950918319664
0.304,0.0799001398368487,0.0739948174631899,0.0972115510777592,0.0621151896879322,0.0709400446103812,0.0641046071914294,0.0646302360330114,0.0689323990673314,0.0629238028157691,0.0904823668112818
0.306,0.0802242548955465,0.0742592626475601,0.0976808718270658,0.0623963337890746,0.0712792066685922,0.064347091870335,0.064899704421197,0.0691734900995124,0.0632166541128576,0.0908696417905971
0.308,0.0805476028063899,0.0745237078319304,0.0981467105432569,0.062677477890217,0.0716183687268032,0.0645895765492407,0.0651691728093827,0.0694145811316934,0.0635091554261513,0.0912569167699125
0.31,0.0808709507172333,0.0747881530163007,0.098612549259448,0.0629586219913594,0.0719575307850142,0.0648320612281463,0.0654386411975683,0.0696556721638744,0.0637814499989227,0.0916331993314858
0.312,0.0811942986280767,0.0750525982006709,0.099078387975639,0.0632397660925018,0.0722966928432252,0.0650745459070519,0.0656942402225983,0.0698967631960554,0.064053744571694,0.0919932136801314
0.314,0.0815176465389201,0.0753170433850412,0.0995442266918301,0.0635057034324406,0.0726358549014363,0.0652973889420838,0.0659401256258996,0.0701378542282364,0.0643260391444654,0.0923532280287769
0.316,0.0818409944497635,0.0755747710787535,0.0999970588003504,0.0637646237290548,0.0729703222444604,0.0655182530907321,0.0661860110292008,0.0703647727424474,0.0645983337172367,0.0927132423774225
0.318,0.0821515958050819,0.0758118752954441,0.100435635997798,0.0640235440256689,0.073286388789679,0.0657391172393806,0.0664318964325021,0.0705830877241355,0.0648706282900081,0.093073256726068
0.32,0.0824481938949373,0.0760489795121348,0.100874213195245,0.064282464322283,0.0736024553348976,0.065959981388029,0.0666777818358033,0.0708014027058235,0.0651429228627794,0.0934332710747135
0.322,0.0827447919847927,0.0762860837288254,0.101312790392692,0.0645413846188971,0.0739185218801162,0.0661808455366774,0.0669236672391046,0.0710197176875116,0.0654124878892079,0.0937873688725551
0.324,0.0830413900746482,0.076523187945516,0.10175136759014,0.0648003049155113,0.0742345884253347,0.0664017096853258,0.0671695526424059,0.0712380326691996,0.065663626086661,0.0941191126367453
0.326,0.0833379881645036,0.0767602921622066,0.102189944787587,0.0650592252121254,0.0745506549705533,0.0666067619217486,0.0674154380457071,0.0714563476508877,0.0659147642841141,0.0944508564009355
0.328,0.083634586254359,0.0769973963788973,0.102610374924312,0.0652964098351724,0.0748667215157719,0.0668057715945465,0.0676402959917062,0.0716676253993832,0.0661659024815672,0.0947826001651257
0.33,0.0839311843442144,0.0772345005955879,0.103020288930554,0.0655324842273584,0.0751755407684338,0.0670047812673445,0.0678620037347877,0.0718628376424521,0.0664170406790203,0.0951143439293159
0.332,0.0842182121768795,0.0774686637387101,0.103430202936796,0.0657685586195443,0.075467602666621,0.0672037909401425,0.0680837114778691,0.0720580498855211,0.0666681788764734,0.0954460876935061
0.334,0.0844871590124714,0.0776778622781106,0.103840116943038,0.0660046330117303,0.0757596645648082,0.0674028006129404,0.0683054192209505,0.07225326212859,0.0669193170739265,0.0957778314576962
0.336,0.0847561058480632,0.077887060817511,0.10425003094928,0.0662407074039162,0.0760517264629954,0.0676018102857384,0.068527126964032,0.0724484743716589,0.0671704552713796,0.0960978742839772
0.338,0.0850250526836551,0.0780962593569115,0.104659944955522,0.0664767817961022,0.0763437883611826,0.0678008199585363,0.0687488347071134,0.0726436866147279,0.067408742163396,0.0964002985834137
0.34,0.0852939995192469,0.078305457896312,0.105061960910462,0.0667128561882881,0.0766358502593698,0.0679800423159615,0.0689705424501948,0.0728388988577968,0.0676381528800445,0.0967027228828501
0.342,0.0855629463548388,0.0785146564357125,0.105441828551899,0.0669372291243656,0.076927912157557,0.0681569744512758,0.0691922501932763,0.0730269697320862,0.067867563596693,0.0970051471822866
0.344,0.0858318931904306,0.078723854975113,0.105821696193335,0.0671499528355873,0.0772199740557442,0.0683339065865901,0.0694078809213666,0.0731989870448948,0.0680969743133415,0.097307571481723
0.346,0.0861008400260224,0.0789330535145135,0.106201563834772,0.067362676546809,0.0774936860534834,0.0685108387219044,0.0696048040697892,0.0733710043577035,0.06832638502999,0.0976099957811595
0.348,0.0863574899948302,0.079142252053914,0.106581431476208,0.0675754002580307,0.0777607960611702,0.0686877708572187,0.0698017272182117,0.0735430216705121,0.0685557957466385,0.0979124200805959
0.35,0.0865978905305031,0.0793514505933144,0.106961299117645,0.0677881239692524,0.0780279060688569,0.068864702992533,0.0699986503666343,0.0737150389833208,0.068785206463287,0.0982148443800324
0.352,0.0868382910661759,0.0795341432465071,0.107341166759082,0.0680008476804741,0.0782950160765437,0.0690416351278473,0.0701955735150568,0.0738870562961294,0.0690146171799354,0.0984921373822639
0.354,0.0870786916018488,0.0797149440499759,0.10771197732566,0.0682135713916958,0.0785621260842304,0.0692128319758679,0.0703924966634794,0.0740590736089381,0.0692382574992146,0.098764171614462
0.356,0.0873190921375216,0.0798957448534446,0.108060358002525,0.0684262951029175,0.0788292360919172,0.0693675100654436,0.0705894198119019,0.0742310909217467,0.0694453509046367,0.0990362058466602
0.358,0.0875594926731945,0.0800765456569133,0.10840873867939,0.068633883883957,0.079096346099604,0.0695221881550193,0.0707863429603245,0.0743914017462874,0.0696524443100587,0.0993082400788584
0.36,0.0877998932088673,0.0802573464603821,0.108757119356255,0.0688228366291513,0.0793634561072907,0.069676866244595,0.0709832661087471,0.0745402444044944,0.0698595377154808,0.0995802743110565
0.362,0.0880402937445402,0.0804381472638508,0.109105500033121,0.0690117893743455,0.0796215315487157,0.0698315443341707,0.0711801892571696,0.0746890870627014,0.0700666311209028,0.0998523085432547
0.364,0.088280694280213,0.0806189480673195,0.109453880709986,0.0692007421195398,0.0798627237847048,0.0699862224237464,0.0713656437099336,0.0748379297209083,0.0702737245263249,0.100124342775453
0.366,0.0885054619447713,0.0807997488707883,0.109802261386851,0.069389694864734,0.080103916020694,0.0701409005133221,0.0715372033831184,0.0749867723791153,0.070480817931747,0.100396377007651
0.368,0.0887164600616706,0.080980549674257,0.110150642063716,0.0695786476099283,0.0803451082566831,0.0702955786028978,0.0717087630563032,0.0751356150373222,0.070687911337169,0.100658760875803
0.37,0.08892745817857,0.0811613504777257,0.110480763659511,0.0697676003551225,0.0805863004926722,0.0704502566924735,0.0718803227294879,0.0752844576955292,0.0708950047425911,0.100899337205425
0.372,0.0891384562954693,0.0813314509834062,0.11079600351428,0.0699565531003167,0.0808274927286614,0.0705917813231837,0.0720518824026727,0.0754333003537361,0.0711020981480132,0.101139913535048
0.374,0.0893494544123686,0.0814834226476715,0.111111243369048,0.070145505845511,0.0810686849646505,0.0707241097428621,0.0722234420758575,0.0755821430119431,0.0712880423493608,0.101380489864671
0.376,0.089560452529268,0.0816353943119368,0.111426483223817,0.0703344585907052,0.0813098772006396,0.0708564381625406,0.0723950017490423,0.0757159679395249,0.0714722429578115,0.101621066194294
0.378,0.0897714506461673,0.0817873659762021,0.111741723078586,0.0705025656927194,0.0815510694366287,0.070988766582219,0.072566561422227,0.0758416898602503,0.0716564435662622,0.101861642523917
0.38,0.0899824487630666,0.0819393376404674,0.112056962933354,0.0706673158714197,0.0817922616726179,0.0711210950018974,0.0727381210954118,0.0759674117809757,0.0718406441747129,0.102102218853539
0.382,0.090193446879966,0.0820913093047327,0.112372202788123,0.0708320660501199,0.0820080788898954,0.0712534234215758,0.0729096807685966,0.076093133701701,0.0720248447831636,0.102342795183162
0.384,0.0904044449968653,0.0822432809689979,0.112687442642892,0.0709968162288202,0.0822223971412998,0.0713857518412542,0.0730812404417813,0.0762188556224264,0.0722090453916144,0.102583371512785
0.386,0.0906041623102384,0.0823952526332632,0.113002682497661,0.0711615664075205,0.0824367153927041,0.0715180802609326,0.0732491579211623,0.0763445775431518,0.0723932460000651,0.102823947842408
0.388,0.0907849776503997,0.0825472242975285,0.113289472211345,0.0713263165862208,0.0826510336441084,0.071650408680611,0.0733949189363378,0.0764702994638771,0.0725774466085158,0.103045950013337
0.39,0.090965792990561,0.0826991959617938,0.113569758838095,0.071491066764921,0.0828653518955127,0.0717827371002894,0.0735406799515133,0.0765960213846025,0.0727616472169665,0.103254008683968
0.392,0.0911466083307223,0.0828511676260591,0.113850045464846,0.0716558169436213,0.083079670146917,0.0719024602130513,0.0736864409666888,0.0767217433053279,0.0729458478254172,0.103462067354599
0.394,0.0913274236708835,0.0830031392903243,0.114130332091596,0.0718205671223216,0.0832939883983214,0.0720124401052687,0.0738322019818644,0.0768474652260532,0.0731221665232422,0.103670126025231
0.396,0.0915082390110448,0.0831551109545896,0.114410618718346,0.0719853173010219,0.0835083066497257,0.0721224199974861,0.0739779629970398,0.0769648198087116,0.0732829709156336,0.103878184695862
0.398,0.0916890543512061,0.0832800985613183,0.114690905345097,0.0721479908498785,0.08372262490113,0.0722323998897035,0.0741237240122154,0.0770675144785717,0.0734437753080251,0.104086243366493
0.4,0.0918698696913673,0.0834030423322828,0.114971191971847,0.0722881807136011,0.0839369431525343,0.072342379781921,0.0742694850273908,0.0771702091484319,0.0736045797004166,0.104294302037124
0.402,0.0920506850315286,0.0835259861032472,0.115251478598597,0.0724283705773238,0.084144369975372,0.0724523596741384,0.0744152460425664,0.077272903818292,0.0737653840928081,0.104502360707756
0.404,0.0922315003716899,0.0836489298742117,0.115531765225348,0.0725685604410464,0.0843308857967435,0.0725623395663558,0.0745610070577419,0.0773755984881521,0.0739261884851996,0.104710419378387
0.406,0.0924123157118511,0.0837718736451761,0.115812051852098,0.0727087503047691,0.084517401618115,0.0726723194585732,0.0747067680729174,0.0774782931580123,0.0740869928775911,0.104918478049018
0.408,0.0925931310520124,0.0838948174161405,0.116062858015232,0.0728489401684917,0.0847039174394865,0.0727822993507906,0.0748525290880929,0.0775809878278724,0.0742477972699826,0.105126536719649
0.41,0.0927570108699421,0.084017761187105,0.116306373171166,0.0729891300322144,0.084890433260858,0.072892279243008,0.0749982901032684,0.0776836824977326,0.0744086016623741,0.105327191196109
0.412,0.0929069909181345,0.0841407049580694,0.116549888327099,0.073129319895937,0.0850769490822295,0.0730022591352255,0.0751440511184439,0.0777863771675927,0.0745694060547656,0.105501753758452
0.414,0.0930569709663269,0.0842636487290339,0.116793403483033,0.0732695097596597,0.085263464903601,0.0731122390274429,0.0752676716726953,0.0778890718374528,0.0747302104471571,0.105676316320794
0.416,0.0932069510145193,0.0843865924999983,0.117036918638966,0.0734096996233823,0.0854499807249725,0.0732071630148369,0.0753873477740387,0.077991766507313,0.0748910148395486,0.105850878883137
0.418,0.0933569310627117,0.0845095362709627,0.1172804337949,0.073549889487105,0.085636496546344,0.0732949484280076,0.0755070238753822,0.0780944611771731,0.0750482942268924,0.10602544144548
0.42,0.0935069111109041,0.0846324800419272,0.117523948950833,0.0736900793508276,0.0858230123677156,0.0733827338411783,0.0756266999767257,0.078196534263615,0.0751852256638746,0.106200004007822
0.422,0.0936568911590965,0.0847554238128916,0.117767464106767,0.0738302692145503,0.0860095281890871,0.073470519254349,0.0757463760780692,0.078276389824297,0.0753221571008569,0.106374566570165
0.424,0.0938068712072889,0.0848783675838561,0.1180109792627,0.0739595739019571,0.0861960440104586,0.0735583046675197,0.0758660521794127,0.0783562453849791,0.0754590885378391,0.106549129132507
0.426,0.0939568512554813,0.0850013113548205,0.118254494418634,0.0740749882633144,0.0863825598318301,0.0736460900806904,0.0759857282807562,0.0784361009456611,0.0755960199748214,0.10672369169485
0.428,0.0941068313036737,0.0850991038997037,0.118498009574567,0.0741904026246717,0.0865444655759653,0.0737338754938611,0.0761054043820997,0.0785159565063431,0.0757329514118036,0.106898254257192
0.43,0.0942568113518661,0.0851931053607845,0.118736461072485,0.074305816986029,0.0867023143658191,0.0738216609070318,0.0762250804834431,0.0785958120670251,0.0758698828487858,0.107072816819535
0.432,0.0944067914000584,0.0852871068218653,0.118941406425545,0.0744212313473864,0.0868601631556729,0.0739094463202025,0.0763447565847866,0.0786756676277071,0.0760068142857681,0.107247379381878
0.434,0.0945567714482509,0.0853811082829461,0.119146351778604,0.0745366457087437,0.0870180119455267,0.0739972317333733,0.0764644326861301,0.0787555231883891,0.0761437457227503,0.10742194194422
0.436,0.0947067514964432,0.0854751097440269,0.119351297131664,0.074652060070101,0.0871758607353805,0.074085017146544,0.0765841087874736,0.0788353787490711,0.0762806771597326,0.107596504506563
0.438,0.0948434820539635,0.0855691112051077,0.119556242484723,0.0747674744314583,0.0873337095252343,0.0741728025597147,0.0767037848888171,0.0789152343097531,0.0764176085967148,0.107748098055928
0.44,0.0949622063300457,0.0856631126661886,0.119761187837782,0.0748828887928157,0.0874915583150881,0.0742605879728854,0.0768234609901606,0.0789950898704351,0.076554540033697,0.107888383951999
0.442,0.0950809306061278,0.0857571141272694,0.119966133190842,0.074998303154173,0.0876494071049419,0.0743483733860561,0.0769431370915041,0.0790749454311171,0.0766914714706793,0.10802866984807
0.444,0.09519965488221,0.0858511155883502,0.120171078543901,0.0751137175155303,0.0878072558947957,0.0744335204836727,0.0770628131928476,0.0791548009917991,0.0768284029076615,0.108168955744141
0.446,0.0953183791582922,0.085945117049431,0.120376023896961,0.0752291318768876,0.0879651046846495,0.0744995274743189,0.0771634712708659,0.0792346565524811,0.0769653343446438,0.108309241640212
0.448,0.0954371034343743,0.0860391185105119,0.12058096925002,0.0753445462382449,0.0881229534745033,0.0745655344649652,0.0772569421308596,0.0793145121131631,0.0770842721985441,0.108449527536282
0.45,0.0955558277104565,0.0861331199715927,0.12078591460308,0.0754599605996023,0.0882808022643571,0.0746315414556115,0.0773504129908534,0.0793943676738451,0.0771968937065521,0.108589813432353
0.452,0.0956745519865386,0.0862271214326735,0.120990859956139,0.0755753749609596,0.0884386510542109,0.0746975484462577,0.0774438838508471,0.079461237225108,0.0773095152145602,0.108730099328424
0.454,0.0957932762626208,0.0863211228937543,0.121195805309199,0.0756866481387034,0.0885964998440647,0.074763555436904,0.0775373547108409,0.0795187507713358,0.0774221367225683,0.108870385224495
0.456,0.095912000538703,0.0864151243548351,0.121400750662258,0.0757772250604721,0.0887494416440405,0.0748295624275503,0.0776308255708346,0.0795762643175636,0.0775347582305763,0.109010671120566
0.458,0.0960307248147851,0.086509125815916,0.121598856341204,0.0758678019822409,0.0888779145226831,0.0748955694181966,0.0777242964308283,0.0796337778637913,0.0776473797385844,0.109150957016636
0.46,0.0961494490908673,0.0866031272769968,0.121763524451036,0.0759583789040096,0.0890063874013257,0.0749615764088428,0.0778177672908221,0.0796912914100191,0.0777600012465924,0.109291242912707
0.462,0.0962681733669494,0.0866971287380776,0.121928192560868,0.0760489558257784,0.0891348602799683,0.0750275833994891,0.0779112381508158,0.0797488049562469,0.0778726227546005,0.109431528808778
0.464,0.0963868976430316,0.0867911301991584,0.122092860670701,0.0761395327475471,0.0892633331586109,0.0750935903901354,0.0780047090108096,0.0798063185024746,0.0779852442626085,0.109571814704849
0.466,0.0965056219191138,0.0868638697727578,0.122257528780533,0.0762301096693159,0.0893918060372535,0.0751595973807816,0.0780981798708033,0.0798638320487024,0.0780978657706166,0.10971210060092
0.468,0.0966243461951959,0.0869299101953523,0.122422196890365,0.0763206865910846,0.0895202789158961,0.0752256043714279,0.0781916507307971,0.0799213455949302,0.0782104872786246,0.109852386496991
0.47,0.0967430704712781,0.0869959506179468,0.122586865000197,0.0764112635128534,0.0896487517945387,0.0752916113620742,0.0782851215907908,0.0799788591411579,0.0783231087866327,0.109992672393061
0.472,0.0968617947473603,0.0870619910405412,0.122751533110029,0.0765018404346221,0.0897772246731813,0.0753576183527204,0.0783785924507845,0.0800363726873857,0.0784357302946408,0.110100134534681
0.474,0.0969509858441208,0.0871280314631357,0.122916201219861,0.0765924173563909,0.0899056975518239,0.0754236253433667,0.0784720633107783,0.0800938862336135,0.0785483518026488,0.110205704924509
0.476,0.0970384452347919,0.0871940718857301,0.123080869329693,0.0766829942781596,0.0900341704304665,0.075489632334013,0.078565534170772,0.0801513997798413,0.0786609733106569,0.110311275314338
0.478,0.0971259046254629,0.0872601123083246,0.123245537439525,0.0767735711999284,0.0901626433091091,0.0755556393246592,0.0786590050307658,0.080208913326069,0.0787735948186649,0.110416845704166
0.48,0.0972133640161339,0.087326152730919,0.123410205549357,0.0768641481216971,0.0902911161877517,0.0756216463153055,0.0787524758907595,0.0802664268722968,0.078886216326673,0.110522416093994
0.482,0.0973008234068049,0.0873921931535135,0.123574873659189,0.0769547250434659,0.0904195890663942,0.0756780842803183,0.0788459467507533,0.0803239404185246,0.0789942357713608,0.110627986483822
0.484,0.097388282797476,0.0874582335761079,0.123739541769022,0.0770453019652346,0.0905480619450368,0.0757233877056378,0.078939417610747,0.0803814539647523,0.0790823923680259,0.11073355687365
0.486,0.097475742188147,0.0875242739987024,0.123904209878854,0.0771358788870033,0.0906765348236794,0.0757686911309572,0.0790242924178123,0.0804389675109801,0.079170548964691,0.110839127263479
0.488,0.097563201578818,0.0875903144212968,0.124068877988686,0.0772264558087721,0.090805007702322,0.0758139945562767,0.079092796522122,0.0804964810572079,0.0792587055613561,0.110944697653307
0.49,0.097650660969489,0.0876563548438913,0.124233546098518,0.0773170327305408,0.0909334805809646,0.0758592979815962,0.0791613006264318,0.0805539946034357,0.0793468621580212,0.111050268043135
0.492,0.09773812036016,0.0877223952664857,0.12439821420835,0.0774076096523096,0.0910556502203691,0.0759046014069156,0.0792298047307415,0.0806087671176609,0.0794350187546863,0.111155838432963
0.494,0.097825579750831,0.0877884356890802,0.124526076539659,0.077475205252792,0.0911543483181251,0.0759499048322351,0.0792983088350513,0.0806464588600609,0.0795231753513514,0.111261408822791
0.496,0.0979130391415021,0.0878544761116746,0.124649053772653,0.0775414559104524,0.091253046415881,0.0759952082575546,0.079366812939361,0.0806841506024609,0.0796113319480165,0.11136697921262
0.498,0.0980004985321731,0.0879205165342691,0.124772031005647,0.0776077065681127,0.091351744513637,0.076040511682874,0.0794353170436707,0.0807218423448608,0.0796994885446816,0.111472549602448
0.5,0.0980879579228441,0.0879865569568636,0.124895008238641,0.0776739572257731,0.0914504426113929,0.0760858151081935,0.0795038211479805,0.0807595340872608,0.0797876451413467,0.111578119992276
0.502,0.0981754173135151,0.088052597379458,0.125017985471634,0.0777402078834335,0.0915491407091489,0.076131118533513,0.0795723252522902,0.0807972258296608,0.0798758017380118,0.111683690382104
0.504,0.0982628767041862,0.0881186378020525,0.125140962704628,0.0778064585410939,0.0916478388069048,0.0761764219588324,0.0796408293566,0.0808349175720608,0.0799639583346769,0.111789260771933
0.506,0.0983503360948572,0.0881846782246469,0.125263939937622,0.0778727091987543,0.0917465369046608,0.0762217253841519,0.0797093334609097,0.0808726093144607,0.080052114931342,0.111894831161761
0.508,0.0984377954855282,0.0882507186472413,0.125386917170616,0.0779389598564147,0.0918452350024167,0.0762670288094714,0.0797778375652194,0.0809103010568607,0.0801402715280071,0.112000401551589
0.51,0.0985252548761992,0.0883167590698358,0.12550989440361,0.0780052105140751,0.0919439331001727,0.0763123322347908,0.0798463416695292,0.0809479927992607,0.0802284281246722,0.112105971941417
0.512,0.0986127142668703,0.0883827994924303,0.125632871636603,0.0780714611717355,0.0920426311979286,0.0763576356601103,0.0799148457738389,0.0809856845416606,0.0803165847213373,0.112211542331245
0.514,0.0987001736575413,0.0884488399150247,0.125755848869597,0.0781377118293959,0.0921413292956846,0.0764029390854298,0.0799833498781486,0.0810233762840606,0.0804047413180025,0.112308944124297
0.516,0.0987876330482123,0.088497806802832,0.125878826102591,0.0782039624870562,0.0922400273934405,0.0764482425107492,0.0800518539824584,0.0810610680264606,0.0804928979146675,0.112382743023007
0.518,0.0988709815131324,0.0885413941970348,0.126001803335585,0.0782702131447166,0.0923387254911965,0.0764935459360687,0.0801203580867681,0.0810987597688606,0.0805810545113327,0.112456541921717
0.52,0.0989309554910217,0.0885849815912375,0.126124780568579,0.078336463802377,0.0924374235889524,0.0765388493613882,0.0801888621910779,0.0811364515112605,0.0806692111079978,0.112530340820428
0.522,0.0989909294689109,0.0886285689854402,0.126247757801572,0.0784027144600374,0.0925361216867084,0.0765841527867076,0.0802573662953876,0.0811741432536605,0.0807573677046629,0.112604139719138
0.524,0.0990509034468002,0.0886721563796429,0.126370735034566,0.0784689651176978,0.0926348197844643,0.0766294562120271,0.0803258703996974,0.0812118349960605,0.080845524301328,0.112677938617848
0.526,0.0991108774246894,0.0887157437738456,0.12649371226756,0.0785352157753582,0.0927335178822203,0.0766747596373466,0.0803943745040071,0.0812495267384604,0.0809308796719742,0.112751737516559
0.528,0.0991708514025787,0.0887593311680483,0.126616689500554,0.0786014664330185,0.0928322159799762,0.076720063062666,0.0804628786083168,0.0812872184808604,0.0809964726292476,0.112825536415269
0.53,0.0992308253804679,0.088802918562251,0.126739666733548,0.0786677170906789,0.0929309140777321,0.0767653664879855,0.0805313827126266,0.0813249102232604,0.0810620655865211,0.112899335313979
0.532,0.0992907993583572,0.0888465059564537,0.126862643966541,0.0787339677483393,0.0930296121754881,0.0768031803687884,0.0805998868169363,0.0813626019656603,0.0811276585437945,0.112973134212689
0.534,0.0993507733362464,0.0888900933506565,0.126985621199535,0.0788002184059997,0.093128310273244,0.0768322793987906,0.0806683909212461,0.0814002937080603,0.081193251501068,0.1130469331114
0.536,0.0994107473141357,0.0889336807448592,0.127108598432529,0.0788664690636601,0.093227008371,0.0768613784287927,0.0807299392659311,0.0814379854504603,0.0812588444583414,0.11312073201011
0.538,0.0994707212920249,0.0889772681390619,0.127219353752879,0.0789327197213205,0.0933175047970783,0.0768904774587949,0.0807782407548552,0.0814756771928603,0.0813244374156149,0.11319453090882
0.54,0.0995306952699142,0.0890208555332646,0.127304176558973,0.0789989703789809,0.0933892421494547,0.076919576488797,0.0808265422437794,0.0815133689352602,0.0813900303728883,0.113268329807531
0.542,0.0995906692478034,0.0890644429274673,0.127388999365068,0.0790652210366413,0.093460979501831,0.0769486755187992,0.0808748437327035,0.0815490816050274,0.0814556233301618,0.113342128706241
0.544,0.0996506432256927,0.08910803032167,0.127473822171162,0.0791124769581318,0.0935327168542074,0.0769777745488013,0.0809231452216277,0.0815724616613718,0.0815212162874352,0.113415927604951
0.546,0.0997106172035819,0.0891516177158727,0.127558644977257,0.0791586212449279,0.0936044542065837,0.0770068735788035,0.0809714467105518,0.0815958417177162,0.0815868092447087,0.113489726503662
0.548,0.0997705911814712,0.0891952051100754,0.127643467783351,0.079204765531724,0.0936761915589601,0.0770359726088056,0.0810197481994759,0.0816192217740606,0.0816524022019821,0.113563525402372
0.55,0.0998305651593604,0.0892387925042782,0.127728290589446,0.0792509098185201,0.0937479289113365,0.0770650716388078,0.0810680496884001,0.0816426018304049,0.0817179951592556,0.113637324301082
0.552,0.0998905391372497,0.0892823798984809,0.127813113395541,0.0792970541053161,0.0938196662637128,0.0770941706688099,0.0811163511773242,0.0816659818867493,0.081783588116529,0.113711123199793
0.554,0.0999505131151389,0.0893259672926836,0.127897936201635,0.0793431983921122,0.0938914036160892,0.0771232696988121,0.0811646526662484,0.0816893619430937,0.0818491810738025,0.113784922098503
0.556,0.100010487093028,0.0893695546868863,0.12798275900773,0.0793893426789083,0.0939631409684656,0.0771523687288142,0.0812129541551725,0.0817127419994381,0.0819147740310759,0.113858720997213
0.558,0.100070461070917,0.089413142081089,0.128067581813824,0.0794354869657043,0.0940348783208419,0.0771814677588164,0.0812612556440967,0.0817361220557825,0.0819803669883494,0.113932519895924
0.56,0.100130435048807,0.0894567294752917,0.128152404619919,0.0794816312525004,0.0941066156732183,0.0772105667888185,0.0813095571330208,0.0817595021121269,0.0820459599456228,0.114006318794634
0.562,0.100190409026696,0.0895003168694944,0.128237227426014,0.0795277755392965,0.0941783530255946,0.0772396658188207,0.081357858621945,0.0817828821684713,0.0821115529028963,0.114080117693344
0.564,0.100250383004585,0.0895439042636971,0.128322050232108,0.0795739198260925,0.094250090377971,0.0772687648488228,0.0814061601108691,0.0818062622248157,0.0821771458601697,0.114147671019286
0.566,0.100310356982474,0.0895760629173026,0.128406873038203,0.0796200641128886,0.0943218277303474,0.077297863878825,0.0814544615997933,0.08182964228116,0.0822427388174432,0.114197177966128
0.568,0.100367319676704,0.0896046206272419,0.128491695844297,0.0796662083996847,0.0943935650827237,0.0773269629088271,0.0815027630887174,0.0818530223375044,0.0823083317747166,0.114246684912969
0.57,0.10040716038549,0.0896331783371812,0.128576518650392,0.0797123526864807,0.0944653024351001,0.0773560619388293,0.0815510645776416,0.0818764023938488,0.08237392473199,0.114296191859811
0.572,0.100447001094277,0.0896617360471205,0.128661341456486,0.0797584969732768,0.0945370397874764,0.0773851609688314,0.0815993660665657,0.0818997824501932,0.0824395176892635,0.114345698806653
0.574,0.100486841803064,0.0896902937570598,0.128746164262581,0.0798046412600729,0.0946087771398528,0.0774142599988335,0.0816476675554899,0.0819231625065376,0.0825051106465369,0.114395205753495
0.576,0.100526682511851,0.0897188514669991,0.128830987068676,0.079850785546869,0.0946805144922292,0.0774433590288357,0.081695969044414,0.0819465425628819,0.0825684773723832,0.114444712700336
0.578,0.100566523220638,0.0897474091769384,0.12891580987477,0.079896929833665,0.0947522518446055,0.0774724580588379,0.0817442705333382,0.0819699226192263,0.0826161382232191,0.114494219647178
0.58,0.100606363929425,0.0897759668868777,0.129000632680865,0.0799430741204611,0.0948239891969819,0.07750155708884,0.0817925720222623,0.0819933026755707,0.082663799074055,0.11454372659402
0.582,0.100646204638212,0.089804524596817,0.129085455486959,0.0799892184072572,0.0948957265493583,0.0775258312230935,0.0818408735111865,0.0820166827319151,0.082711459924891,0.114593233540861
0.584,0.100686045346999,0.0898330823067563,0.129170278293054,0.0800353626940532,0.0949674639017346,0.0775444910978301,0.0818891750001106,0.0820400627882595,0.0827591207757269,0.114642740487703
0.586,0.100725886055785,0.0898616400166956,0.129255101099149,0.0800815069808493,0.095039201254111,0.0775631509725667,0.0819325452919686,0.0820634428446039,0.0828067816265628,0.114692247434545
0.588,0.100765726764572,0.0898901977266348,0.12933062580506,0.0801276512676454,0.0951046132358626,0.0775818108473033,0.0819665243943967,0.0820868229009483,0.0828544424773988,0.114741754381387
0.59,0.100805567473359,0.0899187554365741,0.129386421756353,0.0801737955544415,0.0951555576677775,0.0776004707220399,0.0820005034968248,0.0821102029572926,0.0829021033282347,0.114791261328228
0.592,0.100845408182146,0.0899473131465134,0.129442217707645,0.0802199398412375,0.0952065020996924,0.0776191305967765,0.082034482599253,0.0821323478990021,0.0829497641790706,0.11484076827507
0.594,0.100885248890933,0.0899758708564527,0.129498013658938,0.080252793758331,0.0952574465316072,0.0776377904715131,0.0820684617016811,0.0821467962099396,0.0829974250299066,0.114890275221912
0.596,0.10092508959972,0.090004428566392,0.12955380961023,0.0802848698790954,0.0953083909635221,0.0776564503462497,0.0821024408041092,0.0821612445208771,0.0830450858807425,0.114939782168753
0.598,0.100964930308507,0.0900329862763313,0.129609605561523,0.0803169459998598,0.095359335395437,0.0776751102209863,0.0821364199065373,0.0821756928318147,0.0830927467315785,0.114989289115595
0.6,0.101004771017294,0.0900615439862706,0.129665401512815,0.0803490221206242,0.0954102798273518,0.0776937700957229,0.0821703990089655,0.0821901411427522,0.0831404075824144,0.115038796062437
0.602,0.10104461172608,0.0900901016962099,0.129721197464107,0.0803810982413886,0.0954612242592667,0.0777124299704595,0.0822043781113936,0.0822045894536897,0.0831880684332503,0.115088303009278
0.604,0.101084452434867,0.0901186594061492,0.1297769934154,0.080413174362153,0.0955121686911816,0.0777310898451961,0.0822383572138218,0.0822190377646272,0.0832357292840862,0.11513780995612
0.606,0.101124293143654,0.0901472171160885,0.129832789366692,0.0804452504829174,0.0955631131230964,0.0777497497199327,0.0822723363162499,0.0822334860755647,0.0832833901349222,0.115187316902962
0.608,0.101164133852441,0.0901757748260278,0.129888585317985,0.0804773266036818,0.0956140575550113,0.0777684095946693,0.082306315418678,0.0822479343865022,0.0833310509857581,0.115236823849804
0.61,0.101203974561228,0.0902043325359671,0.129944381269277,0.0805094027244461,0.0956650019869262,0.0777870694694059,0.0823402945211061,0.0822623826974397,0.0833787118365941,0.115286330796645
0.612,0.101243815270015,0.0902328902459063,0.13000017722057,0.0805414788452106,0.095715946418841,0.0778057293441425,0.0823742736235342,0.0822768310083773,0.08342637268743,0.115335837743487
0.614,0.101283655978802,0.0902614479558456,0.130055973171862,0.080573554965975,0.0957668908507559,0.0778243892188791,0.0824082527259624,0.0822912793193148,0.0834740335382659,0.115381050474143
0.616,0.101323496687589,0.0902824384831927,0.130111769123155,0.0806056310867393,0.0958178352826708,0.0778430490936157,0.0824422318283905,0.0823057276302523,0.0835216943891019,0.11541385520699
0.618,0.10136129456996,0.0903010447584872,0.130167565074447,0.0806377072075038,0.0958687797145856,0.0778617089683523,0.0824762109308187,0.0823201759411898,0.0835693552399378,0.115446659939837
0.62,0.101387477059004,0.0903196510337817,0.13022336102574,0.0806697833282681,0.0959197241465005,0.0778803688430889,0.0825101900332468,0.0823346242521273,0.0836170160907737,0.115479464672683
0.622,0.101413659548047,0.0903382573090762,0.130279156977032,0.0807018594490325,0.0959706685784154,0.0778990287178255,0.0825441691356749,0.0823490725630648,0.0836646769416097,0.11551226940553
0.624,0.10143984203709,0.0903568635843707,0.130334952928325,0.0807339355697969,0.0960216130103302,0.0779176885925621,0.082578148238103,0.0823635208740024,0.0837123377924456,0.115545074138377
0.626,0.101466024526133,0.0903754698596652,0.130390748879617,0.0807660116905613,0.0960725574422451,0.0779363484672987,0.0826121273405312,0.0823779691849399,0.0837583704812423,0.115577878871224
0.628,0.101492207015176,0.0903940761349597,0.13044654483091,0.0807980878113257,0.09612350187416,0.0779550083420353,0.0826461064429593,0.0823924174958774,0.0837929166241336,0.115610683604071
0.63,0.101518389504219,0.0904126824102542,0.130502340782202,0.0808301639320901,0.0961744463060748,0.0779736682167719,0.0826800855453874,0.0824068658068149,0.0838274627670249,0.115643488336918
0.632,0.101544571993262,0.0904312886855487,0.130558136733494,0.0808622400528545,0.0962253907379897,0.0779892302592762,0.0827140646478156,0.0824213141177524,0.0838620089099163,0.115676293069765
0.634,0.101570754482305,0.0904498949608432,0.130613932684787,0.0808943161736189,0.0962763351699046,0.0780011876572455,0.0827480437502437,0.0824357624286899,0.0838965550528076,0.115709097802611
0.636,0.101596936971348,0.0904685012361377,0.130669728636079,0.0809263922943833,0.0963272796018194,0.0780131450552148,0.0827785416704477,0.0824502107396275,0.0839311011956989,0.115741902535458
0.638,0.101623119460391,0.0904871075114322,0.130719064381797,0.0809584684151477,0.0963736620142703,0.0780251024531841,0.0828024098735126,0.082464659050565,0.0839656473385903,0.115774707268305
0.64,0.101649301949434,0.0905057137867268,0.13075469283161,0.0809905445359121,0.0964096100588607,0.0780370598511534,0.0828262780765774,0.0824791073615025,0.0840001934814816,0.115807512001152
0.642,0.101675484438478,0.0905243200620213,0.130790321281422,0.0810226206566765,0.0964455581034512,0.0780490172491227,0.0828501462796423,0.0824927894326737,0.0840347396243729,0.115840316733999
0.644,0.101701666927521,0.0905429263373158,0.130825949731234,0.0810454329823748,0.0964815061480417,0.0780609746470921,0.0828740144827072,0.0825016966721027,0.0840692857672642,0.115873121466846
0.646,0.101727849416564,0.0905615326126103,0.130861578181046,0.0810677031601904,0.0965174541926321,0.0780729320450614,0.082897882685772,0.0825106039115318,0.0841038319101556,0.115905926199693
0.648,0.101754031905607,0.0905801388879048,0.130897206630858,0.0810899733380059,0.0965534022372226,0.0780848894430307,0.0829217508888369,0.0825195111509608,0.0841383780530469,0.11593873093254
0.65,0.10178021439465,0.0905987451631993,0.13093283508067,0.0811122435158215,0.0965893502818131,0.078096846841,0.0829456190919018,0.0825284183903898,0.0841729241959382,0.115971535665386
0.652,0.101806396883693,0.0906173514384938,0.130968463530483,0.081134513693637,0.0966252983264035,0.0781088042389693,0.0829694872949666,0.0825373256298189,0.0842074703388296,0.116004340398233
0.654,0.101832579372736,0.0906359577137883,0.131004091980295,0.0811567838714526,0.096661246370994,0.0781207616369386,0.0829933554980315,0.0825462328692479,0.0842420164817209,0.11603714513108
0.656,0.101858761861779,0.0906545639890828,0.131039720430107,0.0811790540492681,0.0966971944155845,0.0781327190349079,0.0830172237010964,0.0825551401086769,0.0842765626246122,0.116069949863927
0.658,0.101884944350822,0.0906731702643773,0.131075348879919,0.0812013242270837,0.0967331424601749,0.0781446764328773,0.0830410919041612,0.0825640473481059,0.0843111087675035,0.116102754596774
0.66,0.101911126839865,0.0906917765396718,0.131110977329731,0.0812235944048992,0.0967690905047654,0.0781566338308466,0.0830649601072261,0.082572954587535,0.0843456549103949,0.116135559329621
0.662,0.101937309328908,0.0907103828149663,0.131146605779544,0.0812458645827148,0.0968050385493559,0.0781685912288159,0.083088828310291,0.082581861826964,0.0843802010532862,0.116168364062468
0.664,0.101963491817951,0.0907289890902608,0.131182234229356,0.0812681347605304,0.0968409865939464,0.0781805486267852,0.0831126965133558,0.0825907690663931,0.0844147471961775,0.116198257528866
0.666,0.101989674306995,0.0907426256044626,0.131217862679168,0.0812904049383459,0.0968769346385368,0.0781925060247545,0.0831365647164207,0.0825996763058221,0.0844492933390688,0.116219738985679
0.668,0.102014490032011,0.0907546962567413,0.13125349112898,0.0813126751161614,0.0969128826831273,0.0782044634227238,0.0831604329194856,0.0826085835452511,0.0844838394819602,0.116241220442493
0.67,0.102031534415498,0.09076676690902,0.131289119578792,0.081334945293977,0.0969488307277177,0.0782164208206931,0.0831843011225504,0.0826174907846802,0.0845183856248515,0.116262701899306
0.672,0.102048578798985,0.0907788375612987,0.131324748028605,0.0813572154717925,0.0969847787723082,0.0782283782186625,0.0832081693256153,0.0826263980241092,0.0845529317677428,0.116284183356119
0.674,0.102065623182472,0.0907909082135775,0.131360376478417,0.0813794856496081,0.0970207268168987,0.0782403356166318,0.0832320375286802,0.0826353052635382,0.0845874779106341,0.116305664812933
0.676,0.102082667565959,0.0908029788658562,0.131396004928229,0.0814017558274236,0.0970566748614891,0.0782522930146011,0.083255905731745,0.0826442125029673,0.0846208384443792,0.116327146269746
0.678,0.102099711949447,0.0908150495181349,0.131431633378041,0.0814240260052392,0.0970926229060796,0.0782642504125704,0.0832797739348099,0.0826531197423963,0.084645834605564,0.11634862772656
0.68,0.102116756332934,0.0908271201704136,0.131467261827853,0.0814462961830547,0.0971285709506701,0.0782762078105397,0.0833036421378748,0.0826620269818253,0.0846708307667487,0.116370109183373
0.682,0.102133800716421,0.0908391908226923,0.131502890277665,0.0814685663608703,0.0971645189952605,0.0782861793625878,0.0833275103409396,0.0826709342212544,0.0846958269279335,0.116391590640186
0.684,0.102150845099908,0.090851261474971,0.131538518727478,0.0814908365386858,0.097200467039851,0.0782938401798669,0.0833513785440045,0.0826798414606834,0.0847208230891183,0.116413072097
0.686,0.102167889483395,0.0908633321272497,0.13157414717729,0.0815131067165014,0.0972364150844415,0.0783015009971461,0.0833727958693525,0.0826887487001124,0.084745819250303,0.116434553553813
0.688,0.102184933866882,0.0908754027795284,0.131605402515893,0.0815353768943169,0.0972691049018421,0.0783091618144253,0.0833895456349582,0.0826976559395415,0.0847708154114878,0.116456035010627
0.69,0.102201978250369,0.0908874734318072,0.131627378965662,0.0815576470721325,0.0972943424184932,0.0783168226317045,0.0834062954005638,0.0827065631789705,0.0847958115726726,0.11647751646744
0.692,0.102219022633856,0.0908995440840859,0.131649355415432,0.0815799172499481,0.0973195799351444,0.0783244834489836,0.0834230451661694,0.0827149968598391,0.0848208077338573,0.116498997924253
0.694,0.102236067017343,0.0909116147363646,0.131671331865201,0.0815957450311913,0.0973448174517955,0.0783321442662628,0.083439794931775,0.0827204795551994,0.0848458038950421,0.116520479381067
0.696,0.10225311140083,0.0909236853886433,0.131693308314971,0.0816111957821099,0.0973700549684466,0.078339805083542,0.0834565446973806,0.0827259622505598,0.0848708000562269,0.11654196083788
0.698,0.102270155784317,0.090935756040922,0.13171528476474,0.0816266465330285,0.0973952924850977,0.0783474659008212,0.0834732944629862,0.0827314449459201,0.0848957962174117,0.116563442294694
0.7,0.102287200167805,0.0909478266932007,0.131737261214509,0.0816420972839471,0.0974205300017488,0.0783551267181004,0.0834900442285919,0.0827369276412804,0.0849207923785964,0.116584923751507
0.702,0.102304244551292,0.0909598973454794,0.131759237664279,0.0816575480348656,0.0974457675183999,0.0783627875353795,0.0835067939941975,0.0827424103366408,0.0849457885397812,0.11660640520832
0.704,0.102321288934779,0.0909719679977582,0.131781214114048,0.0816729987857842,0.097471005035051,0.0783704483526587,0.0835235437598031,0.0827478930320011,0.084970784700966,0.116627886665134
0.706,0.102338333318266,0.0909840386500369,0.131803190563818,0.0816884495367028,0.0974962425517021,0.0783781091699379,0.0835402935254087,0.0827533757273614,0.0849957808621507,0.116649368121947
0.708,0.102355377701753,0.0909961093023156,0.131825167013587,0.0817039002876214,0.0975214800683533,0.0783857699872171,0.0835570432910143,0.0827588584227218,0.0850207770233355,0.116670849578761
0.71,0.10237242208524,0.0910081799545943,0.131847143463356,0.0817193510385399,0.0975467175850044,0.0783934308044962,0.0835737930566199,0.0827643411180821,0.0850457731845203,0.116692331035574
0.712,0.102389466468727,0.091020250606873,0.131869119913126,0.0817348017894585,0.0975719551016555,0.0784010916217754,0.0835905428222255,0.0827698238134425,0.085070769345705,0.116713812492387
0.714,0.102406510852214,0.0910323212591517,0.131891096362895,0.0817502525403771,0.0975971926183066,0.0784087524390546,0.0836072925878312,0.0827753065088028,0.0850957655068898,0.116733345442678
0.716,0.102423555235701,0.0910411480055252,0.131913072812664,0.0817657032912957,0.0976224301349577,0.0784164132563338,0.0836240423534368,0.0827807892041631,0.0851207616680746,0.116747248246835
0.718,0.102439695889657,0.0910489526688158,0.131935049262434,0.0817811540422143,0.0976476676516088,0.078424074073613,0.0836407921190424,0.0827862718995235,0.0851457578292593,0.116761151050992
0.72,0.10245069798955,0.0910567573321064,0.131957025712203,0.0817966047931329,0.0976729051682599,0.0784317348908921,0.083657541884648,0.0827917545948838,0.0851707539904441,0.116775053855149
0.722,0.102461700089444,0.091064561995397,0.131979002161973,0.0818120555440514,0.097698142684911,0.0784393957081713,0.0836742916502536,0.0827972372902442,0.0851957501516289,0.116788956659306
0.724,0.102472702189338,0.0910723666586876,0.132000978611742,0.08182750629497,0.0977233802015621,0.0784470565254505,0.0836910414158592,0.0828027199856045,0.0852207463128136,0.116802859463463
0.726,0.102483704289232,0.0910801713219782,0.132022955061511,0.0818429570458886,0.0977486177182132,0.0784547173427297,0.0837077911814649,0.0828082026809648,0.0852448817753703,0.11681676226762
0.728,0.102494706389125,0.0910879759852688,0.132044931511281,0.0818584077968072,0.0977738552348644,0.0784623781600089,0.0837245409470705,0.0828136853763252,0.0852629450816766,0.116830665071777
0.73,0.102505708489019,0.0910957806485594,0.13206690796105,0.0818738585477257,0.0977990927515155,0.078470038977288,0.0837412907126761,0.0828191680716855,0.0852810083879829,0.116844567875934
0.732,0.102516710588913,0.09110358531185,0.13208888441082,0.0818893092986443,0.0978243302681666,0.0784764275715883,0.0837580404782817,0.0828246507670458,0.0852990716942892,0.116858470680091
0.734,0.102527712688806,0.0911113899751406,0.132110860860589,0.0819047600495629,0.0978495677848177,0.0784813358043761,0.0837747902438873,0.0828301334624062,0.0853171350005955,0.116872373484247
0.736,0.1025387147887,0.0911191946384312,0.132132837310358,0.0819202108004815,0.0978748053014688,0.0784862440371641,0.083789817505177,0.0828356161577665,0.0853351983069018,0.116886276288404
0.738,0.102549716888594,0.0911269993017217,0.132151932599557,0.0819356615514001,0.0978977336031514,0.078491152269952,0.0838015643531902,0.0828410988531269,0.0853532616132081,0.116900179092561
0.74,0.102560718988488,0.0911348039650123,0.132164914628113,0.0819511123023187,0.0979153802091639,0.0784960605027399,0.0838133112012034,0.0828465815484872,0.0853713249195144,0.116914081896718
0.742,0.102571721088381,0.0911426086283029,0.132177896656668,0.0819665630532372,0.0979330268151763,0.0785009687355278,0.0838250580492165,0.0828517722781342,0.0853893882258207,0.116927984700875
0.744,0.102582723188275,0.0911504132915935,0.132190878685223,0.0819775396596945,0.0979506734211888,0.0785058769683157,0.0838368048972297,0.0828551436201471,0.085407451532127,0.116941887505032
0.746,0.102593725288169,0.0911582179548841,0.132203860713779,0.0819882544244411,0.0979683200272013,0.0785107852011036,0.0838485517452429,0.0828585149621601,0.0854255148384334,0.116955790309189
0.748,0.102604727388063,0.0911660226181747,0.132216842742334,0.0819989691891877,0.0979859666332138,0.0785156934338915,0.0838602985932561,0.082861886304173,0.0854435781447397,0.116969693113346
0.75,0.102615729487956,0.0911738272814653,0.132229824770889,0.0820096839539343,0.0980036132392262,0.0785206016666795,0.0838720454412693,0.0828652576461859,0.085461641451046,0.116983595917503
0.752,0.10262673158785,0.0911816319447559,0.132242806799445,0.0820203987186809,0.0980212598452387,0.0785255098994674,0.0838837922892825,0.0828686289881988,0.0854797047573523,0.11699749872166
0.754,0.102637733687744,0.0911894366080465,0.132255788828,0.0820311134834275,0.0980389064512512,0.0785304181322553,0.0838955391372957,0.0828720003302117,0.0854977680636586,0.117011401525816
0.756,0.102648735787637,0.0911972412713371,0.132268770856555,0.0820418282481741,0.0980565530572637,0.0785353263650432,0.0839072859853088,0.0828753716722247,0.0855158313699649,0.117025304329973
0.758,0.102659737887531,0.0912050459346277,0.132281752885111,0.0820525430129207,0.0980741996632761,0.0785402345978311,0.083919032833322,0.0828787430142376,0.0855338946762712,0.11703920713413
0.76,0.102670739987425,0.0912128505979183,0.132294734913666,0.0820632577776673,0.0980918462692886,0.078545142830619,0.0839307796813352,0.0828821143562505,0.0855519579825775,0.117053109938287
0.762,0.102681742087319,0.0912206552612089,0.132307716942221,0.0820739725424139,0.0981094928753011,0.0785500510634069,0.0839425265293484,0.0828854856982634,0.0855700212888838,0.117067012742444
0.764,0.102692744187212,0.0912284599244995,0.132320698970777,0.0820846873071605,0.0981271394813136,0.0785549592961949,0.0839542733773616,0.0828888570402764,0.0855880845951902,0.117079627111102
0.766,0.102703746287106,0.0912341571351211,0.132333680999332,0.0820954020719071,0.098144786087326,0.0785598675289828,0.0839660202253748,0.0828922283822893,0.0856061479014965,0.11708851858735
0.768,0.102714156905158,0.0912391903339668,0.132346663027887,0.0821061168366537,0.0981624326933385,0.0785647757617707,0.083977767073388,0.0828955997243022,0.0856242112078028,0.117097410063598
0.77,0.102721204391529,0.0912442235328125,0.132359645056443,0.0821168316014003,0.098180079299351,0.0785696839945586,0.0839895139214011,0.0828989710663151,0.0856422745141091,0.117106301539846
0.772,0.102728251877899,0.0912492567316583,0.132372627084998,0.0821275463661469,0.0981977259053635,0.0785745922273465,0.0840012607694143,0.0829023424083281,0.0856603378204154,0.117115193016094
0.774,0.10273529936427,0.091254289930504,0.132385609113553,0.0821382611308935,0.0982153725113759,0.0785795004601344,0.0840130076174275,0.082905713750341,0.0856784011267217,0.117124084492342
0.776,0.10274234685064,0.0912593231293497,0.132398591142109,0.0821489758956401,0.0982330191173884,0.0785844086929223,0.0840247544654407,0.0829090850923539,0.0856958409724125,0.11713297596859
0.778,0.102749394337011,0.0912643563281955,0.132411573170664,0.0821596906603867,0.0982506657234009,0.0785893169257102,0.0840365013134539,0.0829124564343668,0.0857088823560293,0.117141867444838
0.78,0.102756441823381,0.0912693895270412,0.132424555199219,0.0821704054251333,0.0982683123294133,0.0785942251584982,0.0840482481614671,0.0829158277763797,0.0857219237396461,0.117150758921086
0.782,0.102763489309752,0.0912744227258869,0.132437537227775,0.0821811201898799,0.0982859589354258,0.0785983184690276,0.0840599950094803,0.0829191991183927,0.085734965123263,0.117159650397335
0.784,0.102770536796122,0.0912794559247327,0.13245051925633,0.0821918349546265,0.0983036055414383,0.078601463534189,0.0840717418574934,0.0829225704604056,0.0857480065068798,0.117168541873583
0.786,0.102777584282493,0.0912844891235784,0.132463501284885,0.0822025497193731,0.0983212521474508,0.0786046085993503,0.0840822795028506,0.0829259418024185,0.0857610478904966,0.117177433349831
0.788,0.102784631768863,0.0912895223224241,0.132474640622335,0.0822132644841198,0.0983372720525656,0.0786077536645117,0.0840905142892774,0.0829293131444314,0.0857740892741134,0.117186324826079
0.79,0.102791679255234,0.0912945555212698,0.132481870128749,0.0822239792488663,0.0983495713256888,0.078610898729673,0.0840987490757042,0.0829326844864443,0.0857871306577302,0.117195216302327
0.792,0.102798726741604,0.0912995887201156,0.132489099635163,0.082234694013613,0.098361870598812,0.0786140437948344,0.0841069838621311,0.0829358760998523,0.085800172041347,0.117204107778575
0.794,0.102805774227975,0.0913046219189613,0.132496329141577,0.0822423041316763,0.0983741698719352,0.0786171888599958,0.0841152186485579,0.0829379477324321,0.0858132134249638,0.117212999254823
0.796,0.102812821714345,0.091309655117807,0.132503558647991,0.0822497325555619,0.0983864691450584,0.0786203339251571,0.0841234534349847,0.0829400193650119,0.0858262548085806,0.117221890731071
0.798,0.102819869200716,0.0913146883166528,0.132510788154406,0.0822571609794476,0.0983987684181816,0.0786234789903185,0.0841316882214115,0.0829420909975916,0.0858392961921974,0.117230782207319
0.8,0.102826916687086,0.0913197215154985,0.13251801766082,0.0822645894033333,0.0984110676913048,0.0786266240554799,0.0841399230078383,0.0829441626301714,0.0858523375758142,0.117239673683567
0.802,0.102833964173456,0.0913247547143442,0.132525247167234,0.082272017827219,0.0984233669644279,0.0786297691206412,0.0841481577942651,0.0829462342627512,0.0858653789594311,0.117248565159815
0.804,0.102841011659827,0.09132978791319,0.132532476673648,0.0822794462511047,0.0984356662375511,0.0786329141858026,0.0841563925806919,0.082948305895331,0.0858784203430479,0.117257456636063
0.806,0.102848059146197,0.0913348211120357,0.132539706180062,0.0822868746749904,0.0984479655106743,0.078636059250964,0.0841646273671187,0.0829503775279107,0.0858914617266647,0.117266348112311
0.808,0.102855106632568,0.0913398543108814,0.132546935686476,0.0822943030988761,0.0984602647837975,0.0786392043161253,0.0841728621535455,0.0829524491604905,0.0859045031102815,0.117275239588559
0.81,0.102862154118938,0.0913448875097272,0.13255416519289,0.0823017315227617,0.0984725640569207,0.0786423493812867,0.0841810969399723,0.0829545207930703,0.0859175444938983,0.117284131064807
0.812,0.102869201605309,0.0913499207085729,0.132561394699304,0.0823091599466474,0.0984848633300439,0.078645494446448,0.0841893317263991,0.0829565924256501,0.0859305858775151,0.117293022541055
0.814,0.102876249091679,0.0913549539074186,0.132568624205718,0.0823165883705331,0.0984971626031671,0.0786486395116094,0.0841975665128259,0.0829586640582299,0.0859436272611319,0.117301072004278
0.816,0.10288329657805,0.0913586229500665,0.132575853712133,0.0823240167944188,0.0985094618762903,0.0786517845767708,0.0842058012992527,0.0829607356908097,0.0859566686447487,0.117306688498291
0.818,0.102889960431099,0.0913618621772349,0.132583083218547,0.0823314452183045,0.0985217611494135,0.0786549296419321,0.0842140360856795,0.0829628073233894,0.0859697100283655,0.117312304992303
0.82,0.102894442967183,0.0913651014044033,0.132590312724961,0.0823388736421902,0.0985340604225367,0.0786580747070935,0.0842222708721063,0.0829648789559692,0.0859827514119823,0.117317921486316
0.822,0.102898925503266,0.0913683406315717,0.132597542231375,0.0823463020660759,0.0985463596956598,0.0786612197722548,0.0842305056585331,0.082966950588549,0.0859957927955991,0.117323537980328
0.824,0.102903408039349,0.0913715798587401,0.132604771737789,0.0823537304899616,0.098558658968783,0.0786643648374162,0.0842387404449599,0.0829690222211288,0.086008834179216,0.11732915447434
0.826,0.102907890575432,0.0913748190859084,0.132612001244203,0.0823611589138472,0.0985709582419062,0.0786675099025776,0.0842469752313867,0.0829710938537086,0.0860214246591765,0.117334770968353
0.828,0.102912373111516,0.0913780583130768,0.132619230750617,0.0823685873377329,0.0985832575150294,0.078670654967739,0.0842552100178135,0.0829731654862883,0.0860308340518607,0.117340387462365
0.83,0.102916855647599,0.0913812975402452,0.132626460257031,0.0823760157616186,0.0985955567881526,0.0786738000329003,0.0842634448042403,0.0829752371188681,0.086040243444545,0.117346003956377
0.832,0.102921338183682,0.0913845367674136,0.132633689763446,0.0823834441855043,0.0986078560612758,0.0786764230507747,0.0842716795906671,0.0829773087514479,0.0860496528372292,0.11735162045039
0.834,0.102925820719765,0.0913877759945819,0.13264091926986,0.08239087260939,0.098620155334399,0.0786784386132548,0.0842799143770939,0.0829793803840277,0.0860590622299135,0.117357236944402
0.836,0.102930303255849,0.0913910152217503,0.132648148776274,0.0823983010332757,0.0986324546075222,0.078680454175735,0.0842873009289146,0.0829814520166074,0.0860684716225978,0.117362853438415
0.838,0.102934785791932,0.0913942544489187,0.13265423968907,0.0824057294571614,0.0986436134667702,0.0786824697382151,0.0842930720652978,0.0829835236491872,0.086077881015282,0.117368469932427
0.84,0.102939268328015,0.0913974936760871,0.132657914728336,0.082413157881047,0.0986521639421696,0.0786844853006952,0.084298843201681,0.082985595281767,0.0860872904079663,0.117374086426439
0.842,0.102943750864098,0.0914007329032555,0.132661589767603,0.0824205863049327,0.098660714417569,0.0786865008631753,0.0843046143380642,0.082987556402397,0.0860966998006505,0.117379702920452
0.844,0.102948233400182,0.0914039721304238,0.132665264806869,0.0824258615798432,0.0986692648929685,0.0786885164256555,0.0843103854744473,0.0829888288665659,0.0861061091933348,0.117385319414464
0.846,0.102952715936265,0.0914072113575922,0.132668939846136,0.0824310108453645,0.0986778153683679,0.0786905319881356,0.0843161566108305,0.0829901013307347,0.086115518586019,0.117390935908476
0.848,0.102957198472348,0.0914104505847606,0.132672614885403,0.0824361601108858,0.0986863658437674,0.0786925475506157,0.0843219277472136,0.0829913737949036,0.0861249279787033,0.117396552402489
0.85,0.102961681008431,0.091413689811929,0.132676289924669,0.0824413093764071,0.0986949163191668,0.0786945631130959,0.0843276988835968,0.0829926462590725,0.0861343373713875,0.117402168896501
0.852,0.102966163544515,0.0914169290390974,0.132679964963936,0.0824464586419284,0.0987034667945662,0.078696578675576,0.08433347001998,0.0829939187232413,0.0861437467640718,0.117407785390513
0.854,0.102970646080598,0.0914201682662657,0.132683640003202,0.0824516079074497,0.0987120172699657,0.0786985942380561,0.0843392411563631,0.0829951911874102,0.0861531561567561,0.117413401884526
0.856,0.102975128616681,0.0914234074934341,0.132687315042469,0.0824567571729709,0.0987205677453651,0.0787006098005363,0.0843450122927463,0.0829964636515791,0.0861625655494403,0.117419018378538
0.858,0.102979611152764,0.0914266467206025,0.132690990081736,0.0824619064384922,0.0987291182207646,0.0787026253630164,0.0843507834291295,0.082997736115748,0.0861719749421246,0.117424634872551
0.86,0.102984093688848,0.0914298859477709,0.132694665121002,0.0824670557040135,0.098737668696164,0.0787046409254965,0.0843565545655126,0.0829990085799168,0.0861813843348088,0.117430251366563
0.862,0.102988576224931,0.0914331251749393,0.132698340160269,0.0824722049695348,0.0987462191715634,0.0787066564879767,0.0843623257018958,0.0830002810440857,0.0861907937274931,0.117435867860575
0.864,0.102993058761014,0.0914363644021077,0.132702015199536,0.0824773542350561,0.0987547696469629,0.0787086720504568,0.0843680968382789,0.0830015535082546,0.0862002031201773,0.11744094048717
0.866,0.102997541297097,0.091438723121985,0.132705690238802,0.0824825035005773,0.0987633201223623,0.0787106876129369,0.0843738679746621,0.0830028259724234,0.0862096125128616,0.117444441626573
0.868,0.103001777024023,0.091440804413468,0.132709365278069,0.0824876527660986,0.0987718705977617,0.0787127031754171,0.0843796391110453,0.0830040984365923,0.0862190219055458,0.117447942765976
0.87,0.103004609408294,0.0914428857049511,0.132713040317335,0.0824928020316199,0.0987804210731612,0.0787147187378972,0.0843854102474284,0.0830053709007612,0.0862284312982301,0.117451443905379
0.872,0.103007441792566,0.0914449669964341,0.132716715356602,0.0824979512971412,0.0987889715485606,0.0787167343003773,0.0843911813838116,0.0830066433649301,0.0862378406909143,0.117454945044783
0.874,0.103010274176838,0.0914470482879171,0.132720390395869,0.0825031005626625,0.0987975220239601,0.0787187498628575,0.0843969525201948,0.0830079158290989,0.0862472500835986,0.117458446184186
0.876,0.103013106561109,0.0914491295794002,0.132724065435135,0.0825082498281837,0.0988060724993595,0.0787207654253376,0.0844027236565779,0.0830091882932678,0.0862563337455502,0.117461947323589
0.878,0.103015938945381,0.0914512108708832,0.132727740474402,0.082513399093705,0.0988146229747589,0.0787227809878177,0.0844084947929611,0.0830104607574367,0.0862631194046475,0.117465448462993
0.88,0.103018771329652,0.0914532921623663,0.132731415513668,0.0825185483592263,0.0988231734501584,0.0787247965502978,0.0844142659293443,0.0830117332216056,0.0862699050637449,0.117468949602396
0.882,0.103021603713924,0.0914553734538493,0.132735090552935,0.0825236976247476,0.0988317239255578,0.0787264776390012,0.0844200370657274,0.0830130056857744,0.0862766907228422,0.117472450741799
0.884,0.103024436098196,0.0914574547453323,0.132738765592202,0.0825288468902689,0.0988402744009572,0.0787277695332677,0.0844258082021106,0.0830142781499433,0.0862834763819396,0.117475951881202
0.886,0.103027268482467,0.0914595360368154,0.132742440631468,0.0825339961557902,0.0988488248763567,0.0787290614275342,0.0844309846199602,0.0830155506141122,0.0862902620410369,0.117479453020606
0.888,0.103030100866739,0.0914616173282984,0.132745441680045,0.0825391454213114,0.0988565788907187,0.0787303533218007,0.0844350284295747,0.0830168230782811,0.0862970477001343,0.117482954160009
0.89,0.10303293325101,0.0914636986197814,0.132747012651866,0.0825442946868327,0.0988625112189796,0.0787316452160671,0.0844390722391892,0.0830180955424499,0.0863038333592316,0.117486455299412
0.892,0.103035765635282,0.0914657799112645,0.132748583623687,0.082549443952354,0.0988684435472404,0.0787329371103336,0.0844431160488036,0.0830193000836315,0.086310619018329,0.117489956438816
0.894,0.103038598019554,0.0914678612027475,0.132750154595509,0.082553100281292,0.0988743758755013,0.0787342290046001,0.0844471598584181,0.0830200813619518,0.0863174046774263,0.117493457578219
0.896,0.103041430403825,0.0914699424942305,0.13275172556733,0.0825566692386504,0.0988803082037622,0.0787355208988665,0.0844512036680326,0.0830208626402722,0.0863241903365236,0.117496958717622
0.898,0.103044262788097,0.0914720237857136,0.132753296539151,0.0825602381960089,0.098886240532023,0.078736812793133,0.0844552474776471,0.0830216439185926,0.086330975995621,0.117500459857025
0.9,0.103047095172368,0.0914741050771966,0.132754867510973,0.0825638071533673,0.0988921728602839,0.0787381046873994,0.0844592912872616,0.0830224251969129,0.0863377616547183,0.117503960996429
0.902,0.10304992755664,0.0914761863686797,0.132756438482794,0.0825673761107258,0.0988981051885447,0.0787393965816659,0.0844633350968761,0.0830232064752333,0.0863445473138157,0.117507462135832
0.904,0.103052759940912,0.0914782676601627,0.132758009454615,0.0825709450680842,0.0989040375168056,0.0787406884759324,0.0844673789064906,0.0830239877535536,0.086351332972913,0.117510963275235
0.906,0.103055592325183,0.0914803489516458,0.132759580426437,0.0825745140254427,0.0989099698450665,0.0787419803701989,0.0844714227161051,0.083024769031874,0.0863581186320104,0.117514464414639
0.908,0.103058424709455,0.0914824302431288,0.132761151398258,0.0825780829828011,0.0989159021733274,0.0787432722644653,0.0844754665257196,0.0830255503101944,0.0863649042911077,0.117517965554042
0.91,0.103061257093726,0.0914845115346118,0.132762722370079,0.0825816519401595,0.0989218345015882,0.0787445641587318,0.0844795103353341,0.0830263315885147,0.0863716899502051,0.117521466693445
0.912,0.103064089477998,0.0914865928260949,0.132764293341901,0.082585220897518,0.0989277668298491,0.0787458560529983,0.0844835541449486,0.0830271128668351,0.0863784756093024,0.117524967832848
0.914,0.10306692186227,0.0914886741175779,0.132765864313722,0.0825887898548764,0.09893369915811,0.0787471479472647,0.0844875979545631,0.0830278941451554,0.0863852612683997,0.117528121852385
0.916,0.103069754246541,0.0914901883580279,0.132767435285543,0.0825923588122349,0.0989396314863708,0.0787484398415312,0.0844916417641776,0.0830286754234758,0.0863920469274971,0.117530272880373
0.918,0.103072429019486,0.0914915239332252,0.132769006257365,0.0825959277695933,0.0989455638146317,0.0787497317357977,0.0844956855737921,0.0830294567017962,0.0863988325865944,0.11753242390836
0.92,0.103074207623508,0.0914928595084226,0.132770577229186,0.0825994967269517,0.0989514961428926,0.0787510236300641,0.0844997293834066,0.0830302379801165,0.0864056182456918,0.117534574936348
0.922,0.10307598622753,0.0914941950836199,0.132772148201007,0.0826030656843102,0.0989574284711534,0.0787523155243306,0.084503773193021,0.0830310192584369,0.0864124039047891,0.117536725964336
0.924,0.103077764831551,0.0914955306588173,0.132773719172829,0.0826066346416686,0.0989633607994143,0.0787536074185971,0.0845078170026355,0.0830318005367572,0.0864191895638864,0.117538876992324
0.926,0.103079543435573,0.0914968662340147,0.13277529014465,0.0826102035990271,0.0989692931276752,0.0787548993128635,0.08451186081225,0.0830325818150776,0.0864257401082222,0.117541028020311
0.928,0.103081322039594,0.091498201809212,0.132776861116472,0.0826137725563855,0.098975225455936,0.07875619120713,0.0845159046218645,0.083033363093398,0.0864306319377389,0.117543179048299
0.93,0.103083100643616,0.0914995373844094,0.132778432088293,0.082617341513744,0.0989811577841969,0.0787574831013965,0.084519948431479,0.0830341443717183,0.0864355237672555,0.117545330076287
0.932,0.103084879247637,0.0915008729596067,0.132780003060114,0.0826209104711024,0.0989870901124578,0.0787585606557091,0.0845239922410935,0.0830349256500387,0.0864404155967722,0.117547481104274
0.934,0.103086657851659,0.0915022085348041,0.132781574031936,0.0826244794284609,0.0989930224407186,0.0787593888035705,0.084528036050708,0.083035706928359,0.0864453074262889,0.117549632132262
0.936,0.10308843645568,0.0915035441100014,0.132783145003757,0.0826280483858193,0.0989989547689795,0.078760216951432,0.0845316630223205,0.0830364882066794,0.0864501992558055,0.11755178316025
0.938,0.103090215059702,0.0915048796851988,0.132784339580999,0.0826316173431777,0.0990043325203967,0.0787610450992935,0.0845344961492366,0.0830372694849997,0.0864550910853222,0.117553934188238
0.94,0.103091993663723,0.0915062152603962,0.132784735522377,0.0826351863005362,0.0990084418294409,0.078761873247155,0.0845373292761526,0.0830380507633201,0.0864599829148389,0.117556085216225
0.942,0.103093772267745,0.0915075508355935,0.132785131463755,0.0826387552578946,0.0990125511384852,0.0787627013950164,0.0845401624030687,0.0830387903286526,0.0864648747443555,0.117558236244213
0.944,0.103095550871766,0.0915088864107909,0.132785527405132,0.0826412893600275,0.0990166604475294,0.0787635295428779,0.0845429955299848,0.0830392699590312,0.0864697665738722,0.117560387272201
0.946,0.103097329475788,0.0915102219859882,0.13278592334651,0.0826437628990148,0.0990207697565737,0.0787643576907394,0.0845458286569008,0.0830397495894098,0.0864746584033889,0.117562538300188
0.948,0.10309910807981,0.0915115575611856,0.132786319287887,0.0826462364380021,0.0990248790656179,0.0787651858386009,0.0845486617838169,0.0830402292197884,0.0864795502329055,0.117564689328176
0.95,0.103100886683831,0.0915128931363829,0.132786715229265,0.0826487099769894,0.0990289883746622,0.0787660139864623,0.0845514949107329,0.083040708850167,0.0864844420624222,0.117566840356164
0.952,0.103102665287853,0.0915142287115803,0.132787111170643,0.0826511835159767,0.0990330976837064,0.0787668421343238,0.084554328037649,0.0830411884805456,0.0864893338919389,0.117568991384151
0.954,0.103104443891874,0.0915155642867776,0.13278750711202,0.082653657054964,0.0990372069927506,0.0787676702821853,0.0845571611645651,0.0830416681109242,0.0864942257214555,0.117571142412139
0.956,0.103106222495896,0.091516899861975,0.132787903053398,0.0826561305939513,0.0990413163017949,0.0787684984300468,0.0845599942914811,0.0830421477413028,0.0864991175509722,0.117573293440127
0.958,0.103108001099917,0.0915182354371724,0.132788298994775,0.0826586041329386,0.0990454256108392,0.0787693265779082,0.0845628274183972,0.0830426273716814,0.0865040093804889,0.117575444468115
0.96,0.103109779703939,0.0915195710123697,0.132788694936153,0.0826610776719259,0.0990495349198834,0.0787701547257697,0.0845656605453132,0.08304310700206,0.0865089012100055,0.117577595496102
0.962,0.10311155830796,0.0915209065875671,0.132789090877531,0.0826635512109132,0.0990536442289277,0.0787709828736312,0.0845684936722293,0.0830435866324386,0.0865137930395222,0.11757974652409
0.964,0.103113336911982,0.0915222421627644,0.132789486818908,0.0826660247499005,0.0990577535379719,0.0787718110214927,0.0845713267991454,0.0830440662628172,0.0865186848690389,0.117581678759569
0.966,0.103115115516003,0.0915232131739928,0.132789882760286,0.0826684982888878,0.0990618628470162,0.0787726391693541,0.0845741599260614,0.0830445458931957,0.0865235766985556,0.117582978801219
0.968,0.10311679415881,0.091524069319169,0.132790278701663,0.0826709718278751,0.0990659721560604,0.0787734673172156,0.0845769930529775,0.0830450255235743,0.0865284685280722,0.117584278842869
0.97,0.103117904427905,0.0915249254643451,0.132790674643041,0.0826734453668624,0.0990700814651047,0.0787742954650771,0.0845798261798936,0.0830455051539529,0.0865333603575889,0.117585578884519
0.972,0.103119014697001,0.0915257816095213,0.132791070584418,0.0826759189058497,0.0990741907741489,0.0787751236129385,0.0845826593068096,0.0830459847843315,0.0865382521871056,0.117586878926169
0.974,0.103120124966097,0.0915266377546974,0.132791466525796,0.082678392444837,0.0990783000831932,0.0787759517608,0.0845854924337257,0.0830464644147101,0.0865431440166222,0.117588178967819
0.976,0.103121235235192,0.0915274938998735,0.132791862467174,0.0826808659838243,0.0990824093922374,0.0787767799086615,0.0845883255606417,0.0830469440450887,0.086547866239803,0.117589479009469
0.978,0.103122345504288,0.0915283500450497,0.132792258408551,0.0826833395228116,0.0990865187012817,0.078777608056523,0.0845911586875578,0.0830474236754673,0.0865513919045851,0.117590779051119
0.98,0.103123455773384,0.0915292061902258,0.132792654349929,0.0826858130617989,0.0990906280103259,0.0787784362043844,0.0845939918144739,0.0830479033058459,0.0865549175693671,0.11759207909277
0.982,0.103124566042479,0.091530062335402,0.132793050291306,0.0826882866007862,0.0990947373193702,0.0787791269744429,0.0845968249413899,0.0830483829362245,0.0865584432341492,0.11759337913442
0.984,0.103125676311575,0.0915309184805781,0.132793446232684,0.0826907601397735,0.0990988466284144,0.0787796578913815,0.084599658068306,0.0830488625666031,0.0865619688989312,0.11759467917607
0.986,0.103126786580671,0.0915317746257542,0.132793842174062,0.0826932336787608,0.0991029559374587,0.0787801888083201,0.0846021990892703,0.0830493421969817,0.0865654945637133,0.11759597921772
0.988,0.103127896849766,0.0915326307709304,0.132794045866895,0.0826957072177481,0.0991066800095836,0.0787807197252587,0.0846041838107621,0.0830498218273603,0.0865690202284954,0.11759727925937
0.99,0.103129007118862,0.0915334869161065,0.132793841645825,0.0826981807567354,0.0991095229579516,0.0787812506421973,0.0846061685322538,0.0830503014577388,0.0865725458932774,0.11759857930102
0.992,0.103130117387957,0.0915343430612826,0.132793637424755,0.0827006542957227,0.0991123659063195,0.0787817815591359,0.0846081532537456,0.0830507554695197,0.0865760715580595,0.11759987934267
0.994,0.103131227657053,0.0915351992064588,0.132793433203685,0.0827024105495637,0.0991152088546875,0.0787823124760745,0.0846101379752374,0.0830510498387201,0.0865795972228415,0.11760117938432
0.996,0.103132337926149,0.0915360553516349,0.132793228982615,0.0827041248255089,0.0991180518030554,0.0787828433930131,0.0846121226967292,0.0830513442079206,0.0865831228876236,0.11760247942597
0.998,0.103133448195244,0.0915369114968111,0.132793024761545,0.0827058391014542,0.0991208947514234,0.0787833743099517,0.084614107418221,0.083051638577121,0.0865866485524056,0.11760377946762
1,0.10313455846434,0.0915377676419872,0.132792820540474,0.0827075533773994,0.0991237376997913,0.0787839052268903,0.0846160921397128,0.0830519329463214,0.0865901742171876,0.117605079509271
1.002,0.103135668733435,0.0915386237871633,0.132792616319404,0.0827092676533446,0.0991265806481592,0.0787844361438289,0.0846180768612045,0.0830522273155218,0.0865936998819697,0.117606379550921
1.004,0.103136779002531,0.0915394799323395,0.132792412098334,0.0827109819292898,0.0991294235965272,0.0787849670607675,0.0846200615826963,0.0830525216847222,0.0865972255467518,0.117607679592571
1.006,0.103137889271627,0.0915403360775156,0.132792207877264,0.082712696205235,0.0991322665448951,0.0787854979777061,0.0846220463041881,0.0830528160539226,0.0866007512115338,0.117608979634221
1.008,0.103138999540722,0.0915411922226918,0.132792003656194,0.0827144104811803,0.0991351094932631,0.0787860288946447,0.0846240310256799,0.083053110423123,0.0866042768763159,0.117610279675871
1.01,0.103140109809818,0.0915420483678679,0.132791799435124,0.0827161247571255,0.099137952441631,0.0787865598115833,0.0846260157471717,0.0830534047923235,0.0866078025410979,0.117611579717521
1.012,0.103141220078914,0.091542904513044,0.132791595214054,0.0827178390330707,0.099140795389999,0.0787870907285219,0.0846280004686635,0.0830536991615239,0.08661132820588,0.117612879759171
1.014,0.103142330348009,0.0915437606582202,0.132791390992983,0.0827195533090159,0.0991436383383669,0.0787876216454605,0.0846299851901553,0.0830539935307243,0.086614853870662,0.117614043729612
1.016,0.103143440617105,0.0915443827691969,0.132791186771913,0.0827212675849612,0.0991464812867349,0.0787881525623991,0.0846319699116471,0.0830542878999247,0.0866183795354441,0.117614814526723
1.018,0.103144487892077,0.0915449311411678,0.132790982550843,0.0827229818609064,0.0991493242351028,0.0787886834793377,0.0846339546331388,0.0830545822691251,0.0866219052002261,0.117615585323834
1.02,0.103145176986093,0.0915454795131388,0.132790778329773,0.0827246961368516,0.0991521671834708,0.0787892143962763,0.0846359393546306,0.0830548766383256,0.0866254308650082,0.117616356120946
1.022,0.103145866080109,0.0915460278851097,0.132790574108703,0.0827264104127969,0.0991550101318387,0.0787897453132149,0.0846379240761224,0.083055171007526,0.0866289565297902,0.117617126918057
1.024,0.103146555174125,0.0915465762570807,0.132790369887633,0.0827281246887421,0.0991578530802067,0.0787902762301535,0.0846399087976142,0.0830554653767264,0.0866324821945723,0.117617897715169
1.026,0.103147244268141,0.0915471246290517,0.132790165666562,0.0827298389646873,0.0991606960285746,0.0787908071470921,0.084641893519106,0.0830557597459268,0.0866358855647706,0.11761866851228
1.028,0.103147933362157,0.0915476730010226,0.132789961445492,0.0827315532406325,0.0991635389769425,0.0787913380640307,0.0846438782405978,0.0830560541151272,0.086638426156992,0.117619439309392
1.03,0.103148622456173,0.0915482213729936,0.132789757224422,0.0827332675165778,0.0991663819253105,0.0787918689809693,0.0846458629620896,0.0830563484843276,0.0866409667492134,0.117620210106503
1.032,0.103149311550189,0.0915487697449645,0.132789553003352,0.082734981792523,0.0991692248736784,0.0787923118429353,0.0846478476835814,0.083056642853528,0.0866435073414348,0.117620980903614
1.034,0.103150000644205,0.0915493181169355,0.132789348782282,0.0827366960684682,0.0991720678220464,0.0787926522439378,0.0846498324050731,0.0830569372227285,0.0866460479336563,0.117621751700726
1.036,0.103150689738221,0.0915498664889065,0.132789144561212,0.0827384103444134,0.0991749107704143,0.0787929926449402,0.0846516124781552,0.0830572315919289,0.0866485885258777,0.117622522497837
1.038,0.103151378832237,0.0915504148608774,0.132788857381606,0.0827401246203586,0.0991774866116694,0.0787933330459427,0.0846530028097693,0.0830575259611293,0.0866511291180991,0.117623293294949
1.04,0.103152067926253,0.0915509632328484,0.132788394180173,0.0827418388963039,0.0991794515186891,0.0787936734469451,0.0846543931413835,0.0830578203303297,0.0866536697103205,0.11762406409206
1.042,0.103152757020269,0.0915515116048193,0.13278793097874,0.0827435531722491,0.0991814164257088,0.0787940138479476,0.0846557834729978,0.0830580989797193,0.086656210302542,0.117624834889171
1.044,0.103153446114284,0.0915520599767903,0.132787467777307,0.0827447703003907,0.0991833813327285,0.07879435424895,0.0846571738046119,0.0830582796709301,0.0866587508947634,0.117625605686283
1.046,0.1031541352083,0.0915526083487612,0.132787004575874,0.0827459583338009,0.0991853462397482,0.0787946946499525,0.0846585641362261,0.083058460362141,0.0866612914869848,0.117626376483394
1.048,0.103154824302316,0.0915531567207322,0.132786541374441,0.0827471463672111,0.0991873111467679,0.0787950350509549,0.0846599544678403,0.0830586410533518,0.0866638320792062,0.117627147280506
1.05,0.103155513396332,0.0915537050927032,0.132786078173008,0.0827483344006213,0.0991892760537876,0.0787953754519573,0.0846613447994545,0.0830588217445627,0.0866663726714277,0.117627918077617
1.052,0.103156202490348,0.0915542534646741,0.132785614971575,0.0827495224340315,0.0991912409608073,0.0787957158529598,0.0846627351310687,0.0830590024357736,0.0866689132636491,0.117628688874729
1.054,0.103156891584364,0.0915548018366451,0.132785151770142,0.0827507104674417,0.099193205867827,0.0787960562539622,0.0846641254626829,0.0830591831269844,0.0866714538558705,0.11762945967184
1.056,0.10315758067838,0.091555350208616,0.132784688568709,0.0827518985008519,0.0991951707748466,0.0787963966549647,0.0846655157942971,0.0830593638181953,0.0866739944480919,0.117630230468951
1.058,0.103158269772396,0.091555898580587,0.132784225367276,0.0827530865342621,0.0991971356818663,0.0787967370559671,0.0846669061259113,0.0830595445094061,0.0866765350403133,0.117631001266063
1.06,0.103158958866412,0.091556446952558,0.132783762165843,0.0827542745676723,0.099199100588886,0.0787970774569696,0.0846682964575255,0.083059725200617,0.0866790756325348,0.117631772063174
1.062,0.103159647960428,0.0915569953245289,0.13278329896441,0.0827554626010825,0.0992010654959057,0.078797417857972,0.0846696867891397,0.0830599058918279,0.0866816162247562,0.117632542860286
1.064,0.103160337054444,0.0915575436964999,0.132782835762977,0.0827566506344928,0.0992030304029254,0.0787977582589744,0.0846710771207539,0.0830600865830387,0.0866841568169776,0.117633230275432
1.066,0.10316102614846,0.0915579419822918,0.132782372561544,0.082757838667903,0.0992049953099451,0.0787980986599769,0.0846724674523681,0.0830602672742496,0.086686697409199,0.117633676761105
1.068,0.103161675787631,0.0915582929792446,0.132781909360111,0.0827590267013132,0.0992069602169648,0.0787984390609793,0.0846738577839823,0.0830604479654605,0.0866892380014205,0.117634123246777
1.07,0.103162101088831,0.0915586439761975,0.132781446158677,0.0827602147347234,0.0992089251239844,0.0787987794619818,0.0846752481155965,0.0830606286566713,0.0866917785936419,0.11763456973245
1.072,0.10316252639003,0.0915589949731503,0.132780982957244,0.0827614027681336,0.0992108900310041,0.0787991198629842,0.0846766384472107,0.0830608093478822,0.0866943191858633,0.117635016218123
1.074,0.103162951691229,0.0915593459701031,0.132780519755811,0.0827625908015438,0.0992128549380238,0.0787994602639867,0.0846780287788249,0.083060990039093,0.0866968597780847,0.117635462703796
1.076,0.103163376992428,0.0915596969670559,0.132780056554378,0.082763778834954,0.0992148198450435,0.0787998006649891,0.0846794191104391,0.0830611707303039,0.0866993122110454,0.117635909189468
1.078,0.103163802293627,0.0915600479640087,0.132779593352945,0.0827649668683642,0.0992167847520632,0.0788001410659916,0.0846808094420533,0.0830613514215148,0.0867011426878548,0.117636355675141
1.08,0.103164227594826,0.0915603989609615,0.132779130151512,0.0827661549017744,0.0992187496590829,0.078800481466994,0.0846821997736675,0.0830615321127256,0.0867029731646642,0.117636802160814
1.082,0.103164652896025,0.0915607499579143,0.132778666950079,0.0827673429351846,0.0992207145661026,0.0788007654129127,0.0846835901052817,0.0830617128039365,0.0867048036414735,0.117637248646487
1.084,0.103165078197225,0.0915611009548671,0.132778203748646,0.0827685309685948,0.0992226794731222,0.0788009836675695,0.0846849804368959,0.0830618934951473,0.0867066341182829,0.11763769513216
1.086,0.103165503498424,0.0915614519518199,0.132777740547213,0.082769719002005,0.0992246443801419,0.0788012019222262,0.084686227392629,0.0830620741863582,0.0867084645950923,0.117638141617832
1.088,0.103165928799623,0.0915618029487728,0.13277725555799,0.0827709070354152,0.0992264243618288,0.0788014201768829,0.0846872012970035,0.0830622548775691,0.0867102950719017,0.117638588103505
1.09,0.103166354100822,0.0915621539457256,0.132776724339328,0.0827720950688254,0.0992277813775542,0.0788016384315396,0.0846881752013779,0.0830624355687799,0.086712125548711,0.117639034589178
1.092,0.103166779402021,0.0915625049426784,0.132776193120666,0.0827732831022356,0.0992291383932796,0.0788018566861963,0.0846891491057524,0.0830626066070125,0.0867139560255204,0.117639481074851
1.094,0.10316720470322,0.0915628559396312,0.132775661902004,0.0827741265825035,0.099230495409005,0.078802074940853,0.0846901230101268,0.0830627174926025,0.0867157865023298,0.117639927560523
1.096,0.103167630004419,0.091563206936584,0.132775130683342,0.0827749498983835,0.0992318524247303,0.0788022931955097,0.0846910969145012,0.0830628283781924,0.0867176169791392,0.117640374046196
1.098,0.103168055305618,0.0915635579335368,0.13277459946468,0.0827757732142636,0.0992332094404557,0.0788025114501665,0.0846920708188757,0.0830629392637823,0.0867194474559486,0.117640820531869
1.1,0.103168480606818,0.0915639089304896,0.132774068246018,0.0827765965301436,0.0992345664561811,0.0788027297048232,0.0846930447232501,0.0830630501493723,0.0867212779327579,0.117641267017542
1.102,0.103168905908017,0.0915642599274424,0.132773537027356,0.0827774198460236,0.0992359234719065,0.0788029479594799,0.0846940186276246,0.0830631610349622,0.0867231084095673,0.117641713503215
1.104,0.103169331209216,0.0915646109243952,0.132773005808694,0.0827782431619037,0.0992372804876318,0.0788031662141366,0.084694992531999,0.0830632719205521,0.0867249388863767,0.117642159988887
1.106,0.103169756510415,0.091564961921348,0.132772474590032,0.0827790664777837,0.0992386375033572,0.0788033844687933,0.0846959664363734,0.083063382806142,0.0867267693631861,0.11764260647456
1.108,0.103170181811614,0.0915653129183008,0.13277194337137,0.0827798897936637,0.0992399945190826,0.07880360272345,0.0846969403407479,0.083063493691732,0.0867285998399955,0.117643052960233
1.11,0.103170607112813,0.0915656639152537,0.132771412152708,0.0827807131095438,0.099241351534808,0.0788038209781067,0.0846979142451223,0.0830636045773219,0.0867304303168048,0.117643499445906
1.112,0.103171032414012,0.0915660149122065,0.132770880934045,0.0827815364254238,0.0992427085505334,0.0788040392327635,0.0846988881494968,0.0830637154629118,0.0867322607936142,0.117643945931578
1.114,0.103171457715212,0.0915663659091593,0.132770349715383,0.0827823597413039,0.0992440655662587,0.0788042574874202,0.0846998620538712,0.0830638263485018,0.0867340912704236,0.117644342175126
1.116,0.103171883016411,0.0915666207579044,0.132769818496721,0.0827831830571839,0.0992454225819841,0.0788044757420769,0.0847008359582457,0.0830639372340917,0.086735921747233,0.117644593245691
1.118,0.103172283749872,0.0915668453124736,0.132769287278059,0.0827840063730639,0.0992467795977095,0.0788046939967336,0.0847018098626201,0.0830640481196816,0.0867377522240423,0.117644844316256
1.12,0.103172544792593,0.0915670698670427,0.132768756059397,0.082784829688944,0.0992481366134348,0.0788049122513903,0.0847027837669945,0.0830641590052715,0.0867395827008517,0.117645095386821
1.122,0.103172805835314,0.0915672944216119,0.132768224840735,0.082785653004824,0.0992494936291602,0.078805130506047,0.084703757671369,0.0830642698908615,0.0867414131776611,0.117645346457385
1.124,0.103173066878035,0.091567518976181,0.132767693622073,0.082786476320704,0.0992508506448856,0.0788053487607037,0.0847047315757434,0.0830643807764514,0.0867432436544705,0.11764559752795
1.126,0.103173327920755,0.0915677435307501,0.132767162403411,0.0827872996365841,0.099252207660611,0.0788055670153604,0.0847057054801179,0.0830644916620413,0.0867450105974952,0.117645848598515
1.128,0.103173588963476,0.0915679680853193,0.132766631184749,0.0827881229524641,0.0992535646763364,0.0788057852700172,0.0847066793844923,0.0830646025476312,0.0867463293150266,0.117646099669079
1.13,0.103173850006197,0.0915681926398884,0.132766099966087,0.0827889462683441,0.0992549216920617,0.0788060035246739,0.0847076532888667,0.0830647134332212,0.0867476480325579,0.117646350739644
1.132,0.103174111048918,0.0915684171944575,0.132765568747425,0.0827897695842242,0.0992562787077871,0.0788061855860238,0.0847086271932412,0.0830648243188111,0.0867489667500892,0.117646601810209
1.134,0.103174372091639,0.0915686417490267,0.132765037528763,0.0827905929001042,0.0992576357235125,0.0788063255327609,0.0847096010976156,0.083064935204401,0.0867502854676205,0.117646852880773
1.136,0.103174633134359,0.0915688663035958,0.132764506310101,0.0827914162159842,0.0992589927392379,0.0788064654794979,0.0847104745581819,0.0830650460899909,0.0867516041851519,0.117647103951338
1.138,0.10317489417708,0.091569090858165,0.132763984679806,0.0827922395318643,0.0992602218674975,0.078806605426235,0.0847111567291249,0.0830651569755809,0.0867529229026832,0.117647355021903
1.14,0.103175155219801,0.0915693154127341,0.132763483394157,0.0827930628477443,0.0992611584882672,0.078806745372972,0.0847118389000679,0.0830652678611708,0.0867542416202145,0.117647606092467
1.142,0.103175416262522,0.0915695399673032,0.132762982108507,0.0827938861636243,0.099262095109037,0.0788068853197091,0.0847125210710109,0.0830653728218804,0.0867555603377458,0.117647857163032
1.144,0.103175677305243,0.0915697645218724,0.132762480822858,0.0827944707100172,0.0992630317298067,0.0788070252664461,0.0847132032419539,0.083065440861631,0.0867568790552772,0.117648108233597
1.146,0.103175938347963,0.0915699890764415,0.132761979537209,0.0827950412828311,0.0992639683505764,0.0788071652131832,0.084713885412897,0.0830655089013816,0.0867581977728085,0.117648359304162
1.148,0.103176199390684,0.0915702136310107,0.13276147825156,0.082795611855645,0.0992649049713461,0.0788073051599202,0.08471456758384,0.0830655769411322,0.0867595164903398,0.117648610374726
1.15,0.103176460433405,0.0915704381855798,0.13276097696591,0.0827961824284589,0.0992658415921158,0.0788074451066573,0.084715249754783,0.0830656449808828,0.0867608352078711,0.117648861445291
1.152,0.103176721476126,0.0915706627401489,0.132760475680261,0.0827967530012728,0.0992667782128856,0.0788075850533943,0.084715931925726,0.0830657130206334,0.0867621539254025,0.117649112515856
1.154,0.103176982518847,0.0915708872947181,0.132759974394612,0.0827973235740867,0.0992677148336553,0.0788077250001314,0.084716614096669,0.083065781060384,0.0867634726429338,0.11764936358642
1.156,0.103177243561567,0.0915711118492872,0.132759473108962,0.0827978941469006,0.099268651454425,0.0788078649468684,0.084717296267612,0.0830658491001347,0.0867647913604651,0.117649614656985
1.158,0.103177504604288,0.0915713364038564,0.132758971823313,0.0827984647197145,0.0992695880751947,0.0788080048936055,0.084717978438555,0.0830659171398853,0.0867661100779964,0.11764986572755
1.16,0.103177765647009,0.0915715609584255,0.132758470537664,0.0827990352925284,0.0992705246959645,0.0788081448403425,0.084718660609498,0.0830659851796359,0.0867674287955277,0.117650116798114
1.162,0.10317802668973,0.0915717855129946,0.132757969252015,0.0827996058653423,0.0992714613167342,0.0788082847870796,0.084719342780441,0.0830660532193865,0.0867687475130591,0.117650367868679
1.164,0.103178287732451,0.0915720100675638,0.132757467966365,0.0828001764381562,0.0992723979375039,0.0788084247338166,0.084720024951384,0.0830661212591371,0.0867700662305904,0.117650589256358
1.166,0.103178548775171,0.0915721730594766,0.132756966680716,0.0828007470109701,0.0992733345582736,0.0788085646805537,0.084720707122327,0.0830661892988877,0.0867713849481217,0.117650724876306
1.168,0.103178794605807,0.0915723166543567,0.132756465395067,0.082801317583784,0.0992742711790433,0.0788087046272907,0.08472138929327,0.0830662573386384,0.086772703665653,0.117650860496254
1.17,0.103178953941405,0.0915724602492367,0.132755964109417,0.0828018881565979,0.0992752077998131,0.0788088445740278,0.084722071464213,0.083066325378389,0.0867740223831844,0.117650996116202
1.172,0.103179113277003,0.0915726038441166,0.132755462823768,0.0828024587294118,0.0992761444205828,0.0788089845207648,0.084722753635156,0.0830663934181396,0.0867753411007157,0.117651131736149
1.174,0.103179272612601,0.0915727474389967,0.132754961538119,0.0828030293022257,0.0992770810413525,0.0788091244675019,0.084723435806099,0.0830664614578902,0.086776659818247,0.117651267356097
1.176,0.103179431948199,0.0915728910338766,0.13275446025247,0.0828035998750396,0.0992780176621222,0.0788092644142389,0.084724117977042,0.0830665294976408,0.0867779327590831,0.117651402976045
1.178,0.103179591283797,0.0915730346287566,0.13275395896682,0.0828041704478535,0.0992789542828919,0.078809404360976,0.084724800147985,0.0830665975373914,0.0867788827491936,0.117651538595993
1.18,0.103179750619395,0.0915731782236366,0.132753457681171,0.0828047410206674,0.0992798909036617,0.078809544307713,0.084725482318928,0.0830666655771421,0.0867798327393042,0.11765167421594
1.182,0.103179909954993,0.0915733218185166,0.132752956395522,0.0828053115934813,0.0992808275244314,0.0788096610480647,0.084726164489871,0.0830667336168927,0.0867807827294147,0.117651809835888
1.184,0.103180069290591,0.0915734654133966,0.132752455109872,0.0828058821662952,0.0992817641452011,0.0788097507854143,0.0847268466608141,0.0830668016566433,0.0867817327195253,0.117651945455836
1.186,0.103180228626188,0.0915736090082766,0.132751953824223,0.0828064527391091,0.0992827007659708,0.0788098405227639,0.0847274584778572,0.0830668696963939,0.0867826827096358,0.117652081075784
1.188,0.103180387961786,0.0915737526031566,0.132751475797818,0.082807023311923,0.0992835490252706,0.0788099302601136,0.0847279363098271,0.0830669377361445,0.0867836326997464,0.117652216695731
1.19,0.103180547297384,0.0915738961980366,0.13275104712299,0.0828075938847369,0.0992841951819514,0.0788100199974632,0.084728414141797,0.0830670057758951,0.0867845826898569,0.117652352315679
1.192,0.103180706632982,0.0915740397929166,0.132750618448161,0.0828081644575508,0.0992848413386322,0.0788101097348128,0.0847288919737669,0.0830670701813138,0.0867855326799674,0.117652487935627
1.194,0.10318086596858,0.0915741833877966,0.132750189773333,0.0828085695430394,0.099285487495313,0.0788101994721624,0.0847293698057368,0.0830671119393522,0.086786482670078,0.117652623555575
1.196,0.103181025304178,0.0915743269826766,0.132749761098505,0.0828089649436632,0.0992861336519938,0.0788102892095121,0.0847298476377067,0.0830671536973905,0.0867874326601885,0.117652759175523
1.198,0.103181184639776,0.0915744705775566,0.132749332423677,0.0828093603442869,0.0992867798086746,0.0788103789468617,0.0847303254696765,0.0830671954554288,0.0867883826502991,0.11765289479547
1.2,0.103181343975374,0.0915746141724366,0.132748903748849,0.0828097557449107,0.0992874259653553,0.0788104686842113,0.0847308033016464,0.0830672372134672,0.0867893326404096,0.117653030415418
1.202,0.103181503310972,0.0915747577673166,0.132748475074021,0.0828101511455345,0.0992880721220361,0.0788105584215609,0.0847312811336163,0.0830672789715055,0.0867902826305202,0.117653166035366
1.204,0.10318166264657,0.0915749013621966,0.132748046399193,0.0828105465461583,0.0992887182787169,0.0788106481589106,0.0847317589655862,0.0830673207295438,0.0867912326206307,0.117653301655314
1.206,0.103181821982168,0.0915750449570766,0.132747617724365,0.082810941946782,0.0992893644353977,0.0788107378962602,0.0847322367975561,0.0830673624875821,0.0867921826107413,0.117653437275261
1.208,0.103181981317765,0.0915751885519566,0.132747189049537,0.0828113373474058,0.0992900105920785,0.0788108276336098,0.084732714629526,0.0830674042456205,0.0867931326008518,0.117653572895209
1.21,0.103182140653363,0.0915753321468366,0.132746760374709,0.0828117327480296,0.0992906567487593,0.0788109173709594,0.0847331924614959,0.0830674460036588,0.0867940825909624,0.117653708515157
1.212,0.103182299988961,0.0915754757417166,0.132746331699881,0.0828121281486534,0.0992913029054401,0.078811007108309,0.0847336702934657,0.0830674877616971,0.0867950325810729,0.117653844135105
1.214,0.103182459324559,0.0915756193365966,0.132745903025053,0.0828125235492771,0.0992919490621208,0.0788110968456587,0.0847341481254356,0.0830675295197355,0.0867959825711835,0.117653962638085
1.216,0.103182618660157,0.0915757235426722,0.132745474350225,0.0828129189499009,0.0992925952188016,0.0788111865830083,0.0847346259574055,0.0830675712777738,0.086796932561294,0.117654031682146
1.218,0.103182768629782,0.0915758153382058,0.132745045675397,0.0828133143505247,0.0992932413754824,0.0788112763203579,0.0847351037893754,0.0830676130358121,0.0867978825514046,0.117654100726206
1.22,0.103182865345025,0.0915759071337394,0.132744617000569,0.0828137097511484,0.0992938875321632,0.0788113660577075,0.0847355816213453,0.0830676547938505,0.0867988325415151,0.117654169770267
1.222,0.103182962060269,0.091575998929273,0.132744188325741,0.0828141051517722,0.099294533688844,0.0788114557950572,0.0847360594533152,0.0830676965518888,0.0867997825316257,0.117654238814327
1.224,0.103183058775512,0.0915760907248065,0.132743759650912,0.082814500552396,0.0992951798455247,0.0788115455324068,0.084736537285285,0.0830677383099271,0.0868007325217362,0.117654307858388
1.226,0.103183155490755,0.0915761825203401,0.132743330976084,0.0828148959530198,0.0992958260022055,0.0788116352697564,0.0847370151172549,0.0830677800679655,0.0868016495307577,0.117654376902448
1.228,0.103183252205998,0.0915762743158737,0.132742902301256,0.0828152913536435,0.0992964721588863,0.078811725007106,0.0847374929492248,0.0830678218260038,0.0868023338609769,0.117654445946509
1.23,0.103183348921241,0.0915763661114073,0.132742473626428,0.0828156867542673,0.0992971183155671,0.0788118147444556,0.0847379707811947,0.0830678635840421,0.0868030181911962,0.117654514990569
1.232,0.103183445636484,0.0915764579069409,0.1327420449516,0.0828160821548911,0.0992977644722479,0.0788118896020084,0.0847384486131646,0.0830679053420805,0.0868037025214154,0.11765458403463
1.234,0.103183542351727,0.0915765497024744,0.132741616276772,0.0828164775555149,0.0992984106289287,0.0788119471453962,0.0847389264451345,0.0830679471001188,0.0868043868516346,0.11765465307869
1.236,0.103183639066971,0.091576641498008,0.132741187601944,0.0828168729561386,0.0992990567856094,0.0788120046887841,0.0847393549940514,0.0830679888581571,0.0868050711818538,0.117654722122751
1.238,0.103183735782214,0.0915767332935416,0.132740785916224,0.0828172683567624,0.0992996419365177,0.0788120622321719,0.0847396896861461,0.0830680306161954,0.086805755512073,0.117654791166811
1.24,0.103183832497457,0.0915768250890752,0.132740441496124,0.0828176637573862,0.0993000875534591,0.0788121197755597,0.0847400243782408,0.0830680723742338,0.0868064398422922,0.117654860210872
1.242,0.1031839292127,0.0915769168846088,0.132740097076025,0.08281805915801,0.0993005331704006,0.0788121773189475,0.0847403590703355,0.083068111901019,0.0868071241725114,0.117654929254932
1.244,0.103184025927943,0.0915770086801424,0.132739752655925,0.082818339872756,0.099300978787342,0.0788122348623354,0.0847406937624302,0.0830681375237256,0.0868078085027306,0.117654998298993
1.246,0.103184122643187,0.091577100475676,0.132739408235826,0.0828186138757057,0.0993014244042834,0.0788122924057232,0.0847410284545249,0.0830681631464322,0.0868084928329499,0.117655067343053
1.248,0.10318421935843,0.0915771922712095,0.132739063815726,0.0828188878786554,0.0993018700212249,0.078812349949111,0.0847413631466196,0.0830681887691388,0.0868091771631691,0.117655136387113
1.25,0.103184316073673,0.0915772840667431,0.132738719395627,0.0828191618816051,0.0993023156381663,0.0788124074924988,0.0847416978387143,0.0830682143918454,0.0868098614933883,0.117655205431174
1.252,0.103184412788916,0.0915773758622767,0.132738374975527,0.0828194358845549,0.0993027612551077,0.0788124650358866,0.084742032530809,0.083068240014552,0.0868105458236075,0.117655274475234
1.254,0.103184509504159,0.0915774676578103,0.132738030555428,0.0828197098875046,0.0993032068720492,0.0788125225792745,0.0847423672229038,0.0830682656372586,0.0868112301538267,0.117655343519295
1.256,0.103184606219402,0.0915775594533439,0.132737686135328,0.0828199838904543,0.0993036524889906,0.0788125801226623,0.0847427019149985,0.0830682912599652,0.0868119144840459,0.117655412563355
1.258,0.103184702934646,0.0915776512488775,0.132737341715229,0.082820257893404,0.099304098105932,0.0788126376660501,0.0847430366070932,0.0830683168826718,0.0868125988142651,0.117655481607416
1.26,0.103184799649889,0.091577743044411,0.132736997295129,0.0828205318963537,0.0993045437228735,0.0788126952094379,0.0847433712991879,0.0830683425053784,0.0868132831444843,0.117655550651476
1.262,0.103184896365132,0.0915778348399446,0.13273665287503,0.0828208058993034,0.0993049893398149,0.0788127527528257,0.0847437059912826,0.083068368128085,0.0868139674747036,0.117655619695537
1.264,0.103184993080375,0.0915779266354782,0.13273630845493,0.0828210799022532,0.0993054349567563,0.0788128102962135,0.0847440406833773,0.0830683937507916,0.0868146518049228,0.117655679170538
1.266,0.103185089795618,0.0915779932393255,0.132735964034831,0.0828213539052029,0.0993058805736978,0.0788128678396014,0.084744375375472,0.0830684193734982,0.086815336135142,0.117655710996052
1.268,0.103185180775518,0.091578051905829,0.132735619614731,0.0828216279081526,0.0993063261906392,0.0788129253829892,0.0847447100675667,0.0830684449962047,0.0868160204653612,0.117655742821567
1.27,0.103185239144582,0.0915781105723326,0.132735275194631,0.0828219019111023,0.0993067718075806,0.078812982926377,0.0847450447596614,0.0830684706189113,0.0868167047955804,0.117655774647081
1.272,0.103185297513647,0.0915781692388361,0.132734930774532,0.082822175914052,0.0993072174245221,0.0788130404697648,0.0847453794517561,0.0830684962416179,0.0868173891257996,0.117655806472596
1.274,0.103185355882712,0.0915782279053396,0.132734586354432,0.0828224499170017,0.0993076630414635,0.0788130980131526,0.0847457141438508,0.0830685218643245,0.0868180734560188,0.11765583829811
1.276,0.103185414251777,0.0915782865718431,0.132734241934333,0.0828227239199514,0.0993081086584049,0.0788131555565405,0.0847460488359455,0.0830685474870311,0.0868187340252781,0.117655870123625
1.278,0.103185472620842,0.0915783452383466,0.132733897514233,0.0828229979229011,0.0993085542753464,0.0788132130999283,0.0847463835280402,0.0830685731097377,0.0868192269629681,0.117655901949139
1.28,0.103185530989907,0.0915784039048501,0.132733553094134,0.0828232719258509,0.0993089998922878,0.0788132706433161,0.0847467182201349,0.0830685987324443,0.0868197199006581,0.117655933774653
1.282,0.103185589358972,0.0915784625713537,0.132733208674034,0.0828235459288006,0.0993094455092292,0.0788133186454,0.0847470529122297,0.0830686243551509,0.0868202128383482,0.117655965600168
1.284,0.103185647728036,0.0915785212378572,0.132732864253935,0.0828238199317503,0.0993098911261707,0.0788133555452013,0.0847473876043244,0.0830686499778575,0.0868207057760382,0.117655997425682
1.286,0.103185706097101,0.0915785799043607,0.132732519833835,0.0828240939347,0.0993103367431121,0.0788133924450027,0.0847476877766565,0.0830686756005641,0.0868211987137282,0.117656029251197
1.288,0.103185764466166,0.0915786385708642,0.13273220101047,0.0828243679376497,0.09931074026118,0.078813429344804,0.0847479222080287,0.0830687012232707,0.0868216916514183,0.117656061076711
1.29,0.103185822835231,0.0915786972373678,0.132731936498381,0.0828246419405994,0.0993110474896252,0.0788134662446053,0.0847481566394009,0.0830687268459773,0.0868221845891083,0.117656092902226
1.292,0.103185881204296,0.0915787559038713,0.132731671986291,0.0828249159435491,0.0993113547180704,0.0788135031444066,0.0847483910707731,0.0830687510994891,0.0868226775267983,0.11765612472774
1.294,0.103185939573361,0.0915788145703748,0.132731407474202,0.0828251104947322,0.0993116619465155,0.0788135400442079,0.0847486255021453,0.0830687668208483,0.0868231704644884,0.117656156553255
1.296,0.103185997942426,0.0915788732368783,0.132731142962112,0.0828253003961356,0.0993119691749607,0.0788135769440093,0.0847488599335176,0.0830687825422076,0.0868236634021784,0.117656188378769
1.298,0.103186056311491,0.0915789319033818,0.132730878450023,0.0828254902975389,0.0993122764034059,0.0788136138438106,0.0847490943648898,0.0830687982635668,0.0868241563398684,0.117656220204284
1.3,0.103186114680555,0.0915789905698853,0.132730613937934,0.0828256801989422,0.0993125836318511,0.0788136507436119,0.084749328796262,0.0830688139849261,0.0868246492775585,0.117656252029798
1.302,0.10318617304962,0.0915790492363889,0.132730349425844,0.0828258701003455,0.0993128908602963,0.0788136876434132,0.0847495632276342,0.0830688297062853,0.0868251422152485,0.117656283855313
1.304,0.103186231418685,0.0915791079028924,0.132730084913755,0.0828260600017489,0.0993131980887415,0.0788137245432145,0.0847497976590064,0.0830688454276445,0.0868256351529385,0.117656315680827
1.306,0.10318628978775,0.0915791665693959,0.132729820401666,0.0828262499031522,0.0993135053171866,0.0788137614430159,0.0847500320903786,0.0830688611490038,0.0868261280906286,0.117656347506341
1.308,0.103186348156815,0.0915792252358994,0.132729555889576,0.0828264398045555,0.0993138125456318,0.0788137983428172,0.0847502665217508,0.083068876870363,0.0868266210283186,0.117656379331856
1.31,0.10318640652588,0.0915792839024029,0.132729291377487,0.0828266297059588,0.099314119774077,0.0788138352426185,0.084750500953123,0.0830688925917223,0.0868271139660086,0.11765641115737
1.312,0.103186464894945,0.0915793425689065,0.132729026865398,0.0828268196073622,0.0993144270025222,0.0788138721424198,0.0847507353844952,0.0830689083130815,0.0868276069036987,0.117656442982885
1.314,0.103186523264009,0.09157940123541,0.132728762353308,0.0828270095087655,0.0993147342309674,0.0788139090422211,0.0847509698158674,0.0830689240344407,0.0868280998413887,0.117656469682105
1.316,0.103186581633074,0.0915794437953117,0.132728497841219,0.0828271994101688,0.0993150414594125,0.0788139459420224,0.0847512042472396,0.0830689397558,0.0868285927790787,0.117656481569066
1.318,0.103186636509866,0.091579481280379,0.132728233329129,0.0828273893115721,0.0993153486878577,0.0788139828418238,0.0847514386786118,0.0830689554771592,0.0868290857167688,0.117656493456027
1.32,0.103186671529794,0.0915795187654463,0.13272796881704,0.0828275792129755,0.0993156559163029,0.0788140197416251,0.084751673109984,0.0830689711985184,0.0868295786544588,0.117656505342988
1.322,0.103186706549722,0.0915795562505136,0.132727704304951,0.0828277691143788,0.0993159631447481,0.0788140566414264,0.0847519075413562,0.0830689869198777,0.0868300715921488,0.117656517229949
1.324,0.10318674156965,0.091579593735581,0.132727439792861,0.0828279590157821,0.0993162703731933,0.0788140935412277,0.0847521419727284,0.0830690026412369,0.0868305645298389,0.117656529116909
1.326,0.103186776589578,0.0915796312206483,0.132727175280772,0.0828281489171854,0.0993165776016385,0.078814130441029,0.0847523764041006,0.0830690183625962,0.0868310403517271,0.11765654100387
1.328,0.103186811609505,0.0915796687057156,0.132726910768683,0.0828283388185887,0.0993168848300836,0.0788141673408304,0.0847526108354728,0.0830690340839554,0.0868313954230766,0.117656552890831
1.33,0.103186846629433,0.0915797061907829,0.132726646256593,0.0828285287199921,0.0993171920585288,0.0788142042406317,0.084752845266845,0.0830690498053146,0.0868317504944262,0.117656564777792
1.332,0.103186881649361,0.0915797436758503,0.132726381744504,0.0828287186213954,0.099317499286974,0.078814235022187,0.0847530796982172,0.0830690655266739,0.0868321055657757,0.117656576664753
1.334,0.103186916669289,0.0915797811609176,0.132726117232414,0.0828289085227987,0.0993178065154192,0.0788142586845374,0.0847533141295894,0.0830690812480331,0.0868324606371253,0.117656588551714
1.336,0.103186951689217,0.0915798186459849,0.132725852720325,0.082829098424202,0.0993181137438644,0.0788142823468879,0.0847535243833085,0.0830690969693924,0.0868328157084748,0.117656600438674
1.338,0.103186986709145,0.0915798561310522,0.132725610161847,0.0828292883256053,0.0993183919315636,0.0788143060092384,0.0847536885920376,0.0830691126907516,0.0868331707798244,0.117656612325635
1.34,0.103187021729073,0.0915798936161195,0.132725414184648,0.0828294782270087,0.0993186036965241,0.0788143296715889,0.0847538528007667,0.0830691284121108,0.0868335258511739,0.117656624212596
1.342,0.103187056749001,0.0915799311011869,0.132725218207449,0.082829668128412,0.0993188154614847,0.0788143533339393,0.0847540170094958,0.0830691432936277,0.0868338809225235,0.117656636099557
1.344,0.103187091768929,0.0915799685862542,0.132725022230251,0.0828298029490096,0.0993190272264453,0.0788143769962898,0.0847541812182249,0.0830691529416572,0.086834235993873,0.117656647986518
1.346,0.103187126788856,0.0915800060713215,0.132724826253052,0.0828299345460965,0.0993192389914059,0.0788144006586403,0.084754345426954,0.0830691625896868,0.0868345910652226,0.117656659873479
1.348,0.103187161808784,0.0915800435563888,0.132724630275853,0.0828300661431833,0.0993194507563664,0.0788144243209908,0.0847545096356831,0.0830691722377163,0.0868349461365721,0.117656671760439
1.35,0.103187196828712,0.0915800810414562,0.132724434298655,0.0828301977402702,0.099319662521327,0.0788144479833413,0.0847546738444122,0.0830691818857459,0.0868353012079217,0.1176566836474
1.352,0.10318723184864,0.0915801185265235,0.132724238321456,0.0828303293373571,0.0993198742862875,0.0788144716456917,0.0847548380531412,0.0830691915337755,0.0868356562792713,0.117656695534361
1.354,0.103187266868568,0.0915801560115908,0.132724042344257,0.082830460934444,0.0993200860512481,0.0788144953080422,0.0847550022618703,0.083069201181805,0.0868360113506208,0.117656707421322
1.356,0.103187301888496,0.0915801934966581,0.132723846367059,0.0828305925315309,0.0993202978162087,0.0788145189703927,0.0847551664705994,0.0830692108298345,0.0868363664219703,0.117656719308283
1.358,0.103187336908424,0.0915802309817254,0.13272365038986,0.0828307241286178,0.0993205095811693,0.0788145426327432,0.0847553306793285,0.0830692204778641,0.0868367214933199,0.117656731195244
1.36,0.103187371928352,0.0915802684667927,0.132723454412661,0.0828308557257047,0.0993207213461298,0.0788145662950936,0.0847554948880576,0.0830692301258937,0.0868370765646695,0.117656743082204
1.362,0.10318740694828,0.0915803059518601,0.132723258435463,0.0828309873227916,0.0993209331110904,0.0788145899574441,0.0847556590967867,0.0830692397739232,0.086837431636019,0.117656754969165
1.364,0.103187441968207,0.0915803434369274,0.132723062458264,0.0828311189198785,0.099321144876051,0.0788146136197946,0.0847558233055158,0.0830692494219527,0.0868377867073686,0.117656764280126
1.366,0.103187476988135,0.0915803706270366,0.132722866481065,0.0828312505169654,0.0993213566410115,0.0788146372821451,0.0847559875142449,0.0830692590699823,0.0868381417787181,0.117656766147819
1.368,0.103187509893424,0.091580394573432,0.132722670503867,0.0828313821140523,0.0993215684059721,0.0788146609444955,0.084756151722974,0.0830692687180118,0.0868384968500677,0.117656768015512
1.37,0.103187530774996,0.0915804185198274,0.132722474526668,0.0828315137111392,0.0993217801709327,0.078814684606846,0.084756315931703,0.0830692783660414,0.0868388519214172,0.117656769883205
1.372,0.103187551656568,0.0915804424662228,0.132722278549469,0.0828316453082261,0.0993219919358932,0.0788147082691965,0.0847564801404321,0.0830692880140709,0.0868392069927668,0.117656771750898
1.374,0.103187572538141,0.0915804664126182,0.132722082572271,0.082831776905313,0.0993222037008538,0.078814731931547,0.0847566443491612,0.0830692976621005,0.0868395620641163,0.117656773618591
1.376,0.103187593419713,0.0915804903590135,0.132721886595072,0.0828319085023999,0.0993224154658144,0.0788147555938974,0.0847568085578903,0.08306930731013,0.0868399048039774,0.117656775486285
1.378,0.103187614301285,0.0915805143054089,0.132721690617873,0.0828320400994868,0.0993226272307749,0.0788147792562479,0.0847569727666194,0.0830693169581596,0.0868401605462274,0.117656777353978
1.38,0.103187635182857,0.0915805382518043,0.132721494640675,0.0828321716965737,0.0993228389957355,0.0788148029185984,0.0847571369753485,0.0830693266061892,0.0868404162884773,0.117656779221671
1.382,0.103187656064429,0.0915805621981997,0.132721298663476,0.0828323032936606,0.0993230507606961,0.0788148226576387,0.0847573011840776,0.0830693362542187,0.0868406720307272,0.117656781089364
1.384,0.103187676946001,0.091580586144595,0.132721102686277,0.0828324348907475,0.0993232625256567,0.0788148378315063,0.0847574653928067,0.0830693459022482,0.0868409277729771,0.117656782957057
1.386,0.103187697827574,0.0915806100909904,0.132720906709079,0.0828325664878344,0.0993234742906172,0.078814853005374,0.0847576126610124,0.0830693555502778,0.086841183515227,0.11765678482475
1.388,0.103187718709146,0.0915806340373858,0.132720728406577,0.0828326980849212,0.0993236660327139,0.0788148681792417,0.0847577276669375,0.0830693651983073,0.086841439257477,0.117656786692443
1.39,0.103187739590718,0.0915806579837812,0.132720587606333,0.0828328296820081,0.0993238119780032,0.0788148833531094,0.0847578426728625,0.0830693748463369,0.0868416949997269,0.117656788560136
1.392,0.10318776047229,0.0915806819301766,0.132720446806089,0.082832961279095,0.0993239579232925,0.0788148985269771,0.0847579576787876,0.0830693839787699,0.0868419507419768,0.117656790427829
1.394,0.103187781353862,0.091580705876572,0.132720306005846,0.0828330547058426,0.0993241038685818,0.0788149137008448,0.0847580726847126,0.0830693898982575,0.0868422064842267,0.117656792295522
1.396,0.103187802235434,0.0915807298229673,0.132720165205602,0.0828331458987358,0.0993242498138711,0.0788149288747124,0.0847581876906377,0.083069395817745,0.0868424622264767,0.117656794163215
1.398,0.103187823117007,0.0915807537693627,0.132720024405358,0.082833237091629,0.0993243957591604,0.0788149440485801,0.0847583026965628,0.0830694017372326,0.0868427179687266,0.117656796030908
1.4,0.103187843998579,0.0915807777157581,0.132719883605115,0.0828333282845222,0.0993245417044497,0.0788149592224478,0.0847584177024878,0.0830694076567201,0.0868429737109765,0.117656797898601
1.402,0.103187864880151,0.0915808016621535,0.132719742804871,0.0828334194774154,0.0993246876497389,0.0788149743963155,0.0847585327084129,0.0830694135762077,0.0868432294532264,0.117656799766294
1.404,0.103187885761723,0.0915808256085489,0.132719602004627,0.0828335106703086,0.0993248335950282,0.0788149895701832,0.0847586477143379,0.0830694194956952,0.0868434851954764,0.117656801633987
1.406,0.103187906643295,0.0915808495549442,0.132719461204384,0.0828336018632018,0.0993249795403175,0.0788150047440509,0.084758762720263,0.0830694254151828,0.0868437409377263,0.11765680350168
1.408,0.103187927524867,0.0915808735013396,0.13271932040414,0.082833693056095,0.0993251254856068,0.0788150199179186,0.0847588777261881,0.0830694313346703,0.0868439966799762,0.117656805369373
1.41,0.103187948406439,0.091580897447735,0.132719179603897,0.0828337842489882,0.0993252714308961,0.0788150350917863,0.0847589927321131,0.0830694372541578,0.0868442524222261,0.117656807237067
1.412,0.103187969288012,0.0915809213941304,0.132719038803653,0.0828338754418814,0.0993254173761854,0.0788150502656539,0.0847591077380382,0.0830694431736454,0.086844508164476,0.11765680910476
1.414,0.103187990169584,0.0915809453405258,0.132718898003409,0.0828339666347746,0.0993255633214746,0.0788150654395216,0.0847592227439632,0.0830694490931329,0.086844763906726,0.117656809813267
1.416,0.103188011051156,0.0915809627086947,0.132718757203166,0.0828340578276678,0.0993257092667639,0.0788150806133893,0.0847593377498883,0.0830694550126205,0.0868450196489759,0.117656807172347
1.418,0.103188030659671,0.0915809780042099,0.132718616402922,0.082834149020561,0.0993258552120532,0.078815095787257,0.0847594527558133,0.083069460932108,0.0868452753912258,0.117656804531427
1.42,0.103188043029658,0.0915809932997251,0.132718475602678,0.0828342402134542,0.0993260011573425,0.0788151109611247,0.0847595677617384,0.0830694668515956,0.0868455311334757,0.117656801890506
1.422,0.103188055399644,0.0915810085952403,0.132718334802435,0.0828343314063474,0.0993261471026318,0.0788151261349924,0.0847596827676634,0.0830694727710831,0.0868457868757257,0.117656799249586
1.424,0.103188067769631,0.0915810238907555,0.132718194002191,0.0828344225992406,0.0993262930479211,0.0788151413088601,0.0847597977735885,0.0830694786905707,0.0868460426179756,0.117656796608666
1.426,0.103188080139617,0.0915810391862707,0.132718053201947,0.0828345137921338,0.0993264389932104,0.0788151564827277,0.0847599127795136,0.0830694846100582,0.086846289478437,0.117656793967746
1.428,0.103188092509604,0.0915810544817859,0.132717912401704,0.082834604985027,0.0993265849384996,0.0788151716565954,0.0847600277854386,0.0830694905295458,0.0868464736786291,0.117656791326825
1.43,0.103188104879591,0.0915810697773011,0.13271777160146,0.0828346961779202,0.0993267308837889,0.0788151868304631,0.0847601427913637,0.0830694964490333,0.0868466578788212,0.117656788685905
1.432,0.103188117249577,0.0915810850728163,0.132717630801216,0.0828347873708134,0.0993268768290782,0.0788151994884713,0.0847602577972887,0.0830695023685209,0.0868468420790133,0.117656786044985
1.434,0.103188129619564,0.0915811003683314,0.132717490000973,0.0828348785637066,0.0993270227743675,0.0788152092190199,0.0847603728032138,0.0830695082880084,0.0868470262792054,0.117656783404064
1.436,0.10318814198955,0.0915811156638466,0.132717349200729,0.0828349697565998,0.0993271687196568,0.0788152189495684,0.0847604759480856,0.0830695142074959,0.0868472104793975,0.117656780763144
1.438,0.103188154359537,0.0915811309593618,0.132717221994902,0.082835060949493,0.0993273008610232,0.078815228680117,0.0847605565042439,0.0830695201269835,0.0868473946795896,0.117656778122224
1.44,0.103188166729524,0.091581146254877,0.132717123633774,0.0828351521423862,0.0993274014297035,0.0788152384106655,0.0847606370604022,0.083069526046471,0.0868475788797817,0.117656775481304
1.442,0.10318817909951,0.0915811615503922,0.132717025272647,0.0828352433352794,0.0993275019983838,0.0788152481412141,0.0847607176165605,0.0830695316497003,0.0868477630799739,0.117656772840383
1.444,0.103188191469497,0.0915811768459074,0.13271692691152,0.0828353080789337,0.0993276025670641,0.0788152578717626,0.0847607981727188,0.0830695352821621,0.086847947280166,0.117656770199463
1.446,0.103188203839483,0.0915811921414226,0.132716828550393,0.0828353712746912,0.0993277031357445,0.0788152676023112,0.0847608787288771,0.083069538914624,0.0868481314803581,0.117656767558543
1.448,0.10318821620947,0.0915812074369378,0.132716730189265,0.0828354344704486,0.0993278037044247,0.0788152773328597,0.0847609592850354,0.0830695425470858,0.0868483156805502,0.117656764917622
1.45,0.103188228579456,0.091581222732453,0.132716631828138,0.0828354976662061,0.099327904273105,0.0788152870634083,0.0847610398411937,0.0830695461795477,0.0868484998807423,0.117656762276702
1.452,0.103188240949443,0.0915812380279682,0.132716533467011,0.0828355608619636,0.0993280048417853,0.0788152967939568,0.084761120397352,0.0830695498120095,0.0868486840809344,0.117656759635782
1.454,0.10318825331943,0.0915812533234833,0.132716435105883,0.082835624057721,0.0993281054104657,0.0788153065245054,0.0847612009535103,0.0830695534444714,0.0868488682811265,0.117656756994861
1.456,0.103188265689416,0.0915812686189985,0.132716336744756,0.0828356872534785,0.099328205979146,0.0788153162550539,0.0847612815096686,0.0830695570769333,0.0868490524813186,0.117656754353941
1.458,0.103188278059403,0.0915812839145137,0.132716238383629,0.082835750449236,0.0993283065478263,0.0788153259856025,0.0847613620658269,0.0830695607093951,0.0868492366815108,0.117656751713021
1.46,0.103188290429389,0.0915812992100289,0.132716140022501,0.0828358136449935,0.0993284071165066,0.078815335716151,0.0847614426219852,0.083069564341857,0.0868494208817029,0.117656749072101
1.462,0.103188302799376,0.0915813145055441,0.132716041661374,0.082835876840751,0.0993285076851869,0.0788153454466995,0.0847615231781435,0.0830695679743188,0.086849605081895,0.11765674643118
1.464,0.103188315169362,0.0915813298010593,0.132715943300247,0.0828359400365084,0.0993286082538672,0.0788153551772481,0.0847616037343018,0.0830695716067807,0.0868497892820871,0.117656743383372
1.466,0.103188327539349,0.0915813408938446,0.132715844939119,0.0828360032322659,0.0993287088225475,0.0788153649077966,0.0847616842904601,0.0830695752392425,0.0868499734822792,0.117656739159874
1.468,0.103188339147533,0.0915813506624425,0.132715746577992,0.0828360664280234,0.0993288093912278,0.0788153746383452,0.0847617648466184,0.0830695788717044,0.0868501576824713,0.117656734936376
1.47,0.103188346424151,0.0915813604310404,0.132715648216865,0.0828361296237808,0.0993289099599081,0.0788153843688937,0.0847618454027767,0.0830695825041662,0.0868503418826634,0.117656730712877
1.472,0.103188353700769,0.0915813701996384,0.132715549855738,0.0828361928195383,0.0993290105285884,0.0788153940994423,0.084761925958935,0.0830695861366281,0.0868505260828555,0.117656726489379
1.474,0.103188360977387,0.0915813799682363,0.13271545149461,0.0828362560152958,0.0993291110972687,0.0788154038299908,0.0847620065150932,0.08306958976909,0.0868507102830477,0.117656722265881
1.476,0.103188368254005,0.0915813897368342,0.132715353133483,0.0828363192110533,0.099329211665949,0.0788154135605394,0.0847620870712515,0.0830695934015518,0.0868508880862032,0.117656718042383
1.478,0.103188375530623,0.0915813995054321,0.132715254772356,0.0828363824068108,0.0993293122346293,0.0788154232910879,0.0847621676274098,0.0830695970340137,0.0868510207588054,0.117656713818885
1.48,0.103188382807241,0.0915814092740301,0.132715156411228,0.0828364456025682,0.0993294128033096,0.0788154330216365,0.0847622481835681,0.0830696006664755,0.0868511534314075,0.117656709595387
1.482,0.103188390083859,0.091581419042628,0.132715058050101,0.0828365087983257,0.0993295133719899,0.078815441138919,0.0847623287397264,0.0830696042989374,0.0868512861040097,0.117656705371889
1.484,0.103188397360477,0.0915814288112259,0.132714959688974,0.0828365719940832,0.0993296139406702,0.0788154473790017,0.0847624092958847,0.0830696079313992,0.0868514187766119,0.11765670114839
1.486,0.103188404637095,0.0915814385798239,0.132714861327846,0.0828366351898406,0.0993297145093505,0.0788154536190843,0.0847624815435096,0.0830696115638611,0.0868515514492141,0.117656696924892
1.488,0.103188411913713,0.0915814483484218,0.132714773051153,0.0828366983855981,0.0993298055638126,0.078815459859167,0.0847625379679965,0.0830696151963229,0.0868516841218162,0.117656692701394
1.49,0.103188419190331,0.0915814581170197,0.13271470617166,0.0828367615813556,0.099329874857111,0.0788154660992496,0.0847625943924835,0.0830696188287848,0.0868518167944184,0.117656688477896
1.492,0.103188426466949,0.0915814678856177,0.132714639292167,0.0828368247771131,0.0993299441504094,0.0788154723393322,0.0847626508169704,0.0830696222671524,0.0868519494670206,0.117656684254398
1.494,0.103188433743566,0.0915814776542156,0.132714572412674,0.0828368696439994,0.0993300134437077,0.0788154785794149,0.0847627072414574,0.0830696244960195,0.0868520821396227,0.1176566800309
1.496,0.103188441020184,0.0915814874228135,0.132714505533181,0.0828369134382197,0.0993300827370061,0.0788154848194975,0.0847627636659443,0.0830696267248866,0.0868522148122249,0.117656675807401
1.498,0.103188448296802,0.0915814971914115,0.132714438653689,0.0828369572324399,0.0993301520303044,0.0788154910595802,0.0847628200904313,0.0830696289537537,0.0868523474848271,0.117656671583903
1.5,0.10318845557342,0.0915815069600094,0.132714371774196,0.0828370010266602,0.0993302213236028,0.0788154972996628,0.0847628765149182,0.0830696311826207,0.0868524801574292,0.117656667360405
1.502,0.103188462850038,0.0915815167286073,0.132714304894703,0.0828370448208804,0.0993302906169012,0.0788155035397455,0.0847629329394052,0.0830696334114878,0.0868526128300314,0.117656663136907
1.504,0.103188470126656,0.0915815264972053,0.13271423801521,0.0828370886151007,0.0993303599101995,0.0788155097798281,0.0847629893638921,0.0830696356403549,0.0868527455026336,0.117656658913409
1.506,0.103188477403274,0.0915815362658032,0.132714171135717,0.0828371324093209,0.0993304292034979,0.0788155160199107,0.084763045788379,0.083069637869222,0.0868528781752357,0.117656654689911
1.508,0.103188484679892,0.0915815460344011,0.132714104256225,0.0828371762035412,0.0993304984967962,0.0788155222599934,0.084763102212866,0.0830696400980891,0.0868530108478379,0.117656650466413
1.51,0.10318849195651,0.0915815558029991,0.132714037376732,0.0828372199977614,0.0993305677900946,0.078815528500076,0.0847631586373529,0.0830696423269561,0.0868531435204401,0.117656646242914
1.512,0.103188499233128,0.091581565571597,0.132713970497239,0.0828372637919817,0.099330637083393,0.0788155347401587,0.0847632150618399,0.0830696445558232,0.0868532761930423,0.117656642019416
1.514,0.103188506509746,0.0915815753401949,0.132713903617746,0.0828373075862019,0.0993307063766913,0.0788155409802413,0.0847632714863268,0.0830696467846903,0.0868534088656444,0.117656637761772
1.516,0.103188513786364,0.091581582424122,0.132713836738253,0.0828373513804222,0.0993307756699897,0.078815547220324,0.0847633279108137,0.0830696490135574,0.0868535415382466,0.117656633405463
1.518,0.103188520609993,0.0915815886621687,0.132713769858761,0.0828373951746424,0.099330844963288,0.0788155534604066,0.0847633843353007,0.0830696512424245,0.0868536742108487,0.117656629049154
1.52,0.103188524857953,0.0915815949002153,0.132713702979268,0.0828374389688627,0.0993309142565864,0.0788155597004893,0.0847634407597876,0.0830696534712916,0.0868538068834509,0.117656624692845
1.522,0.103188529105914,0.091581601138262,0.132713636099775,0.0828374827630829,0.0993309835498848,0.0788155659405719,0.0847634971842746,0.0830696557001586,0.0868539395560531,0.117656620336536
1.524,0.103188533353874,0.0915816073763086,0.132713569220282,0.0828375265573032,0.0993310528431831,0.0788155721806546,0.0847635536087615,0.0830696579290257,0.0868540722286553,0.117656615980227
1.526,0.103188537601834,0.0915816136143553,0.132713502340789,0.0828375703515234,0.0993311221364815,0.0788155784207372,0.0847636100332485,0.0830696601578928,0.0868542002938523,0.117656611623918
1.528,0.103188541849794,0.0915816198524019,0.132713435461296,0.0828376141457437,0.0993311914297798,0.0788155846608198,0.0847636664577354,0.0830696623867599,0.0868542958541949,0.117656607267609
1.53,0.103188546097754,0.0915816260904485,0.132713368581804,0.0828376579399639,0.0993312607230782,0.0788155909009025,0.0847637228822224,0.083069664615627,0.0868543914145375,0.1176566029113
1.532,0.103188550345715,0.0915816323284952,0.132713301702311,0.0828377017341842,0.0993313300163766,0.0788155961063281,0.0847637793067093,0.083069666844494,0.0868544869748801,0.117656598554991
1.534,0.103188554593675,0.0915816385665418,0.132713234822818,0.0828377455284044,0.0993313993096749,0.0788156001078246,0.0847638357311962,0.0830696690733611,0.0868545825352227,0.117656594198682
1.536,0.103188558841635,0.0915816448045885,0.132713167943325,0.0828377893226247,0.0993314686029733,0.078815604109321,0.0847638863361217,0.0830696713022282,0.0868546780955653,0.117656589842373
1.538,0.103188563089595,0.0915816510426351,0.132713108317797,0.0828378331168449,0.0993315313398101,0.0788156081108175,0.0847639258580172,0.0830696735310953,0.0868547736559079,0.117656585486064
1.54,0.103188567337555,0.0915816572806818,0.132713064083768,0.0828378769110652,0.09933157908054,0.0788156121123139,0.0847639653799128,0.0830696757599624,0.0868548692162505,0.117656581129755
1.542,0.103188571585516,0.0915816635187284,0.132713019849739,0.0828379207052854,0.0993316268212699,0.0788156161138104,0.0847640049018084,0.0830696778697418,0.086854964776593,0.117656576773446
1.544,0.103188575833476,0.091581669756775,0.132712975615709,0.0828379517966692,0.0993316745619999,0.0788156201153068,0.084764044423704,0.0830696792374256,0.0868550603369356,0.117656572417137
1.546,0.103188580081436,0.0915816759948217,0.13271293138168,0.082837982144641,0.0993317223027298,0.0788156241168033,0.0847640839455995,0.0830696806051094,0.0868551558972782,0.117656568060828
1.548,0.103188584329396,0.0915816822328683,0.132712887147651,0.0828380124926128,0.0993317700434597,0.0788156281182997,0.0847641234674951,0.0830696819727932,0.0868552514576208,0.117656563704519
1.55,0.103188588577356,0.091581688470915,0.132712842913621,0.0828380428405846,0.0993318177841896,0.0788156321197962,0.0847641629893907,0.083069683340477,0.0868553470179634,0.11765655934821
1.552,0.103188592825317,0.0915816947089616,0.132712798679592,0.0828380731885564,0.0993318655249195,0.0788156361212926,0.0847642025112862,0.0830696847081607,0.086855442578306,0.1176565549919
1.554,0.103188597073277,0.0915817009470083,0.132712754445562,0.0828381035365282,0.0993319132656494,0.0788156401227891,0.0847642420331818,0.0830696860758445,0.0868555381386486,0.117656550635591
1.556,0.103188601321237,0.0915817071850549,0.132712710211533,0.0828381338845,0.0993319610063794,0.0788156441242855,0.0847642815550774,0.0830696874435283,0.0868556336989912,0.117656546279282
1.558,0.103188605569197,0.0915817134231015,0.132712665977504,0.0828381642324718,0.0993320087471093,0.078815648125782,0.084764321076973,0.083069688811212,0.0868557292593338,0.117656541922973
1.56,0.103188609817157,0.0915817196611482,0.132712621743474,0.0828381945804436,0.0993320564878392,0.0788156521272784,0.0847643605988685,0.0830696901788958,0.0868558248196764,0.117656537566664
1.562,0.103188614065118,0.0915817258991948,0.132712577509445,0.0828382249284154,0.0993321042285691,0.0788156561287749,0.0847644001207641,0.0830696915465796,0.086855920380019,0.117656533210355
1.564,0.103188618313078,0.0915817321372415,0.132712533275416,0.0828382552763872,0.099332151969299,0.0788156601302713,0.0847644396426597,0.0830696929142634,0.0868560159403616,0.117656528983056
1.566,0.103188622561038,0.0915817366608032,0.132712489041386,0.082838285624359,0.099332199710029,0.0788156641317678,0.0847644791645552,0.0830696942819471,0.0868561115007041,0.117656525128524
1.568,0.103188626541433,0.0915817406441686,0.132712444807357,0.0828383159723308,0.0993322474507589,0.0788156681332642,0.0847645186864508,0.0830696956496309,0.0868562070610467,0.117656521273992
1.57,0.103188629000464,0.091581744627534,0.132712400573328,0.0828383463203026,0.0993322951914888,0.0788156721347607,0.0847645582083464,0.0830696970173147,0.0868563026213893,0.11765651741946
1.572,0.103188631459496,0.0915817486108994,0.132712356339298,0.0828383766682744,0.0993323429322187,0.0788156761362571,0.0847645977302419,0.0830696983849985,0.0868563981817319,0.117656513564928
1.574,0.103188633918528,0.0915817525942648,0.132712312105269,0.0828384070162462,0.0993323906729486,0.0788156801377536,0.0847646372521375,0.0830696997526822,0.0868564937420745,0.117656509710396
1.576,0.10318863637756,0.0915817565776302,0.132712267871239,0.082838437364218,0.0993324384136786,0.07881568413925,0.0847646767740331,0.083069701120366,0.0868565859835398,0.117656505855864
1.578,0.103188638836591,0.0915817605609956,0.13271222363721,0.0828384677121898,0.0993324861544085,0.0788156881407465,0.0847647162959286,0.0830697024880498,0.0868566548106057,0.117656502001332
1.58,0.103188641295623,0.091581764544361,0.132712179403181,0.0828384980601616,0.0993325338951384,0.0788156921422429,0.0847647558178242,0.0830697038557336,0.0868567236376716,0.117656498146801
1.582,0.103188643754655,0.0915817685277264,0.132712135169151,0.0828385284081334,0.0993325816358683,0.0788156954802914,0.0847647953397198,0.0830697052234173,0.0868567924647376,0.117656494292269
1.584,0.103188646213686,0.0915817725110918,0.132712090935122,0.0828385587561052,0.0993326293765982,0.0788156980463504,0.0847648348616154,0.0830697065911011,0.0868568612918035,0.117656490437737
1.586,0.103188648672718,0.0915817764944572,0.132712046701093,0.082838589104077,0.0993326771173282,0.0788157006124094,0.0847648703070149,0.0830697079587849,0.0868569301188694,0.117656486583205
1.588,0.10318865113175,0.0915817804778226,0.132712007539697,0.0828386194520488,0.0993327203403649,0.0788157031784684,0.0847648979889552,0.0830697093264687,0.0868569989459353,0.117656482728673
1.59,0.103188653590782,0.091581784461188,0.132711979141441,0.0828386498000206,0.0993327532304182,0.0788157057445275,0.0847649256708955,0.0830697106941524,0.0868570677730012,0.117656478874141
1.592,0.103188656049813,0.0915817884445534,0.132711950743186,0.0828386801479924,0.0993327861204714,0.0788157083105864,0.0847649533528359,0.0830697119887393,0.0868571366000671,0.117656475019609
1.594,0.103188658508845,0.0915817924279188,0.13271192234493,0.0828387016962276,0.0993328190105247,0.0788157108766454,0.0847649810347762,0.0830697128278221,0.086857205427133,0.117656471165077
1.596,0.103188660967877,0.0915817964112842,0.132711893946674,0.0828387227294732,0.0993328519005779,0.0788157134427045,0.0847650087167166,0.0830697136669048,0.0868572742541989,0.117656467310546
1.598,0.103188663426908,0.0915818003946496,0.132711865548418,0.0828387437627187,0.0993328847906312,0.0788157160087635,0.0847650363986569,0.0830697145059876,0.0868573430812649,0.117656463456014
1.6,0.10318866588594,0.091581804378015,0.132711837150162,0.0828387647959643,0.0993329176806844,0.0788157185748225,0.0847650640805973,0.0830697153450703,0.0868574119083308,0.117656459601482
1.602,0.103188668344972,0.0915818083613805,0.132711808751907,0.0828387858292098,0.0993329505707377,0.0788157211408815,0.0847650917625376,0.0830697161841531,0.0868574807353967,0.11765645574695
1.604,0.103188670804004,0.0915818123447458,0.132711780353651,0.0828388068624554,0.0993329834607909,0.0788157237069405,0.084765119444478,0.0830697170232358,0.0868575495624626,0.117656451892418
1.606,0.103188673263035,0.0915818163281112,0.132711751955395,0.0828388278957009,0.0993330163508442,0.0788157262729995,0.0847651471264183,0.0830697178623186,0.0868576183895285,0.117656448037886
1.608,0.103188675722067,0.0915818203114767,0.132711723557139,0.0828388489289465,0.0993330492408974,0.0788157288390585,0.0847651748083587,0.0830697187014013,0.0868576872165944,0.117656444183354
1.61,0.103188678181099,0.091581824294842,0.132711695158883,0.082838869962192,0.0993330821309507,0.0788157314051175,0.084765202490299,0.0830697195404841,0.0868577560436603,0.117656440328822
1.612,0.103188680640131,0.0915818282782074,0.132711666760628,0.0828388909954376,0.0993331150210039,0.0788157339711765,0.0847652301722393,0.0830697203795668,0.0868578248707262,0.117656436474291
1.614,0.103188683099162,0.0915818322615729,0.132711638362372,0.0828389120286831,0.0993331479110572,0.0788157365372355,0.0847652578541797,0.0830697212186496,0.0868578936977921,0.117656432801739
1.616,0.103188685558194,0.0915818351499915,0.132711609964116,0.0828389330619287,0.0993331808011104,0.0788157391032945,0.08476528553612,0.0830697220577323,0.0868579625248581,0.117656429655016
1.618,0.103188687860334,0.0915818376934165,0.13271158156586,0.0828389540951742,0.0993332136911637,0.0788157416693535,0.0847653132180604,0.0830697228968151,0.086858031351924,0.117656426508292
1.62,0.103188689270398,0.0915818402368415,0.132711553167604,0.0828389751284198,0.0993332465812169,0.0788157442354125,0.0847653409000007,0.0830697237358978,0.0868581001789899,0.117656423361568
1.622,0.103188690680461,0.0915818427802666,0.132711524769349,0.0828389961616654,0.0993332794712702,0.0788157468014715,0.0847653685819411,0.0830697245749806,0.0868581690060558,0.117656420214845
1.624,0.103188692090525,0.0915818453236917,0.132711496371093,0.0828390171949109,0.0993333123613234,0.0788157493675305,0.0847653962638814,0.0830697254140633,0.0868582378331217,0.117656417068121
1.626,0.103188693500589,0.0915818478671167,0.132711467972837,0.0828390382281565,0.0993333452513767,0.0788157519335895,0.0847654239458218,0.0830697262531461,0.0868583042704658,0.117656413921397
1.628,0.103188694910653,0.0915818504105417,0.132711439574581,0.082839059261402,0.0993333781414299,0.0788157544996485,0.0847654516277621,0.0830697270922288,0.0868583538485236,0.117656410774674
1.63,0.103188696320716,0.0915818529539668,0.132711411176325,0.0828390802946476,0.0993334110314831,0.0788157570657075,0.0847654793097025,0.0830697279313116,0.0868584034265815,0.11765640762795
1.632,0.10318869773078,0.0915818554973918,0.13271138277807,0.0828391013278931,0.0993334439215364,0.0788157592062949,0.0847655069916428,0.0830697287703943,0.0868584530046393,0.117656404481226
1.634,0.103188699140844,0.0915818580408169,0.132711354379814,0.0828391223611387,0.0993334768115897,0.0788157608518026,0.0847655346735832,0.0830697296094771,0.0868585025826972,0.117656401334503
1.636,0.103188700550907,0.0915818605842419,0.132711325981558,0.0828391433943842,0.0993335097016429,0.0788157624973104,0.0847655595002115,0.0830697304485598,0.086858552160755,0.117656398187779
1.638,0.103188701960971,0.091581863127667,0.132711301035976,0.0828391644276298,0.0993335394789395,0.0788157641428181,0.0847655788890574,0.0830697312876426,0.0868586017388129,0.117656395041055
1.64,0.103188703371035,0.091581865671092,0.132711283416296,0.0828391854608753,0.0993335621366594,0.0788157657883258,0.0847655982779034,0.0830697321267253,0.0868586513168707,0.117656391894332
1.642,0.103188704781098,0.0915818682145171,0.132711265796615,0.0828392064941209,0.0993335847943792,0.0788157674338335,0.0847656176667494,0.0830697329209718,0.0868587008949286,0.117656388747608
1.644,0.103188706191162,0.0915818707579421,0.132711248176934,0.0828392214257177,0.0993336074520991,0.0788157690793412,0.0847656370555953,0.0830697334358202,0.0868587504729864,0.117656385600884
1.646,0.103188707601226,0.0915818733013672,0.132711230557254,0.0828392360002258,0.0993336301098189,0.0788157707248489,0.0847656564444413,0.0830697339506686,0.0868588000510443,0.117656382454161
1.648,0.103188709011289,0.0915818758447922,0.132711212937573,0.0828392505747339,0.0993336527675388,0.0788157723703566,0.0847656758332873,0.083069734465517,0.0868588496291021,0.117656379307437
1.65,0.103188710421353,0.0915818783882173,0.132711195317892,0.0828392651492421,0.0993336754252586,0.0788157740158643,0.0847656952221333,0.0830697349803655,0.08685889920716,0.117656376160713
1.652,0.103188711831417,0.0915818809316423,0.132711177698212,0.0828392797237502,0.0993336980829785,0.078815775661372,0.0847657146109792,0.0830697354952139,0.0868589487852178,0.117656373013989
1.654,0.103188713241481,0.0915818834750674,0.132711160078531,0.0828392942982583,0.0993337207406983,0.0788157773068797,0.0847657339998252,0.0830697360100623,0.0868589983632757,0.117656369867266
1.656,0.103188714651544,0.0915818860184924,0.13271114245885,0.0828393088727665,0.0993337433984182,0.0788157789523874,0.0847657533886712,0.0830697365249108,0.0868590479413335,0.117656366720542
1.658,0.103188716061608,0.0915818885619175,0.13271112483917,0.0828393234472746,0.0993337660561381,0.0788157805978952,0.0847657727775172,0.0830697370397592,0.0868590975193914,0.117656363573818
1.66,0.103188717471672,0.0915818911053425,0.132711107219489,0.0828393380217827,0.0993337887138579,0.0788157822434029,0.0847657921663631,0.0830697375546076,0.0868591470974492,0.117656360427095
1.662,0.103188718881735,0.0915818936487676,0.132711089599808,0.0828393525962909,0.0993338113715778,0.0788157838889106,0.0847658115552091,0.0830697380694561,0.0868591966755071,0.117656357280371
1.664,0.103188720291799,0.0915818961921926,0.132711071980128,0.082839367170799,0.0993338340292976,0.0788157855344183,0.0847658309440551,0.0830697385843045,0.0868592462535649,0.117656354314908
1.666,0.103188721701863,0.0915818980364202,0.132711054360447,0.0828393817453071,0.0993338566870175,0.078815787179926,0.084765850332901,0.0830697390991529,0.0868592958316228,0.117656351873189
1.668,0.103188723020655,0.0915818996603462,0.132711036740766,0.0828393963198153,0.0993338793447373,0.0788157888254337,0.084765869721747,0.0830697396140014,0.0868593454096806,0.117656349431471
1.67,0.103188723820487,0.0915819012842721,0.132711019121086,0.0828394108943234,0.0993339020024572,0.0788157904709414,0.084765889110593,0.0830697401288498,0.0868593949877385,0.117656346989753
1.672,0.103188724620319,0.0915819029081981,0.132711001501405,0.0828394254688315,0.099333924660177,0.0788157921164491,0.084765908499439,0.0830697406436982,0.0868594445657963,0.117656344548035
1.674,0.103188725420151,0.091581904532124,0.132710983881724,0.0828394400433397,0.0993339473178969,0.0788157937619568,0.0847659278882849,0.0830697411585466,0.0868594941438542,0.117656342106317
1.676,0.103188726219982,0.0915819061560499,0.132710966262044,0.0828394546178478,0.0993339699756167,0.0788157954074645,0.0847659472771309,0.0830697416733951,0.0868595419998294,0.117656339664599
1.678,0.103188727019814,0.0915819077799759,0.132710948642363,0.0828394691923559,0.0993339926333366,0.0788157970529722,0.0847659666659769,0.0830697421882435,0.0868595777066568,0.11765633722288
1.68,0.103188727819646,0.0915819094039018,0.132710931022682,0.0828394837668641,0.0993340152910564,0.07881579869848,0.0847659860548228,0.0830697427030919,0.0868596134134842,0.117656334781162
1.682,0.103188728619477,0.0915819110278277,0.132710913403002,0.0828394983413722,0.0993340379487763,0.0788158000711566,0.0847660054436688,0.0830697432179404,0.0868596491203116,0.117656332339444
1.684,0.103188729419309,0.0915819126517537,0.132710895783321,0.0828395129158803,0.0993340606064961,0.0788158011263663,0.0847660248325148,0.0830697437327888,0.0868596848271391,0.117656329897726
1.686,0.103188730219141,0.0915819142756796,0.13271087816364,0.0828395274903885,0.099334083264216,0.0788158021815761,0.0847660422215831,0.0830697442476372,0.0868597205339665,0.117656327456008
1.688,0.103188731018973,0.0915819158996056,0.132710862829957,0.0828395420648966,0.0993341037774146,0.0788158032367859,0.0847660558021866,0.0830697447624856,0.0868597562407939,0.11765632501429
1.69,0.103188731818804,0.0915819175235315,0.132710852346716,0.0828395566394047,0.0993341193856093,0.0788158042919956,0.0847660693827901,0.0830697452773341,0.0868597919476213,0.117656322572571
1.692,0.103188732618636,0.0915819191474574,0.132710841863475,0.0828395712139129,0.099334134993804,0.0788158053472054,0.0847660829633936,0.0830697457646652,0.0868598276544487,0.117656320130853
1.694,0.103188733418468,0.0915819207713834,0.132710831380233,0.0828395815622336,0.0993341506019987,0.0788158064024152,0.0847660965439971,0.0830697460805218,0.0868598633612761,0.117656317689135
1.696,0.103188734218299,0.0915819223953093,0.132710820896992,0.0828395916632238,0.0993341662101933,0.0788158074576249,0.0847661101246005,0.0830697463963784,0.0868598990681035,0.117656315247417
1.698,0.103188735018131,0.0915819240192352,0.13271081041375,0.0828396017642141,0.099334181818388,0.0788158085128347,0.084766123705204,0.083069746712235,0.086859934774931,0.117656312805699
1.7,0.103188735817963,0.0915819256431612,0.132710799930509,0.0828396118652043,0.0993341974265827,0.0788158095680445,0.0847661372858075,0.0830697470280916,0.0868599704817584,0.11765631036398
1.702,0.103188736617794,0.0915819272670871,0.132710789447268,0.0828396219661946,0.0993342130347774,0.0788158106232543,0.084766150866411,0.0830697473439482,0.0868600061885858,0.117656307922262
1.704,0.103188737417626,0.091581928891013,0.132710778964026,0.0828396320671848,0.099334228642972,0.078815811678464,0.0847661644470145,0.0830697476598048,0.0868600418954132,0.117656305480544
1.706,0.103188738217458,0.091581930514939,0.132710768480785,0.0828396421681751,0.0993342442511667,0.0788158127336738,0.084766178027618,0.0830697479756614,0.0868600776022406,0.117656303038826
1.708,0.10318873901729,0.0915819321388649,0.132710757997543,0.0828396522691653,0.0993342598593614,0.0788158137888836,0.0847661916082215,0.083069748291518,0.086860113309068,0.117656300597108
1.71,0.103188739817121,0.0915819337627909,0.132710747514302,0.0828396623701556,0.0993342754675561,0.0788158148440933,0.0847662051888249,0.0830697486073746,0.0868601490158954,0.11765629815539
1.712,0.103188740616953,0.0915819353867168,0.132710737031061,0.0828396724711458,0.0993342910757508,0.0788158158993031,0.0847662187694284,0.0830697489232312,0.0868601847227228,0.117656295713671
1.714,0.103188741416785,0.0915819370106428,0.132710726547819,0.0828396825721361,0.0993343066839454,0.0788158169545128,0.0847662323500319,0.0830697492390878,0.0868602204295502,0.117656293429672
1.716,0.103188742216616,0.0915819381881303,0.132710716064578,0.0828396926731264,0.0993343222921401,0.0788158180097226,0.0847662459306354,0.0830697495549444,0.0868602561363777,0.117656291601395
1.718,0.103188742963825,0.0915819392249549,0.132710705581336,0.0828397027741166,0.0993343379003348,0.0788158190649324,0.0847662595112389,0.083069749870801,0.0868602918432051,0.117656289773119
1.72,0.103188743411825,0.0915819402617795,0.132710695098095,0.0828397128751069,0.0993343535085295,0.0788158201201421,0.0847662730918424,0.0830697501866576,0.0868603275500325,0.117656287944842
1.722,0.103188743859824,0.0915819412986041,0.132710684614853,0.0828397229760971,0.0993343691167242,0.0788158211753519,0.0847662866724458,0.0830697505025142,0.0868603632568599,0.117656286116565
1.724,0.103188744307824,0.0915819423354288,0.132710674131612,0.0828397330770874,0.0993343847249188,0.0788158222305617,0.0847663002530493,0.0830697508183708,0.0868603989636873,0.117656284288289
1.726,0.103188744755823,0.0915819433722534,0.132710663648371,0.0828397431780776,0.0993344003331135,0.0788158232857714,0.0847663138336528,0.0830697511342274,0.0868604334305649,0.117656282460012
1.728,0.103188745203823,0.091581944409078,0.132710653165129,0.0828397532790679,0.0993344159413082,0.0788158243409812,0.0847663274142563,0.0830697514500841,0.086860459149701,0.117656280631735
1.73,0.103188745651822,0.0915819454459026,0.132710642681888,0.0828397633800581,0.0993344315495029,0.078815825396191,0.0847663409948598,0.0830697517659407,0.0868604848688372,0.117656278803459
1.732,0.103188746099821,0.0915819464827273,0.132710632198646,0.0828397734810484,0.0993344471576975,0.0788158262764206,0.0847663545754633,0.0830697520817972,0.0868605105879733,0.117656276975182
1.734,0.103188746547821,0.0915819475195519,0.132710621715405,0.0828397835820387,0.0993344627658922,0.078815826953043,0.0847663681560668,0.0830697523976539,0.0868605363071094,0.117656275146906
1.736,0.10318874699582,0.0915819485563765,0.132710611232164,0.0828397936830289,0.0993344783740869,0.0788158276296654,0.0847663803358868,0.0830697527135105,0.0868605620262456,0.117656273318629
1.738,0.10318874744382,0.0915819495932012,0.132710602218323,0.0828398037840192,0.0993344925049162,0.0788158283062878,0.0847663898479928,0.0830697530293671,0.0868605877453817,0.117656271490352
1.74,0.103188747891819,0.0915819506300258,0.132710596322264,0.0828398138850094,0.0993345032566775,0.0788158289829103,0.0847663993600988,0.0830697533452237,0.0868606134645178,0.117656269662076
1.742,0.103188748339819,0.0915819516668504,0.132710590426204,0.0828398239859997,0.0993345140084388,0.0788158296595327,0.0847664088722048,0.0830697536442037,0.086860639183654,0.117656267833799
1.744,0.103188748787818,0.091581952703675,0.132710584530145,0.0828398311570453,0.0993345247602,0.0788158303361551,0.0847664183843108,0.0830697538380168,0.0868606649027901,0.117656266005522
1.746,0.103188749235818,0.0915819537404997,0.132710578634086,0.0828398381566208,0.0993345355119613,0.0788158310127774,0.0847664278964168,0.08306975403183,0.0868606906219263,0.117656264177246
1.748,0.103188749683817,0.0915819547773243,0.132710572738027,0.0828398451561964,0.0993345462637226,0.0788158316893999,0.0847664374085228,0.0830697542256432,0.0868607163410624,0.117656262348969
1.75,0.103188750131816,0.0915819558141489,0.132710566841967,0.0828398521557719,0.0993345570154839,0.0788158323660223,0.0847664469206288,0.0830697544194564,0.0868607420601985,0.117656260520692
1.752,0.103188750579816,0.0915819568509735,0.132710560945908,0.0828398591553475,0.0993345677672452,0.0788158330426447,0.0847664564327348,0.0830697546132696,0.0868607677793347,0.117656258692416
1.754,0.103188751027815,0.0915819578877982,0.132710555049849,0.0828398661549231,0.0993345785190065,0.0788158337192671,0.0847664659448408,0.0830697548070828,0.0868607934984708,0.117656256864139
1.756,0.103188751475815,0.0915819589246228,0.13271054915379,0.0828398731544986,0.0993345892707677,0.0788158343958895,0.0847664754569469,0.083069755000896,0.0868608192176069,0.117656255035862
1.758,0.103188751923814,0.0915819599614474,0.13271054325773,0.0828398801540742,0.099334600022529,0.0788158350725119,0.0847664849690529,0.0830697551947092,0.0868608449367431,0.117656253207586
1.76,0.103188752371814,0.0915819609982721,0.132710537361671,0.0828398871536497,0.0993346107742903,0.0788158357491343,0.0847664944811589,0.0830697553885224,0.0868608706558792,0.117656251379309
1.762,0.103188752819813,0.0915819620350967,0.132710531465612,0.0828398941532253,0.0993346215260516,0.0788158364257567,0.0847665039932649,0.0830697555823356,0.0868608963750153,0.117656249551033
1.764,0.103188753267813,0.0915819630719213,0.132710525569553,0.0828399011528009,0.0993346322778129,0.0788158371023791,0.0847665135053709,0.0830697557761488,0.0868609220941515,0.117656247850193
1.766,0.103188753715812,0.0915819638236429,0.132710519673494,0.0828399081523764,0.0993346430295742,0.0788158377790015,0.0847665230174769,0.0830697559699619,0.0868609478132876,0.117656246517578
1.768,0.103188754133767,0.0915819644855348,0.132710513777434,0.082839915151952,0.0993346537813355,0.0788158384556239,0.0847665325295829,0.0830697561637751,0.0868609735324238,0.117656245184963
1.77,0.103188754380894,0.0915819651474267,0.132710507881375,0.0828399221515275,0.0993346645330967,0.0788158391322463,0.0847665420416889,0.0830697563575883,0.0868609992515599,0.117656243852348
1.772,0.10318875462802,0.0915819658093186,0.132710501985316,0.0828399291511031,0.099334675284858,0.0788158398088687,0.0847665515537949,0.0830697565514015,0.086861024970696,0.117656242519732
1.774,0.103188754875147,0.0915819664712104,0.132710496089257,0.0828399361506787,0.0993346860366193,0.0788158404854911,0.084766561065901,0.0830697567452147,0.0868610506898322,0.117656241187117
1.776,0.103188755122273,0.0915819671331023,0.132710490193197,0.0828399431502542,0.0993346967883806,0.0788158411621135,0.084766570578007,0.0830697569390279,0.0868610755157834,0.117656239854502
1.778,0.1031887553694,0.0915819677949943,0.132710484297138,0.0828399501498298,0.0993347075401419,0.0788158418387359,0.084766580090113,0.0830697571328411,0.0868610940403906,0.117656238521887
1.78,0.103188755616526,0.0915819684568861,0.132710478401079,0.0828399571494053,0.0993347182919032,0.0788158425153583,0.084766589602219,0.0830697573266543,0.0868611125649979,0.117656237189272
1.782,0.103188755863653,0.091581969118778,0.13271047250502,0.0828399641489809,0.0993347290436644,0.0788158430798455,0.084766599114325,0.0830697575204675,0.0868611310896051,0.117656235856657
1.784,0.103188756110779,0.0915819697806699,0.13271046660896,0.0828399711485565,0.0993347397954257,0.078815843513852,0.084766608626431,0.0830697577142807,0.0868611496142123,0.117656234524042
1.786,0.103188756357906,0.0915819704425618,0.132710460712901,0.082839978148132,0.099334750547187,0.0788158439478584,0.0847666171573835,0.0830697579080938,0.0868611681388195,0.117656233191427
1.788,0.103188756605032,0.0915819711044537,0.13271045572989,0.0828399851477076,0.099334760281166,0.0788158443818649,0.0847666238197839,0.083069758101907,0.0868611866634267,0.117656231858812
1.79,0.103188756852159,0.0915819717663456,0.132710452684187,0.0828399921472831,0.0993347676872473,0.0788158448158713,0.0847666304821844,0.0830697582957202,0.0868612051880339,0.117656230526197
1.792,0.103188757099285,0.0915819724282375,0.132710449638485,0.0828399991468587,0.0993347750933286,0.0788158452498778,0.0847666371445849,0.0830697584791774,0.0868612237126411,0.117656229193582
1.794,0.103188757346412,0.0915819730901294,0.132710446592783,0.0828400041161966,0.0993347824994099,0.0788158456838842,0.0847666438069853,0.0830697585981013,0.0868612422372483,0.117656227860967
1.796,0.103188757593538,0.0915819737520213,0.13271044354708,0.0828400089667184,0.0993347899054912,0.0788158461178907,0.0847666504693858,0.0830697587170252,0.0868612607618555,0.117656226528352
1.798,0.103188757840664,0.0915819744139132,0.132710440501378,0.0828400138172401,0.0993347973115725,0.0788158465518971,0.0847666571317862,0.0830697588359491,0.0868612792864628,0.117656225195737
1.8,0.103188758087791,0.0915819750758051,0.132710437455676,0.0828400186677619,0.0993348047176538,0.0788158469859036,0.0847666637941867,0.083069758954873,0.08686129781107,0.117656223863122
1.802,0.103188758334917,0.091581975737697,0.132710434409973,0.0828400235182836,0.099334812123735,0.07881584741991,0.0847666704565871,0.0830697590737969,0.0868613163356772,0.117656222530507
1.804,0.103188758582044,0.0915819763995889,0.132710431364271,0.0828400283688054,0.0993348195298163,0.0788158478539165,0.0847666771189876,0.0830697591927208,0.0868613348602844,0.117656221197892
1.806,0.10318875882917,0.0915819770614808,0.132710428318569,0.0828400332193271,0.0993348269358976,0.0788158482879229,0.084766683781388,0.0830697593116447,0.0868613533848916,0.117656219865277
1.808,0.103188759076297,0.0915819777233727,0.132710425272867,0.0828400380698488,0.0993348343419789,0.0788158487219294,0.0847666904437885,0.0830697594305686,0.0868613719094988,0.117656218532661
1.81,0.103188759323423,0.0915819783852646,0.132710422227164,0.0828400429203706,0.0993348417480602,0.0788158491559358,0.0847666971061889,0.0830697595494925,0.086861390434106,0.117656217200046
1.812,0.10318875957055,0.0915819790471565,0.132710419181462,0.0828400477708923,0.0993348491541415,0.0788158495899423,0.0847667037685894,0.0830697596684164,0.0868614089587132,0.117656215867431
1.814,0.103188759817676,0.0915819797090484,0.13271041613576,0.0828400526214141,0.0993348565602228,0.0788158500239487,0.0847667104309899,0.0830697597873403,0.0868614274833204,0.117656214633049
1.816,0.103188760064803,0.0915819801889629,0.132710413090057,0.0828400574719358,0.0993348639663041,0.0788158504579552,0.0847667170933903,0.0830697599062642,0.0868614460079276,0.117656213682506
1.818,0.103188760294975,0.0915819806115403,0.132710410044355,0.0828400623224576,0.0993348713723854,0.0788158508919616,0.0847667237557908,0.0830697600251881,0.0868614645325349,0.117656212731964
1.82,0.103188760428746,0.0915819810341177,0.132710406998653,0.0828400671729793,0.0993348787784667,0.0788158513259681,0.0847667304181912,0.083069760144112,0.0868614830571421,0.117656211781421
1.822,0.103188760562517,0.0915819814566951,0.13271040395295,0.082840072023501,0.099334886184548,0.0788158517599745,0.0847667370805917,0.0830697602630359,0.0868615015817493,0.117656210830879
1.824,0.103188760696289,0.0915819818792726,0.132710400907248,0.0828400768740228,0.0993348935906293,0.078815852193981,0.0847667437429921,0.0830697603819598,0.0868615201063565,0.117656209880336
1.826,0.10318876083006,0.09158198230185,0.132710397861546,0.0828400817245445,0.0993349009967106,0.0788158526279874,0.0847667504053926,0.0830697605008837,0.0868615379875954,0.117656208929794
1.828,0.103188760963831,0.0915819827244274,0.132710394815843,0.0828400865750663,0.0993349084027919,0.0788158530619939,0.084766757067793,0.0830697606198076,0.086861551329925,0.117656207979251
1.83,0.103188761097602,0.0915819831470048,0.132710391770141,0.082840091425588,0.0993349158088731,0.0788158534960003,0.0847667637301935,0.0830697607387315,0.0868615646722547,0.117656207028709
1.832,0.103188761231373,0.0915819835695823,0.132710388724439,0.0828400962761097,0.0993349232149544,0.0788158538580395,0.0847667703925939,0.0830697608576554,0.0868615780145843,0.117656206078166
1.834,0.103188761365145,0.0915819839921597,0.132710385678736,0.0828401011266315,0.0993349306210357,0.0788158541363373,0.0847667770549944,0.0830697609765793,0.0868615913569139,0.117656205127624
1.836,0.103188761498916,0.0915819844147371,0.132710382633034,0.0828401059771532,0.099334938027117,0.0788158544146351,0.0847667830302029,0.0830697610955032,0.0868616046992436,0.117656204177081
1.838,0.103188761632687,0.0915819848373146,0.132710380131536,0.082840110827675,0.0993349447321371,0.0788158546929329,0.0847667876966927,0.0830697612144271,0.0868616180415732,0.117656203226538
1.84,0.103188761766458,0.091581985259892,0.132710378784735,0.0828401156781967,0.0993349498336721,0.0788158549712307,0.0847667923631826,0.0830697613333509,0.0868616313839028,0.117656202275996
1.842,0.103188761900229,0.0915819856824694,0.132710377437933,0.0828401205287184,0.099334954935207,0.0788158552495285,0.0847667970296724,0.0830697614459185,0.0868616447262325,0.117656201325453
1.844,0.103188762034001,0.0915819861050469,0.132710376091132,0.0828401239728186,0.099334960036742,0.0788158555278263,0.0847668016961623,0.0830697615188766,0.0868616580685621,0.117656200374911
1.846,0.103188762167772,0.0915819865276243,0.13271037474433,0.0828401273346104,0.0993349651382769,0.0788158558061241,0.0847668063626521,0.0830697615918347,0.0868616714108918,0.117656199424368
1.848,0.103188762301543,0.0915819869502017,0.132710373397528,0.0828401306964022,0.0993349702398119,0.0788158560844219,0.084766811029142,0.0830697616647928,0.0868616847532214,0.117656198473826
1.85,0.103188762435314,0.0915819873727791,0.132710372050727,0.0828401340581939,0.0993349753413469,0.0788158563627198,0.0847668156956318,0.0830697617377509,0.086861698095551,0.117656197523283
1.852,0.103188762569086,0.0915819877953566,0.132710370703925,0.0828401374199857,0.0993349804428818,0.0788158566410176,0.0847668203621216,0.083069761810709,0.0868617114378807,0.117656196572741
1.854,0.103188762702857,0.091581988217934,0.132710369357124,0.0828401407817775,0.0993349855444167,0.0788158569193154,0.0847668250286115,0.0830697618836671,0.0868617247802103,0.117656195622198
1.856,0.103188762836628,0.0915819886405114,0.132710368010322,0.0828401441435692,0.0993349906459517,0.0788158571976132,0.0847668296951013,0.0830697619566252,0.0868617381225399,0.117656194671656
1.858,0.103188762970399,0.0915819890630888,0.132710366663521,0.082840147505361,0.0993349957474867,0.078815857475911,0.0847668343615912,0.0830697620295833,0.0868617514648696,0.117656193721113
1.86,0.10318876310417,0.0915819894856663,0.132710365316719,0.0828401508671527,0.0993350008490216,0.0788158577542088,0.084766839028081,0.0830697621025414,0.0868617648071992,0.117656192770571
1.862,0.103188763237942,0.0915819899082437,0.132710363969918,0.0828401542289445,0.0993350059505566,0.0788158580325066,0.0847668436945709,0.0830697621754995,0.0868617781495289,0.117656191820028
1.864,0.103188763371713,0.0915819903308211,0.132710362623116,0.0828401575907362,0.0993350110520916,0.0788158583108044,0.0847668483610607,0.0830697622484576,0.0868617914918585,0.117656190942667
1.866,0.103188763505484,0.0915819906372102,0.132710361276314,0.082840160952528,0.0993350161536265,0.0788158585891023,0.0847668530275505,0.0830697623214157,0.0868618048341881,0.117656190276761
1.868,0.103188763629818,0.0915819909069909,0.132710359929513,0.0828401643143198,0.0993350212551615,0.0788158588674001,0.0847668576940404,0.0830697623943738,0.0868618181765178,0.117656189610855
1.87,0.10318876370049,0.0915819911767715,0.132710358582711,0.0828401676761115,0.0993350263566964,0.0788158591456979,0.0847668623605302,0.0830697624673319,0.0868618315188474,0.11765618894495
1.872,0.103188763771162,0.0915819914465522,0.13271035723591,0.0828401710379033,0.0993350314582314,0.0788158594239957,0.0847668670270201,0.0830697625402899,0.086861844861177,0.117656188279044
1.874,0.103188763841834,0.0915819917163329,0.132710355889108,0.082840174399695,0.0993350365597663,0.0788158597022935,0.0847668716935099,0.083069762613248,0.0868618582035067,0.117656187613138
1.876,0.103188763912507,0.0915819919861135,0.132710354542307,0.0828401777614868,0.0993350416613013,0.0788158599805913,0.0847668763599998,0.0830697626862061,0.0868618710824833,0.117656186947232
1.878,0.103188763983179,0.0915819922558942,0.132710353195505,0.0828401811232786,0.0993350467628362,0.0788158602588891,0.0847668810264896,0.0830697627591642,0.0868618806925439,0.117656186281327
1.88,0.103188764053851,0.0915819925256748,0.132710351848704,0.0828401844850703,0.0993350518643712,0.0788158605371869,0.0847668856929795,0.0830697628321223,0.0868618903026044,0.117656185615421
1.882,0.103188764124523,0.0915819927954555,0.132710350501902,0.0828401878468621,0.0993350569659062,0.0788158607693369,0.0847668903594693,0.0830697629050804,0.0868618999126649,0.117656184949515
1.884,0.103188764195196,0.0915819930652362,0.1327103491551,0.0828401912086539,0.0993350620674411,0.0788158609477892,0.0847668950259591,0.0830697629780385,0.0868619095227255,0.11765618428361
1.886,0.103188764265868,0.0915819933350168,0.132710347808299,0.0828401945704456,0.0993350671689761,0.0788158611262415,0.0847668992111123,0.0830697630509966,0.086861919132786,0.117656183617704
1.888,0.10318876433654,0.0915819936047975,0.132710346768357,0.0828401979322374,0.0993350717875914,0.0788158613046938,0.0847669024795866,0.0830697631239547,0.0868619287428465,0.117656182951798
1.89,0.103188764407212,0.0915819938745782,0.132710346379514,0.0828402012940291,0.0993350753016605,0.0788158614831461,0.0847669057480609,0.0830697631969128,0.086861938352907,0.117656182285892
1.892,0.103188764477885,0.0915819941443588,0.13271034599067,0.0828402046558209,0.0993350788157296,0.0788158616615984,0.0847669090165352,0.0830697632659722,0.0868619479629676,0.117656181619987
1.894,0.103188764548557,0.0915819944141395,0.132710345601826,0.082840207041937,0.0993350823297988,0.0788158618400506,0.0847669122850096,0.083069763310737,0.0868619575730281,0.117656180954081
1.896,0.103188764619229,0.0915819946839202,0.132710345212982,0.0828402093709534,0.0993350858438679,0.0788158620185029,0.0847669155534839,0.0830697633555017,0.0868619671830886,0.117656180288175
1.898,0.103188764689901,0.0915819949537008,0.132710344824138,0.0828402116999697,0.0993350893579371,0.0788158621969552,0.0847669188219582,0.0830697634002665,0.0868619767931492,0.117656179622269
1.9,0.103188764760574,0.0915819952234815,0.132710344435295,0.0828402140289861,0.0993350928720062,0.0788158623754075,0.0847669220904325,0.0830697634450312,0.0868619864032097,0.117656178956364
1.902,0.103188764831246,0.0915819954932622,0.132710344046451,0.0828402163580025,0.0993350963860753,0.0788158625538598,0.0847669253589068,0.083069763489796,0.0868619960132702,0.117656178290458
1.904,0.103188764901918,0.0915819957630428,0.132710343657607,0.0828402186870188,0.0993350999001444,0.0788158627323121,0.0847669286273812,0.0830697635345607,0.0868620056233307,0.117656177624552
1.906,0.10318876497259,0.0915819960328235,0.132710343268763,0.0828402210160352,0.0993351034142136,0.0788158629107644,0.0847669318958555,0.0830697635793255,0.0868620152333913,0.117656176958646
1.908,0.103188765043263,0.0915819963026042,0.132710342879919,0.0828402233450515,0.0993351069282827,0.0788158630892167,0.0847669351643298,0.0830697636240902,0.0868620248434518,0.117656176292741
1.91,0.103188765113935,0.0915819965723848,0.132710342491076,0.0828402256740679,0.0993351104423518,0.078815863267669,0.0847669384328041,0.083069763668855,0.0868620344535123,0.117656175626835
1.912,0.103188765184607,0.0915819968421655,0.132710342102232,0.0828402280030843,0.099335113956421,0.0788158634461213,0.0847669417012784,0.0830697637136198,0.0868620440635729,0.117656174960929
1.914,0.103188765255279,0.0915819971119462,0.132710341713388,0.0828402303321006,0.0993351174704901,0.0788158636245735,0.0847669449697527,0.0830697637583845,0.0868620536736334,0.117656174348153
1.916,0.103188765325951,0.091581997307546,0.132710341324544,0.082840232661117,0.0993351209845592,0.0788158638030258,0.0847669482382271,0.0830697638031493,0.0868620632836939,0.117656173888894
1.918,0.103188765391457,0.0915819974797731,0.1327103409357,0.0828402349901333,0.0993351244986284,0.0788158639814781,0.0847669515067014,0.083069763847914,0.0868620728937544,0.117656173429634
1.92,0.103188765427587,0.0915819976520002,0.132710340546857,0.0828402373191497,0.0993351280126975,0.0788158641599304,0.0847669547751757,0.0830697638926788,0.086862082503815,0.117656172970375
1.922,0.103188765463717,0.0915819978242273,0.132710340158013,0.0828402396481661,0.0993351315267666,0.0788158643383827,0.08476695804365,0.0830697639374435,0.0868620921138755,0.117656172511115
1.924,0.103188765499846,0.0915819979964544,0.132710339769169,0.0828402419771824,0.0993351350408357,0.078815864516835,0.0847669613121243,0.0830697639822083,0.086862101723936,0.117656172051856
1.926,0.103188765535976,0.0915819981686815,0.132710339380325,0.0828402443061988,0.0993351385549049,0.0788158646952873,0.0847669645805987,0.083069764026973,0.0868621110001581,0.117656171592597
1.928,0.103188765572105,0.0915819983409085,0.132710338991481,0.0828402466352151,0.099335142068974,0.0788158648737396,0.084766967849073,0.0830697640717378,0.0868621179211784,0.117656171133337
1.93,0.103188765608235,0.0915819985131356,0.132710338602638,0.0828402489642315,0.0993351455830431,0.0788158650521919,0.0847669711175473,0.0830697641165025,0.0868621248421986,0.117656170674078
1.932,0.103188765644365,0.0915819986853627,0.132710338213794,0.0828402512932479,0.0993351490971123,0.0788158652010573,0.0847669743860216,0.0830697641612673,0.0868621317632189,0.117656170214818
1.934,0.103188765680494,0.0915819988575898,0.13271033782495,0.0828402536222642,0.0993351526111814,0.0788158653154954,0.0847669776544959,0.0830697642060321,0.0868621386842391,0.117656169755559
1.936,0.103188765716624,0.0915819990298169,0.132710337436106,0.0828402559512806,0.0993351561252505,0.0788158654299336,0.0847669805858653,0.0830697642507968,0.0868621456052594,0.1176561692963
1.938,0.103188765752754,0.091581999202044,0.132710337206429,0.082840258280297,0.0993351593066708,0.0788158655443717,0.0847669828752369,0.0830697642955616,0.0868621525262797,0.11765616883704
1.94,0.103188765788883,0.0915819993742711,0.132710337314471,0.0828402606093133,0.099335161727248,0.0788158656588099,0.0847669851646086,0.0830697643403263,0.0868621594472999,0.117656168377781
1.942,0.103188765825013,0.0915819995464982,0.132710337422513,0.0828402629383297,0.0993351641478253,0.078815865773248,0.0847669874539803,0.0830697643826979,0.0868621663683201,0.117656167918521
1.944,0.103188765861142,0.0915819997187253,0.132710337530555,0.0828402645918245,0.0993351665684025,0.0788158658876861,0.084766989743352,0.0830697644101563,0.0868621732893404,0.117656167459262
1.946,0.103188765897272,0.0915819998909523,0.132710337638597,0.0828402662057856,0.0993351689889798,0.0788158660021243,0.0847669920327237,0.0830697644376146,0.0868621802103607,0.117656167000002
1.948,0.103188765933402,0.0915820000631794,0.132710337746639,0.0828402678197467,0.099335171409557,0.0788158661165624,0.0847669943220954,0.083069764465073,0.0868621871313809,0.117656166540743
1.95,0.103188765969531,0.0915820002354065,0.132710337854682,0.0828402694337077,0.0993351738301343,0.0788158662310005,0.0847669966114671,0.0830697644925314,0.0868621940524011,0.117656166081484
1.952,0.103188766005661,0.0915820004076336,0.132710337962724,0.0828402710476688,0.0993351762507115,0.0788158663454387,0.0847669989008388,0.0830697645199897,0.0868622009734214,0.117656165622224
1.954,0.103188766041791,0.0915820005798607,0.132710338070766,0.0828402726616299,0.0993351786712887,0.0788158664598768,0.0847670011902105,0.0830697645474481,0.0868622078944417,0.117656165162965
1.956,0.10318876607792,0.0915820007520878,0.132710338178808,0.082840274275591,0.099335181091866,0.0788158665743149,0.0847670034795822,0.0830697645749065,0.0868622148154619,0.117656164703705
1.958,0.10318876611405,0.0915820009243149,0.13271033828685,0.0828402758895521,0.0993351835124432,0.0788158666887531,0.0847670057689539,0.0830697646023648,0.0868622217364821,0.117656164244446
1.96,0.103188766150179,0.091582001096542,0.132710338394893,0.0828402775035132,0.0993351859330205,0.0788158668031912,0.0847670080583255,0.0830697646298232,0.0868622286575024,0.117656163785187
1.962,0.103188766186309,0.0915820012687691,0.132710338502935,0.0828402791174742,0.0993351883535977,0.0788158669176293,0.0847670103476972,0.0830697646572816,0.0868622355785226,0.117656163325927
1.964,0.103188766222439,0.0915820014409962,0.132710338610977,0.0828402807314353,0.099335190774175,0.0788158670320675,0.0847670126370689,0.08306976468474,0.0868622424995429,0.117656162900528
1.966,0.103188766258568,0.0915820015707866,0.132710338719019,0.0828402823453964,0.0993351931947522,0.0788158671465056,0.0847670149264406,0.0830697647121983,0.0868622494205632,0.117656162572967
1.968,0.103188766292235,0.0915820016872062,0.132710338827061,0.0828402839593575,0.0993351956153294,0.0788158672609438,0.0847670172158123,0.0830697647396567,0.0868622563415834,0.117656162245407
1.97,0.1031887663119,0.0915820018036257,0.132710338935103,0.0828402855733185,0.0993351980359067,0.0788158673753819,0.084767019505184,0.0830697647671151,0.0868622632626037,0.117656161917846
1.972,0.103188766331564,0.0915820019200453,0.132710339043146,0.0828402871872796,0.0993352004564839,0.07881586748982,0.0847670217945557,0.0830697647945735,0.0868622701836239,0.117656161590285
1.974,0.103188766351228,0.0915820020364649,0.132710339151188,0.0828402888012407,0.0993352028770612,0.0788158676042582,0.0847670240839274,0.0830697648220318,0.0868622771046442,0.117656161262724
1.976,0.103188766370893,0.0915820021528845,0.13271033925923,0.0828402904152018,0.0993352052976384,0.0788158677186963,0.0847670263732991,0.0830697648494902,0.0868622838354719,0.117656160935164
1.978,0.103188766390557,0.0915820022693041,0.132710339367272,0.0828402920291629,0.0993352077182157,0.0788158678331344,0.0847670286626707,0.0830697648769486,0.0868622892245077,0.117656160607603
1.98,0.103188766410222,0.0915820023857236,0.132710339475314,0.082840293643124,0.0993352101387929,0.0788158679475726,0.0847670309520424,0.0830697649044069,0.0868622946135436,0.117656160280042
1.982,0.103188766429886,0.0915820025021432,0.132710339583357,0.082840295257085,0.0993352125593701,0.0788158680475328,0.0847670332414141,0.0830697649318653,0.0868623000025794,0.117656159952481
1.984,0.103188766449551,0.0915820026185628,0.132710339691399,0.0828402968710461,0.0993352149799474,0.0788158681306465,0.0847670355307858,0.0830697649593237,0.0868623053916152,0.11765615962492
1.986,0.103188766469215,0.0915820027349824,0.132710339799441,0.0828402984850072,0.0993352174005246,0.0788158682137602,0.0847670376520748,0.083069764986782,0.086862310780651,0.11765615929736
1.988,0.103188766488879,0.091582002851402,0.132710339964025,0.0828403000989683,0.0993352196616092,0.078815868296874,0.0847670394532598,0.0830697650142404,0.0868623161696868,0.117656158969799
1.99,0.103188766508544,0.0915820029678216,0.132710340248581,0.0828403017129294,0.0993352215578981,0.0788158683799877,0.0847670412544447,0.0830697650416988,0.0868623215587227,0.117656158642238
1.992,0.103188766528208,0.0915820030842411,0.132710340533137,0.0828403033268904,0.099335223454187,0.0788158684631014,0.0847670430556296,0.0830697650681658,0.0868623269477585,0.117656158314677
1.994,0.103188766547873,0.0915820032006607,0.132710340817693,0.0828403046358015,0.0993352253504759,0.0788158685462151,0.0847670448568146,0.0830697650884555,0.0868623323367943,0.117656157987117
1.996,0.103188766567537,0.0915820033170803,0.132710341102249,0.08284030592686,0.0993352272467648,0.0788158686293289,0.0847670466579995,0.0830697651087452,0.0868623377258301,0.117656157659556
1.998,0.103188766587201,0.0915820034334999,0.132710341386805,0.0828403072179184,0.0993352291430537,0.0788158687124426,0.0847670484591844,0.0830697651290349,0.0868623431148659,0.117656157331995
2,0.103188766606866,0.0915820035499195,0.132710341671361,0.0828403085089769,0.0993352310393426,0.0788158687955563,0.0847670502603694,0.0830697651493246,0.0868623485039018,0.117656157004434
