Tempo,Sim_1,Sim_2,Sim_3,Sim_4,Sim_5,Sim_6,Sim_7,Sim_8,Sim_9,Sim_10
0,0,0,0,0,0,0,0,0,0,0
0.002,0.288817567959399,0.286682140164014,0.291838587168345,0.289088551821843,0.287335812990665,0.29117374728819,0.286717729062047,0.292069002618101,0.28610824230981,0.291795162301537
0.004,0.320491620421508,0.315942734563251,0.328082705132571,0.320456552309922,0.317032035403968,0.324889785523018,0.315351045497834,0.32721810855701,0.313185778686729,0.327227939421839
0.006,0.317513176909235,0.311197836114081,0.329917677753855,0.31668596660784,0.312153612659095,0.323904715238568,0.309474290171812,0.327874742199416,0.305546444423837,0.328193842241804
0.008,0.31188869686885,0.304033000374215,0.328579715702263,0.309867169877212,0.304524719106987,0.319482087461935,0.300992389107021,0.325020936390443,0.295430749275785,0.326004414309204
0.01,0.306364452021192,0.29732567050146,0.327026394139211,0.302860154775079,0.297013300479436,0.314829811309716,0.292728085265743,0.321921604547884,0.285513128283509,0.323658503655487
0.012,0.302684056731039,0.292486413345058,0.326643276842303,0.297518765393077,0.29151856024277,0.311458312905213,0.286677141306111,0.31997959496961,0.278148995182853,0.32261176685703
0.014,0.299003661440887,0.287647156188657,0.326316629385144,0.292320353591411,0.286023820006105,0.308368933176172,0.280626197346479,0.318315024623517,0.270784862082196,0.321613179637372
0.016,0.295773314703826,0.284179092501121,0.326225916078716,0.287121941789746,0.280529079769439,0.305279553447131,0.274575253386847,0.316650454277424,0.263420728981539,0.321094678956896
0.018,0.294430603413091,0.281987111113191,0.327407311982808,0.282424857452619,0.277057828933134,0.302190173718091,0.271083043233754,0.314985883931331,0.258923622299686,0.321666132508002
0.02,0.293087892122356,0.279795129725262,0.328588707886901,0.279591256822637,0.27427221871667,0.300927900944079,0.267946390437324,0.315054260423036,0.25472107371203,0.322237586059108
0.022,0.291745180831621,0.278498333565794,0.329770103790994,0.276757656192655,0.271486608500206,0.299871197665271,0.264809737640895,0.315247841559629,0.250518525124373,0.323127948992741
0.024,0.291912113397991,0.27842177323483,0.332083289350883,0.273924055562674,0.269330135025213,0.298814494386463,0.262921200462788,0.315441422696221,0.247935713920244,0.325031195992176
0.026,0.292409030077386,0.278345212903867,0.334578513391339,0.271920247061187,0.268730369807939,0.297757791107656,0.262119588369717,0.315635003832813,0.246254826495401,0.326934442991612
0.028,0.292905946756782,0.278941958674169,0.337073737431796,0.271096955999247,0.268130604590664,0.298217128058288,0.261317976276646,0.317123458389147,0.244573939070557,0.328973048175772
0.03,0.294200273511558,0.280573622893676,0.340135059408347,0.270273664937307,0.26753083937339,0.298896336677464,0.260547975935512,0.318929929232171,0.243334894515814,0.331977167658044
0.032,0.29612335477684,0.282205287113183,0.343734329746285,0.269450373875367,0.268125240485056,0.299575545296639,0.261639126281032,0.320736400075195,0.243685948757053,0.334981287140316
0.034,0.298046436042122,0.284085176489168,0.347333600084224,0.269450146546638,0.269302934205279,0.300254753915815,0.262730276626552,0.32254287091822,0.244037002998291,0.337985406622588
0.036,0.300106178230533,0.286781238885261,0.351063449250388,0.270344279535128,0.270480627925501,0.301957685074301,0.263821426972072,0.324932360114018,0.24438805723953,0.341461373603359
0.038,0.302872128005416,0.904797962380912,0.355628335670798,0.271238412523618,0.271658321645723,0.304121797967823,0.265359680099204,0.328093713407404,0.245735729263858,0.345374553336657
0.04,0.306065641823811,0.69505166637293,0.360193222091209,0.272132545512109,0.274093000349786,0.306285910861346,0.267965734432997,0.33125506670079,0.247719199619181,0.599512589405523
0.042,0.989675764177951,0.7192172656187,0.36475810851162,0.273594915062248,0.27670258933603,0.308450023754868,0.27057178876679,0.334416419994176,0.249702669974505,0.961176032499626
0.044,0.730116900085647,0.756217211700874,0.704707599574761,0.275949722801842,0.279312178322273,0.310950743527678,0.273177843100583,0.337577773287562,0.251686140329828,0.823164005282005
0.046,0.826944052219039,0.753804507946006,0.668553935687748,0.278304530541435,0.282044422215395,0.314380501890002,0.276162109976215,0.341721837759766,0.254884987130153,0.851793446011797
0.048,0.82436151924018,0.767714040944134,0.779581037586649,0.280659338281028,0.285860830260538,0.317810260252325,0.279985622992268,0.34598967313018,0.2582086262992,0.873229842141685
0.05,0.832667102635844,0.779134449608024,0.756082253003164,0.283156272869732,0.289677238305682,0.321240018614648,0.283917016609923,0.350257508500594,0.261532265468248,0.877955373263967
0.052,0.848888090994742,0.789892842778835,0.771165794648965,0.286765719548887,0.293493646350826,0.324669776976972,0.761687029486799,0.354525343871008,0.264970521305061,0.894763138501421
0.054,0.858807500729134,0.801805796042387,0.78732622996317,0.290375166228042,0.356610577169162,0.328741434031296,0.618001097866631,0.359164458140473,0.36082260417115,0.90608446765974
0.056,0.872340152030558,0.81247579644358,0.798511875086803,0.293984612907197,0.722990952520682,0.333220776553624,0.740164494668168,0.364354193494748,0.940551134511852,0.919964935907641
0.058,0.883837892116982,0.823643071436975,0.812797535725495,0.297594059586351,0.713357339349454,0.337700119075951,0.706738531700027,0.369543928849024,0.734199041049303,0.932227413855191
0.06,0.896345861230336,0.834239717098268,0.82501223191079,0.301847304871166,0.679669106956835,0.342179461598279,0.719703166413042,0.374733664203299,0.788003164194387,0.945262032330438
0.062,0.908086492776883,0.8447913745056,0.83813581821774,0.306526220073314,0.710928527930255,0.346658804120606,0.729342094617358,0.379923399557575,0.784974708130443,0.95763948270517
0.064,0.919923056940633,0.855042274327579,0.850560682027396,0.311205135275462,0.712923655138128,0.351549174758644,0.734900338373047,0.425465767875975,0.788121957192141,0.970107363715028
0.066,0.931333125535098,0.865016378864021,0.862962328112235,0.315884050477611,0.722623582222814,0.356756643867492,0.744123935125042,0.821653231397337,0.795941331995047,0.98219722392938
0.068,0.942568030943907,0.874644765492439,0.875034190686995,0.320598285400725,0.732012830896313,0.362151871876235,0.751364730314542,0.723905081625359,0.8004795872169,0.994140371064689
0.07,0.95343040116243,0.884020385886102,0.886941895024065,0.325770425784933,0.740763128319429,0.498143586118618,0.759642767277341,0.74455199052246,0.807386041709072,1.00572978086743
0.072,0.964041598190427,0.893044026284705,0.898529794159353,0.462101678374169,0.750114140783103,0.781750541194375,0.767127282046602,0.754864105883034,0.81338883096312,1.01706640154455
0.074,0.974282710207703,0.901788515826283,0.909845939478802,0.713445249924506,0.758775511196729,0.72909852516846,0.774865793035119,0.757370758322143,0.820241085358983,1.02808147046028
0.076,0.984226409392275,0.910197707079937,0.920873496195089,0.698461151558303,0.767692756402414,0.734733975868867,0.782247137855523,0.766092997917054,0.826617833158299,1.03878543321881
0.078,0.993821822349967,0.918267796413576,0.931593340840217,0.680471370364568,0.776169990071272,0.747224630110519,0.789580081839179,0.771965870861459,0.833184111252057,1.04915802333456
0.08,1.00309175524836,0.92599324125514,0.942002156072712,0.702976954527721,0.784565064016219,0.747668088152391,0.796532809068838,0.778917439521272,0.839503166934902,1.05919854690644
0.082,1.01202717465433,0.933416824253543,0.952102299650835,0.699856076815741,0.7925718163472,0.755120450707114,0.803333992311508,0.785282544674802,0.845720073643104,1.06891180214717
0.084,1.02056361753058,0.940573595171555,0.961889240716943,0.708773954790157,0.800437361865062,0.759462500250444,0.809837627322709,0.791503043462026,0.851774540962527,1.07829552762523
0.086,1.02876670541315,0.94737472903845,0.9713688544877,0.712220792159009,0.807946760180105,0.76512003523901,0.816106845782436,0.797789488321453,0.857642280104371,1.0873729917559
0.088,1.03665784966278,0.953828850898026,0.980554825018635,0.718840473734127,0.815234040117254,0.770185980345687,0.822097148985683,0.803726867326907,0.863311802542589,1.09602124628437
0.09,1.04426350378284,0.960079021862421,0.989448295350068,0.723595328660442,0.822195967414681,0.775384503300793,0.827783014088904,0.809549877965268,0.868763809101895,1.10435085528222
0.092,1.0514532328218,0.965940242372623,0.997979483044805,0.729291947201271,0.828882194487942,0.780527717350666,0.833205231339021,0.815095102346503,0.874002922542108,1.11239102990937
0.094,1.05832856686763,0.971538490376635,1.00620457957193,0.734453212531174,0.835292258139295,0.785359036261847,0.838390421444786,0.820437166358145,0.879031214926356,1.12012233211379
0.096,1.06498022494607,0.976900597872367,1.01416193505707,0.739767544609278,0.841445905878541,0.790138244729691,0.843333054934285,0.825544658377714,0.883853294001047,1.12741645051712
0.098,1.07118965360504,0.981890158437856,1.02187837210026,0.744671169644699,0.847366063005427,0.794645301713937,0.847914948742977,0.830386117659125,0.888389160497265,1.13446834363632
0.1,1.07715876540505,0.986753372860302,1.02917727758483,0.749576944474462,0.852915329711382,0.798994666031569,0.85231715439802,0.835029529304118,0.892717238192403,1.14122029478725
0.102,1.08286128676073,0.991170237478558,1.03624546559851,0.754180964793003,0.858241780430449,0.803125382062138,0.856456771083895,0.839321789674184,0.896873383918447,1.1475586886272
0.104,1.08817901068969,0.99551873720477,1.04311320841484,0.758614734668183,0.863389828209881,0.807026376845919,0.860299006634435,0.843387404078194,0.900753228425844,1.15371986874893
0.106,1.09336561121843,0.999432220580113,1.04955567598229,0.762840559037812,0.868141150320133,0.810669431271825,0.864008826527767,0.847261391771619,0.904430552744041,1.15945492717997
0.108,1.0980797156458,1.00327439055893,1.05581675267679,0.766855821590279,0.872742992892815,0.814096691147722,0.867337471253399,0.850807478266853,0.907961013346463,1.16495991895412
0.11,1.10275062193014,1.00673705065952,1.06181737584154,0.770692681883982,0.877084247479807,0.817326375835842,0.870613930732535,0.85409376570504,0.9111746128808,1.1701810882353
0.112,1.10690805500696,1.01007090903772,1.0674988366499,0.774224987416842,0.881172027730643,0.820291339129281,0.873469336033172,0.857240551934965,0.914331765146627,1.17506603379805
0.114,1.11106249489718,1.01315246459138,1.07305444151402,0.777576488463278,0.885093046825939,0.823011165240623,0.87629829249556,0.859980193090928,0.917135485606887,1.17977704447687
0.116,1.11472417820943,1.0159933515125,1.07818924627378,0.780777701571841,0.888716431211116,0.825586703396219,0.878757093683388,0.86258637345346,0.919916361306121,1.18407933158992
0.118,1.11837203254152,1.01875321231275,1.0832151110269,0.783647531926459,0.89222223133419,0.827810431950098,0.881146307931177,0.864892838837445,0.922348453114666,1.18828471708259
0.12,1.12159116513733,1.02111326494801,1.08792895877759,0.786388214042612,0.895427889984805,0.829909338134552,0.883270781091222,0.867006968482522,0.924780544923211,1.19204874283266
0.122,1.12474175644924,1.02347331758328,1.09245689436949,0.78890670037688,0.898516799861583,0.831745062820899,0.885220938190802,0.86888976682198,0.926871302081016,1.19576038234012
0.124,1.12757574599643,1.02550647910301,1.09674664504491,0.791205360768631,0.901364841245223,0.833384562550999,0.887083954201416,0.870531251253124,0.928940863989219,1.19902669201668
0.126,1.13024713954713,1.02740881250438,1.10081225579346,0.793352104213903,0.904049640150727,0.834815116478015,0.888613235855997,0.871969808647407,0.930763262647355,1.20225633827524
0.128,1.13274436103508,1.02924143306764,1.10469721764967,0.795254955354299,0.906592568004304,0.8360485448496,0.890142517510577,0.873204220744948,0.932475058560234,1.20506926806854
0.13,1.13495500034789,1.03070951645094,1.10832890114996,0.797033061883264,0.908882076327428,0.837082620835684,0.891401316129363,0.874224398999086,0.934086028936308,1.20783471685114
0.132,1.13715880342803,1.03217759983424,1.11181173452506,0.798580486766003,0.911170860372097,0.837947234063825,0.892527154757864,0.875082489808469,0.935458041414341,1.21023305992946
0.134,1.13893227987682,1.03343773401308,1.11504650675512,0.799980249344186,0.913083974359352,0.838576540715311,0.893652993386365,0.875675942634589,0.936830053892374,1.21255190609287
0.136,1.14070575632561,1.03449961299643,1.11814763106562,0.801233550775997,0.914997088346606,0.839129620455658,0.894406249526048,0.876210738596996,0.937950828392777,1.21457489197182
0.138,1.14223961380683,1.03556149197979,1.12101198013479,0.802268503536606,0.91671832447741,0.839379443612834,0.895157283795093,0.876418786198002,0.938999346327482,1.21646901693019
0.14,1.14360012369838,1.03633467513796,1.12373873135147,0.803279194589887,0.918273415991054,0.839629266770011,0.895841314286722,0.876626833799008,0.940009100377134,1.21815061863505
0.142,1.14493208479304,1.03702326599272,1.12626557725722,0.80395370854676,0.919828507504698,0.839540347808019,0.896243835119441,0.876491725135741,0.940759557925499,1.21964130660321
0.144,1.14590720159861,1.03771185684748,1.12863852865979,0.804628222503633,0.921059819176637,0.839414841285612,0.89664635595216,0.876312747273241,0.941510015473864,1.22101374135012
0.146,1.14688231840418,1.03807063201809,1.13085340241853,0.805105223802499,0.922278790084179,0.839123362707263,0.896965622503153,0.87595607376577,0.942157813440145,1.22212518965709
0.148,1.14767685574916,1.03841398329313,1.13288321487495,0.805446320881694,0.923407574109937,0.838658457786417,0.897055792296636,0.875434500765635,0.942635916619759,1.22321725827533
0.15,1.14829333596061,1.03874222964718,1.13481264238882,0.805782111497791,0.924315462646498,0.838191994469411,0.89714596209012,0.874881427469195,0.943114019799373,1.22397072351581
0.152,1.14890981617206,1.0387681845505,1.13651956344695,0.805817424611865,0.92522335118306,0.837403721191689,0.897171076131665,0.874025130536831,0.943461398526307,1.22472418875629
0.154,1.14923856688496,1.03879413945382,1.13818796970003,0.805852737725938,0.925981164896347,0.836615447913966,0.896983046119848,0.873168833604467,0.943691377220695,1.22522816938766
0.156,1.14952413408962,1.03881104163271,1.13958396206042,0.805783554440296,0.926603326436582,0.835704489528592,0.896795016108032,0.872144901350914,0.943921355915083,1.2256487769234
0.158,1.14975751222197,1.03855658972486,1.14097995442081,0.805525075343096,0.927225487976817,0.834633591522131,0.896578497064757,0.871000757137526,0.944024655910093,1.22594608965409
0.16,1.14974013611277,1.03830213781701,1.14211456132285,0.805266596245896,0.92766971732944,0.83356269351567,0.89614577279448,0.869848875142235,0.944035325990124,1.22605881923217
0.162,1.14972276000358,1.03804768590915,1.14321791265448,0.804864721665731,0.928029959210534,0.832284540145196,0.895713048524202,0.868439855138829,0.944045996070155,1.22616873062681
0.164,1.14959091052793,1.03755644985662,1.14415044310158,0.804351092224506,0.928390201091628,0.83095680244105,0.895280324253924,0.867030835135422,0.94395255019231,1.22599399587605
0.166,1.14929615749878,1.03705203132548,1.14498020325157,0.803837462783281,0.928574377143077,0.829601110005473,0.894656632210778,0.865520302746828,0.943767898693284,1.22581926112529
0.168,1.14900140446962,1.03654761279433,1.14572594258611,0.803179154084406,0.928698606886567,0.828052759431658,0.894012166594684,0.863884364612501,0.943583247194258,1.22549520718215
0.17,1.14856009024895,1.03586597294341,1.14629741837629,0.802442013445337,0.928822836630056,0.826504408857842,0.89336770097859,0.862248426478173,0.94333050732073,1.22505854659345
0.172,1.14801573235239,1.03514216058777,1.14686889416648,0.801704872806267,0.928791087443834,0.824881423759079,0.892616714847443,0.860447133323528,0.942975857442385,1.22460281691282
0.174,1.14747137445583,1.03441834823213,1.14719889536531,0.800826623055975,0.928701268748432,0.823143389630372,0.891793154849137,0.858612935985271,0.94262120756404,1.22392597176052
0.176,1.14677014894177,1.03358193935356,1.14752733113561,0.7998815501761,0.92861145005303,0.821405355501665,0.890969594850832,0.85674539741712,0.942241442055243,1.22324912660822
0.178,1.14599984484504,1.03266799410882,1.14771543074697,0.798936477296225,0.928403261184008,0.819568723786506,0.89011640729123,0.854741062163566,0.941740472130425,1.22245410486562
0.18,1.14522954074831,1.03175404886409,1.14781519270694,0.797898696137589,0.928123852069823,0.817671189989939,0.889142621525036,0.852736726910011,0.941239502205607,1.22155783109525
0.182,1.14431181711284,1.03079197925186,1.14787657396829,0.796794114927418,0.927844442955637,0.815773656193371,0.888168835758842,0.850663037389701,0.94073853228079,1.22066155732488
0.184,1.14333933301976,1.02971074290702,1.14776288692288,0.795689533717248,0.927491385301778,0.813773916881002,0.887195049992647,0.848523783650235,0.940129787656515,1.21958149944528
0.186,1.14236684892668,1.02862950656217,1.14764919987747,0.794522680410833,0.927042123495472,0.811746948720936,0.886132534225931,0.846384529910769,0.939503381870339,1.21848904635269
0.188,1.1412736749218,1.02754827021732,1.1473977538256,0.793272162120026,0.926592861689166,0.80971998056087,0.885033681241978,0.844147233731881,0.938876976084163,1.21734758435398
0.19,1.14012347705392,1.02634813563406,1.14708337003259,0.792021643829218,0.92612070936947,0.807597856738471,0.883934828258025,0.841886938094353,0.938203641883964,1.21607635393847
0.192,1.13897327918604,1.02512929793192,1.1467445191882,0.790747676028305,0.925522779740151,0.805466852758602,0.882826148067959,0.839622783816456,0.937472950486303,1.21480512352296
0.194,1.13773719534072,1.02391046022978,1.14624415647636,0.789384901800239,0.924924850110831,0.803335848778733,0.881628618807469,0.837274701532378,0.936742259088642,1.21344928536002
0.196,1.13643015966286,1.02265368836898,1.14574379376451,0.788022127572173,0.924326920481512,0.801128879967406,0.880431089546979,0.834926619248301,0.93601156769098,1.21202070287246
0.198,1.13512312398501,1.02132032514621,1.14515571281485,0.786659353344107,0.923628300365056,0.798920325730046,0.879233560286489,0.83256442054373,0.935198406256484,1.2105921203849
0.2,1.13377244033128,1.01998696192345,1.14448299098808,0.785218223154724,0.922900276701867,0.796711771492685,0.878007816120397,0.830151270601131,0.934380938479567,1.20906337655641
0.202,1.13232989905076,1.01865359870068,1.14381026916131,0.783767676305665,0.922172253038679,0.794448875384685,0.876734052774748,0.827738120658532,0.93356347070265,1.20749587094089
0.204,1.13088735777024,1.01725498943689,1.14300689107611,0.782317129456606,0.921410849535697,0.792185194790492,0.875460289429098,0.825306756071095,0.932722232153088,1.20592836532537
0.206,1.12944481648973,1.01582792195113,1.14217454054711,0.780828664690875,0.920570046705825,0.789921514196299,0.874186526083449,0.822841033946283,0.931836294133975,1.2042618408753
0.208,1.12788760871011,1.01440085446537,1.14133553587382,0.77930615488137,0.919729243875953,0.787626619037113,0.872884121894189,0.820375311821471,0.930950356114861,1.20257364082295
0.21,1.12632918483379,1.01297378697961,1.14035479729207,0.777783645071865,0.918888441046081,0.785329124674989,0.871554869757213,0.817900200110484,0.930064418095748,1.2008854407706
0.212,1.12477076095747,1.01148148381915,1.13937405871032,0.776259594670948,0.917980779427821,0.783031630312865,0.870225617620237,0.815409064355786,0.929142702767112,1.19911252930607
0.214,1.12316089124664,1.0099825915184,1.138369406995,0.774694041554722,0.917044468606721,0.78072346187585,0.86889636548326,0.812917928601088,0.928200463590697,1.19732143118893
0.216,1.12150656957785,1.00848369921765,1.13725315284257,0.773128488438495,0.916108157785622,0.778412352972291,0.867547799359987,0.810424031527565,0.927258224414281,1.19553033307179
0.218,1.11985224790906,1.00698480691689,1.13613689869014,0.771562935322269,0.915171846964522,0.776101244068733,0.866181385056878,0.807923283035296,0.926315985237866,1.19367740626538
0.22,1.11819792624027,1.00543605831421,1.13499611432721,0.769981774478325,0.914155801745753,0.77379234421319,0.864814970753769,0.805422534543027,0.925341755393397,1.19180050300369
0.222,1.11646947761429,1.0038843719813,1.13376093659234,0.768382381586607,0.913138622739825,0.771485188197182,0.863448556450661,0.802922628125166,0.924358530091914,1.18992359974201
0.224,1.11473735321316,1.00233268564839,1.13252575885747,0.766782988694888,0.912121443733898,0.769178032181174,0.86207542369302,0.800429720209287,0.923375304790431,1.1880125420651
0.226,1.11300522881203,1.00078099931549,1.13127367943636,0.76518359580317,0.911095617556803,0.76687575525383,0.860689836958435,0.797936812293408,0.922392079488948,1.18606713967492
0.228,1.11125973179007,0.999205864816496,1.12992682986008,0.763576015988015,0.910012717166912,0.764589099635009,0.85930425022385,0.795443904377528,0.921387831268562,1.18412173728475
0.23,1.10946790484251,0.997624373626181,1.1285799802838,0.761965788285925,0.90892981677702,0.762302444016188,0.857918663489265,0.792973155061002,0.920377074756356,1.18216847143297
0.232,1.10767607789496,0.996042882435866,1.12723313070752,0.760355560583835,0.907846916387128,0.760015788397366,0.85653307675468,0.790507495265896,0.91936631824415,1.18016983787247
0.234,1.10588425094741,0.99446139124555,1.12579233204863,0.758745332881745,0.906757430220279,0.757757923362575,0.855143500536418,0.78804183547079,0.918355561731944,1.17817120431197
0.236,1.10407841679027,0.992873861032601,1.1243504677498,0.757136010716484,0.905621446944598,0.755507184275359,0.853753857721246,0.785593740314933,0.917334487041926,1.17617257075147
0.238,1.10224394549449,0.991279016255825,1.12290860345098,0.755526783881939,0.904485463668917,0.753256445188144,0.852364214906074,0.783169408672255,0.916306320079443,1.17415057817772
0.24,1.10040947419872,0.989684171479049,1.12140719946633,0.753917557047394,0.903349480393236,0.751017421248861,0.850974572090901,0.780745077029577,0.915278153116959,1.17211593930892
0.242,1.09857500290294,0.988089326702273,1.11988105531063,0.752308330212849,0.902213497117555,0.748816048954072,0.849589275584208,0.778320745386899,0.914249986154475,1.17008130044012
0.244,1.09673430539107,0.986494481925497,1.11835491115493,0.750712653579074,0.901040826306097,0.746614676659284,0.84821081303389,0.775945846905711,0.913220192536881,1.16804666157133
0.246,1.0948744674045,0.98490129888198,1.11680677878541,0.749118301139786,0.89986570332169,0.744413304364495,0.846832350483572,0.773574842499421,0.912184961741861,1.16599095818319
0.248,1.09301462941793,0.983308270485454,1.11520788209874,0.747523948700498,0.898690580337282,0.742244827497487,0.845453887933254,0.771203838093131,0.911149730946841,1.16393499045646
0.25,1.09115479143136,0.981715242088927,1.11360898541206,0.74592959626121,0.897515457352875,0.740106583837685,0.844075425382936,0.76885166121104,0.910114500151821,1.16187902272973
0.252,1.0892949534448,0.980122213692401,1.11201008872538,0.744355780158743,0.896325109881296,0.737968340177883,0.842709915297529,0.766549320974304,0.909079269356801,1.15982217684255
0.254,1.08742633174436,0.978530439875648,1.11036678454123,0.742790150671013,0.895122507482976,0.735830096518081,0.841355877566216,0.764246980737568,0.908046751018778,1.1577601270086
0.256,1.08555723748571,0.976958044738306,1.10870767163147,0.741224521183284,0.893919905084657,0.733739069533154,0.840001839834903,0.761944640500833,0.907015774869375,1.15569807717465
0.258,1.08368814322706,0.975385649600965,1.10704855872172,0.739658891695554,0.892717302686337,0.731674836800695,0.838647802103591,0.759676534714179,0.905984798719972,1.15363602734069
0.26,1.08181904896841,0.973813254463623,1.10538934230634,0.738106014521619,0.891514700288018,0.729610604068236,0.837293764372278,0.757453915963469,0.904953822570569,1.15157479022624
0.262,1.07995277434731,0.972240859326281,1.10368132576097,0.73657974596179,0.890297017075675,0.727546371335777,0.835953875763547,0.755231297212758,0.903922846421166,1.14952207099801
0.264,1.07809052943452,0.970668464188939,1.1019733092156,0.735053477401962,0.889078557533509,0.725529910800401,0.834637129218772,0.753008678462047,0.902901638873605,1.14746935176978
0.266,1.07622828452174,0.969127913583312,1.10026529267023,0.733527208842134,0.887860097991343,0.723551108223221,0.833320382673997,0.750820496388604,0.901882904525326,1.14541663254155
0.268,1.07436603960895,0.967593272999386,1.09855494009259,0.732000940282306,0.886641638449177,0.721572305646042,0.832003636129223,0.748691275285378,0.900864170177047,1.14336391331332
0.27,1.07250379469617,0.96605863241546,1.09681219010694,0.730508583286455,0.885422828642726,0.719593503068863,0.830686889584448,0.746562054182153,0.899845435828768,1.14132983385566
0.272,1.07065513228486,0.964523991831534,1.0950694401213,0.729031809635696,0.884200308825772,0.71763878298802,0.829370143039673,0.744432833078928,0.898826701480489,1.13930063093882
0.274,1.06881587375218,0.962989351247607,1.09332669013566,0.727555035984937,0.882977789008819,0.715755191393189,0.828096295423022,0.742309880187206,0.897821834883906,1.13727142802199
0.276,1.0669766152195,0.961467350655135,1.09158394015001,0.726078262334178,0.881755269191866,0.713871599798358,0.826828006214717,0.74028523319645,0.89682354074325,1.13524222510515
0.278,1.06513735668682,0.959984691070031,1.0898179662302,0.72460148868342,0.880532749374912,0.711988008203527,0.825559717006412,0.738260586205694,0.895825246602593,1.13322159947454
0.28,1.06329809815414,0.958502031484927,1.08805020019743,0.723169893924381,0.879310229557959,0.710104416608696,0.824291427798107,0.736235939214938,0.894826952461936,1.13123091582644
0.282,1.06147613257203,0.957019371899822,1.08628243416466,0.721752884121741,0.878093917082754,0.708292416026008,0.823023138589802,0.734211292224182,0.89382865832128,1.12924023217835
0.284,1.05967524644332,0.955536712314718,1.0845146681319,0.720335874319102,0.876878057593987,0.706512993331248,0.821754849381497,0.732242553683603,0.892836420314569,1.12724954853025
0.286,1.05787436031461,0.954054052729613,1.08274104703389,0.718918864516462,0.875662198105219,0.704733570636487,0.820544815824817,0.73033026757545,0.891867606899186,1.12525886488216
0.288,1.05607347418591,0.952583509176019,1.0809624474833,0.717501854713822,0.874446338616452,0.702954147941727,0.81933540737361,0.728417981467297,0.890898793483803,1.12328594797119
0.29,1.0542725880572,0.951169376633666,1.0791838479327,0.716117865751365,0.873230479127685,0.701174725246966,0.818125998922403,0.726505695359145,0.889929980068419,1.12134788161606
0.292,1.05247170192849,0.949755244091312,1.0774052483821,0.714770640601597,0.872022254820793,0.699486728865797,0.816916590471195,0.724593409250992,0.888961166653036,1.11940981526092
0.294,1.05072111845705,0.948341111548958,1.07562664883151,0.713423415451829,0.870823651169154,0.69781983898015,0.815707182019988,0.722756117470104,0.887992353237653,1.11747174890579
0.296,1.04897413518261,0.946926979006604,1.07384952186601,0.71207619030206,0.869625047517514,0.696152949094502,0.814497773568781,0.720968805727004,0.887035935955131,1.11553368255065
0.298,1.04722715190817,0.945512846464251,1.07207262954718,0.710728965152292,0.868426443865875,0.694486059208854,0.813329126724635,0.719181493983904,0.886103201403865,1.11360143318339
0.3,1.04548016863373,0.944098713921897,1.07029573722834,0.709381740002524,0.867227840214235,0.692819169323207,0.812189335087636,0.717394182240803,0.885170466852598,1.11173018006071
0.302,1.04373318535929,0.942729487767015,1.0685188449095,0.70809726810247,0.866029236562596,0.69122135837966,0.811049543450638,0.715606870497703,0.884237732301332,1.10985892693802
0.304,1.04198620208485,0.941398232707406,1.06674195259067,0.706826923862198,0.864846156763856,0.689674371086146,0.809909751813639,0.713863299955752,0.883304997750065,1.10798767381533
0.306,1.04030653424871,0.940066977647797,1.06497747777157,0.705556579621925,0.863675451702879,0.688127383792632,0.80876996017664,0.712207238672869,0.882372263198798,1.10611642069264
0.308,1.03862892563556,0.938735722588189,1.06321493231788,0.704286235381653,0.862504746641901,0.686580396499118,0.807630168539641,0.710551177389986,0.881440269050232,1.10424516756996
0.31,1.03695131702241,0.93740446752858,1.06145238686418,0.703015891141381,0.861334041580924,0.685033409205604,0.806490376902642,0.708895116107102,0.880551022953033,1.10240663875624
0.312,1.03527370840926,0.936073212468971,1.05968984141048,0.701745546901108,0.860163336519947,0.68348642191209,0.805396819281676,0.707239054824219,0.879661776855834,1.10061654023683
0.314,1.03359609979611,0.934741957409362,1.05792729595679,0.700533196136586,0.85899263145897,0.682054455348726,0.804335642364691,0.705582993541336,0.878772530758635,1.09882644171741
0.316,1.03191849118296,0.933434574552737,1.05617822731802,0.699347606016652,0.857829734873214,0.680634077069834,0.803274465447705,0.704013484127647,0.877883284661436,1.09703634319799
0.318,1.03028127200844,0.932200482133681,1.0544439289255,0.698162015896717,0.856697443375948,0.679213698790943,0.802213288530719,0.702496516670377,0.876994038564237,1.09524624467858
0.32,1.02868842435295,0.930966389714626,1.05270963053298,0.696976425776782,0.855565151878682,0.677793320512051,0.801152111613733,0.700979549213108,0.876104792467038,1.09345614615916
0.322,1.02709557669745,0.92973229729557,1.05097533214046,0.695790835656848,0.854432860381415,0.676372942233159,0.800090934696747,0.699462581755839,0.875222071170149,1.09168592413708
0.324,1.02550272904196,0.928498204876514,1.04924103374795,0.694605245536913,0.853300568884149,0.674952563954267,0.799029757779761,0.697945614298569,0.874383397991262,1.0899907999051
0.326,1.02390988138647,0.927264112457459,1.04750673535543,0.693419655416978,0.852168277386883,0.673627787240082,0.797968580862775,0.6964286468413,0.873544724812374,1.08829567567312
0.328,1.02231703373097,0.926030020038403,1.04579949391921,0.69232225433968,0.851035985889616,0.672339544913967,0.796983434257792,0.69495684246693,0.872706051633487,1.08660055144114
0.33,1.02072418607548,0.924795927619347,1.04410793185319,0.691229357847732,0.849918369479081,0.671051302587852,0.796009678041446,0.693588142215096,0.871867378454599,1.08490542720915
0.332,1.01916592837503,0.923573534853461,1.04241636978717,0.690136461355785,0.848834685137437,0.669763060261737,0.795035921825099,0.692219441963263,0.871028705275712,1.08321030297717
0.334,1.01767302115196,0.922450451811815,1.04072480772114,0.689043564863838,0.847751000795792,0.668474817935623,0.794062165608752,0.69085074171143,0.870190032096824,1.08151517874519
0.336,1.01618011392888,0.921327368770168,1.03903324565512,0.68795066837189,0.846667316454148,0.667186575609508,0.793088409392405,0.689482041459597,0.869351358917937,1.07986352245764
0.338,1.0146872067058,0.920204285728522,1.0373416835891,0.686857771879943,0.845583632112503,0.665898333283393,0.792114653176059,0.688113341207764,0.868546158444665,1.07827731743149
0.34,1.01319429948273,0.919081202686876,1.03566532554323,0.685764875387995,0.844499947770859,0.664733075610651,0.791140896959712,0.686744640955931,0.867764076992767,1.07669111240534
0.342,1.01170139225965,0.91795811964523,1.03403160376191,0.684721848517209,0.843416263429214,0.663582052419299,0.790167140743365,0.685423063674995,0.866981995540869,1.0751049073792
0.344,1.01020848503658,0.916835036603584,1.03239788198059,0.683728468666844,0.84233257908757,0.662431029227948,0.789216713925332,0.684207417278436,0.866199914088971,1.07351870235305
0.346,1.0087155778135,0.915711953561938,1.03076416019928,0.682735088816479,0.841292302881432,0.661280006036597,0.788338104698367,0.682991770881876,0.865417832637074,1.0719324973269
0.348,1.00727230761325,0.914588870520292,1.02913043841796,0.681741708966114,0.840267644203009,0.660128982845246,0.787459495471402,0.681776124485317,0.864635751185176,1.07034629230075
0.35,1.00589462920134,0.913465787478646,1.02749671663665,0.680748329115749,0.839242985524586,0.658977959653894,0.786580886244437,0.680560478088758,0.863853669733278,1.06876008727461
0.352,1.00451695078944,0.912457619639781,1.02586299485533,0.679754949265384,0.838218326846163,0.657826936462543,0.785702277017472,0.679344831692198,0.86307158828138,1.06727563249811
0.354,1.00313927237753,0.911457653839246,1.02425013173127,0.678761569415019,0.83719366816774,0.656712358836207,0.784823667790507,0.678129185295638,0.862305699169393,1.06581246914798
0.356,1.00176159396563,0.910457688038712,1.02268892517285,0.677768189564654,0.836169009489317,0.655702751624436,0.783945058563542,0.676913538899079,0.861586242432249,1.06434930579784
0.358,1.00038391555372,0.909457722238177,1.02112771861443,0.67679735248037,0.835144350810894,0.654693144412665,0.783066449336577,0.675777124513395,0.860866785695105,1.06288614244771
0.36,0.999006237141818,0.908457756437643,1.01956651205601,0.675908329127107,0.834119692132471,0.653683537200894,0.782187840109613,0.674718329124878,0.860147328957961,1.06142297909757
0.362,0.997628558729913,0.907457790637108,1.01800530549759,0.675019305773844,0.833119272010118,0.652673929989123,0.781309230882648,0.67365953373636,0.859427872220817,1.05995981574744
0.364,0.996250880318008,0.906457824836574,1.01644409893917,0.674130282420582,0.832164147313108,0.651664322777352,0.780477174210169,0.672600738347842,0.858708415483673,1.0584966523973
0.366,0.994942506030975,0.905457859036039,1.01488289238075,0.673241259067319,0.831209022616097,0.65065471556558,0.779701517803482,0.671541942959324,0.857988958746529,1.05703348904717
0.368,0.993695175325982,0.904457893235505,1.01332168582233,0.672352235714056,0.830253897919087,0.649645108353809,0.778925861396795,0.670483147570807,0.857269502009385,1.05561227077991
0.37,0.992447844620989,0.90345792743497,1.01180935853412,0.671463212360794,0.829298773222077,0.648635501142038,0.778150204990108,0.669424352182289,0.856550045272241,1.05428583847166
0.372,0.991200513915995,0.902508336888345,1.01033686943043,0.670574189007531,0.828343648525067,0.647710814992255,0.777374548583422,0.668365556793771,0.855830588535097,1.0529594061634
0.374,0.989953183211002,0.901644093965444,1.00886438032673,0.669685165654268,0.827388523828056,0.646845501210993,0.776598892176735,0.667306761405254,0.855174469674679,1.05163297385515
0.376,0.988705852506009,0.900779851042544,1.00739189122304,0.668796142301006,0.826433399131046,0.645980187429731,0.775823235770048,0.666351733296551,0.854523572546086,1.0503065415469
0.378,0.987458521801015,0.899915608119643,1.00591940211935,0.668001388521128,0.825478274434036,0.645114873648469,0.775047579363361,0.665452694138564,0.853872675417492,1.04898010923865
0.38,0.986211191096022,0.899051365196743,1.00444691301566,0.667221815646245,0.824523149737025,0.644249559867207,0.774271922956674,0.664553654980576,0.853221778288898,1.04765367693039
0.382,0.984963860391029,0.898187122273843,1.00297442391197,0.666442242771363,0.823643595808059,0.643384246085945,0.773496266549987,0.663654615822589,0.852570881160304,1.04632724462214
0.384,0.983716529686035,0.897322879350942,1.00150193480828,0.66566266989648,0.822768506033528,0.642518932304682,0.772720610143301,0.662755576664601,0.85191998403171,1.04500081231389
0.386,0.982523434815381,0.896458636428042,1.00002944570458,0.664883097021597,0.821893416258996,0.641653618523421,0.771960371420185,0.661856537506614,0.851269086903116,1.04367438000564
0.388,0.981421216829996,0.895594393505141,0.998644007363891,0.664103524146715,0.821018326484464,0.640788304742158,0.771293922696333,0.660957498348626,0.850618189774522,1.0424339038387
0.39,0.980318998844612,0.894730150582241,0.997278466944892,0.663323951271832,0.820143236709933,0.639922990960896,0.770627473972481,0.660058459190639,0.849967292645929,1.0412579543888
0.392,0.979216780859227,0.893865907659341,0.995912926525893,0.66254437839695,0.819268146935401,0.639139956238166,0.769961025248628,0.659159420032652,0.849316395517335,1.04008200493889
0.394,0.978114562873843,0.89300166473644,0.994547386106893,0.661764805522067,0.818393057160869,0.638420518777983,0.769294576524776,0.658260380874664,0.84869040825968,1.03890605548899
0.396,0.977012344888458,0.89213742181354,0.993181845687894,0.660985232647184,0.817517967386338,0.637701081317801,0.768628127800924,0.657420078741564,0.848113452177893,1.03773010603908
0.398,0.975910126903074,0.891408933380731,0.991816305268895,0.660215277927158,0.816642877611806,0.636981643857618,0.767961679077072,0.656682686238262,0.847536496096105,1.03655415658918
0.4,0.974807908917689,0.89069072731119,0.990450764849895,0.659549459033748,0.815767787837275,0.636262206397435,0.76729523035322,0.65594529373496,0.846959540014318,1.03537820713927
0.402,0.973705690932305,0.889972521241649,0.989085224430896,0.658883640140338,0.814915130978041,0.635542768937253,0.766628781629367,0.655207901231658,0.84638258393253,1.03420225768936
0.404,0.97260347294692,0.889254315172108,0.987719684011897,0.658217821246927,0.814130543419699,0.63482333147707,0.765962332905515,0.654470508728356,0.845805627850743,1.03302630823946
0.406,0.971501254961535,0.888536109102566,0.986354143592897,0.657552002353517,0.813345955861357,0.634103894016887,0.765295884181663,0.653733116225054,0.845228671768955,1.03185035878955
0.408,0.970399036976151,0.887817903033025,0.985089274481717,0.656886183460107,0.812561368303015,0.633384456556705,0.764629435457811,0.652995723721752,0.844651715687168,1.03067440933965
0.41,0.96938434507855,0.887099696963484,0.983849303053279,0.656220364566697,0.811776780744674,0.632665019096522,0.763962986733959,0.65225833121845,0.844074759605381,1.02953470309514
0.412,0.968441489906711,0.886381490893943,0.982609331624841,0.655554545673287,0.810992193186332,0.63194558163634,0.763296538010106,0.651520938715148,0.843497803523593,1.02852271562473
0.414,0.967498634734873,0.885663284824401,0.981369360196402,0.654888726779877,0.81020760562799,0.631226144176157,0.762726817389406,0.650783546211846,0.842920847441806,1.02751072815431
0.416,0.966555779563035,0.88494507875486,0.980129388767964,0.654222907886467,0.809423018069648,0.630605696516591,0.762174329447332,0.650046153708544,0.842343891360018,1.0264987406839
0.418,0.965612924391196,0.884226872685319,0.978889417339526,0.653557088993056,0.808638430511307,0.630032183667475,0.761621841505259,0.649308761205242,0.841778498237161,1.02548675321348
0.42,0.964670069219358,0.883508666615778,0.977649445911088,0.652891270099646,0.807853842952965,0.629458670818359,0.761069353563185,0.64857578204425,0.841279851831307,1.02447476574307
0.422,0.963727214047519,0.882790460546236,0.976409474482649,0.652225451206236,0.807069255394623,0.628885157969244,0.760516865621112,0.648000550891986,0.840781205425453,1.02346277827265
0.424,0.962784358875681,0.882072254476695,0.975169503054211,0.651610725204376,0.806284667836281,0.628311645120128,0.759964377679038,0.647425319739722,0.840282559019599,1.02245079080224
0.426,0.961841503703843,0.881354048407154,0.973929531625773,0.651061197679954,0.80550008027794,0.627738132271013,0.759411889736965,0.646850088587457,0.839783912613745,1.02143880333182
0.428,0.960898648532004,0.880770040347304,0.972689560197335,0.650511670155532,0.804802105646731,0.627164619421897,0.758859401794891,0.646274857435193,0.83928526620789,1.02042681586141
0.43,0.959955793360166,0.880206260164187,0.971468714700845,0.64996214263111,0.804118409096904,0.626591106572781,0.758306913852818,0.645699626282928,0.838786619802036,1.01941482839099
0.432,0.959012938188328,0.87964247998107,0.970374425193009,0.649412615106688,0.803434712547076,0.626017593723666,0.757754425910744,0.645124395130664,0.838287973396182,1.01840284092058
0.434,0.958070083016489,0.879078699797953,0.969280135685174,0.648863087582265,0.802751015997249,0.62544408087455,0.757201937968671,0.644549163978399,0.837789326990328,1.01739085345016
0.436,0.957127227844651,0.878514919614836,0.968185846177338,0.648313560057843,0.802067319447421,0.624870568025435,0.756649450026597,0.643973932826135,0.837290680584474,1.01637886597975
0.438,0.956257488617332,0.877951139431719,0.967091556669503,0.647764032533421,0.801383622897593,0.624297055176319,0.756096962084524,0.64339870167387,0.83679203417862,1.01548508798055
0.44,0.955487115192609,0.877387359248603,0.965997267161667,0.647214505008999,0.800699926347766,0.623723542327204,0.75554447414245,0.642823470521606,0.836293387772766,1.01464950454627
0.442,0.954716741767885,0.876823579065486,0.964902977653832,0.646664977484577,0.800016229797938,0.623150029478088,0.754991986200377,0.642248239369341,0.835794741366911,1.01381392111198
0.444,0.953946368343162,0.876259798882369,0.963808688145996,0.646115449960155,0.79933253324811,0.622593903333901,0.754439498258303,0.641673008217077,0.835296094961057,1.0129783376777
0.446,0.953175994918439,0.875696018699252,0.962714398638161,0.645565922435733,0.798648836698283,0.622163911984954,0.753972456487944,0.641097777064813,0.834797448555203,1.01214275424342
0.448,0.952405621493716,0.875132238516135,0.961620109130325,0.645016394911311,0.797965140148455,0.621733920636008,0.753537706205243,0.640522545912548,0.834360379787032,1.01130717080913
0.45,0.951635248068993,0.874568458333018,0.96052581962249,0.644466867386889,0.797281443598628,0.621303929287061,0.753102955922542,0.639947314760284,0.833944926816952,1.01047158737485
0.452,0.950864874644269,0.874004678149901,0.959431530114654,0.643917339862467,0.7965977470488,0.620873937938115,0.752668205639841,0.639465288229037,0.833529473846872,1.00963600394057
0.454,0.950094501219546,0.873440897966784,0.958337240606819,0.643387473636759,0.795914050498973,0.620443946589168,0.75223345535714,0.639050412650434,0.833114020876792,1.00880042050628
0.456,0.949324127794823,0.872877117783667,0.957242951098983,0.642955868031433,0.795248877198461,0.620013955240221,0.751798705074439,0.638635537071831,0.832698567906712,1.007964837072
0.458,0.9485537543701,0.87231333760055,0.956177005769068,0.642524262426108,0.794676070897191,0.619583963891274,0.751363954791738,0.638220661493228,0.832283114936632,1.00712925363772
0.46,0.947783380945377,0.871749557417433,0.955249628504317,0.642092656820783,0.794103264595921,0.619153972542328,0.750929204509037,0.637805785914625,0.831867661966552,1.00629367020343
0.462,0.947013007520654,0.871185777234316,0.954322251239565,0.641661051215457,0.793530458294651,0.618723981193381,0.750494454226336,0.637390910336022,0.831452208996472,1.00545808676915
0.464,0.94624263409593,0.870621997051199,0.953394873974813,0.641229445610132,0.792957651993381,0.618293989844434,0.750059703943635,0.636976034757419,0.831036756026392,1.00462250333487
0.466,0.945472260671207,0.870178044261638,0.952467496710062,0.640797840004807,0.792384845692111,0.617863998495488,0.749624953660934,0.636561159178816,0.830621303056312,1.00378691990058
0.468,0.944701887246484,0.869771846436433,0.95154011944531,0.640366234399481,0.791812039390841,0.617434007146541,0.749190203378233,0.636146283600213,0.830205850086232,1.0029513364663
0.47,0.943931513821761,0.869365648611227,0.950612742180559,0.639934628794156,0.791239233089571,0.617004015797594,0.748755453095532,0.635731408021609,0.829790397116152,1.00211575303202
0.472,0.943161140397038,0.868959450786021,0.949685364915807,0.639503023188831,0.790666426788301,0.616574024448648,0.748320702812831,0.635316532443006,0.829374944146072,1.00145736007202
0.474,0.94256405032732,0.868553252960815,0.948757987651055,0.639071417583505,0.790093620487031,0.616144033099701,0.74788595253013,0.634901656864403,0.828959491175992,1.00080917924049
0.476,0.941977120892115,0.868147055135609,0.947830610386303,0.63863981197818,0.789520814185761,0.615714041750755,0.747451202247429,0.6344867812858,0.828544038205912,1.00016099840895
0.478,0.94139019145691,0.867740857310403,0.946903233121552,0.638208206372855,0.788948007884492,0.615284050401808,0.747016451964728,0.634071905707197,0.828128585235832,0.99951281757742
0.48,0.940803262021705,0.867334659485197,0.9459758558568,0.63777660076753,0.788375201583222,0.614854059052861,0.746581701682027,0.633657030128594,0.827713132265753,0.998864636745888
0.482,0.9402163325865,0.866928461659992,0.945048478592049,0.637344995162204,0.787802395281952,0.614487027257367,0.746146951399326,0.633242154549991,0.827313938627301,0.998216455914355
0.484,0.939629403151296,0.866522263834786,0.944121101327297,0.636913389556879,0.787229588980682,0.614193255339508,0.745712201116625,0.632827278971388,0.826984921475048,0.997568275082822
0.486,0.939042473716091,0.86611606600958,0.943193724062545,0.636481783951554,0.786656782679412,0.613899483421648,0.74531689237871,0.632412403392785,0.826655904322795,0.99692009425129
0.488,0.938455544280886,0.865709868184374,0.942266346797794,0.636050178346228,0.786083976378142,0.613605711503789,0.744996697860226,0.631997527814182,0.826326887170542,0.996271913419757
0.49,0.937868614845681,0.865303670359168,0.941338969533042,0.635618572740903,0.785511170076872,0.613311939585929,0.744676503341742,0.631582652235579,0.825997870018289,0.995623732588224
0.492,0.937281685410476,0.864897472533962,0.94041159226829,0.635186967135578,0.784963712315573,0.61301816766807,0.744356308823258,0.631187559852515,0.825668852866036,0.994975551756691
0.494,0.936694755975271,0.864491274708757,0.939651407095875,0.634865207029547,0.784510645595005,0.612724395750211,0.744036114304774,0.630915746675483,0.825339835713783,0.994327370925159
0.496,0.936107826540066,0.864085076883551,0.938913412727225,0.634549875444922,0.784057578874437,0.612430623832351,0.74371591978629,0.630643933498451,0.82501081856153,0.993679190093626
0.498,0.935520897104861,0.863678879058345,0.938175418358576,0.634234543860297,0.78360451215387,0.612136851914492,0.743395725267806,0.63037212032142,0.824681801409277,0.993031009262093
0.5,0.934933967669656,0.863272681233139,0.937437423989926,0.633919212275672,0.783151445433302,0.611843079996632,0.743075530749322,0.630100307144388,0.824352784257024,0.992382828430561
0.502,0.934347038234451,0.862866483407933,0.936699429621277,0.633603880691047,0.782698378712734,0.611549308078773,0.742755336230838,0.629828493967357,0.824023767104771,0.991734647599028
0.504,0.933760108799246,0.862460285582727,0.935961435252627,0.633288549106422,0.782245311992166,0.611255536160913,0.742435141712354,0.629556680790325,0.823694749952518,0.991086466767495
0.506,0.933173179364041,0.862054087757521,0.935223440883977,0.632973217521797,0.781792245271599,0.610961764243054,0.74211494719387,0.629284867613293,0.823365732800265,0.990438285935963
0.508,0.932586249928836,0.861647889932315,0.934485446515328,0.632657885937172,0.781339178551031,0.610667992325195,0.741794752675386,0.629013054436262,0.823036715648012,0.98979010510443
0.51,0.931999320493631,0.86124169210711,0.933747452146678,0.632342554352546,0.780886111830463,0.610374220407335,0.741474558156902,0.62874124125923,0.822707698495759,0.989141924272897
0.512,0.931412391058426,0.860835494281904,0.933009457778029,0.632027222767921,0.780433045109895,0.610080448489476,0.741154363638418,0.628469428082199,0.822378681343506,0.988493743441365
0.514,0.930825461623221,0.860429296456698,0.932271463409379,0.631711891183296,0.779979978389327,0.609786676571616,0.740834169119934,0.628197614905167,0.822049664191253,0.987891833823379
0.516,0.930238532188016,0.860123842162365,0.931533469040729,0.631396559598671,0.77952691166876,0.609492904653757,0.74051397460145,0.627925801728135,0.821720647039,0.987423623369911
0.518,0.92967718263981,0.859850129928876,0.93079547467208,0.631081228014046,0.779073844948192,0.609199132735897,0.740193780082966,0.627653988551104,0.821391629886747,0.986955412916443
0.52,0.929261278855681,0.859576417695387,0.93005748030343,0.630765896429421,0.778620778227624,0.608905360818038,0.739873585564482,0.627382175374072,0.821062612734494,0.986487202462975
0.522,0.928845375071552,0.859302705461898,0.929319485934781,0.630450564844796,0.778167711507056,0.608611588900179,0.739553391045997,0.62711036219704,0.820733595582241,0.986018992009508
0.524,0.928429471287423,0.859028993228409,0.928581491566131,0.630135233260171,0.777714644786488,0.608317816982319,0.739233196527514,0.626838549020009,0.820404578429988,0.98555078155604
0.526,0.928013567503294,0.85875528099492,0.927843497197481,0.629819901675545,0.777261578065921,0.60802404506446,0.73891300200903,0.626566735842977,0.820085743033813,0.985082571102572
0.528,0.927597663719165,0.858481568761432,0.927105502828832,0.62950457009092,0.776808511345353,0.6077302731466,0.738592807490545,0.626294922665945,0.819838739068268,0.984614360649104
0.53,0.927181759935036,0.858207856527943,0.926367508460182,0.629189238506295,0.776355444624785,0.607436501228741,0.738272612972061,0.626023109488914,0.819591735102724,0.984146150195637
0.532,0.926765856150907,0.857934144294454,0.925629514091533,0.62887390692167,0.775902377904217,0.607191967438985,0.737952418453578,0.625751296311882,0.81934473113718,0.983677939742169
0.534,0.926349952366778,0.857660432060965,0.924891519722883,0.628558575337045,0.775449311183649,0.607004727245546,0.737632223935093,0.62547948313485,0.819097727171636,0.983209729288701
0.536,0.925934048582649,0.857386719827476,0.924153525354234,0.62824324375242,0.774996244463081,0.606817487052107,0.737344358900068,0.625207669957819,0.818850723206091,0.982741518835234
0.538,0.92551814479852,0.857113007593987,0.923476438499636,0.627927912167795,0.774578182570646,0.606630246858669,0.737118063560849,0.624935856780787,0.818603719240547,0.982273308381766
0.54,0.925102241014391,0.856839295360498,0.922928585507393,0.627612580583169,0.774240184618425,0.60644300666523,0.73689176822163,0.624664043603756,0.818356715275003,0.981805097928298
0.542,0.924686337230262,0.85656558312701,0.92238073251515,0.627297248998544,0.773902186666204,0.606255766471791,0.736665472882411,0.624406515041182,0.818109711309459,0.98133688747483
0.544,0.924270433446133,0.856291870893521,0.921832879522907,0.627073197758412,0.773564188713982,0.606068526278352,0.736439177543192,0.624238001214647,0.817862707343915,0.980868677021363
0.546,0.923854529662004,0.856018158660032,0.921285026530664,0.626854488545511,0.773226190761761,0.605881286084914,0.736212882203973,0.624069487388111,0.81761570337837,0.980400466567895
0.548,0.923438625877875,0.855744446426543,0.920737173538421,0.62663577933261,0.77288819280954,0.605694045891475,0.735986586864754,0.623900973561575,0.817368699412826,0.979932256114427
0.55,0.923022722093745,0.855470734193054,0.920189320546178,0.626417070119709,0.772550194857319,0.605506805698036,0.735760291525535,0.62373245973504,0.817121695447282,0.979464045660959
0.552,0.922606818309616,0.855197021959565,0.919641467553935,0.626198360906808,0.772212196905098,0.605319565504597,0.735533996186315,0.623563945908504,0.816874691481738,0.978995835207492
0.554,0.922190914525487,0.854923309726076,0.919093614561692,0.625979651693907,0.771874198952877,0.605132325311159,0.735307700847097,0.623395432081968,0.816627687516194,0.978527624754024
0.556,0.921775010741358,0.854649597492587,0.918545761569449,0.625760942481006,0.771536201000656,0.60494508511772,0.735081405507877,0.623226918255433,0.816380683550649,0.978059414300556
0.558,0.921359106957229,0.854375885259099,0.917997908577206,0.625542233268105,0.771198203048435,0.604757844924281,0.734855110168658,0.623058404428897,0.816133679585105,0.977591203847088
0.56,0.9209432031731,0.85410217302561,0.917450055584963,0.625323524055204,0.770860205096213,0.604570604730842,0.734628814829439,0.622889890602361,0.815886675619561,0.977122993393621
0.562,0.920527299388971,0.853828460792121,0.91690220259272,0.625104814842303,0.770522207143992,0.604383364537403,0.73440251949022,0.622721376775826,0.815639671654017,0.976654782940153
0.564,0.920111395604842,0.853554748558632,0.916354349600477,0.624886105629402,0.770184209191771,0.604196124343965,0.734176224151001,0.62255286294929,0.815392667688473,0.976223353972065
0.566,0.919695491820713,0.853350381538531,0.915806496608234,0.6246673964165,0.76984621123955,0.604008884150526,0.733949928811782,0.622384349122754,0.815145663722928,0.975898203908031
0.568,0.91929916210423,0.85316786366312,0.915258643615991,0.624448687203599,0.769508213287329,0.603821643957087,0.733723633472563,0.622215835296219,0.814898659757384,0.975573053843997
0.57,0.919014129408919,0.852985345787708,0.914710790623748,0.624229977990698,0.769170215335108,0.603634403763649,0.733497338133344,0.622047321469683,0.81465165579184,0.975247903779964
0.572,0.918729096713607,0.852802827912297,0.914162937631505,0.624011268777797,0.768832217382886,0.60344716357021,0.733271042794125,0.621878807643148,0.814404651826296,0.97492275371593
0.574,0.918444064018296,0.852620310036886,0.913615084639262,0.623792559564896,0.768494219430665,0.603259923376771,0.733044747454906,0.621710293816612,0.814157647860752,0.974597603651896
0.576,0.918159031322985,0.852437792161475,0.913067231647019,0.623573850351995,0.768156221478444,0.603072683183332,0.732818452115687,0.621541779990076,0.813918872452982,0.974272453587862
0.578,0.917873998627673,0.852255274286063,0.912519378654776,0.623355141139094,0.767818223526223,0.602885442989894,0.732592156776468,0.62137326616354,0.813738148826504,0.973947303523828
0.58,0.917588965932362,0.852072756410652,0.911971525662533,0.623136431926193,0.767480225574002,0.602698202796455,0.732365861437249,0.621204752337005,0.813557425200027,0.973622153459795
0.582,0.917303933237051,0.851890238535241,0.91142367267029,0.622917722713292,0.767142227621781,0.602542169826633,0.73213956609803,0.621036238510469,0.813376701573549,0.973297003395761
0.584,0.917018900541739,0.851707720659829,0.910875819678047,0.622699013500391,0.76680422966956,0.60242244965222,0.731913270758811,0.620867724683934,0.813195977947072,0.972971853331727
0.586,0.916733867846428,0.851525202784418,0.910327966685805,0.62248030428749,0.766466231717338,0.602302729477808,0.731709925087449,0.620699210857398,0.813015254320594,0.972646703267693
0.588,0.916448835151117,0.851342684909007,0.909830376660311,0.622261595074588,0.766156337380549,0.602183009303395,0.731550285776896,0.620530697030862,0.812834530694117,0.972321553203659
0.59,0.916163802455805,0.851160167033596,0.909439434844445,0.622042885861687,0.765910722353382,0.602063289128982,0.731390646466344,0.620362183204327,0.812653807067639,0.971996403139626
0.592,0.915878769760494,0.850977649158184,0.909048493028579,0.621824176648786,0.765665107326214,0.601943568954569,0.731231007155792,0.620202558643667,0.812473083441162,0.971671253075592
0.594,0.915593737065183,0.850795131282773,0.908657551212713,0.621668521948026,0.765419492299046,0.601823848780156,0.73107136784524,0.620098327643533,0.812292359814684,0.971346103011558
0.596,0.915308704369871,0.850612613407362,0.908266609396847,0.621516557405566,0.765173877271879,0.601704128605743,0.730911728534687,0.619994096643398,0.812111636188207,0.971020952947524
0.598,0.91502367167456,0.85043009553195,0.907875667580981,0.621364592863106,0.764928262244711,0.60158440843133,0.730752089224135,0.619889865643264,0.811930912561729,0.97069580288349
0.6,0.914738638979249,0.850247577656539,0.907484725765115,0.621212628320646,0.764682647217544,0.601464688256917,0.730592449913583,0.619785634643129,0.811750188935252,0.970370652819457
0.602,0.914453606283937,0.850065059781128,0.907093783949249,0.621060663778186,0.764437032190376,0.601344968082504,0.73043281060303,0.619681403642994,0.811569465308774,0.970045502755423
0.604,0.914168573588626,0.849882541905717,0.906702842133383,0.620908699235727,0.764191417163208,0.601225247908091,0.730273171292478,0.619577172642859,0.811388741682297,0.969720352691389
0.606,0.913883540893315,0.849700024030305,0.906311900317517,0.620756734693267,0.763945802136041,0.601105527733678,0.730113531981926,0.619472941642725,0.811208018055819,0.969395202627355
0.608,0.913598508198003,0.849517506154894,0.905920958501651,0.620604770150807,0.763700187108873,0.600985807559265,0.729953892671373,0.61936871064259,0.811027294429342,0.969070052563322
0.61,0.913313475502692,0.849334988279483,0.905530016685785,0.620452805608347,0.763454572081705,0.600866087384853,0.729794253360821,0.619264479642456,0.810846570802864,0.968744902499288
0.612,0.913028442807381,0.849152470404071,0.905139074869919,0.620300841065887,0.763208957054538,0.60074636721044,0.729634614050269,0.619160248642321,0.810665847176387,0.968419752435254
0.614,0.912743410112069,0.84896995252866,0.904748133054053,0.620148876523427,0.76296334202737,0.600626647036027,0.729474974739716,0.619056017642186,0.81048512354991,0.968120858548369
0.616,0.912458377416758,0.848834508987009,0.904357191238187,0.619996911980967,0.762717727000202,0.600506926861614,0.729315335429164,0.618951786642052,0.810304399923432,0.967897831030206
0.618,0.912187171067842,0.848713897527909,0.903966249422321,0.619844947438507,0.762472111973035,0.600387206687201,0.729155696118612,0.618847555641917,0.810123676296955,0.967674803512044
0.62,0.911994580528138,0.848593286068809,0.903575307606455,0.619692982896047,0.762226496945867,0.600267486512788,0.72899605680806,0.618743324641782,0.809942952670477,0.967451775993882
0.622,0.911801989988435,0.848472674609708,0.903184365790589,0.619541018353587,0.7619808819187,0.600147766338375,0.728836417497507,0.618639093641648,0.809762229044,0.967228748475719
0.624,0.911609399448731,0.848352063150608,0.902793423974724,0.619389053811128,0.761735266891532,0.600028046163962,0.728676778186955,0.618534862641513,0.809581505417522,0.967005720957557
0.626,0.911416808909027,0.848231451691508,0.902402482158857,0.619237089268668,0.761489651864364,0.599908325989549,0.728517138876403,0.618430631641378,0.809406852867346,0.966782693439394
0.628,0.911224218369323,0.848110840232408,0.902011540342992,0.619085124726208,0.761244036837197,0.599788605815136,0.72835749956585,0.618326400641244,0.809275031248586,0.966559665921232
0.63,0.91103162782962,0.847990228773308,0.901620598527126,0.618933160183748,0.760998421810029,0.599668885640723,0.728197860255298,0.618222169641109,0.809143209629825,0.966336638403069
0.632,0.910839037289916,0.847869617314208,0.90122965671126,0.618781195641288,0.760752806782861,0.599569099853322,0.728038220944746,0.618117938640975,0.809011388011065,0.966113610884907
0.634,0.910646446750212,0.847749005855108,0.900838714895394,0.618629231098828,0.760507191755694,0.599492509763367,0.727878581634193,0.61801370764084,0.808879566392304,0.965890583366745
0.636,0.910453856210508,0.847628394396008,0.900447773079528,0.618477266556368,0.760261576728526,0.599415919673412,0.727735233463862,0.617909476640705,0.808747744773544,0.965667555848582
0.638,0.910261265670804,0.847507782936907,0.900094803889279,0.618325302013908,0.760036961104709,0.599339329583457,0.727622910860301,0.61780524564057,0.808615923154783,0.96544452833042
0.64,0.910068675131101,0.847387171477807,0.8998224052025,0.618173337471448,0.759860375854533,0.599262739493501,0.727510588256741,0.617701014640436,0.808484101536022,0.965221500812258
0.642,0.909876084591397,0.847266560018707,0.899550006515722,0.618021372928989,0.759683790604357,0.599186149403546,0.727398265653181,0.617602293837216,0.808352279917262,0.964998473294095
0.644,0.909683494051693,0.847145948559607,0.899277607828943,0.617913377796814,0.759507205354181,0.599109559313591,0.72728594304962,0.617537909888191,0.808220458298501,0.964775445775933
0.646,0.909490903511989,0.847025337100507,0.899005209142165,0.617807955899748,0.759330620104005,0.599032969223636,0.72717362044606,0.617473525939167,0.808088636679741,0.96455241825777
0.648,0.909298312972285,0.846904725641407,0.898732810455386,0.617702534002682,0.759154034853829,0.59895637913368,0.727061297842499,0.617409141990142,0.80795681506098,0.964329390739608
0.65,0.909105722432582,0.846784114182307,0.898460411768607,0.617597112105615,0.758977449603653,0.598879789043725,0.726948975238939,0.617344758041118,0.807824993442219,0.964106363221446
0.652,0.908913131892878,0.846663502723206,0.898188013081829,0.617491690208549,0.758800864353477,0.59880319895377,0.726836652635378,0.617280374092093,0.807693171823459,0.963883335703283
0.654,0.908720541353174,0.846542891264106,0.89791561439505,0.617386268311482,0.758624279103301,0.598726608863815,0.726724330031818,0.617215990143068,0.807561350204698,0.963660308185121
0.656,0.90852795081347,0.846422279805006,0.897643215708272,0.617280846414416,0.758447693853125,0.598650018773859,0.726612007428258,0.617151606194044,0.807429528585938,0.963437280666958
0.658,0.908335360273766,0.846301668345906,0.897370817021493,0.617175424517349,0.758271108602949,0.598573428683904,0.726499684824697,0.617087222245019,0.807297706967177,0.963214253148796
0.66,0.908142769734062,0.846181056886806,0.897098418334715,0.617070002620283,0.758094523352773,0.598496838593949,0.726387362221137,0.617022838295995,0.807165885348417,0.962991225630634
0.662,0.907950179194359,0.846060445427706,0.896826019647936,0.616964580723216,0.757917938102597,0.598420248503994,0.726275039617576,0.61695845434697,0.807034063729656,0.962768198112471
0.664,0.907757588654655,0.845939833968606,0.896553620961158,0.61685915882615,0.757741352852421,0.598343658414039,0.726162717014016,0.616894070397946,0.806902242110895,0.962563661611199
0.666,0.907564998114951,0.84585077862457,0.896281222274379,0.616753736929083,0.757564767602245,0.598267068324083,0.726050394410455,0.616829686448921,0.806770420492135,0.962412554300989
0.668,0.90738199183119,0.845771665915219,0.896008823587601,0.616648315032017,0.757388182352069,0.598190478234128,0.725938071806895,0.616765302499896,0.806638598873374,0.962261446990779
0.67,0.907253481074671,0.845692553205868,0.895736424900822,0.61654289313495,0.757211597101892,0.598113888144173,0.725825749203335,0.616700918550872,0.806506777254614,0.962110339680569
0.672,0.907124970318151,0.845613440496517,0.895464026214044,0.616437471237884,0.757035011851716,0.598037298054218,0.725713426599774,0.616636534601847,0.806374955635853,0.961959232370358
0.674,0.906996459561632,0.845534327787166,0.895191627527265,0.616332049340818,0.75685842660154,0.597960707964262,0.725601103996214,0.616572150652823,0.806243134017093,0.961808125060148
0.676,0.906867948805112,0.845455215077815,0.894919228840486,0.616226627443751,0.756681841351364,0.597884117874307,0.725488781392653,0.616507766703798,0.806115778433502,0.961657017749938
0.678,0.906739438048593,0.845376102368464,0.894646830153708,0.616121205546685,0.756505256101188,0.597807527784352,0.725376458789093,0.616443382754774,0.806019930351476,0.961505910439728
0.68,0.906610927292073,0.845296989659113,0.894374431466929,0.616015783649618,0.756328670851012,0.597730937694397,0.725264136185533,0.616378998805749,0.805924082269449,0.961354803129518
0.682,0.906482416535554,0.845217876949763,0.894102032780151,0.615910361752552,0.756152085600836,0.597667101793454,0.725151813581972,0.616314614856724,0.805828234187423,0.961203695819308
0.684,0.906353905779034,0.845138764240412,0.893829634093372,0.615804939855485,0.75597550035066,0.597618106695459,0.725039490978412,0.6162502309077,0.805732386105396,0.961052588509098
0.686,0.906225395022515,0.845059651531061,0.893557235406594,0.615699517958419,0.755798915100484,0.597569111597463,0.724938679548095,0.616185846958675,0.80563653802337,0.960901481198888
0.688,0.906096884265995,0.84498053882171,0.893312742335424,0.615594096061352,0.755637772405993,0.597520116499467,0.724859790504379,0.616121463009651,0.805540689941343,0.960750373888678
0.69,0.905968373509476,0.844901426112359,0.893127459536463,0.615488674164286,0.755511950320716,0.597471121401472,0.724780901460662,0.616057079060626,0.805444841859317,0.960599266578468
0.692,0.905839862752956,0.844822313403008,0.892942176737502,0.615383252267219,0.755386128235439,0.597422126303476,0.724702012416946,0.615996111535683,0.80534899377729,0.960448159268257
0.694,0.905711351996437,0.844743200693657,0.892756893938541,0.615308411523349,0.755260306150163,0.597373131205481,0.72462312337323,0.615956433495919,0.805253145695264,0.960297051958047
0.696,0.905582841239918,0.844664087984307,0.89257161113958,0.615235360489565,0.755134484064886,0.597324136107485,0.724544234329514,0.615916755456155,0.805157297613237,0.960145944647837
0.698,0.905454330483398,0.844584975274956,0.892386328340619,0.61516230945578,0.755008661979609,0.597275141009489,0.724465345285797,0.61587707741639,0.805061449531211,0.959994837337627
0.7,0.905325819726879,0.844505862565605,0.892201045541658,0.615089258421995,0.754882839894333,0.597226145911494,0.724386456242081,0.615837399376626,0.804965601449184,0.959843730027417
0.702,0.905197308970359,0.844426749856254,0.892015762742697,0.615016207388211,0.754757017809056,0.597177150813498,0.724307567198365,0.615797721336862,0.804869753367157,0.959692622717207
0.704,0.905068798213839,0.844347637146903,0.891830479943736,0.614943156354426,0.754631195723779,0.597128155715502,0.724228678154648,0.615758043297098,0.804773905285131,0.959541515406997
0.706,0.90494028745732,0.844268524437552,0.891645197144775,0.614870105320642,0.754505373638503,0.597079160617507,0.724149789110932,0.615718365257334,0.804678057203104,0.959390408096787
0.708,0.904811776700801,0.844189411728201,0.891459914345814,0.614797054286857,0.754379551553226,0.597030165519511,0.724070900067216,0.61567868721757,0.804582209121078,0.959239300786577
0.71,0.904683265944281,0.84411029901885,0.891274631546853,0.614724003253072,0.754253729467949,0.596981170421516,0.7239920110235,0.615639009177806,0.804486361039051,0.959088193476367
0.712,0.904554755187762,0.8440311863095,0.891089348747892,0.614650952219288,0.754127907382673,0.59693217532352,0.723913121979783,0.615599331138042,0.804390512957025,0.958937086166156
0.714,0.904426244431242,0.843952073600149,0.890904065948931,0.614577901185503,0.754002085297396,0.596883180225524,0.723834232936067,0.615559653098278,0.804294664874998,0.958798815617678
0.716,0.904297733674723,0.843893909399369,0.89071878314997,0.614504850151718,0.753876263212119,0.596834185127529,0.723755343892351,0.615519975058513,0.804198816792972,0.958697636474137
0.718,0.904175758267077,0.843842345610824,0.890533500351009,0.614431799117934,0.753750441126843,0.596785190029533,0.723676454848635,0.615480297018749,0.804102968710945,0.958596457330597
0.72,0.904090942476692,0.843790781822278,0.890348217552048,0.614358748084149,0.753624619041566,0.596736194931537,0.723597565804918,0.615440618978985,0.804007120628919,0.958495278187056
0.722,0.904006126686307,0.843739218033733,0.890162934753087,0.614285697050364,0.75349879695629,0.596687199833542,0.723518676761202,0.615400940939221,0.803911272546892,0.958394099043515
0.724,0.903921310895923,0.843687654245187,0.889977651954126,0.61421264601658,0.753372974871013,0.596638204735546,0.723439787717486,0.615361262899457,0.803815424464866,0.958292919899975
0.726,0.903836495105538,0.843636090456642,0.889792369155165,0.614139594982795,0.753247152785736,0.596589209637551,0.72336089867377,0.615321584859693,0.803722850704149,0.958191740756434
0.728,0.903751679315153,0.843584526668096,0.889607086356204,0.614066543949011,0.75312133070046,0.596540214539555,0.723282009630053,0.615281906819929,0.803653377004192,0.958090561612893
0.73,0.903666863524769,0.843532962879551,0.889421803557243,0.613993492915226,0.752995508615183,0.596491219441559,0.723203120586337,0.615242228780165,0.803583903304236,0.957989382469353
0.732,0.903582047734384,0.843481399091005,0.889236520758282,0.613920441881441,0.752869686529906,0.59645037358725,0.723124231542621,0.6152025507404,0.803514429604279,0.957888203325812
0.734,0.903497231943999,0.84342983530246,0.889051237959321,0.613847390847657,0.75274386444463,0.596419010211176,0.723045342498904,0.615162872700636,0.803444955904322,0.957787024182271
0.736,0.903412416153614,0.843378271513914,0.88886595516036,0.613774339813872,0.752618042359353,0.596387646835103,0.722974557293262,0.615123194660872,0.803375482204365,0.957685845038731
0.738,0.90332760036323,0.843326707725369,0.888700658135546,0.613701288780087,0.752503415811284,0.596356283459029,0.72291920539467,0.615083516621108,0.803306008504408,0.95758466589519
0.74,0.903242784572845,0.843275143936823,0.888577767024443,0.613628237746303,0.752414395982903,0.596324920082955,0.72286385349608,0.615043838581344,0.803236534804451,0.95748348675165
0.742,0.90315796878246,0.843223580148278,0.888454875913341,0.613555186712518,0.752325376154522,0.596293556706881,0.722808501597488,0.615006274023967,0.803167061104495,0.957382307608109
0.744,0.903073152992076,0.843172016359732,0.888331984802238,0.613503344339173,0.752236356326141,0.596262193330807,0.722753149698897,0.614981879655914,0.803097587404538,0.957281128464568
0.746,0.902988337201691,0.843120452571187,0.888209093691135,0.613452743166682,0.75214733649776,0.596230829954733,0.722697797800306,0.614957485287861,0.803028113704581,0.957179949321028
0.748,0.902903521411306,0.843068888782641,0.888086202580032,0.613402141994192,0.752058316669379,0.596199466578659,0.722642445901715,0.614933090919807,0.802958640004624,0.957078770177487
0.75,0.902818705620922,0.843017324994096,0.88796331146893,0.613351540821701,0.751969296840998,0.596168103202586,0.722587094003124,0.614908696551754,0.802889166304667,0.956977591033946
0.752,0.902733889830537,0.84296576120555,0.887840420357827,0.613300939649211,0.751880277012617,0.596136739826512,0.722531742104533,0.614884302183701,0.802819692604711,0.956876411890406
0.754,0.902649074040152,0.842914197417005,0.887717529246724,0.61325033847672,0.751791257184236,0.596105376450438,0.722476390205942,0.614859907815648,0.802750218904754,0.956775232746865
0.756,0.902564258249767,0.842862633628459,0.887594638135621,0.61319973730423,0.751702237355855,0.596074013074364,0.722421038307351,0.614835513447594,0.802680745204797,0.956674053603324
0.758,0.902479442459383,0.842811069839913,0.887471747024519,0.613149136131739,0.751613217527474,0.59604264969829,0.72236568640876,0.614811119079541,0.80261127150484,0.956572874459784
0.76,0.902394626668998,0.842759506051368,0.887348855913416,0.613098534959249,0.751524197699093,0.596011286322216,0.722310334510169,0.614786724711488,0.802541797804883,0.956471695316243
0.762,0.902309810878613,0.842707942262823,0.887225964802313,0.613047933786758,0.751435177870712,0.595979922946142,0.722254982611578,0.614762330343434,0.802472324104927,0.956370516172702
0.764,0.902224995088229,0.842656378474277,0.88710307369121,0.612997332614268,0.751346158042331,0.595948559570068,0.722199630712987,0.614737935975381,0.80240285040497,0.956278129335151
0.766,0.902140179297844,0.842618575681969,0.886980182580107,0.612946731441777,0.751257138213949,0.595917196193995,0.722144278814396,0.614713541607328,0.802333376705013,0.956211147579397
0.768,0.902059757349473,0.842585108675552,0.886857291469005,0.612896130269287,0.751168118385569,0.595885832817921,0.722088926915805,0.614689147239275,0.802263903005056,0.956144165823643
0.77,0.902004318533708,0.842551641669135,0.886734400357902,0.612845529096796,0.751079098557187,0.595854469441847,0.722033575017214,0.614664752871221,0.802194429305099,0.956077184067889
0.772,0.901948879717943,0.842518174662718,0.886611509246799,0.612794927924306,0.750990078728806,0.595823106065773,0.721978223118623,0.614640358503168,0.802124955605142,0.956010202312135
0.774,0.901893440902178,0.842484707656301,0.886488618135696,0.612744326751815,0.750901058900425,0.595791742689699,0.721922871220032,0.614615964135115,0.802055481905186,0.955943220556381
0.776,0.901838002086413,0.842451240649884,0.886365727024593,0.612693725579325,0.750812039072044,0.595760379313625,0.721867519321441,0.614591569767062,0.80198839485872,0.955876238800627
0.778,0.901782563270648,0.842417773643467,0.886242835913491,0.612643124406834,0.750723019243663,0.595729015937551,0.721812167422849,0.614567175399008,0.801938145451403,0.955809257044872
0.78,0.901727124454883,0.84238430663705,0.886119944802388,0.612592523234343,0.750633999415282,0.595697652561477,0.721756815524258,0.614542781030955,0.801887896044086,0.955742275289118
0.782,0.901671685639118,0.842350839630633,0.885997053691285,0.612541922061853,0.750544979586901,0.595671506847801,0.721701463625667,0.614518386662902,0.801837646636768,0.955675293533364
0.784,0.901616246823353,0.842317372624216,0.885874162580182,0.612491320889362,0.75045595975852,0.595651432417796,0.721646111727076,0.614493992294848,0.80178739722945,0.95560831177761
0.786,0.901560808007588,0.842283905617799,0.88575127146908,0.612440719716872,0.750366939930139,0.59563135798779,0.721596454169835,0.614469597926795,0.801737147822133,0.955541330021856
0.788,0.901505369191823,0.842250438611382,0.885642368698785,0.612390118544381,0.750285948369837,0.595611283557784,0.721557641167695,0.614445203558742,0.801686898414816,0.955474348266102
0.79,0.901449930376058,0.842216971604965,0.885563146458694,0.612339517371891,0.750223319270083,0.595591209127779,0.721518828165555,0.614420809190689,0.801636649007498,0.955407366510348
0.792,0.901394491560293,0.842183504598548,0.885483924218604,0.6122889161994,0.75016069017033,0.595571134697773,0.721480015163415,0.614397711788102,0.801586399600181,0.955340384754594
0.794,0.901339052744528,0.842150037592131,0.885404701978514,0.612252937202573,0.750098061070576,0.595551060267768,0.721441202161274,0.614382696440441,0.801536150192863,0.95527340299884
0.796,0.901283613928763,0.842116570585714,0.885325479738424,0.612217813943759,0.750035431970822,0.595530985837762,0.721402389159134,0.614367681092781,0.801485900785546,0.955206421243085
0.798,0.901228175112998,0.842083103579297,0.885246257498334,0.612182690684945,0.749972802871068,0.595510911407756,0.721363576156994,0.61435266574512,0.801435651378228,0.955139439487331
0.8,0.901172736297232,0.84204963657288,0.885167035258244,0.61214756742613,0.749910173771314,0.595490836977751,0.721324763154853,0.614337650397459,0.801385401970911,0.955072457731577
0.802,0.901117297481468,0.842016169566463,0.885087813018154,0.612112444167316,0.74984754467156,0.595470762547745,0.721285950152713,0.614322635049798,0.801335152563593,0.955005475975823
0.804,0.901061858665702,0.841982702560046,0.885008590778063,0.612077320908501,0.749784915571806,0.59545068811774,0.721247137150573,0.614307619702138,0.801284903156276,0.954938494220069
0.806,0.901006419849937,0.841949235553629,0.884929368537973,0.612042197649687,0.749722286472053,0.595430613687734,0.721208324148433,0.614292604354477,0.801234653748958,0.954871512464315
0.808,0.900950981034172,0.841915768547212,0.884850146297883,0.612007074390873,0.749659657372299,0.595410539257728,0.721169511146293,0.614277589006816,0.801184404341641,0.954804530708561
0.81,0.900895542218407,0.841882301540795,0.884770924057793,0.611971951132058,0.749597028272545,0.595390464827723,0.721130698144152,0.614262573659155,0.801134154934323,0.954737548952807
0.812,0.900840103402642,0.841848834534378,0.884691701817703,0.611936827873244,0.749534399172791,0.595370390397717,0.721091885142012,0.614247558311495,0.801083905527006,0.954670567197052
0.814,0.900784664586877,0.841815367527961,0.884612479577613,0.611901704614429,0.749471770073037,0.595350315967711,0.721053072139872,0.614232542963834,0.801033656119688,0.954609533553104
0.816,0.900729225771112,0.841790878991368,0.884533257337523,0.611866581355615,0.749409140973283,0.595330241537706,0.721014259137731,0.614217527616173,0.800983406712371,0.95456568678449
0.818,0.900676705807996,0.841769219372254,0.884454035097433,0.611831458096801,0.749346511873529,0.5953101671077,0.720975446135591,0.614202512268513,0.800933157305053,0.954521840015876
0.82,0.900640782272912,0.841747559753141,0.884374812857343,0.611796334837986,0.749283882773775,0.595290092677695,0.720936633133451,0.614187496920852,0.800882907897736,0.954477993247262
0.822,0.900604858737829,0.841725900134027,0.884295590617252,0.611761211579172,0.749221253674021,0.595270018247689,0.720897820131311,0.614172481573191,0.800832658490419,0.954434146478649
0.824,0.900568935202745,0.841704240514913,0.884216368377162,0.611726088320357,0.749158624574268,0.595249943817683,0.72085900712917,0.614157466225531,0.800782409083101,0.954390299710035
0.826,0.900533011667662,0.8416825808958,0.884137146137072,0.611690965061543,0.749095995474514,0.595229869387678,0.72082019412703,0.61414245087787,0.800733888081333,0.954346452941421
0.828,0.900497088132578,0.841660921276686,0.884057923896982,0.611655841802728,0.74903336637476,0.595209794957672,0.72078138112489,0.614127435530209,0.800697560834978,0.954302606172807
0.83,0.900461164597495,0.841639261657572,0.883978701656892,0.611620718543914,0.748970737275006,0.595189720527667,0.72074256812275,0.614112420182548,0.800661233588623,0.954258759404193
0.832,0.900425241062411,0.841617602038459,0.883899479416802,0.6115855952851,0.748908108175252,0.595172980409455,0.720703755120609,0.614097404834888,0.800624906342268,0.95421491263558
0.834,0.900389317527328,0.841595942419345,0.883820257176712,0.611550472026285,0.748845479075498,0.595160120103925,0.720664942118469,0.614082389487227,0.800588579095913,0.954171065866966
0.836,0.900353393992244,0.841574282800231,0.883741034936622,0.611515348767471,0.748782849975744,0.595147259798396,0.720630124170759,0.614067374139566,0.800552251849559,0.954127219098352
0.838,0.900317470457161,0.841552623181118,0.883671337834755,0.611480225508656,0.74872592811934,0.595134399492867,0.720602914581106,0.614052358791906,0.800515924603204,0.954083372329738
0.84,0.900281546922078,0.841530963562004,0.883621851217939,0.611445102249842,0.748682060016223,0.595121539187337,0.720575704991454,0.614037343444245,0.800479597356849,0.954039525561125
0.842,0.900245623386994,0.84150930394289,0.883572364601122,0.611409978991027,0.748638191913106,0.595108678881808,0.720548495401801,0.614023136557642,0.800443270110494,0.953995678792511
0.844,0.900209699851911,0.841487644323777,0.883522877984305,0.611385087232843,0.748594323809989,0.595095818576279,0.720521285812149,0.614013967605236,0.800406942864139,0.953951832023897
0.846,0.900173776316827,0.841465984704663,0.883473391367488,0.611360794255867,0.748550455706872,0.595082958270749,0.720494076222496,0.614004798652829,0.800370615617785,0.953907985255283
0.848,0.900137852781744,0.841444325085549,0.883423904750672,0.61133650127889,0.748506587603755,0.59507009796522,0.720466866632844,0.613995629700423,0.80033428837143,0.95386413848667
0.85,0.90010192924666,0.841422665466436,0.883374418133855,0.611312208301914,0.748462719500637,0.595057237659691,0.720439657043191,0.613986460748017,0.800297961125075,0.953820291718056
0.852,0.900066005711577,0.841401005847322,0.883324931517038,0.611287915324938,0.748418851397521,0.595044377354161,0.720412447453539,0.61397729179561,0.80026163387872,0.953776444949442
0.854,0.900030082176493,0.841379346228208,0.883275444900221,0.611263622347962,0.748374983294403,0.595031517048632,0.720385237863886,0.613968122843204,0.800225306632366,0.953732598180828
0.856,0.89999415864141,0.841357686609094,0.883225958283405,0.611239329370985,0.748331115191286,0.595018656743103,0.720358028274234,0.613958953890798,0.800188979386011,0.953688751412215
0.858,0.899958235106326,0.841336026989981,0.883176471666588,0.611215036394009,0.748287247088169,0.595005796437573,0.720330818684582,0.613949784938391,0.800152652139656,0.953644904643601
0.86,0.899922311571243,0.841314367370867,0.883126985049771,0.611190743417033,0.748243378985052,0.594992936132044,0.720303609094929,0.613940615985985,0.800116324893301,0.953601057874987
0.862,0.89988638803616,0.841292707751753,0.883077498432954,0.611166450440057,0.748199510881935,0.594980075826515,0.720276399505277,0.613931447033579,0.800079997646946,0.953557211106373
0.864,0.899850464501076,0.84127104813264,0.883028011816138,0.61114215746308,0.748155642778818,0.594967215520985,0.720249189915624,0.613922278081172,0.800043670400592,0.953517341394481
0.866,0.899814540965993,0.841255224072907,0.882978525199321,0.611117864486104,0.748111774675701,0.594954355215456,0.720221980325972,0.613913109128766,0.800007343154237,0.953488963258454
0.868,0.899780535869174,0.84124123866901,0.882929038582504,0.611093571509128,0.748067906572584,0.594941494909927,0.720194770736319,0.61390394017636,0.799971015907882,0.953460585122428
0.87,0.899757438901827,0.841227253265113,0.882879551965687,0.611069278532152,0.748024038469467,0.594928634604397,0.720167561146667,0.613894771223953,0.799934688661527,0.953432206986401
0.872,0.89973434193448,0.841213267861216,0.882830065348871,0.611044985555175,0.74798017036635,0.594915774298868,0.720140351557014,0.613885602271547,0.799898361415173,0.953403828850375
0.874,0.899711244967134,0.841199282457319,0.882780578732054,0.611020692578199,0.747936302263233,0.594902913993339,0.720113141967362,0.61387643331914,0.799862034168818,0.953375450714348
0.876,0.899688147999787,0.841185297053422,0.882731092115237,0.610996399601223,0.747892434160116,0.59489005368781,0.720085932377709,0.613867264366734,0.799826959718917,0.953347072578322
0.878,0.89966505103244,0.841171311649526,0.882681605498421,0.610972106624247,0.747848566056999,0.59487719338228,0.720058722788057,0.613858095414328,0.799800723642369,0.953318694442295
0.88,0.899641954065093,0.841157326245628,0.882632118881604,0.61094781364727,0.747804697953882,0.594864333076751,0.720031513198405,0.613848926461921,0.799774487565822,0.953290316306269
0.882,0.899618857097747,0.841143340841732,0.882582632264787,0.610923520670294,0.747760829850765,0.594853608829424,0.720004303608752,0.613839757509515,0.799748251489274,0.953261938170242
0.884,0.8995957601304,0.841129355437835,0.88253314564797,0.610899227693318,0.747716961747648,0.594845370104214,0.7199770940191,0.613830588557109,0.799722015412726,0.953233560034216
0.886,0.899572663163053,0.841115370033938,0.882483659031154,0.610874934716342,0.747673093644531,0.594837131379004,0.719952687186715,0.613821419604702,0.799695779336178,0.953205181898189
0.888,0.899549566195706,0.841101384630041,0.882440504343514,0.610850641739365,0.74763325703883,0.594828892653794,0.719933618049026,0.613812250652296,0.79966954325963,0.953176803762163
0.89,0.89952646922836,0.841087399226144,0.882410784774292,0.610826348762389,0.747602641377364,0.594820653928584,0.719914548911338,0.61380308169989,0.799643307183083,0.953148425626136
0.892,0.899503372261013,0.841073413822247,0.88238106520507,0.610802055785413,0.747572025715898,0.594812415203374,0.719895479773649,0.613794400765917,0.799617071106535,0.95312004749011
0.894,0.899480275293666,0.84105942841835,0.882351345635847,0.61078478946488,0.747541410054432,0.594804176478164,0.71987641063596,0.613788760924312,0.799590835029987,0.953091669354084
0.896,0.899457178326319,0.841045443014453,0.882321626066625,0.610767934367489,0.747510794392966,0.594795937752954,0.719857341498272,0.613783121082708,0.799564598953439,0.953063291218057
0.898,0.899434081358972,0.841031457610556,0.882291906497403,0.610751079270098,0.7474801787315,0.594787699027744,0.719838272360583,0.613777481241104,0.799538362876892,0.95303491308203
0.9,0.899410984391626,0.841017472206659,0.88226218692818,0.610734224172707,0.747449563070034,0.594779460302533,0.719819203222894,0.613771841399499,0.799512126800344,0.953006534946004
0.902,0.899387887424279,0.841003486802762,0.882232467358958,0.610717369075317,0.747418947408567,0.594771221577323,0.719800134085206,0.613766201557895,0.799485890723796,0.952978156809978
0.904,0.899364790456932,0.840989501398865,0.882202747789735,0.610700513977926,0.747388331747101,0.594762982852113,0.719781064947517,0.61376056171629,0.799459654647248,0.952949778673951
0.906,0.899341693489585,0.840975515994968,0.882173028220513,0.610683658880535,0.747357716085635,0.594754744126903,0.719761995809829,0.613754921874686,0.7994334185707,0.952921400537925
0.908,0.899318596522239,0.840961530591071,0.882143308651291,0.610666803783144,0.747327100424169,0.594746505401693,0.71974292667214,0.613749282033082,0.799407182494153,0.952893022401898
0.91,0.899295499554892,0.840947545187174,0.882113589082068,0.610649948685753,0.747296484762703,0.594738266676483,0.719723857534451,0.613743642191477,0.799380946417605,0.952864644265872
0.912,0.899272402587545,0.840933559783277,0.882083869512846,0.610633093588362,0.747265869101237,0.594730027951273,0.719704788396763,0.613738002349873,0.799354710341057,0.952836266129845
0.914,0.899249305620198,0.84091957437938,0.882054149943624,0.610616238490971,0.74723525343977,0.594721789226063,0.719685719259074,0.613732362508269,0.799328474264509,0.952810515956428
0.916,0.899226208652851,0.840909390556364,0.882024430374401,0.61059938339358,0.747204637778304,0.594713550500853,0.719666650121386,0.613726722666664,0.799302238187961,0.952792359195379
0.918,0.899204360798653,0.840900404527494,0.881994710805179,0.610582528296189,0.747174022116838,0.594705311775643,0.719647580983697,0.61372108282506,0.799276002111414,0.952774202434331
0.92,0.899189615329866,0.840891418498625,0.881964991235957,0.610565673198799,0.747143406455372,0.594697073050433,0.719628511846008,0.613715442983456,0.799249766034866,0.952756045673282
0.922,0.899174869861079,0.840882432469755,0.881935271666734,0.610548818101408,0.747112790793906,0.594688834325223,0.71960944270832,0.613709803141851,0.799223529958318,0.952737888912234
0.924,0.899160124392292,0.840873446440886,0.881905552097512,0.610531963004017,0.74708217513244,0.594680595600012,0.719590373570631,0.613704163300247,0.79919729388177,0.952719732151185
0.926,0.899145378923505,0.840864460412016,0.88187583252829,0.610515107906626,0.747051559470974,0.594672356874802,0.719571304432942,0.613698523458643,0.799171965636859,0.952701575390136
0.928,0.899130633454719,0.840855474383147,0.881846112959067,0.610498252809235,0.747020943809507,0.594664118149592,0.719552235295254,0.613692883617038,0.799153042067602,0.952683418629088
0.93,0.899115887985932,0.840846488354277,0.881816393389845,0.610481397711844,0.746990328148041,0.594655879424382,0.719533166157565,0.613687243775434,0.799134118498344,0.952665261868039
0.932,0.899101142517145,0.840837502325408,0.881786673820623,0.610464542614453,0.746959712486575,0.594649011011668,0.719514097019877,0.61368160393383,0.799115194929086,0.952647105106991
0.934,0.899086397048358,0.840828516296538,0.8817569542514,0.610447687517062,0.746929096825109,0.59464373709765,0.719495027882188,0.613675964092225,0.799096271359828,0.952628948345942
0.936,0.899071651579571,0.840819530267669,0.881727234682178,0.610430832419672,0.746898481163643,0.594638463183631,0.719477929255897,0.613670324250621,0.79907734779057,0.952610791584893
0.938,0.899056906110784,0.840810544238799,0.881701629504668,0.610413977322281,0.746870696984131,0.594633189269612,0.719464583358519,0.613664684409016,0.799058424221312,0.952592634823845
0.94,0.899042160641998,0.84080155820993,0.881684754263692,0.61039712222489,0.746849389042728,0.594627915355593,0.719451237461141,0.613659044567412,0.799039500652054,0.952574478062796
0.942,0.899027415173211,0.84079257218106,0.881667879022717,0.610380267127499,0.746828081101324,0.594622641441574,0.719437891563763,0.61365370386438,0.799020577082797,0.952556321301748
0.944,0.899012669704424,0.840783586152191,0.881651003781742,0.610368271375004,0.746806773159921,0.594617367527555,0.719424545666385,0.613650227246731,0.799001653513539,0.952538164540699
0.946,0.898997924235637,0.840774600123321,0.881634128540767,0.610356560007422,0.746785465218517,0.594612093613536,0.719411199769007,0.613646750629083,0.798982729944281,0.952520007779651
0.948,0.89898317876685,0.840765614094452,0.881617253299792,0.61034484863984,0.746764157277114,0.594606819699518,0.719397853871629,0.613643274011434,0.798963806375023,0.952501851018602
0.95,0.898968433298063,0.840756628065582,0.881600378058817,0.610333137272258,0.74674284933571,0.594601545785499,0.719384507974251,0.613639797393785,0.798944882805765,0.952483694257553
0.952,0.898953687829277,0.840747642036713,0.881583502817842,0.610321425904675,0.746721541394307,0.59459627187148,0.719371162076873,0.613636320776137,0.798925959236507,0.952465537496505
0.954,0.89893894236049,0.840738656007843,0.881566627576867,0.610309714537093,0.746700233452904,0.594590997957461,0.719357816179496,0.613632844158488,0.798907035667249,0.952447380735456
0.956,0.898924196891703,0.840729669978974,0.881549752335892,0.610298003169511,0.7466789255115,0.594585724043442,0.719344470282118,0.61362936754084,0.798888112097992,0.952429223974407
0.958,0.898909451422916,0.840720683950104,0.881532877094916,0.610286291801928,0.746657617570097,0.594580450129423,0.71933112438474,0.613625890923191,0.798869188528734,0.952411067213359
0.96,0.898894705954129,0.840711697921235,0.881516001853941,0.610274580434346,0.746636309628693,0.594575176215405,0.719317778487362,0.613622414305543,0.798850264959476,0.95239291045231
0.962,0.898879960485342,0.840702711892365,0.881499126612966,0.610262869066764,0.74661500168729,0.594569902301386,0.719304432589984,0.613618937687894,0.798831341390218,0.952374753691262
0.964,0.898865215016556,0.840693725863496,0.881482251371991,0.610251157699182,0.746593693745886,0.594564628387367,0.719291086692606,0.613615461070246,0.79881241782096,0.952358314394788
0.966,0.898850469547769,0.840687180449932,0.881465376131016,0.610239446331599,0.746572385804483,0.594559354473348,0.719277740795228,0.613611984452597,0.798793494251702,0.952346837656267
0.968,0.898836531781498,0.840681404020331,0.881448500890041,0.610227734964017,0.74655107786308,0.594554080559329,0.71926439489785,0.613608507834948,0.798774570682445,0.952335360917746
0.97,0.898827186565208,0.840675627590731,0.881431625649066,0.610216023596435,0.746529769921676,0.59454880664531,0.719251049000472,0.6136050312173,0.798755647113187,0.952323884179225
0.972,0.898817841348919,0.840669851161129,0.88141475040809,0.610204312228853,0.746508461980273,0.594543532731292,0.719237703103094,0.613601554599651,0.798736723543929,0.952312407440704
0.974,0.898808496132629,0.840664074731529,0.881397875167115,0.61019260086127,0.746487154038869,0.594538258817273,0.719224357205716,0.613598077982003,0.798717799974671,0.952300930702183
0.976,0.89879915091634,0.840658298301928,0.88138099992614,0.610180889493688,0.746465846097466,0.594532984903254,0.719211011308338,0.613594601364354,0.798699531059422,0.952289453963662
0.978,0.898789805700051,0.840652521872327,0.881364124685165,0.610169178126106,0.746444538156062,0.594527710989235,0.719197665410961,0.613591124746706,0.798685880673006,0.952277977225141
0.98,0.898780460483761,0.840646745442726,0.88134724944419,0.610157466758523,0.746423230214659,0.594522437075216,0.719184319513583,0.613587648129057,0.798672230286591,0.95226650048662
0.982,0.898771115267472,0.840640969013125,0.881330374203215,0.610145755390941,0.746401922273255,0.594518033830486,0.719170973616205,0.613584171511409,0.798658579900175,0.952255023748099
0.984,0.898761770051182,0.840635192583524,0.88131349896224,0.610134044023359,0.746380614331852,0.594514643698492,0.719157627718827,0.61358069489376,0.79864492951376,0.952243547009578
0.986,0.898752424834893,0.840629416153923,0.881296623721265,0.610122332655777,0.746359306390449,0.594511253566498,0.719145646011257,0.613577218276112,0.798631279127344,0.952232070271056
0.988,0.898743079618603,0.840623639724322,0.881282264765489,0.610110621288194,0.746339979046709,0.594507863434505,0.719136262326994,0.613573741658463,0.798617628740928,0.952220593532535
0.99,0.898733734402314,0.840617863294721,0.881273244876005,0.610098909920612,0.746325181776716,0.594504473302511,0.71912687864273,0.613570265040814,0.798603978354513,0.952209116794014
0.992,0.898724389186024,0.84061208686512,0.881264224986522,0.61008719855303,0.746310384506722,0.594501083170518,0.719117494958467,0.613566970481132,0.798590327968097,0.952197640055493
0.994,0.898715043969735,0.840606310435519,0.881255205097037,0.610078924259763,0.746295587236729,0.594497693038524,0.719108111274204,0.613564810417717,0.798576677581682,0.952186163316972
0.996,0.898705698753445,0.840600534005918,0.881246185207554,0.610070851115437,0.746280789966736,0.594494302906531,0.71909872758994,0.613562650354303,0.798563027195266,0.952174686578451
0.998,0.898696353537156,0.840594757576317,0.88123716531807,0.61006277797111,0.746265992696743,0.594490912774537,0.719089343905677,0.613560490290889,0.79854937680885,0.95216320983993
1,0.898687008320866,0.840588981146716,0.881228145428586,0.610054704826784,0.74625119542675,0.594487522642544,0.719079960221414,0.613558330227474,0.798535726422435,0.952151733101409
1.002,0.898677663104577,0.840583204717115,0.881219125539102,0.610046631682458,0.746236398156757,0.59448413251055,0.71907057653715,0.61355617016406,0.798522076036019,0.952140256362888
1.004,0.898668317888287,0.840577428287514,0.881210105649618,0.610038558538131,0.746221600886764,0.594480742378557,0.719061192852887,0.613554010100645,0.798508425649604,0.952128779624367
1.006,0.898658972671998,0.840571651857913,0.881201085760134,0.610030485393805,0.746206803616771,0.594477352246563,0.719051809168624,0.613551850037231,0.798494775263188,0.952117302885846
1.008,0.898649627455709,0.840565875428312,0.88119206587065,0.610022412249479,0.746192006346778,0.59447396211457,0.71904242548436,0.613549689973816,0.798481124876772,0.952105826147325
1.01,0.898640282239419,0.840560098998711,0.881183045981166,0.610014339105152,0.746177209076784,0.594470571982576,0.719033041800097,0.613547529910402,0.798467474490357,0.952094349408804
1.012,0.89863093702313,0.84055432256911,0.881174026091682,0.610006265960826,0.746162411806791,0.594467181850583,0.719023658115834,0.613545369846987,0.798453824103941,0.952082872670283
1.014,0.89862159180684,0.840548546139509,0.881165006202198,0.6099981928165,0.746147614536798,0.594463791718589,0.71901427443157,0.613543209783573,0.798440173717526,0.952072505370656
1.016,0.898612246590551,0.840544340932056,0.881155986312714,0.609990119672173,0.746132817266805,0.594460401586596,0.719004890747307,0.613541049720159,0.79842652333111,0.952065343758579
1.018,0.898603418344267,0.840540630781988,0.88114696642323,0.609982046527847,0.746118019996812,0.594457011454602,0.718995507063044,0.613538889656744,0.798412872944694,0.952058182146502
1.02,0.89859752955966,0.840536920631921,0.881137946533746,0.609973973383521,0.746103222726819,0.594453621322608,0.71898612337878,0.61353672959333,0.798399222558279,0.952051020534425
1.022,0.898591640775052,0.840533210481853,0.881128926644262,0.609965900239194,0.746088425456826,0.594450231190615,0.718976739694517,0.613534569529915,0.798385572171863,0.952043858922348
1.024,0.898585751990445,0.840529500331785,0.881119906754779,0.609957827094868,0.746073628186833,0.594446841058621,0.718967356010254,0.613532409466501,0.798371921785448,0.952036697310271
1.026,0.898579863205838,0.840525790181718,0.881110886865295,0.609949753950542,0.746058830916839,0.594443450926628,0.71895797232599,0.613530249403086,0.798358749001967,0.952029535698194
1.028,0.89857397442123,0.84052208003165,0.881101866975811,0.609941680806215,0.746044033646846,0.594440060794634,0.718948588641727,0.613528089339672,0.798348945666923,0.952022374086117
1.03,0.898568085636623,0.840518369881582,0.881092847086327,0.609933607661889,0.746029236376853,0.594436670662641,0.718939204957464,0.613525929276258,0.798339142331879,0.952015212474041
1.032,0.898562196852015,0.840514659731515,0.881083827196843,0.609925534517563,0.74601443910686,0.594433845935219,0.7189298212732,0.613523769212843,0.798329338996835,0.952008050861964
1.034,0.898556308067408,0.840510949581447,0.881074807307359,0.609917461373237,0.745999641836867,0.594431679113825,0.718920437588937,0.613521609149429,0.798319535661791,0.952000889249887
1.036,0.898550419282801,0.84050723943138,0.881065787417875,0.60990938822891,0.745984844566874,0.59442951229243,0.71891202640175,0.613519449086014,0.798309732326747,0.95199372763781
1.038,0.898544530498193,0.840503529281312,0.881058305623146,0.609901315084584,0.745971427235828,0.594427345471036,0.718905467280937,0.6135172890226,0.798299928991703,0.951986566025733
1.04,0.898538641713586,0.840499819131244,0.881054087365418,0.609893241940258,0.745961166136515,0.594425178649642,0.718898908160123,0.613515128959185,0.798290125656659,0.951979404413656
1.042,0.898532752928979,0.840496108981177,0.881049869107691,0.609885168795931,0.745950905037203,0.594423011828248,0.718892349039309,0.613513084922995,0.798280322321615,0.951972242801579
1.044,0.898526864144371,0.840492398831109,0.881045650849963,0.609879445088328,0.74594064393789,0.594420845006854,0.718885789918496,0.61351176391176,0.798270518986571,0.951965081189503
1.046,0.898520975359764,0.840488688681041,0.881041432592236,0.609873858877521,0.745930382838578,0.594418678185459,0.718879230797682,0.613510442900525,0.798260715651527,0.951957919577426
1.048,0.898515086575156,0.840484978530974,0.881037214334508,0.609868272666715,0.745920121739265,0.594416511364065,0.718872671676869,0.61350912188929,0.798250912316484,0.951950757965349
1.05,0.898509197790549,0.840481268380906,0.88103299607678,0.609862686455908,0.745909860639952,0.594414344542671,0.718866112556055,0.613507800878055,0.798241108981439,0.951943596353272
1.052,0.898503309005942,0.840477558230839,0.881028777819053,0.609857100245101,0.74589959954064,0.594412177721277,0.718859553435241,0.61350647986682,0.798231305646395,0.951936434741195
1.054,0.898497420221334,0.840473848080771,0.881024559561325,0.609851514034295,0.745889338441327,0.594410010899882,0.718852994314428,0.613505158855585,0.798221502311352,0.951929273129118
1.056,0.898491531436727,0.840470137930703,0.881020341303598,0.609845927823488,0.745879077342015,0.594407844078488,0.718846435193614,0.61350383784435,0.798211698976308,0.951922111517041
1.058,0.898485642652119,0.840466427780636,0.88101612304587,0.609840341612681,0.745868816242702,0.594405677257094,0.718839876072801,0.613502516833115,0.798201895641264,0.951914949904965
1.06,0.898479753867512,0.840462717630568,0.881011904788143,0.609834755401875,0.745858555143389,0.5944035104357,0.718833316951987,0.61350119582188,0.79819209230622,0.951907788292888
1.062,0.898473865082905,0.840459007480501,0.881007686530415,0.609829169191068,0.745848294044077,0.594401343614306,0.718826757831173,0.613499874810645,0.798182288971176,0.951900626680811
1.064,0.898467976298297,0.840455297330433,0.881003468272688,0.609823582980261,0.745838032944764,0.594399176792911,0.71882019871036,0.61349855379941,0.798172485636132,0.951894172572384
1.066,0.89846208751369,0.840452594883027,0.88099925001496,0.609817996769455,0.745827771845452,0.594397009971517,0.718813639589546,0.613497232788174,0.798162682301088,0.951889762772711
1.068,0.898456527401224,0.840450209940466,0.880995031757233,0.609812410558648,0.745817510746139,0.594394843150123,0.718807080468733,0.61349591177694,0.798152878966044,0.951885352973038
1.07,0.898452836099618,0.840447824997905,0.880990813499505,0.609806824347841,0.745807249646826,0.594392676328729,0.718800521347919,0.613494590765704,0.798143075631,0.951880943173366
1.072,0.898449144798013,0.840445440055345,0.880986595241778,0.609801238137035,0.745796988547514,0.594390509507335,0.718793962227105,0.613493269754469,0.798133272295956,0.951876533373693
1.074,0.898445453496408,0.840443055112784,0.88098237698405,0.609795651926228,0.745786727448201,0.59438834268594,0.718787403106292,0.613491948743234,0.798123468960912,0.95187212357402
1.076,0.898441762194803,0.840440670170224,0.880978158726323,0.609790065715421,0.745776466348889,0.594386175864546,0.718780843985478,0.613490627731999,0.798114003435392,0.951867713774347
1.078,0.898438070893197,0.840438285227663,0.880973940468595,0.609784479504615,0.745766205249576,0.594384009043152,0.718774284864664,0.613489306720764,0.798106921127581,0.951863303974674
1.08,0.898434379591592,0.840435900285103,0.880969722210868,0.609778893293808,0.745755944150263,0.594381842221758,0.718767725743851,0.613487985709529,0.798099838819771,0.951858894175001
1.082,0.898430688289987,0.840433515342542,0.88096550395314,0.609773307083001,0.745745683050951,0.594380036590157,0.718761166623037,0.613486664698294,0.798092756511961,0.951854484375329
1.084,0.898426996988382,0.840431130399981,0.880961285695413,0.609767720872195,0.745735421951638,0.59437865123981,0.718754607502224,0.613485343687059,0.79808567420415,0.951850074575656
1.086,0.898423305686777,0.840428745457421,0.880957067437685,0.609762134661388,0.745725160852326,0.594377265889463,0.718748734342211,0.613484022675824,0.79807859189634,0.951845664775983
1.088,0.898419614385171,0.84042636051486,0.880953754785492,0.609756548450581,0.745715862537599,0.594375880539116,0.718744167556238,0.613482701664589,0.798071509588529,0.95184125497631
1.09,0.898415923083566,0.840423975572299,0.880952363651569,0.609750962239775,0.745708766328459,0.59437449518877,0.718739600770265,0.613481380653354,0.798064427280719,0.951836845176637
1.092,0.898412231781961,0.840421590629739,0.880950972517646,0.609745376028968,0.745701670119318,0.594373109838423,0.718735033984292,0.613480133462569,0.798057344972908,0.951832435376965
1.094,0.898408540480356,0.840419205687178,0.880949581383723,0.609741397506835,0.745694573910178,0.594371724488076,0.718730467198318,0.613479346284748,0.798050262665098,0.951828025577292
1.096,0.89840484917875,0.840416820744617,0.8809481902498,0.609737513071952,0.745687477701037,0.594370339137729,0.718725900412345,0.613478559106927,0.798043180357287,0.951823615777619
1.098,0.898401157877145,0.840414435802057,0.880946799115876,0.60973362863707,0.745680381491897,0.594368953787382,0.718721333626372,0.613477771929107,0.798036098049477,0.951819205977946
1.1,0.89839746657554,0.840412050859496,0.880945407981953,0.609729744202187,0.745673285282756,0.594367568437035,0.718716766840398,0.613476984751286,0.798029015741666,0.951814796178273
1.102,0.898393775273935,0.840409665916936,0.88094401684803,0.609725859767305,0.745666189073615,0.594366183086689,0.718712200054425,0.613476197573465,0.798021933433856,0.951810386378601
1.104,0.898390083972329,0.840407280974375,0.880942625714107,0.609721975332422,0.745659092864475,0.594364797736342,0.718707633268452,0.613475410395644,0.798014851126045,0.951805976578928
1.106,0.898386392670724,0.840404896031814,0.880941234580184,0.60971809089754,0.745651996655334,0.594363412385995,0.718703066482479,0.613474623217824,0.798007768818235,0.951801566779255
1.108,0.898382701369119,0.840402511089254,0.880939843446261,0.609714206462657,0.745644900446194,0.594362027035648,0.718698499696505,0.613473836040003,0.798000686510424,0.951797156979582
1.11,0.898379010067514,0.840400126146693,0.880938452312337,0.609710322027775,0.745637804237053,0.594360641685301,0.718693932910532,0.613473048862182,0.797993604202614,0.951792747179909
1.112,0.898375318765908,0.840397741204133,0.880937061178414,0.609706437592892,0.745630708027912,0.594359256334954,0.718689366124559,0.613472261684361,0.797986521894803,0.951788337380237
1.114,0.898371627464303,0.840395356261572,0.880935670044491,0.60970255315801,0.745623611818772,0.594357870984608,0.718684799338586,0.613471474506541,0.797979439586993,0.95178437639794
1.116,0.898367936162698,0.840393623196168,0.880934278910568,0.609698668723127,0.745616515609631,0.594356485634261,0.718680232552612,0.61347068732872,0.797972357279182,0.951781712258836
1.118,0.89836445381164,0.840392095522853,0.880932887776644,0.609694784288245,0.745609419400491,0.594355100283914,0.718675665766639,0.613469900150899,0.797965274971372,0.951779048119732
1.12,0.898362159541359,0.840390567849538,0.880931496642721,0.609690899853362,0.74560232319135,0.594353714933567,0.718671098980666,0.613469112973078,0.797958192663561,0.951776383980628
1.122,0.898359865271079,0.840389040176224,0.880930105508798,0.60968701541848,0.745595226982209,0.59435232958322,0.718666532194692,0.613468325795258,0.797951110355751,0.951773719841523
1.124,0.898357571000798,0.840387512502909,0.880928714374875,0.609683130983597,0.745588130773069,0.594350944232873,0.718661965408719,0.613467538617437,0.79794402804794,0.951771055702419
1.126,0.898355276730517,0.840385984829594,0.880927323240952,0.609679246548715,0.745581034563928,0.594349558882526,0.718657398622746,0.613466751439616,0.797937187442258,0.951768391563315
1.128,0.898352982460236,0.84038445715628,0.880925932107028,0.609675362113832,0.745573938354788,0.59434817353218,0.718652831836772,0.613465964261796,0.797932052024706,0.951765727424211
1.13,0.898350688189955,0.840382929482965,0.880924540973105,0.60967147767895,0.745566842145647,0.594346788181833,0.718648265050799,0.613465177083975,0.797926916607154,0.951763063285106
1.132,0.898348393919674,0.840381401809651,0.880923149839182,0.609667593244067,0.745559745936507,0.594345630289386,0.718643698264826,0.613464389906154,0.797921781189603,0.951760399146002
1.134,0.898346099649393,0.840379874136336,0.880921758705259,0.609663708809185,0.745552649727366,0.594344737067463,0.718639131478853,0.613463602728334,0.797916645772051,0.951757735006898
1.136,0.898343805379112,0.840378346463021,0.880920367571336,0.609659824374302,0.745545553518225,0.59434384384554,0.718635028089403,0.613462815550513,0.797911510354499,0.951755070867794
1.138,0.898341511108831,0.840376818789707,0.880919444193245,0.60965593993942,0.745539124804903,0.594342950623616,0.718631807212756,0.613462028372692,0.797906374936947,0.951752406728689
1.14,0.89833921683855,0.840375291116392,0.880919513301778,0.609652055504537,0.745534222805125,0.594342057401693,0.718628586336109,0.613461241194871,0.797901239519396,0.951749742589585
1.142,0.89833692256827,0.840373763443078,0.88091958241031,0.609648171069655,0.745529320805348,0.59434116417977,0.718625365459462,0.613460493218967,0.797896104101844,0.951747078450481
1.144,0.898334628297989,0.840372235769763,0.880919651518843,0.609645425278278,0.745524418805571,0.594340270957846,0.718622144582814,0.613459989530246,0.797890968684293,0.951744414311377
1.146,0.898332334027708,0.840370708096448,0.880919720627375,0.60964274612408,0.745519516805793,0.594339377735923,0.718618923706167,0.613459485841525,0.797885833266741,0.951741750172272
1.148,0.898330039757427,0.840369180423134,0.880919789735908,0.609640066969881,0.745514614806016,0.594338484514,0.718615702829519,0.613458982152804,0.797880697849189,0.951739086033168
1.15,0.898327745487146,0.840367652749819,0.88091985884444,0.609637387815683,0.745509712806239,0.594337591292077,0.718612481952872,0.613458478464083,0.797875562431637,0.951736421894064
1.152,0.898325451216865,0.840366125076505,0.880919927952973,0.609634708661485,0.745504810806461,0.594336698070153,0.718609261076225,0.613457974775362,0.797870427014086,0.951733757754959
1.154,0.898323156946584,0.84036459740319,0.880919997061505,0.609632029507287,0.745499908806684,0.59433580484823,0.718606040199578,0.613457471086642,0.797865291596534,0.951731093615855
1.156,0.898320862676303,0.840363069729875,0.880920066170038,0.609629350353088,0.745495006806907,0.594334911626307,0.71860281932293,0.613456967397921,0.797860156178982,0.951728429476751
1.158,0.898318568406022,0.840361542056561,0.88092013527857,0.60962667119889,0.745490104807129,0.594334018404383,0.718599598446283,0.6134564637092,0.797855020761431,0.951725765337647
1.16,0.898316274135741,0.840360014383246,0.880920204387103,0.609623992044692,0.745485202807352,0.59433312518246,0.718596377569636,0.613455960020479,0.797849885343879,0.951723101198543
1.162,0.898313979865461,0.840358486709932,0.880920273495635,0.609621312890494,0.745480300807575,0.594332231960537,0.718593156692988,0.613455456331758,0.797844749926327,0.951720437059438
1.164,0.89831168559518,0.840356959036617,0.880920342604168,0.609618633736295,0.745475398807797,0.594331338738613,0.718589935816341,0.613454952643037,0.797839614508776,0.951718051386203
1.166,0.898309391324899,0.84035584864165,0.8809204117127,0.609615954582097,0.74547049680802,0.59433044551669,0.718586714939694,0.613454448954316,0.797834479091224,0.951716470331028
1.168,0.898307227783761,0.840354869721872,0.880920480821233,0.609613275427899,0.745465594808243,0.594329552294767,0.718583494063046,0.613453945265595,0.797829343673672,0.951714889275852
1.17,0.898305807561001,0.840353890802094,0.880920549929765,0.609610596273701,0.745460692808465,0.594328659072843,0.718580273186399,0.613453441576874,0.79782420825612,0.951713308220677
1.172,0.898304387338241,0.840352911882315,0.880920619038298,0.609607917119502,0.745455790808688,0.59432776585092,0.718577052309752,0.613452937888154,0.797819072838569,0.951711727165501
1.174,0.898302967115482,0.840351932962537,0.88092068814683,0.609605237965304,0.745450888808911,0.594326872628997,0.718573831433104,0.613452434199433,0.797813937421017,0.951710146110325
1.176,0.898301546892722,0.840350954042759,0.880920757255363,0.609602558811106,0.745445986809133,0.594325979407073,0.718570610556457,0.613451930510712,0.797808979514669,0.95170856505515
1.178,0.898300126669962,0.840349975122981,0.880920826363895,0.609599879656908,0.745441084809356,0.59432508618515,0.71856738967981,0.613451426821991,0.797805273934893,0.951706983999974
1.18,0.898298706447202,0.840348996203202,0.880920895472428,0.609597200502709,0.745436182809579,0.594324192963227,0.718564168803162,0.61345092313327,0.797801568355117,0.951705402944799
1.182,0.898297286224442,0.840348017283424,0.88092096458096,0.609594521348511,0.745431280809801,0.594323448134476,0.718560947926515,0.613450419444549,0.797797862775341,0.951703821889623
1.184,0.898295866001682,0.840347038363646,0.880921033689493,0.609591842194313,0.745426378810024,0.594322875976354,0.718557727049868,0.613449915755828,0.797794157195565,0.951702240834448
1.186,0.898294445778923,0.840346059443868,0.880921102798025,0.609589163040115,0.745421476810247,0.594322303818233,0.718554836210067,0.613449412067107,0.797790451615789,0.951700659779272
1.188,0.898293025556163,0.840345080524089,0.880921389088056,0.609586483885917,0.745417033301924,0.594321731660111,0.71855257390701,0.613448908378386,0.797786746036013,0.951699078724097
1.19,0.898291605333403,0.840344101604311,0.880922136194856,0.609583804731718,0.74541363846701,0.594321159501989,0.718550311603953,0.613448404689666,0.797783040456237,0.951697497668921
1.192,0.898290185110643,0.840343122684533,0.880922883301656,0.60958112557752,0.745410243632097,0.594320587343867,0.718548049300897,0.613447928476311,0.797779334876461,0.951695916613746
1.194,0.898288764887883,0.840342143764754,0.880923630408455,0.609579223262205,0.745406848797183,0.594320015185746,0.71854578699784,0.613447623476009,0.797775629296686,0.95169433555857
1.196,0.898287344665123,0.840341164844976,0.880924377515255,0.609577366410067,0.74540345396227,0.594319443027624,0.718543524694783,0.613447318475707,0.79777192371691,0.951692754503395
1.198,0.898285924442364,0.840340185925198,0.880925124622055,0.609575509557928,0.745400059127356,0.594318870869502,0.718541262391726,0.613447013475405,0.797768218137134,0.951691173448219
1.2,0.898284504219604,0.84033920700542,0.880925871728855,0.60957365270579,0.745396664292442,0.59431829871138,0.718539000088669,0.613446708475104,0.797764512557358,0.951689592393043
1.202,0.898283083996844,0.840338228085641,0.880926618835655,0.609571795853652,0.745393269457529,0.594317726553258,0.718536737785613,0.613446403474802,0.797760806977582,0.951688011337868
1.204,0.898281663774084,0.840337249165863,0.880927365942454,0.609569939001514,0.745389874622615,0.594317154395137,0.718534475482556,0.6134460984745,0.797757101397806,0.951686430282692
1.206,0.898280243551324,0.840336270246085,0.880928113049254,0.609568082149376,0.745386479787701,0.594316582237015,0.718532213179499,0.613445793474198,0.79775339581803,0.951684849227517
1.208,0.898278823328565,0.840335291326306,0.880928860156054,0.609566225297237,0.745383084952788,0.594316010078893,0.718529950876442,0.613445488473896,0.797749690238254,0.951683268172341
1.21,0.898277403105805,0.840334312406528,0.880929607262854,0.609564368445099,0.745379690117874,0.594315437920771,0.718527688573386,0.613445183473595,0.797745984658478,0.951681687117166
1.212,0.898275982883045,0.84033333348675,0.880930354369654,0.609562511592961,0.745376295282961,0.594314865762649,0.718525426270329,0.613444878473293,0.797742279078702,0.95168010606199
1.214,0.898274562660285,0.840332354566972,0.880931101476453,0.609560654740823,0.745372900448047,0.594314293604528,0.718523163967272,0.613444573472991,0.797738573498926,0.951678695449333
1.216,0.898273142437525,0.84033164222535,0.880931848583253,0.609558797888685,0.745369505613133,0.594313721446406,0.718520901664215,0.613444268472689,0.79773486791915,0.951677777324782
1.218,0.898271803730114,0.840331013876615,0.880932595690053,0.609556941036547,0.74536611077822,0.594313149288284,0.718518639361158,0.613443963472387,0.797731162339375,0.95167685920023
1.22,0.898270928514282,0.840330385527881,0.880933342796853,0.609555084184408,0.745362715943306,0.594312577130162,0.718516377058102,0.613443658472086,0.797727456759599,0.951675941075679
1.222,0.89827005329845,0.840329757179147,0.880934089903653,0.60955322733227,0.745359321108392,0.594312004972041,0.718514114755045,0.613443353471784,0.797723751179823,0.951675022951128
1.224,0.898269178082617,0.840329128830413,0.880934837010453,0.609551370480132,0.745355926273479,0.594311432813919,0.718511852451988,0.613443048471482,0.797720045600047,0.951674104826576
1.226,0.898268302866785,0.840328500481678,0.880935584117252,0.609549513627994,0.745352531438565,0.594310860655797,0.718509590148931,0.61344274347118,0.7977164711771,0.951673186702025
1.228,0.898267427650953,0.840327872132944,0.880936331224052,0.609547656775856,0.745349136603651,0.594310288497675,0.718507327845875,0.613442438470879,0.79771382205452,0.951672268577474
1.23,0.898266552435121,0.840327243784209,0.880937078330852,0.609545799923717,0.745345741768738,0.594309716339553,0.718505065542818,0.613442133470577,0.797711172931941,0.951671350452922
1.232,0.898265677219288,0.840326615435475,0.880937825437652,0.609543943071579,0.745342346933824,0.594309238957306,0.718502803239761,0.613441828470275,0.797708523809361,0.951670432328371
1.234,0.898264802003456,0.840325987086741,0.880938572544452,0.609542086219441,0.74533895209891,0.594308871856479,0.718500540936704,0.613441523469973,0.797705874686782,0.95166951420382
1.236,0.898263926787624,0.840325358738006,0.880939319651251,0.609540229367303,0.745335557263997,0.594308504755652,0.718498514771461,0.613441218469671,0.797703225564202,0.951668596079269
1.238,0.898263051571792,0.840324730389272,0.880940141572636,0.609538372515165,0.745332481803307,0.594308137654826,0.718496938317495,0.61344091346937,0.797700576441623,0.951667677954717
1.24,0.898262176355959,0.840324102040538,0.880941122235974,0.609536515663027,0.74533013682353,0.594307770553999,0.718495361863529,0.613440608469068,0.797697927319043,0.951666759830166
1.242,0.898261301140127,0.840323473691803,0.880942102899312,0.609534658810888,0.745327791843752,0.594307403453172,0.718493785409563,0.613440320381364,0.797695278196464,0.951665841705615
1.244,0.898260425924295,0.840322845343069,0.880943083562649,0.609533314460433,0.745325446863974,0.594307036352345,0.718492208955598,0.613440137684706,0.797692629073885,0.951664923581063
1.246,0.898259550708462,0.840322216994335,0.880944064225987,0.609532000103269,0.745323101884197,0.594306669251518,0.718490632501632,0.613439954988049,0.797689979951305,0.951664005456512
1.248,0.89825867549263,0.8403215886456,0.880945044889325,0.609530685746105,0.745320756904419,0.594306302150691,0.718489056047666,0.613439772291391,0.797687330828726,0.951663087331961
1.25,0.898257800276798,0.840320960296866,0.880946025552663,0.60952937138894,0.745318411924642,0.594305935049864,0.7184874795937,0.613439589594733,0.797684681706146,0.951662169207409
1.252,0.898256925060966,0.840320331948132,0.880947006216001,0.609528057031776,0.745316066944864,0.594305567949037,0.718485903139734,0.613439406898076,0.797682032583567,0.951661251082858
1.254,0.898256049845133,0.840319703599397,0.880947986879338,0.609526742674612,0.745313721965087,0.594305200848211,0.718484326685769,0.613439224201418,0.797679383460987,0.951660332958307
1.256,0.898255174629301,0.840319075250663,0.880948967542676,0.609525428317448,0.745311376985309,0.594304833747384,0.718482750231803,0.61343904150476,0.797676734338408,0.951659414833755
1.258,0.898254299413469,0.840318446901929,0.880949948206014,0.609524113960283,0.745309032005532,0.594304466646557,0.718481173777837,0.613438858808103,0.797674085215828,0.951658496709204
1.26,0.898253424197636,0.840317818553194,0.880950928869352,0.609522799603119,0.745306687025754,0.59430409954573,0.718479597323872,0.613438676111445,0.797671436093249,0.951657578584653
1.262,0.898252548981804,0.84031719020446,0.88095190953269,0.609521485245955,0.745304342045976,0.594303732444903,0.718478020869906,0.613438493414787,0.79766878697067,0.951656660460101
1.264,0.898251673765972,0.840316561855726,0.880952890196027,0.609520170888791,0.745301997066199,0.594303365344076,0.71847644441594,0.61343831071813,0.79766613784809,0.951655845424975
1.266,0.89825079855014,0.840316107075294,0.880953870859365,0.609518856531627,0.745299652086421,0.594302998243249,0.718474867961974,0.613438128021472,0.797663488725511,0.951655328263383
1.268,0.898249974024353,0.8403157069824,0.880954851522703,0.609517542174463,0.745297307106644,0.594302631142422,0.718473291508009,0.613437945324814,0.797660839602931,0.951654811101792
1.27,0.898249437719247,0.840315306889505,0.880955832186041,0.609516227817298,0.745294962126866,0.594302264041595,0.718471715054043,0.613437762628157,0.797658190480352,0.951654293940201
1.272,0.89824890141414,0.840314906796611,0.880956812849379,0.609514913460134,0.745292617147089,0.594301896940769,0.718470138600077,0.613437579931499,0.797655541357773,0.951653776778609
1.274,0.898248365109034,0.840314506703717,0.880957793512716,0.60951359910297,0.745290272167311,0.594301529839942,0.718468562146111,0.613437397234841,0.797652892235193,0.951653259617018
1.276,0.898247828803928,0.840314106610823,0.880958774176054,0.609512284745806,0.745287927187533,0.594301162739115,0.718466985692146,0.613437214538184,0.797650335428087,0.951652742455426
1.278,0.898247292498822,0.840313706517928,0.880959754839392,0.609510970388641,0.745285582207756,0.594300795638288,0.71846540923818,0.613437031841526,0.797648429898863,0.951652225293835
1.28,0.898246756193716,0.840313306425034,0.88096073550273,0.609509656031477,0.745283237227978,0.594300428537461,0.718463832784214,0.613436849144868,0.797646524369639,0.951651708132243
1.282,0.898246219888609,0.84031290633214,0.880961716166067,0.609508341674313,0.745280892248201,0.594300122401184,0.718462256330248,0.61343666644821,0.797644618840414,0.951651190970652
1.284,0.898245683583503,0.840312506239245,0.880962696829405,0.609507027317149,0.745278547268423,0.594299887203393,0.718460679876283,0.613436483751553,0.79764271331119,0.951650673809061
1.286,0.898245147278397,0.840312106146351,0.880963677492743,0.609505712959985,0.745276202288646,0.594299652005602,0.718459266443202,0.613436301054895,0.797640807781966,0.951650156647469
1.288,0.89824461097329,0.840311706053457,0.880964657306106,0.60950439860282,0.745274080192229,0.594299416807811,0.718458163474292,0.613436118358237,0.797638902252741,0.951649639485878
1.29,0.898244074668184,0.840311305960562,0.880965635315987,0.609503084245656,0.745272467880348,0.59429918161002,0.718457060505382,0.61343593566158,0.797636996723517,0.951649122324286
1.292,0.898243538363078,0.840310905867668,0.880966613325869,0.609501769888492,0.745270855568467,0.594298946412229,0.718455957536472,0.61343576208754,0.797635091194293,0.951648605162695
1.294,0.898243002057972,0.840310505774774,0.880967591335751,0.609500854722862,0.745269243256586,0.594298711214438,0.718454854567563,0.613435645361199,0.797633185665068,0.951648088001103
1.296,0.898242465752866,0.84031010568188,0.880968569345632,0.609499962919239,0.745267630944705,0.594298476016648,0.718453751598653,0.613435528634858,0.797631280135844,0.951647570839512
1.298,0.898241929447759,0.840309705588985,0.880969547355514,0.609499071115617,0.745266018632825,0.594298240818857,0.718452648629743,0.613435411908516,0.79762937460662,0.951647053677921
1.3,0.898241393142653,0.840309305496091,0.880970525365396,0.609498179311994,0.745264406320944,0.594298005621066,0.718451545660833,0.613435295182175,0.797627469077396,0.951646536516329
1.302,0.898240856837547,0.840308905403197,0.880971503375277,0.609497287508371,0.745262794009063,0.594297770423275,0.718450442691924,0.613435178455833,0.797625563548171,0.951646019354738
1.304,0.898240320532441,0.840308505310302,0.880972481385159,0.609496395704748,0.745261181697182,0.594297535225484,0.718449339723014,0.613435061729492,0.797623658018947,0.951645502193146
1.306,0.898239784227334,0.840308105217408,0.88097345939504,0.609495503901126,0.745259569385301,0.594297300027693,0.718448236754104,0.613434945003151,0.797621752489723,0.951644985031555
1.308,0.898239247922228,0.840307705124514,0.880974437404922,0.609494612097503,0.74525795707342,0.594297064829902,0.718447133785194,0.613434828276809,0.797619846960499,0.951644467869963
1.31,0.898238711617122,0.840307305031619,0.880975415414804,0.60949372029388,0.74525634476154,0.594296829632111,0.718446030816284,0.613434711550468,0.797617941431274,0.951643950708372
1.312,0.898238175312016,0.840306904938725,0.880976393424685,0.609492828490257,0.745254732449659,0.594296594434321,0.718444927847375,0.613434594824127,0.79761603590205,0.951643433546781
1.314,0.898237639006909,0.840306504845831,0.880977371434567,0.609491936686634,0.745253120137778,0.59429635923653,0.718443824878465,0.613434478097785,0.797614130372826,0.951642977196905
1.316,0.898237102701803,0.840306215162648,0.880978349444449,0.609491044883012,0.745251507825897,0.594296124038739,0.718442721909555,0.613434361371444,0.797612224843602,0.951642696560502
1.318,0.898236597788016,0.840305960267127,0.88097932745433,0.609490153079389,0.745249895514016,0.594295888840948,0.718441618940645,0.613434244645102,0.797610319314377,0.9516424159241
1.32,0.89823627136346,0.840305705371606,0.880980305464212,0.609489261275766,0.745248283202135,0.594295653643157,0.718440515971736,0.613434127918761,0.797608413785153,0.951642135287697
1.322,0.898235944938905,0.840305450476084,0.880981283474094,0.609488369472143,0.745246670890255,0.594295418445366,0.718439413002826,0.61343401119242,0.797606508255929,0.951641854651294
1.324,0.89823561851435,0.840305195580563,0.880982261483975,0.609487477668521,0.745245058578374,0.594295183247575,0.718438310033916,0.613433894466078,0.797604602726705,0.951641574014891
1.326,0.898235292089794,0.840304940685041,0.880983239493857,0.609486585864898,0.745243446266493,0.594294948049784,0.718437207065006,0.613433777739737,0.797602765935629,0.951641293378489
1.328,0.898234965665239,0.84030468578952,0.880984217503739,0.609485694061275,0.745241833954612,0.594294712851993,0.718436104096097,0.613433661013396,0.797601414086401,0.951641012742086
1.33,0.898234639240683,0.840304430893998,0.88098519551362,0.609484802257652,0.745240221642731,0.594294477654203,0.718435001127187,0.613433544287054,0.797600062237173,0.951640732105683
1.332,0.898234312816128,0.840304175998477,0.880986173523502,0.609483910454029,0.74523860933085,0.594294281431981,0.718433898158277,0.613433427560713,0.797598710387945,0.95164045146928
1.334,0.898233986391573,0.840303921102955,0.880987151533383,0.609483018650407,0.74523699701897,0.594294130561819,0.718432795189367,0.613433310834371,0.797597358538717,0.951640170832878
1.336,0.898233659967018,0.840303666207434,0.880988129543265,0.609482126846784,0.745235384707089,0.594293979691656,0.718431809160159,0.61343319410803,0.797596006689489,0.951639890196475
1.338,0.898233333542462,0.840303411311913,0.880989070124669,0.609481235043161,0.745233923747267,0.594293828821494,0.718431045836082,0.613433077381689,0.797594654840261,0.951639609560072
1.34,0.898233007117907,0.840303156416391,0.880989931290147,0.609480343239538,0.745232808963755,0.594293677951332,0.718430282512004,0.613432960655347,0.797593302991033,0.95163932892367
1.342,0.898232680693351,0.84030290152087,0.880990792455625,0.609479451435916,0.745231694180243,0.59429352708117,0.718429519187927,0.613432850353829,0.797591951141805,0.951639048287267
1.344,0.898232354268796,0.840302646625348,0.880991653621102,0.609478831008371,0.74523057939673,0.594293376211008,0.71842875586385,0.613432780088666,0.797590599292577,0.951638767650864
1.346,0.89823202784424,0.840302391729827,0.88099251478658,0.60947822646265,0.745229464613218,0.594293225340845,0.718427992539773,0.613432709823502,0.797589247443349,0.951638487014461
1.348,0.898231701419685,0.840302136834305,0.880993375952057,0.609477621916929,0.745228349829706,0.594293074470683,0.718427229215695,0.613432639558339,0.797587895594121,0.951638206378058
1.35,0.89823137499513,0.840301881938784,0.880994237117535,0.609477017371208,0.745227235046194,0.594292923600521,0.718426465891618,0.613432569293175,0.797586543744893,0.951637925741656
1.352,0.898231048570574,0.840301627043262,0.880995098283012,0.609476412825488,0.745226120262682,0.594292772730359,0.718425702567541,0.613432499028012,0.797585191895665,0.951637645105253
1.354,0.898230722146019,0.840301372147741,0.88099595944849,0.609475808279767,0.74522500547917,0.594292621860197,0.718424939243463,0.613432428762849,0.797583840046437,0.95163736446885
1.356,0.898230395721463,0.840301117252219,0.880996820613967,0.609475203734046,0.745223890695657,0.594292470990034,0.718424175919386,0.613432358497686,0.797582488197209,0.951637083832447
1.358,0.898230069296908,0.840300862356698,0.880997681779445,0.609474599188326,0.745222775912145,0.594292320119872,0.718423412595309,0.613432288232522,0.797581136347981,0.951636803196045
1.36,0.898229742872353,0.840300607461176,0.880998542944923,0.609473994642605,0.745221661128633,0.59429216924971,0.718422649271231,0.613432217967359,0.797579784498753,0.951636522559642
1.362,0.898229416447797,0.840300352565655,0.8809994041104,0.609473390096884,0.745220546345121,0.594292018379548,0.718421885947154,0.613432147702196,0.797578432649525,0.951636241923239
1.364,0.898229090023242,0.840300097670134,0.881000265275878,0.609472785551163,0.745219431561609,0.594291867509386,0.718421122623077,0.613432077437032,0.797577080800297,0.951635996511352
1.366,0.898228763598687,0.840299912711668,0.881001126441355,0.609472181005443,0.745218316778096,0.594291716639223,0.718420359299,0.613432007171869,0.79757572895107,0.951635852879554
1.368,0.898228456542394,0.840299749788823,0.881001987606833,0.609471576459722,0.745217201994584,0.594291565769061,0.718419595974922,0.613431936906706,0.797574377101841,0.951635709247757
1.37,0.898228259612931,0.840299586865979,0.88100284877231,0.609470971914001,0.745216087211072,0.594291414898899,0.718418832650845,0.613431866641542,0.797573025252613,0.951635565615959
1.372,0.898228062683467,0.840299423943134,0.881003709937788,0.609470367368281,0.74521497242756,0.594291264028737,0.718418069326768,0.613431796376379,0.797571673403386,0.951635421984162
1.374,0.898227865754003,0.84029926102029,0.881004571103266,0.60946976282256,0.745213857644048,0.594291113158575,0.71841730600269,0.613431726111216,0.797570321554157,0.951635278352364
1.376,0.898227668824539,0.840299098097445,0.881005432268743,0.609469158276839,0.745212742860535,0.594290962288412,0.718416542678613,0.613431655846052,0.797569016044322,0.951635134720566
1.378,0.898227471895075,0.840298935174601,0.881006293434221,0.609468553731118,0.745211628077023,0.59429081141825,0.718415779354536,0.613431585580889,0.797568037454991,0.951634991088769
1.38,0.898227274965611,0.840298772251756,0.881007154599698,0.609467949185398,0.745210513293511,0.594290660548088,0.718415016030459,0.613431515315726,0.79756705886566,0.951634847456971
1.382,0.898227078036148,0.840298609328911,0.881008015765176,0.609467344639677,0.745209398509999,0.594290534563207,0.718414252706381,0.613431445050562,0.79756608027633,0.951634703825173
1.384,0.898226881106684,0.840298446406067,0.881008876930653,0.609466740093956,0.745208283726487,0.594290437534894,0.718413489382304,0.613431374785399,0.797565101686999,0.951634560193376
1.386,0.89822668417722,0.840298283483222,0.881009738096131,0.609466135548235,0.745207168942975,0.594290340506581,0.718412801553155,0.613431304520236,0.797564123097668,0.951634416561578
1.388,0.898226487247756,0.840298120560378,0.881010549800127,0.609465531002515,0.745206159109986,0.594290243478269,0.718412257499883,0.613431234255072,0.797563144508337,0.951634272929781
1.39,0.898226290318292,0.840297957637533,0.881011256556509,0.609464926456794,0.745205389322527,0.594290146449956,0.71841171344661,0.613431163989909,0.797562165919007,0.951634129297983
1.392,0.898226093388828,0.840297794714689,0.881011963312891,0.609464321911073,0.745204619535067,0.594290049421643,0.718411169393337,0.613431097529906,0.797561187329676,0.951633985666186
1.394,0.898225896459365,0.840297631791844,0.881012670069273,0.609463882628354,0.745203849747608,0.59428995239333,0.718410625340064,0.6134310547818,0.797560208740345,0.951633842034388
1.396,0.898225699529901,0.840297468868999,0.881013376825655,0.609463453017372,0.745203079960149,0.594289855365018,0.718410081286792,0.613431012033694,0.797559230151015,0.95163369840259
1.398,0.898225502600437,0.840297305946155,0.881014083582037,0.609463023406389,0.745202310172689,0.594289758336705,0.718409537233519,0.613430969285588,0.797558251561684,0.951633554770793
1.4,0.898225305670973,0.84029714302331,0.881014790338419,0.609462593795407,0.74520154038523,0.594289661308392,0.718408993180246,0.613430926537482,0.797557272972353,0.951633411138995
1.402,0.898225108741509,0.840296980100466,0.881015497094801,0.609462164184425,0.74520077059777,0.59428956428008,0.718408449126973,0.613430883789377,0.797556294383022,0.951633267507197
1.404,0.898224911812045,0.840296817177621,0.881016203851183,0.609461734573442,0.745200000810311,0.594289467251767,0.7184079050737,0.613430841041271,0.797555315793692,0.9516331238754
1.406,0.898224714882581,0.840296654254777,0.881016910607565,0.60946130496246,0.745199231022851,0.594289370223454,0.718407361020427,0.613430798293165,0.797554337204361,0.951632980243602
1.408,0.898224517953118,0.840296491331932,0.881017617363947,0.609460875351477,0.745198461235392,0.594289273195142,0.718406816967155,0.613430755545059,0.79755335861503,0.951632836611805
1.41,0.898224321023654,0.840296328409088,0.881018324120329,0.609460445740495,0.745197691447933,0.594289176166829,0.718406272913882,0.613430712796953,0.7975523800257,0.951632692980007
1.412,0.89822412409419,0.840296165486243,0.881019030876711,0.609460016129512,0.745196921660473,0.594289079138516,0.718405728860609,0.613430670048847,0.797551401436369,0.95163254934821
1.414,0.898223927164726,0.840296002563399,0.881019737633093,0.60945958651853,0.745196151873014,0.594288982110204,0.718405184807336,0.613430627300742,0.797550422847038,0.951632425456136
1.416,0.898223730235262,0.840295884131189,0.881020444389475,0.609459156907547,0.745195382085554,0.594288885081891,0.718404640754063,0.613430584552636,0.797549444257707,0.95163235860135
1.418,0.898223544983366,0.840295779716996,0.881021151145857,0.609458727296565,0.745194612298095,0.594288788053578,0.718404096700791,0.61343054180453,0.797548465668377,0.951632291746565
1.42,0.898223426129443,0.840295675302802,0.881021857902239,0.609458297685582,0.745193842510636,0.594288691025265,0.718403552647518,0.613430499056424,0.797547487079046,0.951632224891779
1.422,0.898223307275521,0.840295570888609,0.881022564658621,0.6094578680746,0.745193072723176,0.594288593996953,0.718403008594245,0.613430456308318,0.797546508489715,0.951632158036994
1.424,0.898223188421598,0.840295466474416,0.881023271415003,0.609457438463618,0.745192302935717,0.59428849696864,0.718402464540972,0.613430413560212,0.797545529900385,0.951632091182209
1.426,0.898223069567675,0.840295362060222,0.881023978171385,0.609457008852635,0.745191533148257,0.594288399940327,0.718401920487699,0.613430370812107,0.797544583346025,0.951632024327424
1.428,0.898222950713753,0.840295257646029,0.881024684927767,0.609456579241653,0.745190763360798,0.594288302912015,0.718401376434427,0.613430328064001,0.797543862795685,0.951631957472638
1.43,0.89822283185983,0.840295153231836,0.881025391684149,0.60945614963067,0.745189993573338,0.594288205883702,0.718400832381154,0.613430285315895,0.797543142245345,0.951631890617853
1.432,0.898222713005907,0.840295048817643,0.881026098440531,0.609455720019688,0.745189223785879,0.594288124993511,0.718400288327881,0.613430242567789,0.797542421695005,0.951631823763068
1.434,0.898222594151985,0.840294944403449,0.881026805196913,0.609455290408705,0.74518845399842,0.594288062881674,0.718399744274608,0.613430199819683,0.797541701144665,0.951631756908282
1.436,0.898222475298062,0.840294839989256,0.881027511953295,0.609454860797723,0.74518768421096,0.594288000769838,0.718399254451461,0.613430157071578,0.797540980594325,0.951631690053497
1.438,0.89822235644414,0.840294735575063,0.881028168930652,0.60945443118674,0.745186987625658,0.594287938658001,0.718398867906561,0.613430114323472,0.797540260043985,0.951631623198712
1.44,0.898222237590217,0.840294631160869,0.881028720286627,0.609454001575758,0.745186458470205,0.594287876546165,0.71839848136166,0.613430071575366,0.797539539493645,0.951631556343926
1.442,0.898222118736294,0.840294526746676,0.881029271642603,0.609453571964775,0.745185929314752,0.594287814434328,0.71839809481676,0.613430031028962,0.797538818943305,0.951631489489141
1.444,0.898221999882372,0.840294422332483,0.881029822998579,0.609453265902797,0.745185400159299,0.594287752322492,0.718397708271859,0.613430004202493,0.797538098392965,0.951631422634356
1.446,0.898221881028449,0.84029431791829,0.881030374354555,0.609452967071314,0.745184871003847,0.594287690210655,0.718397321726958,0.613429977376023,0.797537377842625,0.95163135577957
1.448,0.898221762174526,0.840294213504096,0.88103092571053,0.609452668239831,0.745184341848394,0.594287628098819,0.718396935182058,0.613429950549553,0.797536657292285,0.951631288924785
1.45,0.898221643320604,0.840294109089903,0.881031477066506,0.609452369408348,0.745183812692941,0.594287565986982,0.718396548637157,0.613429923723083,0.797535936741945,0.95163122207
1.452,0.898221524466681,0.84029400467571,0.881032028422482,0.609452070576866,0.745183283537489,0.594287503875146,0.718396162092257,0.613429896896614,0.797535216191605,0.951631155215214
1.454,0.898221405612759,0.840293900261516,0.881032579778457,0.609451771745383,0.745182754382036,0.594287441763309,0.718395775547356,0.613429870070144,0.797534495641265,0.951631088360429
1.456,0.898221286758836,0.840293795847323,0.881033131134433,0.6094514729139,0.745182225226583,0.594287379651473,0.718395389002455,0.613429843243674,0.797533775090925,0.951631021505643
1.458,0.898221167904913,0.84029369143313,0.881033682490409,0.609451174082417,0.74518169607113,0.594287317539637,0.718395002457555,0.613429816417204,0.797533054540585,0.951630954650858
1.46,0.898221049050991,0.840293587018937,0.881034233846385,0.609450875250934,0.745181166915678,0.5942872554278,0.718394615912654,0.613429789590734,0.797532333990245,0.951630887796073
1.462,0.898220930197068,0.840293482604743,0.88103478520236,0.609450576419452,0.745180637760225,0.594287193315963,0.718394229367754,0.613429762764265,0.797531613439906,0.951630820941287
1.464,0.898220811343145,0.84029337819055,0.881035336558336,0.609450277587969,0.745180108604772,0.594287131204127,0.718393842822853,0.613429735937795,0.797530892889566,0.951630764698417
1.466,0.898220692489223,0.840293302568699,0.881035887914312,0.609449978756486,0.74517957944932,0.594287069092291,0.718393456277953,0.613429709111325,0.797530172339226,0.951630739118331
1.468,0.898220580764856,0.840293236018678,0.881036439270287,0.609449679925003,0.745179050293867,0.594287006980454,0.718393069733052,0.613429682284855,0.797529451788886,0.951630713538245
1.47,0.898220509578736,0.840293169468658,0.881036990626263,0.60944938109352,0.745178521138414,0.594286944868618,0.718392683188151,0.613429655458385,0.797528731238546,0.951630687958159
1.472,0.898220438392616,0.840293102918637,0.881037541982239,0.609449082262037,0.745177991982961,0.594286882756781,0.718392296643251,0.613429628631916,0.797528010688206,0.951630662378073
1.474,0.898220367206495,0.840293036368617,0.881038093338214,0.609448783430555,0.745177462827509,0.594286820644945,0.71839191009835,0.613429601805446,0.797527290137866,0.951630636797986
1.476,0.898220296020374,0.840292969818597,0.88103864469419,0.609448484599072,0.745176933672056,0.594286758533108,0.718391523553449,0.613429574978976,0.797526594676074,0.9516306112179
1.478,0.898220224834254,0.840292903268576,0.881039196050166,0.609448185767589,0.745176404516603,0.594286696421272,0.718391137008549,0.613429548152506,0.797526076211874,0.951630585637814
1.48,0.898220153648133,0.840292836718556,0.881039747406142,0.609447886936106,0.74517587536115,0.594286634309435,0.718390750463648,0.613429521326036,0.797525557747674,0.951630560057728
1.482,0.898220082462013,0.840292770168535,0.881040298762117,0.609447588104623,0.745175346205698,0.594286582614124,0.718390363918748,0.613429494499567,0.797525039283474,0.951630534477641
1.484,0.898220011275892,0.840292703618515,0.881040850118093,0.60944728927314,0.745174817050245,0.594286543039507,0.718389977373847,0.613429467673097,0.797524520819274,0.951630508897555
1.486,0.898219940089772,0.840292637068495,0.881041401474069,0.609446990441658,0.745174287894792,0.594286503464889,0.718389632251901,0.613429440846627,0.797524002355074,0.951630483317469
1.488,0.898219868903651,0.840292570518474,0.881041907972494,0.609446691610175,0.745173808399003,0.594286463890271,0.71838936601766,0.613429414020157,0.797523483890874,0.951630457737383
1.49,0.898219797717531,0.840292503968454,0.881042319291947,0.609446392778692,0.74517344248607,0.594286424315653,0.718389099783418,0.613429387193687,0.797522965426674,0.951630432157297
1.492,0.89821972653141,0.840292437418433,0.881042730611401,0.609446093947209,0.745173076573136,0.594286384741035,0.718388833549177,0.613429361854803,0.797522446962474,0.95163040657721
1.494,0.89821965534529,0.840292370868413,0.881043141930854,0.609445882318283,0.745172710660203,0.594286345166418,0.718388567314935,0.613429345785826,0.797521928498274,0.951630380997124
1.496,0.898219584159169,0.840292304318393,0.881043553250307,0.609445675792739,0.745172344747269,0.5942863055918,0.718388301080693,0.613429329716848,0.797521410034074,0.951630355417038
1.498,0.898219512973049,0.840292237768372,0.881043964569761,0.609445469267195,0.745171978834336,0.594286266017182,0.718388034846452,0.61342931364787,0.797520891569875,0.951630329836952
1.5,0.898219441786928,0.840292171218352,0.881044375889214,0.609445262741651,0.745171612921402,0.594286226442564,0.71838776861221,0.613429297578892,0.797520373105675,0.951630304256865
1.502,0.898219370600808,0.840292104668331,0.881044787208668,0.609445056216107,0.745171247008469,0.594286186867947,0.718387502377968,0.613429281509914,0.797519854641475,0.951630278676779
1.504,0.898219299414687,0.840292038118311,0.881045198528121,0.609444849690563,0.745170881095535,0.594286147293329,0.718387236143727,0.613429265440937,0.797519336177275,0.951630253096693
1.506,0.898219228228567,0.84029197156829,0.881045609847575,0.609444643165019,0.745170515182602,0.594286107718711,0.718386969909485,0.613429249371959,0.797518817713075,0.951630227516607
1.508,0.898219157042446,0.84029190501827,0.881046021167028,0.609444436639474,0.745170149269668,0.594286068144093,0.718386703675244,0.613429233302981,0.797518299248875,0.95163020193652
1.51,0.898219085856325,0.84029183846825,0.881046432486482,0.60944423011393,0.745169783356735,0.594286028569475,0.718386437441002,0.613429217234003,0.797517780784675,0.951630176356434
1.512,0.898219014670205,0.840291771918229,0.881046843805935,0.609444023588386,0.745169417443801,0.594285988994858,0.718386171206761,0.613429201165026,0.797517262320475,0.951630150776348
1.514,0.898218943484085,0.840291705368209,0.881047255125389,0.609443817062842,0.745169051530868,0.59428594942024,0.718385904972519,0.613429185096048,0.797516743856275,0.95163013060332
1.516,0.898218872297964,0.840291656973145,0.881047666444842,0.609443610537298,0.745168685617934,0.594285909845622,0.718385638738277,0.61342916902707,0.797516225392075,0.95163012605381
1.518,0.898218805441977,0.840291614298308,0.881048077764295,0.609443404011754,0.745168319705001,0.594285870271004,0.718385372504036,0.613429152958092,0.797515706927875,0.9516301215043
1.52,0.898218763206876,0.84029157162347,0.881048489083749,0.60944319748621,0.745167953792067,0.594285830696386,0.718385106269794,0.613429136889115,0.797515188463675,0.95163011695479
1.522,0.898218720971775,0.840291528948632,0.881048900403202,0.609442990960665,0.745167587879134,0.594285791121768,0.718384840035552,0.613429120820137,0.797514669999475,0.951630112405281
1.524,0.898218678736675,0.840291486273795,0.881049311722656,0.609442784435121,0.7451672219662,0.594285751547151,0.718384573801311,0.613429104751159,0.797514151535275,0.951630107855771
1.526,0.898218636501574,0.840291443598957,0.881049723042109,0.609442577909577,0.745166856053267,0.594285711972533,0.718384307567069,0.613429088682181,0.797513651136822,0.951630103306261
1.528,0.898218594266473,0.840291400924119,0.881050134361563,0.609442371384033,0.745166490140333,0.594285672397915,0.718384041332828,0.613429072613204,0.797513278190689,0.951630098756751
1.53,0.898218552031373,0.840291358249281,0.881050545681016,0.609442164858489,0.7451661242274,0.594285632823297,0.718383775098586,0.613429056544226,0.797512905244556,0.951630094207241
1.532,0.898218509796272,0.840291315574444,0.881050957000469,0.609441958332945,0.745165758314466,0.594285599825705,0.718383508864344,0.613429040475248,0.797512532298423,0.951630089657731
1.534,0.898218467561171,0.840291272899606,0.881051368319923,0.609441751807401,0.745165392401533,0.594285574481155,0.718383242630103,0.61342902440627,0.79751215935229,0.951630085108222
1.536,0.898218425326071,0.840291230224768,0.881051779639376,0.609441545281856,0.745165026488599,0.594285549136605,0.718383004010178,0.613429008337293,0.797511786406157,0.951630080558712
1.538,0.89821838309097,0.840291187549931,0.88105215499148,0.609441338756312,0.745164695280003,0.594285523792054,0.718382817980179,0.613428992268315,0.797511413460024,0.951630076009202
1.54,0.89821834085587,0.840291144875093,0.881052454027886,0.609441132230768,0.745164443448055,0.594285498447504,0.718382631950179,0.613428976199337,0.797511040513891,0.951630071459692
1.542,0.898218298620769,0.840291102200255,0.881052753064291,0.609440925705224,0.745164191616107,0.594285473102954,0.718382445920179,0.613428961005467,0.797510667567758,0.951630066910182
1.544,0.898218256385668,0.840291059525418,0.881053052100697,0.609440777158574,0.74516393978416,0.594285447758404,0.71838225989018,0.613428951264843,0.797510294621625,0.951630062360672
1.546,0.898218214150568,0.84029101685058,0.881053351137102,0.609440632005041,0.745163687952213,0.594285422413853,0.71838207386018,0.613428941524218,0.797509921675492,0.951630057811162
1.548,0.898218171915467,0.840290974175742,0.881053650173508,0.609440486851508,0.745163436120265,0.594285397069303,0.71838188783018,0.613428931783593,0.797509548729359,0.951630053261653
1.55,0.898218129680366,0.840290931500905,0.881053949209914,0.609440341697975,0.745163184288318,0.594285371724753,0.718381701800181,0.613428922042969,0.797509175783226,0.951630048712143
1.552,0.898218087445266,0.840290888826067,0.881054248246319,0.609440196544442,0.74516293245637,0.594285346380203,0.718381515770181,0.613428912302344,0.797508802837093,0.951630044162633
1.554,0.898218045210165,0.840290846151229,0.881054547282724,0.609440051390908,0.745162680624422,0.594285321035652,0.718381329740182,0.61342890256172,0.79750842989096,0.951630039613123
1.556,0.898218002975064,0.840290803476391,0.88105484631913,0.609439906237375,0.745162428792475,0.594285295691102,0.718381143710182,0.613428892821095,0.797508056944827,0.951630035063613
1.558,0.898217960739964,0.840290760801554,0.881055145355536,0.609439761083842,0.745162176960528,0.594285270346552,0.718380957680182,0.61342888308047,0.797507683998694,0.951630030514104
1.56,0.898217918504863,0.840290718126716,0.881055444391941,0.609439615930309,0.74516192512858,0.594285245002002,0.718380771650183,0.613428873339846,0.797507311052561,0.951630025964594
1.562,0.898217876269763,0.840290675451878,0.881055743428347,0.609439470776776,0.745161673296633,0.594285219657451,0.718380585620183,0.613428863599221,0.797506938106428,0.951630021415084
1.564,0.898217834034662,0.840290632777041,0.881056042464752,0.609439325623242,0.745161421464685,0.594285194312901,0.718380399590183,0.613428853858596,0.797506565160295,0.951630019319899
1.566,0.898217791799561,0.840290601827125,0.881056341501158,0.609439180469709,0.745161169632738,0.594285168968351,0.718380213560184,0.613428844117972,0.797506192214162,0.951630024316404
1.568,0.898217752148848,0.840290574571473,0.881056640537563,0.609439035316176,0.74516091780079,0.594285143623801,0.718380027530184,0.613428834377347,0.797505819268029,0.951630029312909
1.57,0.89821772719281,0.840290547315821,0.881056939573969,0.609438890162643,0.745160665968843,0.59428511827925,0.718379841500184,0.613428824636723,0.797505446321896,0.951630034309414
1.572,0.898217702236773,0.840290520060169,0.881057238610374,0.609438745009109,0.745160414136895,0.5942850929347,0.718379655470185,0.613428814896098,0.797505073375763,0.951630039305919
1.574,0.898217677280735,0.840290492804517,0.88105753764678,0.609438599855576,0.745160162304948,0.59428506759015,0.718379469440185,0.613428805155473,0.79750470042963,0.951630044302424
1.576,0.898217652324698,0.840290465548865,0.881057836683185,0.609438454702043,0.745159910473,0.5942850422456,0.718379283410185,0.613428795414849,0.797504339898923,0.951630049298929
1.578,0.89821762736866,0.840290438293214,0.881058135719591,0.60943830954851,0.745159658641053,0.594285016901049,0.718379097380186,0.613428785674224,0.797504066957999,0.951630054295434
1.58,0.898217602412623,0.840290411037562,0.881058434755996,0.609438164394977,0.745159406809105,0.594284991556499,0.718378911350186,0.613428775933599,0.797503794017075,0.951630059291939
1.582,0.898217577456585,0.84029038378191,0.881058733792402,0.609438019241443,0.745159154977158,0.594284970403127,0.718378725320187,0.613428766192975,0.797503521076151,0.951630064288444
1.584,0.898217552500548,0.840290356526258,0.881059032828807,0.60943787408791,0.74515890314521,0.59428495412662,0.718378539290187,0.61342875645235,0.797503248135227,0.951630069284949
1.586,0.89821752754451,0.840290329270606,0.881059331865213,0.609437728934377,0.745158651313263,0.594284937850112,0.718378372517938,0.613428746711726,0.797502975194302,0.951630074281454
1.588,0.898217502588473,0.840290302014954,0.881059602788203,0.609437583780844,0.745158423472265,0.594284921573605,0.718378242421,0.613428736971101,0.797502702253378,0.951630079277959
1.59,0.898217477632435,0.840290274759302,0.881059814060011,0.609437438627311,0.745158250503984,0.594284905297098,0.718378112324062,0.613428727230476,0.797502429312454,0.951630084274464
1.592,0.898217452676398,0.84029024750365,0.881060025331819,0.609437293473777,0.745158077535702,0.59428488902059,0.718377982227124,0.613428718002311,0.79750215637153,0.951630089270969
1.594,0.89821742772036,0.840290220247998,0.881060236603627,0.609437192586042,0.74515790456742,0.594284872744083,0.718377852130186,0.61342871196754,0.797501883430606,0.951630094267474
1.596,0.898217402764323,0.840290192992347,0.881060447875434,0.609437094288888,0.745157731599139,0.594284856467575,0.718377722033248,0.61342870593277,0.797501610489682,0.951630099263979
1.598,0.898217377808285,0.840290165736695,0.881060659147242,0.609436995991734,0.745157558630857,0.594284840191068,0.71837759193631,0.613428699897999,0.797501337548758,0.951630104260484
1.6,0.898217352852248,0.840290138481043,0.88106087041905,0.609436897694579,0.745157385662576,0.594284823914561,0.718377461839372,0.613428693863229,0.797501064607833,0.951630109256989
1.602,0.89821732789621,0.840290111225391,0.881061081690858,0.609436799397425,0.745157212694294,0.594284807638053,0.718377331742434,0.613428687828458,0.797500791666909,0.951630114253494
1.604,0.898217302940173,0.840290083969739,0.881061292962666,0.609436701100271,0.745157039726013,0.594284791361546,0.718377201645496,0.613428681793688,0.797500518725985,0.951630119249999
1.606,0.898217277984135,0.840290056714087,0.881061504234474,0.609436602803117,0.745156866757731,0.594284775085039,0.718377071548558,0.613428675758917,0.797500245785061,0.951630124246504
1.608,0.898217253028098,0.840290029458435,0.881061715506281,0.609436504505962,0.745156693789449,0.594284758808531,0.71837694145162,0.613428669724147,0.797499972844137,0.951630129243009
1.61,0.898217228072061,0.840290002202783,0.881061926778089,0.609436406208808,0.745156520821168,0.594284742532024,0.718376811354682,0.613428663689376,0.797499699903212,0.951630134239514
1.612,0.898217203116023,0.840289974947132,0.881062138049897,0.609436307911654,0.745156347852886,0.594284726255516,0.718376681257745,0.613428657654606,0.797499426962288,0.951630139236019
1.614,0.898217178159985,0.84028994769148,0.881062349321705,0.609436209614499,0.745156174884605,0.594284709979009,0.718376551160806,0.613428651619836,0.797499154021364,0.951630145049631
1.616,0.898217153203948,0.840289928004078,0.881062560593513,0.609436111317345,0.745156001916323,0.594284693702502,0.718376421063869,0.613428645585065,0.79749888108044,0.951630153224247
1.618,0.898217129791112,0.840289910701265,0.881062771865321,0.609436013020191,0.745155828948042,0.594284677425994,0.718376290966931,0.613428639550294,0.797498608139516,0.951630161398863
1.62,0.89821711515283,0.840289893398452,0.881062983137128,0.609435914723036,0.74515565597976,0.594284661149487,0.718376160869993,0.613428633515524,0.797498335198592,0.951630169573479
1.622,0.898217100514548,0.840289876095639,0.881063194408936,0.609435816425882,0.745155483011478,0.594284644872979,0.718376030773055,0.613428627480753,0.797498062257668,0.951630177748094
1.624,0.898217085876266,0.840289858792825,0.881063405680744,0.609435718128728,0.745155310043197,0.594284628596472,0.718375900676117,0.613428621445983,0.797497789316743,0.95163018592271
1.626,0.898217071237984,0.840289841490012,0.881063616952552,0.609435619831573,0.745155137074915,0.594284612319965,0.718375770579179,0.613428615411212,0.797497526446001,0.951630194097326
1.628,0.898217056599702,0.840289824187199,0.88106382822436,0.609435521534419,0.745154964106634,0.594284596043457,0.718375640482241,0.613428609376442,0.797497334619544,0.951630202271942
1.63,0.89821704196142,0.840289806884386,0.881064039496168,0.609435423237265,0.745154791138352,0.59428457976695,0.718375510385303,0.613428603341671,0.797497142793086,0.951630210446557
1.632,0.898217027323138,0.840289789581573,0.881064250767975,0.60943532494011,0.745154618170071,0.594284566175857,0.718375380288365,0.613428597306901,0.797496950966628,0.951630218621173
1.634,0.898217012684856,0.84028977227876,0.881064462039783,0.609435226642956,0.745154445201789,0.594284555709519,0.718375250191427,0.61342859127213,0.79749675914017,0.951630226795789
1.636,0.898216998046574,0.840289754975946,0.881064673311591,0.609435128345802,0.745154272233507,0.594284545243181,0.718375133438739,0.61342858523736,0.797496567313713,0.951630234970405
1.638,0.898216983408292,0.840289737673133,0.881064863447727,0.609435030048648,0.745154115604968,0.594284534776843,0.718375042099431,0.613428579202589,0.797496375487255,0.95163024314502
1.64,0.89821696877001,0.84028972037032,0.881065008738092,0.609434931751493,0.745153996349107,0.594284524310505,0.718374950760122,0.613428573167819,0.797496183660797,0.951630251319636
1.642,0.898216954131728,0.840289703067507,0.881065154028456,0.609434833454339,0.745153877093245,0.594284513844167,0.718374859420814,0.613428567449097,0.79749599183434,0.951630259494252
1.644,0.898216939493446,0.840289685764694,0.88106529931882,0.609434763517217,0.745153757837383,0.594284503377828,0.718374768081505,0.613428563699833,0.797495800007882,0.951630267668868
1.646,0.898216924855164,0.840289668461881,0.881065444609185,0.609434695239818,0.745153638581522,0.59428449291149,0.718374676742197,0.61342855995057,0.797495608181424,0.951630275843483
1.648,0.898216910216882,0.840289651159067,0.881065589899549,0.609434626962419,0.74515351932566,0.594284482445152,0.718374585402888,0.613428556201307,0.797495416354967,0.951630284018099
1.65,0.8982168955786,0.840289633856254,0.881065735189914,0.60943455868502,0.745153400069798,0.594284471978814,0.718374494063579,0.613428552452044,0.797495224528509,0.951630292192715
1.652,0.898216880940318,0.840289616553441,0.881065880480278,0.609434490407622,0.745153280813937,0.594284461512476,0.718374402724271,0.61342854870278,0.797495032702051,0.951630300367331
1.654,0.898216866302036,0.840289599250628,0.881066025770642,0.609434422130223,0.745153161558075,0.594284451046138,0.718374311384963,0.613428544953517,0.797494840875594,0.951630308541946
1.656,0.898216851663754,0.840289581947815,0.881066171061007,0.609434353852824,0.745153042302213,0.5942844405798,0.718374220045654,0.613428541204254,0.797494649049136,0.951630316716562
1.658,0.898216837025472,0.840289564645002,0.881066316351371,0.609434285575425,0.745152923046352,0.594284430113462,0.718374128706345,0.613428537454991,0.797494457222678,0.951630324891178
1.66,0.89821682238719,0.840289547342188,0.881066461641736,0.609434217298026,0.74515280379049,0.594284419647124,0.718374037367037,0.613428533705727,0.797494265396221,0.951630333065794
1.662,0.898216807748908,0.840289530039375,0.8810666069321,0.609434149020627,0.745152684534629,0.594284409180786,0.718373946027728,0.613428529956464,0.797494073569763,0.951630341240409
1.664,0.898216793110626,0.840289512736562,0.881066752222465,0.609434080743228,0.745152565278767,0.594284398714447,0.71837385468842,0.613428526207201,0.797493881743305,0.951630349524508
1.666,0.898216778472344,0.840289500151993,0.881066897512829,0.609434012465829,0.745152446022905,0.594284388248109,0.718373763349111,0.613428522457938,0.797493689916848,0.951630358124954
1.668,0.898216764746441,0.840289489054038,0.881067042803193,0.60943394418843,0.745152326767044,0.594284377781771,0.718373672009803,0.613428518708674,0.79749349809039,0.9516303667254
1.67,0.898216756208279,0.840289477956082,0.881067188093558,0.609433875911032,0.745152207511182,0.594284367315433,0.718373580670494,0.613428514959411,0.797493306263932,0.951630375325846
1.672,0.898216747670116,0.840289466858127,0.881067333383922,0.609433807633633,0.74515208825532,0.594284356849095,0.718373489331186,0.613428511210148,0.797493114437475,0.951630383926292
1.674,0.898216739131953,0.840289455760172,0.881067478674287,0.609433739356234,0.745151968999459,0.594284346382757,0.718373397991877,0.613428507460885,0.797492922611017,0.951630392526738
1.676,0.89821673059379,0.840289444662217,0.881067623964651,0.609433671078835,0.745151849743597,0.594284335916419,0.718373306652569,0.613428503711621,0.797492737485595,0.951630401127184
1.678,0.898216722055627,0.840289433564262,0.881067769255015,0.609433602801436,0.745151730487735,0.594284325450081,0.71837321531326,0.613428499962358,0.797492599635418,0.951630409727629
1.68,0.898216713517464,0.840289422466307,0.88106791454538,0.609433534524037,0.745151611231874,0.594284314983743,0.718373123973952,0.613428496213095,0.79749246178524,0.951630418328075
1.682,0.898216704979301,0.840289411368352,0.881068059835744,0.609433466246638,0.745151491976012,0.594284306233744,0.718373032634643,0.613428492463832,0.797492323935063,0.951630426928521
1.684,0.898216696441138,0.840289400270397,0.881068205126109,0.609433397969239,0.745151372720151,0.594284299480882,0.718372941295335,0.613428488714568,0.797492186084886,0.951630435528967
1.686,0.898216687902976,0.840289389172442,0.881068350416473,0.60943332969184,0.745151253464289,0.59428429272802,0.718372859392311,0.613428484965305,0.797492048234708,0.951630444129413
1.688,0.898216679364813,0.840289378074487,0.881068480284324,0.609433261414441,0.74515114549099,0.594284285975158,0.718372795460164,0.613428481216042,0.797491910384531,0.951630452729859
1.69,0.89821667082665,0.840289366976532,0.881068577428608,0.609433193137043,0.745151063323458,0.594284279222296,0.718372731528016,0.613428477466779,0.797491772534354,0.951630461330305
1.692,0.898216662288487,0.840289355878577,0.881068674572894,0.609433124859644,0.745150981155926,0.594284272469434,0.718372667595869,0.613428473918425,0.797491634684176,0.951630469930751
1.694,0.898216653750324,0.840289344780621,0.881068771717178,0.609433076224527,0.745150898988394,0.594284265716572,0.718372603663722,0.613428471622039,0.797491496833999,0.951630478531197
1.696,0.898216645212161,0.840289333682666,0.881068868861463,0.609433028738942,0.745150816820862,0.59428425896371,0.718372539731575,0.613428469325653,0.797491358983822,0.951630487131643
1.698,0.898216636673999,0.840289322584711,0.881068966005748,0.609432981253356,0.74515073465333,0.594284252210848,0.718372475799428,0.613428467029267,0.797491221133644,0.951630495732088
1.7,0.898216628135836,0.840289311486756,0.881069063150033,0.609432933767771,0.745150652485798,0.594284245457986,0.71837241186728,0.613428464732881,0.797491083283467,0.951630504332534
1.702,0.898216619597673,0.840289300388801,0.881069160294318,0.609432886282186,0.745150570318265,0.594284238705123,0.718372347935133,0.613428462436495,0.797490945433289,0.95163051293298
1.704,0.89821661105951,0.840289289290846,0.881069257438603,0.6094328387966,0.745150488150733,0.594284231952261,0.718372284002986,0.613428460140109,0.797490807583112,0.951630521533426
1.706,0.898216602521347,0.840289278192891,0.881069354582888,0.609432791311015,0.745150405983201,0.594284225199399,0.718372220070839,0.613428457843724,0.797490669732935,0.951630530133872
1.708,0.898216593983184,0.840289267094936,0.881069451727173,0.60943274382543,0.745150323815669,0.594284218446537,0.718372156138692,0.613428455547338,0.797490531882757,0.951630538734318
1.71,0.898216585445021,0.840289255996981,0.881069548871458,0.609432696339844,0.745150241648137,0.594284211693675,0.718372092206544,0.613428453250952,0.79749039403258,0.951630547334764
1.712,0.898216576906859,0.840289244899026,0.881069646015743,0.609432648854259,0.745150159480605,0.594284204940813,0.718372028274397,0.613428450954566,0.797490256182403,0.95163055593521
1.714,0.898216568368696,0.840289233801071,0.881069743160028,0.609432601368674,0.745150077313073,0.594284198187951,0.71837196434225,0.61342844865818,0.797490118332225,0.951630564325035
1.716,0.898216559830533,0.840289225791426,0.881069840304312,0.609432553883088,0.745149995145541,0.594284191435089,0.718371900410103,0.613428446361794,0.797489980482048,0.951630572106279
1.718,0.898216551835305,0.84028921875484,0.881069937448597,0.609432506397503,0.745149912978009,0.594284184682227,0.718371836477956,0.613428444065408,0.797489842631871,0.951630579887524
1.72,0.898216546927171,0.840289211718254,0.881070034592882,0.609432458911918,0.745149830810477,0.594284177929365,0.718371772545808,0.613428441769023,0.797489704781693,0.951630587668768
1.722,0.898216542019038,0.840289204681667,0.881070131737167,0.609432411426332,0.745149748642945,0.594284171176503,0.718371708613661,0.613428439472637,0.797489566931516,0.951630595450012
1.724,0.898216537110905,0.840289197645081,0.881070228881452,0.609432363940747,0.745149666475413,0.594284164423641,0.718371644681514,0.613428437176251,0.797489429081338,0.951630603231256
1.726,0.898216532202772,0.840289190608495,0.881070326025737,0.609432316455162,0.745149584307881,0.594284157670779,0.718371580749367,0.613428434879865,0.797489295826415,0.951630611012501
1.728,0.898216527294639,0.840289183571909,0.881070423170022,0.609432268969576,0.745149502140349,0.594284150917917,0.71837151681722,0.613428432583479,0.797489194990618,0.951630618793745
1.73,0.898216522386505,0.840289176535322,0.881070520314307,0.609432221483991,0.745149419972817,0.594284144165055,0.718371452885072,0.613428430287093,0.797489094154822,0.951630626574989
1.732,0.898216517478372,0.840289169498736,0.881070617458592,0.609432173998406,0.745149337805284,0.594284138473143,0.718371388952925,0.613428427990707,0.797488993319026,0.951630634356233
1.734,0.898216512570239,0.84028916246215,0.881070714602877,0.60943212651282,0.745149255637752,0.594284134015754,0.718371325020778,0.613428425694321,0.797488892483229,0.951630642137478
1.736,0.898216507662106,0.840289155425564,0.881070811747162,0.609432079027235,0.74514917347022,0.594284129558366,0.718371267699106,0.613428423397936,0.797488791647433,0.951630649918722
1.738,0.898216502753972,0.840289148388977,0.881070897909767,0.60943203154165,0.745149099067159,0.594284125100977,0.718371222966715,0.61342842110155,0.797488690811637,0.951630657699966
1.74,0.898216497845839,0.840289141352391,0.881070960771389,0.609431984056064,0.745149042423194,0.594284120643588,0.718371178234324,0.613428418805164,0.79748858997584,0.95163066548121
1.742,0.898216492937706,0.840289134315805,0.881071023633011,0.609431936570479,0.745148985779229,0.5942841161862,0.718371133501932,0.613428416628874,0.797488489140044,0.951630673262455
1.744,0.898216488029573,0.840289127279218,0.881071086494634,0.609431903454356,0.745148929135264,0.594284111728811,0.718371088769541,0.613428415200964,0.797488388304248,0.951630681043699
1.746,0.898216483121439,0.840289120242632,0.881071149356256,0.609431871179182,0.745148872491299,0.594284107271423,0.71837104403715,0.613428413773054,0.797488287468451,0.951630688824943
1.748,0.898216478213306,0.840289113206046,0.881071212217878,0.609431838904008,0.745148815847334,0.594284102814034,0.718370999304759,0.613428412345144,0.797488186632655,0.951630696606187
1.75,0.898216473305173,0.84028910616946,0.881071275079501,0.609431806628833,0.745148759203369,0.594284098356646,0.718370954572367,0.613428410917234,0.797488085796859,0.951630704387431
1.752,0.89821646839704,0.840289099132874,0.881071337941123,0.609431774353659,0.745148702559404,0.594284093899257,0.718370909839976,0.613428409489324,0.797487984961062,0.951630712168676
1.754,0.898216463488906,0.840289092096287,0.881071400802745,0.609431742078484,0.745148645915439,0.594284089441869,0.718370865107585,0.613428408061414,0.797487884125266,0.95163071994992
1.756,0.898216458580773,0.840289085059701,0.881071463664368,0.60943170980331,0.745148589271474,0.59428408498448,0.718370820375194,0.613428406633504,0.79748778328947,0.951630727731164
1.758,0.89821645367264,0.840289078023115,0.88107152652599,0.609431677528136,0.745148532627509,0.594284080527092,0.718370775642802,0.613428405205594,0.797487682453673,0.951630735512409
1.76,0.898216448764507,0.840289070986528,0.881071589387612,0.609431645252961,0.745148475983544,0.594284076069703,0.718370730910411,0.613428403777684,0.797487581617877,0.951630743293653
1.762,0.898216443856374,0.840289063949942,0.881071652249235,0.609431612977787,0.745148419339579,0.594284071612315,0.71837068617802,0.613428402349774,0.79748748078208,0.951630751074897
1.764,0.89821643894824,0.840289056913356,0.881071715110857,0.609431580702612,0.745148362695614,0.594284067154926,0.718370641445629,0.613428400921864,0.797487379946284,0.951630758473276
1.766,0.898216434040107,0.840289051778647,0.881071777972479,0.609431548427438,0.745148306051649,0.594284062697537,0.718370596713237,0.613428399493954,0.797487279110488,0.951630764765376
1.768,0.898216429448192,0.840289047243178,0.881071840834102,0.609431516152264,0.745148249407684,0.594284058240149,0.718370551980846,0.613428398066044,0.797487178274692,0.951630771057477
1.77,0.898216426654277,0.840289042707709,0.881071903695724,0.609431483877089,0.745148192763719,0.59428405378276,0.718370507248455,0.613428396638134,0.797487077438895,0.951630777349578
1.772,0.898216423860361,0.84028903817224,0.881071966557346,0.609431451601915,0.745148136119754,0.594284049325372,0.718370462516064,0.613428395210224,0.797486976603099,0.951630783641679
1.774,0.898216421066445,0.840289033636771,0.881072029418969,0.609431419326741,0.745148079475789,0.594284044867983,0.718370417783672,0.613428393782314,0.797486875767302,0.95163078993378
1.776,0.89821641827253,0.840289029101302,0.881072092280591,0.609431387051566,0.745148022831824,0.594284040410595,0.718370373051281,0.613428392354404,0.797486778661484,0.95163079622588
1.778,0.898216415478614,0.840289024565832,0.881072155142213,0.609431354776392,0.745147966187859,0.594284035953206,0.71837032831889,0.613428390926494,0.797486707870344,0.951630802517981
1.78,0.898216412684699,0.840289020030363,0.881072218003836,0.609431322501217,0.745147909543894,0.594284031495818,0.718370283586499,0.613428389498584,0.797486637079205,0.951630808810082
1.782,0.898216409890783,0.840289015494894,0.881072280865458,0.609431290226043,0.745147852899928,0.594284027824183,0.718370238854107,0.613428388070674,0.797486566288065,0.951630815102183
1.784,0.898216407096868,0.840289010959425,0.88107234372708,0.609431257950869,0.745147796255964,0.594284025066852,0.718370194121716,0.613428386642764,0.797486495496926,0.951630821394283
1.786,0.898216404302952,0.840289006423956,0.881072406588703,0.609431225675694,0.745147739611998,0.594284022309521,0.718370153992737,0.613428385214854,0.797486424705786,0.951630827686384
1.788,0.898216401509036,0.840289001888487,0.881072461997136,0.60943119340052,0.745147688299375,0.59428401955219,0.718370122630699,0.613428383786944,0.797486353914647,0.951630833978485
1.79,0.898216398715121,0.840288997353017,0.881072501591355,0.609431161125346,0.745147649180733,0.594284016794859,0.718370091268661,0.613428382359034,0.797486283123507,0.951630840270586
1.792,0.898216395921205,0.840288992817548,0.881072541185574,0.609431128850171,0.745147610062092,0.594284014037529,0.718370059906624,0.61342838101199,0.797486212332368,0.951630846562686
1.794,0.89821639312729,0.840288988282079,0.881072580779794,0.609431105378974,0.74514757094345,0.594284011280198,0.718370028544586,0.613428380168861,0.797486141541228,0.951630852854787
1.796,0.898216390333374,0.84028898374661,0.881072620374013,0.609431082423015,0.745147531824808,0.594284008522867,0.718369997182548,0.613428379325732,0.797486070750089,0.951630859146888
1.798,0.898216387539459,0.840288979211141,0.881072659968232,0.609431059467055,0.745147492706166,0.594284005765536,0.71836996582051,0.613428378482603,0.797485999958949,0.951630865438989
1.8,0.898216384745543,0.840288974675672,0.881072699562451,0.609431036511096,0.745147453587524,0.594284003008205,0.718369934458472,0.613428377639474,0.797485929167809,0.95163087173109
1.802,0.898216381951628,0.840288970140203,0.881072739156671,0.609431013555137,0.745147414468882,0.594284000250875,0.718369903096435,0.613428376796345,0.79748585837667,0.95163087802319
1.804,0.898216379157712,0.840288965604733,0.88107277875089,0.609430990599177,0.74514737535024,0.594283997493544,0.718369871734397,0.613428375953216,0.79748578758553,0.951630884315291
1.806,0.898216376363796,0.840288961069264,0.88107281834511,0.609430967643218,0.745147336231598,0.594283994736213,0.718369840372359,0.613428375110087,0.797485716794391,0.951630890607392
1.808,0.898216373569881,0.840288956533795,0.881072857939329,0.609430944687259,0.745147297112956,0.594283991978882,0.718369809010321,0.613428374266958,0.797485646003251,0.951630896899493
1.81,0.898216370775965,0.840288951998326,0.881072897533548,0.609430921731299,0.745147257994315,0.594283989221551,0.718369777648283,0.613428373423829,0.797485575212112,0.951630903191593
1.812,0.89821636798205,0.840288947462857,0.881072937127767,0.60943089877534,0.745147218875673,0.594283986464221,0.718369746286246,0.613428372580699,0.797485504420972,0.951630909483694
1.814,0.898216365188134,0.840288942927388,0.881072976721987,0.609430875819381,0.745147179757031,0.59428398370689,0.718369714924208,0.613428371737571,0.797485433629833,0.951630915412329
1.816,0.898216362394219,0.840288939621771,0.881073016316206,0.609430852863421,0.745147140638389,0.594283980949559,0.71836968356217,0.613428370894441,0.797485362838693,0.951630920290738
1.818,0.898216359781044,0.840288936703653,0.881073055910425,0.609430829907462,0.745147101519747,0.594283978192228,0.718369652200132,0.613428370051312,0.797485292047554,0.951630925169149
1.82,0.898216358195555,0.840288933785535,0.881073095504645,0.609430806951503,0.745147062401105,0.594283975434898,0.718369620838094,0.613428369208183,0.797485221256414,0.951630930047559
1.822,0.898216356610065,0.840288930867417,0.881073135098864,0.609430783995543,0.745147023282463,0.594283972677567,0.718369589476057,0.613428368365054,0.797485150465275,0.951630934925969
1.824,0.898216355024576,0.840288927949299,0.881073174693083,0.609430761039584,0.745146984163822,0.594283969920236,0.718369558114019,0.613428367521925,0.797485079674135,0.951630939804379
1.826,0.898216353439086,0.840288925031181,0.881073214287303,0.609430738083625,0.74514694504518,0.594283967162905,0.718369526751981,0.613428366678796,0.797485011324461,0.951630944682789
1.828,0.898216351853597,0.840288922113063,0.881073253881522,0.609430715127665,0.745146905926538,0.594283964405574,0.718369495389943,0.613428365835667,0.797484960199124,0.951630949561199
1.83,0.898216350268107,0.840288919194946,0.881073293475741,0.609430692171706,0.745146866807896,0.594283961648244,0.718369464027905,0.613428364992538,0.797484909073787,0.951630954439609
1.832,0.898216348682618,0.840288916276828,0.881073333069961,0.609430669215747,0.745146827689254,0.594283959384229,0.718369432665868,0.613428364149409,0.79748485794845,0.951630959318019
1.834,0.898216347097128,0.84028891335871,0.88107337266418,0.609430646259787,0.745146788570612,0.594283957694236,0.71836940130383,0.61342836330628,0.797484806823113,0.95163096419643
1.836,0.898216345511639,0.840288910440592,0.881073412258399,0.609430623303828,0.74514674945197,0.594283956004245,0.718369373174344,0.613428362463151,0.797484755697775,0.95163096907484
1.838,0.898216343926149,0.840288907522474,0.881073446845978,0.609430600347868,0.745146714048001,0.594283954314253,0.718369351201072,0.613428361620022,0.797484704572438,0.95163097395325
1.84,0.89821634234066,0.840288904604356,0.881073470810443,0.609430577391909,0.745146687140328,0.594283952624261,0.718369329227801,0.613428360776893,0.797484653447101,0.95163097883166
1.842,0.89821634075517,0.840288901686238,0.881073494774907,0.60943055443595,0.745146660232654,0.594283950934269,0.718369307254529,0.613428359977645,0.797484602321764,0.95163098371007
1.844,0.898216339169681,0.840288898768121,0.881073518739372,0.609430539119156,0.74514663332498,0.594283949244277,0.718369285281258,0.613428359451842,0.797484551196427,0.95163098858848
1.846,0.898216337584191,0.840288895850003,0.881073542703836,0.609430524249431,0.745146606417306,0.594283947554285,0.718369263307986,0.613428358926038,0.797484500071089,0.95163099346689
1.848,0.898216335998702,0.840288892931885,0.881073566668301,0.609430509379706,0.745146579509632,0.594283945864293,0.718369241334714,0.613428358400235,0.797484448945752,0.9516309983453
1.85,0.898216334413212,0.840288890013767,0.881073590632765,0.609430494509981,0.745146552601959,0.594283944174301,0.718369219361443,0.613428357874432,0.797484397820415,0.95163100322371
1.852,0.898216332827723,0.840288887095649,0.88107361459723,0.609430479640256,0.745146525694285,0.594283942484309,0.718369197388171,0.613428357348629,0.797484346695078,0.95163100810212
1.854,0.898216331242233,0.840288884177531,0.881073638561694,0.609430464770531,0.745146498786611,0.594283940794318,0.7183691754149,0.613428356822826,0.797484295569741,0.95163101298053
1.856,0.898216329656744,0.840288881259413,0.881073662526159,0.609430449900806,0.745146471878937,0.594283939104326,0.718369153441628,0.613428356297022,0.797484244444403,0.951631017858941
1.858,0.898216328071254,0.840288878341296,0.881073686490623,0.609430435031081,0.745146444971263,0.594283937414334,0.718369131468356,0.613428355771219,0.797484193319066,0.951631022737351
1.86,0.898216326485765,0.840288875423178,0.881073710455088,0.609430420161356,0.745146418063589,0.594283935724342,0.718369109495085,0.613428355245416,0.797484142193729,0.951631027615761
1.862,0.898216324900275,0.84028887250506,0.881073734419552,0.609430405291631,0.745146391155916,0.59428393403435,0.718369087521813,0.613428354719613,0.797484091068392,0.951631032494171
1.864,0.898216323314786,0.840288869586942,0.881073758384017,0.609430390421906,0.745146364248242,0.594283932344358,0.718369065548542,0.613428354193809,0.797484039943055,0.951631037068165
1.866,0.898216321729296,0.840288867490905,0.881073782348481,0.609430375552181,0.745146337340568,0.594283930654366,0.71836904357527,0.613428353668006,0.797483988817717,0.951631040762558
1.868,0.89821632024884,0.840288865653887,0.881073806312946,0.609430360682456,0.745146310432894,0.594283928964374,0.718369021601998,0.613428353142203,0.79748393769238,0.951631044456951
1.87,0.898216319365597,0.840288863816869,0.88107383027741,0.609430345812731,0.74514628352522,0.594283927274382,0.718368999628727,0.6134283526164,0.797483886567043,0.951631048151345
1.872,0.898216318482354,0.840288861979852,0.881073854241875,0.609430330943006,0.745146256617547,0.59428392558439,0.718368977655455,0.613428352090597,0.797483835441706,0.951631051845738
1.874,0.898216317599111,0.840288860142834,0.881073878206339,0.609430316073281,0.745146229709873,0.594283923894399,0.718368955682184,0.613428351564793,0.797483784316369,0.951631055540131
1.876,0.898216316715868,0.840288858305816,0.881073902170804,0.609430301203556,0.745146202802199,0.594283922204407,0.718368933708912,0.61342835103899,0.797483735029898,0.951631059234525
1.878,0.898216315832625,0.840288856468798,0.881073926135268,0.609430286333831,0.745146175894525,0.594283920514415,0.71836891173564,0.613428350513187,0.797483698716476,0.951631062928918
1.88,0.898216314949382,0.840288854631781,0.881073950099733,0.609430271464106,0.745146148986851,0.594283918824423,0.718368889762369,0.613428349987384,0.797483662403054,0.951631066623311
1.882,0.898216314066139,0.840288852794763,0.881073974064197,0.609430256594381,0.745146122079178,0.594283917384633,0.718368867789097,0.613428349461581,0.797483626089633,0.951631070317705
1.884,0.898216313182896,0.840288850957745,0.881073998028662,0.609430241724656,0.745146095171504,0.59428391623598,0.718368845815826,0.613428348935777,0.797483589776211,0.951631074012098
1.886,0.898216312299652,0.840288849120728,0.881074021993126,0.609430226854931,0.74514606826383,0.594283915087327,0.718368826105202,0.613428348409974,0.797483553462789,0.951631077706491
1.888,0.898216311416409,0.84028884728371,0.881074042697527,0.609430211985206,0.745146043922834,0.594283913938674,0.718368810703664,0.613428347884171,0.797483517149367,0.951631081400885
1.89,0.898216310533166,0.840288845446692,0.88107405648471,0.609430197115481,0.745146025452407,0.59428391279002,0.718368795302126,0.613428347358368,0.797483480835946,0.951631085095278
1.892,0.898216309649923,0.840288843609674,0.881074070271892,0.609430182245756,0.745146006981981,0.594283911641367,0.718368779900589,0.61342834685968,0.797483444522524,0.951631088789671
1.894,0.89821630876668,0.840288841772657,0.881074084059075,0.609430171192607,0.745145988511555,0.594283910492714,0.718368764499051,0.613428346529961,0.797483408209102,0.951631092484065
1.896,0.898216307883437,0.840288839935639,0.881074097846257,0.609430160362816,0.745145970041129,0.594283909344061,0.718368749097514,0.613428346200242,0.797483371895681,0.951631096178458
1.898,0.898216307000194,0.840288838098621,0.88107411163344,0.609430149533025,0.745145951570702,0.594283908195407,0.718368733695976,0.613428345870524,0.797483335582259,0.951631099872851
1.9,0.898216306116951,0.840288836261604,0.881074125420622,0.609430138703235,0.745145933100276,0.594283907046754,0.718368718294438,0.613428345540805,0.797483299268837,0.951631103567245
1.902,0.898216305233708,0.840288834424586,0.881074139207805,0.609430127873444,0.74514591462985,0.594283905898101,0.718368702892901,0.613428345211086,0.797483262955415,0.951631107261638
1.904,0.898216304350465,0.840288832587568,0.881074152994987,0.609430117043654,0.745145896159424,0.594283904749448,0.718368687491363,0.613428344881368,0.797483226641994,0.951631110956031
1.906,0.898216303467222,0.84028883075055,0.88107416678217,0.609430106213863,0.745145877688997,0.594283903600795,0.718368672089826,0.613428344551649,0.797483190328572,0.951631114650425
1.908,0.898216302583979,0.840288828913533,0.881074180569352,0.609430095384073,0.745145859218571,0.594283902452141,0.718368656688288,0.61342834422193,0.79748315401515,0.951631118344818
1.91,0.898216301700736,0.840288827076515,0.881074194356535,0.609430084554282,0.745145840748145,0.594283901303488,0.71836864128675,0.613428343892211,0.797483117701728,0.951631122039211
1.912,0.898216300817493,0.840288825239497,0.881074208143717,0.609430073724491,0.745145822277719,0.594283900154835,0.718368625885213,0.613428343562493,0.797483081388307,0.951631125733605
1.914,0.89821629993425,0.84028882340248,0.8810742219309,0.609430062894701,0.745145803807292,0.594283899006182,0.718368610483675,0.613428343232774,0.797483045074885,0.951631129172189
1.916,0.898216299051007,0.840288822070505,0.881074235718082,0.60943005206491,0.745145785336866,0.594283897857528,0.718368595082137,0.613428342903055,0.797483008761463,0.951631131871621
1.918,0.898216298227371,0.840288820897658,0.881074249505265,0.60943004123512,0.74514576686644,0.594283896708875,0.7183685796806,0.613428342573337,0.797482972448041,0.951631134571054
1.92,0.898216297742661,0.840288819724811,0.881074263292447,0.609430030405329,0.745145748396013,0.594283895560222,0.718368564279062,0.613428342243618,0.79748293613462,0.951631137270486
1.922,0.898216297257951,0.840288818551964,0.88107427707963,0.609430019575539,0.745145729925587,0.594283894411568,0.718368548877525,0.613428341913899,0.797482899821198,0.951631139969918
1.924,0.898216296773241,0.840288817379117,0.881074290866812,0.609430008745748,0.745145711455161,0.594283893262915,0.718368533475987,0.613428341584181,0.797482863507776,0.951631142669351
1.926,0.898216296288531,0.84028881620627,0.881074304653995,0.609429997915957,0.745145692984735,0.594283892114262,0.718368518074449,0.613428341254462,0.797482828354222,0.951631145368783
1.928,0.898216295803821,0.840288815033423,0.881074318441177,0.609429987086167,0.745145674514308,0.594283890965609,0.718368502672912,0.613428340924743,0.797482801383438,0.951631148068215
1.93,0.89821629531911,0.840288813860576,0.88107433222836,0.609429976256376,0.745145656043882,0.594283889816956,0.718368487271374,0.613428340595024,0.797482774412653,0.951631150767648
1.932,0.8982162948344,0.840288812687729,0.881074346015542,0.609429965426586,0.745145637573456,0.594283888859198,0.718368471869837,0.613428340265306,0.797482747441869,0.95163115346708
1.934,0.89821629434969,0.840288811514882,0.881074359802725,0.609429954596795,0.74514561910303,0.594283888123568,0.718368456468299,0.613428339935587,0.797482720471084,0.951631156166513
1.936,0.89821629386498,0.840288810342035,0.881074373589907,0.609429943767005,0.745145600632603,0.594283887387938,0.718368442706257,0.613428339605868,0.797482693500299,0.951631158865945
1.938,0.89821629338027,0.840288809169188,0.881074385326393,0.609429932937214,0.745145583950538,0.594283886652307,0.718368432066544,0.61342833927615,0.797482666529515,0.951631161565378
1.94,0.89821629289556,0.840288807996341,0.881074392711703,0.609429922107423,0.745145571358857,0.594283885916677,0.718368421426832,0.613428338946431,0.79748263955873,0.95163116426481
1.942,0.898216292410849,0.840288806823494,0.881074400097012,0.609429911277633,0.745145558767175,0.594283885181047,0.718368410787119,0.613428338632372,0.797482612587946,0.951631166964242
1.944,0.898216291926139,0.840288805650647,0.881074407482321,0.609429902977694,0.745145546175494,0.594283884445416,0.718368400147406,0.6134283384159,0.797482585617161,0.951631169663675
1.946,0.898216291441429,0.8402888044778,0.88107441486763,0.609429894825811,0.745145533583813,0.594283883709786,0.718368389507693,0.613428338199428,0.797482558646377,0.951631172363107
1.948,0.898216290956719,0.840288803304953,0.881074422252939,0.609429886673928,0.745145520992132,0.594283882974156,0.71836837886798,0.613428337982955,0.797482531675592,0.951631175062539
1.95,0.898216290472009,0.840288802132106,0.881074429638248,0.609429878522044,0.745145508400451,0.594283882238525,0.718368368228268,0.613428337766483,0.797482504704808,0.951631177761972
1.952,0.898216289987299,0.840288800959259,0.881074437023557,0.609429870370161,0.74514549580877,0.594283881502895,0.718368357588555,0.61342833755001,0.797482477734023,0.951631180461404
1.954,0.898216289502588,0.840288799786412,0.881074444408866,0.609429862218277,0.745145483217088,0.594283880767265,0.718368346948842,0.613428337333538,0.797482450763239,0.951631183160837
1.956,0.898216289017878,0.840288798613565,0.881074451794175,0.609429854066394,0.745145470625407,0.594283880031634,0.718368336309129,0.613428337117065,0.797482423792454,0.951631185860269
1.958,0.898216288533168,0.840288797440718,0.881074459179484,0.609429845914511,0.745145458033726,0.594283879296004,0.718368325669416,0.613428336900593,0.79748239682167,0.951631188559701
1.96,0.898216288048458,0.840288796267871,0.881074466564793,0.609429837762627,0.745145445442045,0.594283878560374,0.718368315029704,0.613428336684121,0.797482369850885,0.951631191259134
1.962,0.898216287563748,0.840288795095024,0.881074473950102,0.609429829610744,0.745145432850364,0.594283877824743,0.718368304389991,0.613428336467648,0.7974823428801,0.951631193958566
1.964,0.898216287079038,0.840288793922177,0.881074481335411,0.609429821458861,0.745145420258683,0.594283877089113,0.718368293750278,0.613428336251176,0.797482315909316,0.951631196489038
1.966,0.898216286594328,0.840288793030933,0.88107448872072,0.609429813306977,0.745145407667001,0.594283876353483,0.718368283110565,0.613428336034703,0.797482288938531,0.951631198531306
1.968,0.89821628613965,0.840288792228416,0.881074496106029,0.609429805155094,0.74514539507532,0.594283875617852,0.718368272470852,0.613428335818231,0.797482261967747,0.951631200573573
1.97,0.898216285855739,0.840288791425898,0.881074503491339,0.609429797003211,0.745145382483639,0.594283874882222,0.718368261831139,0.613428335601759,0.797482234996962,0.951631202615841
1.972,0.898216285571827,0.840288790623381,0.881074510876648,0.609429788851327,0.745145369891958,0.594283874146592,0.718368251191427,0.613428335385286,0.797482208026178,0.951631204658108
1.974,0.898216285287915,0.840288789820864,0.881074518261957,0.609429780699444,0.745145357300277,0.594283873410961,0.718368240551714,0.613428335168814,0.797482181055393,0.951631206700376
1.976,0.898216285004004,0.840288789018347,0.881074525647266,0.609429772547561,0.745145344708596,0.594283872675331,0.718368229912001,0.613428334952341,0.797482154786964,0.951631208742643
1.978,0.898216284720092,0.84028878821583,0.881074533032575,0.609429764395677,0.745145332116914,0.594283871939701,0.718368219272288,0.613428334735869,0.79748213347359,0.95163121078491
1.98,0.898216284436181,0.840288787413312,0.881074540417884,0.609429756243794,0.745145319525233,0.59428387120407,0.718368208632575,0.613428334519397,0.797482112160216,0.951631212827178
1.982,0.898216284152269,0.840288786610795,0.881074547803193,0.609429748091911,0.745145306933552,0.594283870596196,0.718368197992863,0.613428334302924,0.797482090846843,0.951631214869445
1.984,0.898216283868357,0.840288785808278,0.881074555188502,0.609429739940027,0.745145294341871,0.594283870136979,0.71836818735315,0.613428334086452,0.797482069533469,0.951631216911713
1.986,0.898216283584445,0.840288785005761,0.881074562573811,0.609429731788144,0.74514528175019,0.594283869677762,0.718368177731013,0.613428333869979,0.797482048220096,0.95163121895398
1.988,0.898216283300534,0.840288784203244,0.881074569051499,0.60942972363626,0.745145270140755,0.594283869218544,0.718368170046792,0.613428333653507,0.797482026906722,0.951631220996247
1.99,0.898216283016622,0.840288783400726,0.881074573603393,0.609429715484377,0.745145260777939,0.594283868759327,0.718368162362572,0.613428333437035,0.797482005593349,0.951631223038515
1.992,0.898216282732711,0.840288782598209,0.881074578155286,0.609429707332494,0.745145251415123,0.59428386830011,0.718368154678352,0.613428333224647,0.797481984279975,0.951631225080782
1.994,0.898216282448799,0.840288781795692,0.88107458270718,0.60942969929667,0.745145242052306,0.594283867840893,0.718368146994131,0.613428333037715,0.797481962966602,0.95163122712305
1.996,0.898216282164887,0.840288780993175,0.881074587259074,0.609429691267639,0.74514523268949,0.594283867381675,0.718368139309911,0.613428332850783,0.797481941653228,0.951631229165317
1.998,0.898216281880976,0.840288780190658,0.881074591810967,0.609429683238607,0.745145223326674,0.594283866922458,0.71836813162569,0.613428332663851,0.797481920339854,0.951631231207585
2,0.898216281597064,0.84028877938814,0.881074596362861,0.609429675209576,0.745145213963858,0.594283866463241,0.71836812394147,0.613428332476919,0.797481899026481,0.951631233249852
