Tempo,Sim_1,Sim_2,Sim_3,Sim_4,Sim_5,Sim_6,Sim_7,Sim_8,Sim_9,Sim_10
0,0,0,0,0,0,0,0,0,0,0
0.002,-0.000618830881595661,-0.0010975502181457,0.0026203210994513,-0.00465415077185725,-0.00435744788339531,-0.00238737809070715,-0.00480694898882169,-0.000696049763457146,-0.00656383414737255,0.00265505706390547
0.004,2.44662748784738e-05,-0.00063108437702279,0.00613468894483752,-0.00840728314607481,-0.00748680721664453,-0.0040123926074792,-0.00826344619778945,-0.000656221499863035,-0.0117248001194338,0.00628005829911676
0.006,0.00179777532996124,0.0011866194388954,0.0104071188565914,-0.0114044517213168,-0.00958394652897354,-0.00500412075861338,-0.0105584028821722,-1.021018114814e-05,-0.0156373174326833,0.010766227493628
0.008,0.00458318976692827,0.00423247902484093,0.0153525321070054,-0.0137130930229154,-0.0107191054727427,-0.00541435699195906,-0.0117687389854176,0.00118973603090692,-0.0183840234984094,0.0160180026169226
0.01,0.0079924011231728,0.00815259763890165,0.0206913513166929,-0.0156317864329424,-0.0112505727605973,-0.0054442154426285,-0.0123005977251427,0.00276192817563852,-0.0204797260714846,0.0217178718272948
0.012,0.0131033573330742,0.0137185455973448,0.0272136114362506,-0.0160916134036019,-0.010016920192411,-0.00432513612640831,-0.0109244995317179,0.00539505862046515,-0.0204459444106834,0.028716202748359
0.014,0.0182143135429757,0.019284493555788,0.0337929801482708,-0.0164262110439171,-0.00878326762422459,-0.00295297870857274,-0.00954840133829314,0.00828252263896716,-0.0204121627498821,0.0357626568549413
0.016,0.0237669533586854,0.0261066591178126,0.0406163135365922,-0.0167608086842324,-0.00754961505603822,-0.00158082129073718,-0.00817230314486839,0.0111699866574692,-0.0203783810890809,0.0433077907658902
0.018,0.0311721435818035,0.0340979062753835,0.0487550551047139,-0.0166550091134082,-0.00447679007116709,-0.000208663872901621,-0.00449836172036467,0.0140574506759712,-0.0178473611274378,0.0519850917313445
0.02,0.0385773338049216,0.0420891534329545,0.0568937966728357,-0.0149122096060529,-0.000780778567233506,0.0028226461122836,-0.00050511585583582,0.0185658586412522,-0.0150597750770322,0.0606623926967989
0.022,0.0459825240280397,0.0509624374304659,0.0650325382409574,-0.0131694100986977,0.00291523293670007,0.00604062888900851,0.00348813000869302,0.0231913790919319,-0.0122721890266266,0.0696988903493556
0.024,0.0550603799423385,0.0610380345581952,0.0744318950131582,-0.0114266105913424,0.00725314402567161,0.00925861166573343,0.0087304898252695,0.0278168995426116,-0.0078934854425665,0.0798762280674296
0.026,0.0645038539472186,0.0711136316859245,0.0840340107301464,-0.00889059798139307,0.013179343190646,0.0124765944424583,0.0150606441286848,0.0324424199932914,-0.00262879456585322,0.0900535657855035
0.028,0.0739473279520989,0.0818357365515227,0.0936361264471346,-0.00522610768560765,0.0191055423556204,0.017172930630237,0.0213907984321001,0.0383588291725135,0.00263589631086006,0.10038753846715
0.03,0.0843098408759145,0.0935515689122624,0.103879614822547,-0.00156161738982225,0.0250317415205948,0.0220836727584871,0.0277555244917828,0.0445922760125003,0.00838266271239353,0.111838793396785
0.032,0.0953970121448544,0.105267401273002,0.114732583198926,0.00210287290596316,0.0323081687649216,0.0269944148867372,0.0361556723162432,0.0508257228524871,0.0158643167028433,0.123290048326421
0.034,0.106484183413794,0.117269199728749,0.125585551575305,0.00661402661638602,0.0402441172496852,0.0319051570149873,0.0445558201407036,0.057059169692474,0.0233459706932932,0.134741303256056
0.036,0.117837126512302,0.13000778913382,0.136581039632184,0.0120451846102405,0.0481800657344488,0.037882599009204,0.052955967965164,0.063910385715811,0.0308276246837429,0.14690906316988
0.038,0.12997655348227,0.142939680476287,0.148487925381153,0.0174763426040949,0.0561160142192124,0.0443405838029187,0.0618698128398653,0.0715794728249475,0.0394891003638863,0.159401029438727
0.04,0.142490445384323,0.155207602082587,0.160394811130123,0.0229075005979494,0.0655795181586136,0.0507985685966334,0.0720105038731323,0.079248559934084,0.0489032504131883,0.172175287853069
0.042,0.155135911466267,0.166940808362748,0.172301696879093,0.0289630378810688,0.0752555824380755,0.057256553390348,0.0821511949063993,0.0869176470432205,0.0583174004624904,0.184802700416718
0.044,0.167114710295254,0.178119196023381,0.18458395527523,0.0359991877471344,0.0849316467175374,0.0640847695461285,0.0922918859396662,0.0945867341523569,0.0677315505117925,0.196836577093255
0.046,0.178596910645163,0.188748510550237,0.196678652824881,0.0430353376131999,0.0947547480855512,0.0719348282237689,0.102997389261978,0.103332115596384,0.0786081989539226,0.208424033986727
0.048,0.189540329656403,0.198875068887878,0.208309854623258,0.0500714874792655,0.105877531174278,0.0797848869014093,0.114477158341328,0.112213054587166,0.0896350137411747,0.219543311511271
0.05,0.19998819929258,0.208495149038223,0.21948001683998,0.0572705668172593,0.117000314263004,0.0876349455790498,0.126045291443614,0.121093993577947,0.100661828528427,0.230213505813926
0.052,0.209937726237732,0.217641924791275,0.230218344596158,0.0657449928511454,0.128123097351731,0.0954850042566902,0.137894717331217,0.129974932568729,0.111865531814133,0.240439093656602
0.054,0.219434014054623,0.226332878623747,0.240523781364026,0.0742194188850315,0.139464352065457,0.104060763624668,0.149313396720903,0.139252905525241,0.123823865218262,0.250240284468764
0.056,0.22845377548715,0.234534957778761,0.250432605023447,0.0826938449189177,0.151049468419961,0.11309743314756,0.160132803980385,0.149119695334737,0.135702047249199,0.259639483303873
0.058,0.237063944233886,0.242339891449821,0.259929665709486,0.0911682709528038,0.161970364542795,0.122134102670452,0.170344562195012,0.158986485144232,0.146779431936735,0.268599339016045
0.06,0.245211956713639,0.249676360624997,0.26905309329895,0.100383766548779,0.172332389741247,0.131170772193344,0.180007539225748,0.168853274953728,0.157277216108393,0.277192436576475
0.062,0.252989040111243,0.256633964781824,0.277774188079425,0.110089246149784,0.182162289183238,0.140207441716236,0.189123576475109,0.178720064763223,0.167153877285858,0.2853634512558
0.064,0.260323120843566,0.263213374118617,0.286134300601887,0.119794725750788,0.191440317576147,0.149862297663441,0.19771863157105,0.189027981864213,0.176466471819555,0.293184060112124
0.066,0.267295551359491,0.269377817556662,0.294158047182097,0.129500205351793,0.200257742323969,0.159718938319688,0.205817661843643,0.199278378367383,0.185225951700097,0.300633755928984
0.068,0.273909551601543,0.275171748904179,0.301791254174845,0.139261344687056,0.208572858523675,0.169757240388682,0.213428594284396,0.208951000894497,0.193465903582325,0.307702212295903
0.07,0.28014859056048,0.28061833928467,0.309102539569835,0.149642764112169,0.216448228083291,0.179977529129813,0.220613816117133,0.218166768380969,0.201189449030886,0.314429831442044
0.072,0.286029760611665,0.285722290099785,0.316087760910252,0.160208136178808,0.223867357605072,0.189991104008283,0.227312392955382,0.22689895963531,0.208481791202978,0.320820504158053
0.074,0.291579966710985,0.290502888606101,0.32275655428132,0.17055808962954,0.230887942801803,0.199410406929185,0.233616859212495,0.235176593137368,0.21526302786075,0.326881181343518
0.076,0.296809978346739,0.294972581245632,0.329113066523884,0.180279931659948,0.237476935670067,0.208350265911674,0.239538977792673,0.243000115830293,0.221654649632772,0.332615814557674
0.078,0.301731161891917,0.299098945355824,0.335162766205474,0.189475542682207,0.243705709145614,0.216794392447911,0.245042620924899,0.250402281583562,0.227608217081708,0.338035016890896
0.08,0.306356370703595,0.302914355967322,0.340916028969083,0.198150610117002,0.249568450625169,0.224759782043618,0.250171856568083,0.257398087503522,0.233160953114751,0.343147302255157
0.082,0.31069653937478,0.306458120271174,0.346379310256627,0.206311893757895,0.255082849450298,0.232275770231024,0.254952640709303,0.263967053912722,0.238343407228207,0.347966838157768
0.084,0.314708988115488,0.309765226866283,0.351566646231768,0.214014339170649,0.260238117717103,0.239340660117859,0.259398954380045,0.270129530766469,0.243171571469842,0.352507544531617
0.086,0.318455693128252,0.31276594608398,0.356487066476213,0.221246363855166,0.265076773413003,0.245990178808628,0.26352687297612,0.275933965407357,0.24765374863926,0.356787891409094
0.088,0.32196039720194,0.315478809427828,0.361157591940772,0.228044640487926,0.269609527903998,0.252239963750091,0.26733725572649,0.281363363132094,0.251804053685942,0.360725371750537
0.09,0.325247413740671,0.318023381528858,0.365589554291424,0.234382437750474,0.273822770259823,0.258049525580716,0.27081107880429,0.286430136321572,0.25564080286265,0.364412313236625
0.092,0.328224242416921,0.320249351576121,0.369726177809841,0.240328724903378,0.277750513776061,0.263498283731151,0.274007865759751,0.291153381935796,0.259181193446475,0.367876475988228
0.094,0.3309731942481,0.322270045711561,0.373623001031189,0.245906789654779,0.281411813885098,0.268569022021331,0.27696316543164,0.295531550313809,0.262451321503599,0.371106998722093
0.096,0.333561073471822,0.32410640894923,0.377312465418704,0.251093877168979,0.284833061672377,0.273285634296899,0.279676809030768,0.299597287312606,0.265475249615342,0.374014138914277
0.098,0.335836816818474,0.325652904095716,0.380816571467596,0.255927911685091,0.288038956266827,0.277657284897086,0.282047692050749,0.303353971931001,0.268164033657572,0.376745908368299
0.1,0.337946302682386,0.327101092928719,0.3840044542807,0.260402493187556,0.290916895213826,0.281696648806262,0.284251922058331,0.306819949522563,0.270629813191079,0.379261614689819
0.102,0.339871354310639,0.328216931701597,0.387022658824122,0.264540433384928,0.293602933470646,0.285430172729694,0.28621397660376,0.309922602635129,0.272913242438085,0.38148597384548
0.104,0.341536748873053,0.329281866282812,0.389893466238813,0.268356686339104,0.296135640505851,0.288846806509168,0.287914812153726,0.312762300285267,0.27491051865924,0.383586647192352
0.106,0.343113662809035,0.330024184132634,0.39245143518157,0.271871236393601,0.298339624298934,0.291908266049333,0.289499334054811,0.315387560635021,0.276707841722471,0.385392936118977
0.108,0.34437600991874,0.330713614556854,0.394880591209508,0.275113021687561,0.300421535302235,0.29471053122633,0.290753583861836,0.317681294454769,0.278360162631251,0.387043494923063
0.11,0.345609597631887,0.331131379441231,0.39712488396112,0.278107857022887,0.302290636559705,0.297278363270325,0.291962617369111,0.319712054200963,0.279713259733169,0.388501936745909
0.112,0.34650909271287,0.331456943854803,0.399140151576566,0.280733610783395,0.303960103845035,0.299530639553001,0.292823595079685,0.32160178674398,0.281013305979566,0.389735927875026
0.114,0.347406640269471,0.331603526304604,0.401065538033073,0.283146670404521,0.305498231633104,0.301514314637736,0.293662709400845,0.323095312188427,0.281987545254286,0.39085380641831
0.116,0.347986649619606,0.331579380009909,0.402700104873215,0.285383869216713,0.306803362802728,0.303340874076776,0.29419795085439,0.32446595557909,0.282941651533433,0.391703882356069
0.118,0.348557747410254,0.331499269731456,0.404258203879312,0.287256713228644,0.308016445785359,0.304795177542379,0.29467606605722,0.325560640831283,0.283588375979189,0.392490466710294
0.12,0.348857787700604,0.331143015693341,0.405597290007635,0.288990576850997,0.309001655140291,0.306121130962032,0.294944761092446,0.326476435978832,0.284235100424946,0.392990751416954
0.122,0.349114493054773,0.330786761655226,0.406810343440112,0.290485328761906,0.309898226405972,0.307176464960412,0.295075565561043,0.327177071522116,0.284584572641841,0.393457054404513
0.124,0.349172760670694,0.330207769780007,0.407861927674841,0.291757942212087,0.310612514165963,0.308040844882908,0.295138053030339,0.327668731218976,0.284915586916739,0.393639104417077
0.126,0.349129117351853,0.329539633933821,0.408759156348232,0.292877040584552,0.311203263928914,0.308701891582652,0.294938898947542,0.327984657782234,0.285039218887912,0.393797752256873
0.128,0.348977950993848,0.328825072938568,0.409531979871795,0.293751209459403,0.311689028003695,0.309171082922697,0.294739744864745,0.328118884591542,0.285070049635184,0.39369264974665
0.13,0.348649866558671,0.327867749012165,0.410135456335259,0.294500103225538,0.311987259643642,0.309446251607769,0.2943338830626,0.328062432324451,0.285017220846708,0.393557495308466
0.132,0.348317602500018,0.326910425085762,0.410639408577618,0.295029284356558,0.312284957588584,0.309565551120067,0.293826410982843,0.327871202706335,0.284766117816934,0.393193099692888
0.134,0.347722239834958,0.325817399808601,0.410975350559734,0.295417824588868,0.312305837643642,0.309468419353319,0.293318938903086,0.327459923926369,0.28451501478716,0.392779061791281
0.136,0.347126877169897,0.324594999197252,0.411220773642797,0.295667116422526,0.312326717698699,0.309300027474048,0.292529489210439,0.326997731373113,0.284061281168377,0.392181654848277
0.138,0.346386956270143,0.323372598585904,0.411309683382704,0.295708812565681,0.312208125862493,0.308848138626087,0.291738357963242,0.326251923383531,0.283549270570114,0.391504382155392
0.14,0.345542457582554,0.321964725230703,0.411307638089534,0.295728398624381,0.311968767073771,0.308396249778125,0.290897844382269,0.325506115393949,0.283006307202233,0.390696964631468
0.142,0.34468089417537,0.320502505517655,0.411172128632652,0.29544162108331,0.311729408285049,0.307644282723743,0.289849855872658,0.32448431620921,0.28225629686638,0.389772635496252
0.144,0.34360603114097,0.319040285804607,0.410933873525483,0.295154843542239,0.311256944509301,0.306859904200916,0.288801867363048,0.323427234227718,0.281506286530528,0.388776378773445
0.146,0.342531168106571,0.317373150208582,0.410592179340339,0.294686843688812,0.310775596012041,0.305924952150055,0.287692901149894,0.322220545128427,0.280675744749124,0.387621376903398
0.148,0.341349919489384,0.315696431680843,0.410129389154413,0.294094148652827,0.310229672549542,0.304832663877172,0.2864161382316,0.320875022363134,0.279712085666878,0.386454771798338
0.15,0.340063771279204,0.314010661144007,0.409600431289458,0.293496615395895,0.309525585080772,0.303739024678105,0.285139375313307,0.319504691541741,0.278748426584632,0.385085434099219
0.152,0.338777623069025,0.312143734746513,0.40892481063454,0.292625118763085,0.308821497612002,0.302366418221976,0.2838159328567,0.317895556967582,0.27768494189244,0.3837160964001
0.154,0.33732422625824,0.310276808349019,0.408224292524289,0.291753622130276,0.308010873985283,0.300993811765847,0.282339552870223,0.316286422393422,0.276531806567819,0.382198273510425
0.156,0.335845728158377,0.30840453843041,0.407347675568032,0.290792245288907,0.307103952651734,0.299511919306682,0.280863172883746,0.314538813005743,0.275378671243199,0.380630829643983
0.158,0.334337311130467,0.306372097250179,0.406471058611774,0.289668049947875,0.306197031318185,0.297887555098092,0.279366862600015,0.312691902775002,0.274129643004093,0.378990595463637
0.16,0.332685141823079,0.304339656069949,0.405425421720395,0.288543854606843,0.305165654713622,0.296263190889503,0.277719299914173,0.310838868069119,0.272810496011328,0.377241387789925
0.162,0.331032972515692,0.302307214889718,0.404359574008884,0.287291827563868,0.304075532787759,0.294459714666616,0.27607173722833,0.308782307939762,0.271491349018562,0.375490554917421
0.164,0.329316653133248,0.300141960418451,0.403183208373096,0.285940175248228,0.302985410861895,0.292613387201139,0.274424174542487,0.306725747810406,0.270095851916303,0.373575571420429
0.166,0.327509043737161,0.297969311835676,0.401940352273064,0.284588522932588,0.301772790447569,0.290742602452479,0.27264647546489,0.304587612613306,0.268633472087268,0.371660587923437
0.168,0.325701434341075,0.295796663252901,0.400643890638632,0.283107975687989,0.300518462155406,0.288703263244408,0.270854620083396,0.30234870171101,0.267171092258233,0.369659926641733
0.17,0.323812942827244,0.293530074659986,0.399236248335802,0.281557196970709,0.299264133863243,0.286663924036337,0.269062764701903,0.300109790808714,0.265660002144874,0.3675946528492
0.172,0.321867585026784,0.291241131614872,0.397828606032971,0.280006418253429,0.297903565595554,0.284559687515482,0.267200327494835,0.297740465913551,0.264076005821808,0.365518658702875
0.174,0.319922227226323,0.288952188569758,0.396268579149802,0.278339162506015,0.296503445170111,0.282355411865457,0.265289801935673,0.295345189789581,0.262492009498742,0.363318356797503
0.176,0.317893129951762,0.286607484372841,0.394707564389742,0.276616748309861,0.295103324744668,0.280151136215431,0.263379276376511,0.29292402602691,0.260890643126096,0.36111805489213
0.178,0.315827156970948,0.284224381858001,0.393058975873998,0.274894334113707,0.29362323021466,0.277861393155805,0.26145009647729,0.290396647131254,0.259205451395384,0.358853005782088
0.18,0.313761183990133,0.281841279343161,0.39135526215063,0.273087383730156,0.292095017352477,0.275518858305582,0.259444984579016,0.287869268235598,0.257520259664672,0.356532482184686
0.182,0.311619230346758,0.279437051772744,0.389627760166595,0.271219521616283,0.290566804490294,0.273176323455358,0.257439872680741,0.285285761315204,0.25583506793396,0.354211958587284
0.184,0.309449052928659,0.276980513824432,0.387791751285443,0.269351659502409,0.28899041260136,0.27074441196362,0.255434760782466,0.282649193634646,0.254079367490721,0.351792271927387
0.186,0.307278875510559,0.27452397587612,0.385955742404291,0.26743295242029,0.287351086369738,0.268288689399257,0.253378281383208,0.280012625954089,0.25231211270501,0.34936589727207
0.188,0.305048730044157,0.272067437927808,0.384035995500072,0.265445933144888,0.285711760138116,0.265832966834894,0.25130076567119,0.277304907975985,0.250544857919298,0.346914338208461
0.19,0.302790250728472,0.269564568519546,0.382077991336645,0.263458913869487,0.284057801964552,0.263295228729672,0.249223249959173,0.274580499079791,0.248748649907088,0.344396094514448
0.192,0.300531771412787,0.267054411006642,0.380105281609563,0.261451967628483,0.282323445144592,0.260749836735024,0.24714057004286,0.271853094380893,0.246917054465662,0.341877850820435
0.194,0.298233393878974,0.264544253493739,0.378035497535017,0.259369555306901,0.280589088324631,0.258204444740376,0.245011199872381,0.269060528971518,0.245085459024236,0.339317499653633
0.196,0.295902055764461,0.26202267797282,0.375965713460471,0.257287142985319,0.278854731504671,0.255592687707936,0.242881829701903,0.266267963562142,0.24325386358281,0.33672094518675
0.198,0.293570717649948,0.259478048802746,0.373844223850129,0.255204730663737,0.277058676005021,0.252979545602211,0.240752459531425,0.263464722521161,0.241376720482591,0.334124390719868
0.2,0.291220691160406,0.256933419632671,0.371672842654983,0.253056988149527,0.275244603311661,0.250366403496485,0.238611029370653,0.260622949286604,0.239497199017783,0.331480998573133
0.202,0.288831334787999,0.254388790462597,0.369501461459836,0.250901394385963,0.273430530618301,0.247706685112228,0.236449074213359,0.257781176052047,0.237617677552975,0.328819480549141
0.204,0.286441978415592,0.251832773049351,0.367255132841002,0.2487458006224,0.271597169754725,0.245046294346858,0.234287119056065,0.254928497998628,0.235726758140567,0.32615796252515
0.206,0.284052622043185,0.249271788451171,0.364992184964527,0.246562419332211,0.269717928870706,0.242385903581489,0.232125163898771,0.252055250632718,0.233814405591787,0.323453892769672
0.208,0.281620082159442,0.246710803852991,0.362725569779883,0.244354088687117,0.267838687986688,0.239699517014878,0.229955617012622,0.249182003266807,0.231902053043008,0.320740508277135
0.21,0.279187084292536,0.244149819254812,0.360380840581111,0.242145758042023,0.26595944710267,0.237010965806122,0.2277789536343,0.246303337347132,0.229989700494228,0.318027123784598
0.212,0.27675408642563,0.241589688640932,0.35803611138234,0.23993620849964,0.264044261723212,0.234322414597365,0.225602290255979,0.243415424252901,0.228065317568475,0.315281619869197
0.214,0.274305203371593,0.239029644283881,0.355678680022976,0.237693822510954,0.262113674013475,0.231625755954269,0.223425626877657,0.24052751115867,0.22613403335168,0.31252922025025
0.216,0.271842594664604,0.23646959992683,0.353261967763672,0.235451436522268,0.260183086303739,0.228926863896129,0.221249944338208,0.237640083059097,0.224202749134884,0.309776820631303
0.218,0.269379985957615,0.233909555569779,0.350845255504369,0.233209050533582,0.258252498594002,0.226227971837989,0.219075168198316,0.234753858334327,0.222271464918088,0.307005443829292
0.22,0.266917377250626,0.231366258976364,0.348415785258395,0.230959003056771,0.25628430634339,0.223532602965918,0.216900392058424,0.231867633609557,0.22033548276164,0.304226707893743
0.222,0.26443964428706,0.228823949227329,0.34593722169622,0.228700005871199,0.254315579373174,0.220840015324089,0.214725615918532,0.22898327716973,0.218398179591384,0.301447971958193
0.224,0.261961161348471,0.226281639478293,0.343458658134046,0.226441008685627,0.252346852402958,0.21814742768226,0.212556947612826,0.226114448093934,0.216460876421128,0.298662361158243
0.226,0.259482678409882,0.223739329729258,0.340972280398969,0.224182011500054,0.250374766926487,0.215460053261429,0.21039960137915,0.223245619018137,0.214523573250873,0.295869837189235
0.228,0.257003657985902,0.221223640909473,0.338442087486643,0.221922639364711,0.248380514188956,0.212789369935846,0.208242255145475,0.22037678994234,0.212590922241267,0.293077313220227
0.23,0.254522775424463,0.218715168902698,0.335911894574317,0.219663145959808,0.246386261451426,0.210118686610263,0.206084908911799,0.217534179382247,0.210659711451225,0.290284592301854
0.232,0.252041892863023,0.216206696895923,0.33338170166199,0.217403652554905,0.244392008713895,0.207448003284679,0.203927562678123,0.214697590849773,0.208728500661183,0.287490735097465
0.234,0.249561010301584,0.213698224889148,0.330810421599044,0.215144159150001,0.242396097236325,0.204806643123892,0.201801781611333,0.211861002317298,0.206797289871141,0.284696877893076
0.236,0.24708370364985,0.211211941575391,0.328238675495269,0.212897830603894,0.24038847467036,0.202172540729563,0.199676527465514,0.209043997589522,0.204876414660987,0.281903020688688
0.238,0.244613707791987,0.208752533572609,0.325666929391495,0.210652887993047,0.238380852104394,0.199538438335235,0.197551273319694,0.206253488139813,0.202962643684738,0.279116340648661
0.24,0.242143711934123,0.206293125569826,0.32307300803548,0.208407945382201,0.236373229538428,0.196916310051274,0.195426019173874,0.203462978690105,0.201048872708488,0.276333546241007
0.242,0.23967371607626,0.203833717567044,0.320469872328971,0.206163002771354,0.234365606972462,0.194332665698483,0.193318647648477,0.200672469240396,0.199135101732239,0.273550751833353
0.244,0.237209625195728,0.201374309564261,0.317866736622462,0.203944207297762,0.232356501429555,0.191749021345692,0.191239394018628,0.197936951838157,0.197227824091154,0.270767957425698
0.246,0.234763687245886,0.198973614527735,0.315257198131871,0.201727967055314,0.230347296765355,0.189165376992901,0.189160140388778,0.195205766409541,0.195342250753059,0.268008303540309
0.248,0.232317749296043,0.196578383535136,0.312632877496417,0.199511726812865,0.228338092101156,0.186614869874966,0.187080886758928,0.192474580980924,0.193456677414964,0.265248940045272
0.25,0.229871811346201,0.194183152542537,0.310008556860962,0.197295486570417,0.226328887436956,0.184094818201913,0.185001633129079,0.189763240696793,0.191571104076869,0.262489576550235
0.252,0.227425873396358,0.191787921549937,0.307384236225507,0.195109294511722,0.224325177073327,0.181574766528861,0.182953756410588,0.18710443070912,0.189685530738774,0.259735389386259
0.254,0.225015199872237,0.189397530168871,0.304751914521415,0.192935080874792,0.222325889338205,0.179054714855808,0.180933671084703,0.184445620721448,0.187824458413414,0.257011876971443
0.256,0.22260642355178,0.187081893125706,0.302116744498778,0.190760867237863,0.220326601603084,0.176583173877865,0.178913585758817,0.181786810733775,0.185977316330279,0.254288364556627
0.258,0.220197647231324,0.18476625608254,0.29948157447614,0.188586653600933,0.218327313867962,0.174139161475699,0.176893500432932,0.17916457343661,0.184130174247145,0.251564852141811
0.26,0.217788870910867,0.182450619039374,0.296846403978196,0.186430127962375,0.216328026132841,0.171695149073532,0.174873415107046,0.176590929976464,0.18228303216401,0.248845552348585
0.262,0.215400797101005,0.180134981996208,0.294211009385891,0.184310509596535,0.214348914887648,0.169251136671366,0.17288051451624,0.174017286516317,0.180435890080876,0.246170403866696
0.264,0.213042310455284,0.177819344953042,0.291575614793586,0.182190891230695,0.212370842287375,0.166856295679809,0.170932076815214,0.171443643056171,0.178627158433455,0.243495255384806
0.266,0.210683823809563,0.175583502429142,0.28894022020128,0.180071272864855,0.210392769687101,0.164500215621144,0.168983639114189,0.168905984220005,0.176828151479865,0.240820106902917
0.268,0.208325337163842,0.173362468957693,0.286305545108883,0.177951654499015,0.208414697086827,0.162144135562479,0.167035201413164,0.166429936680607,0.175029144526276,0.238144958421027
0.27,0.205966850518121,0.171141435486244,0.283680848445421,0.175877730721895,0.206439417902622,0.159788055503814,0.165086763712139,0.163953889141209,0.173230137572686,0.235518160453433
0.272,0.203645869747852,0.168920402014794,0.281056151781958,0.173824804930753,0.204493726670736,0.157457078951614,0.163138326011113,0.161477841601812,0.171431130619097,0.232904011957902
0.274,0.201350856263621,0.166699368543345,0.278431455118495,0.171771879139611,0.202548035438849,0.155200246474159,0.161263858142315,0.159008343449207,0.169671192711377,0.23028986346237
0.276,0.19905584277939,0.164504889780671,0.275806758455032,0.169718953348468,0.200602344206963,0.152943413996704,0.159398974534726,0.156641560938712,0.167929771113125,0.227675714966839
0.278,0.19676082929516,0.162393060519568,0.273202457226327,0.167666027557326,0.198656652975077,0.15068658151925,0.157534090927138,0.154274778428218,0.166188349514872,0.225078003754372
0.28,0.194465815810929,0.160281231258466,0.270599729844787,0.165672404955865,0.19671096174319,0.148429749041795,0.155669207319549,0.151907995917723,0.16444692791662,0.222537672560419
0.282,0.192205392139573,0.158169401997364,0.267997002463246,0.163697927012516,0.194805772657984,0.14624855815083,0.153804323711961,0.149541213407228,0.162705506318368,0.219997341366466
0.284,0.189987132143278,0.156057572736261,0.265394275081705,0.161723449069166,0.19290353925395,0.144101788384159,0.151939440104372,0.147234425782567,0.160977803909993,0.217457010172513
0.286,0.187768872146983,0.153945743475159,0.262809780130852,0.159748971125816,0.191001305849916,0.141955018617488,0.150168731218387,0.1449882167865,0.15930316611662,0.21491667897856
0.288,0.185550612150688,0.1518558035446,0.260240787875223,0.157774493182467,0.189099072445882,0.139808248850818,0.148399032863264,0.142742007790433,0.157628528323246,0.212405665233619
0.29,0.183332352154394,0.149867778112221,0.257671795619594,0.155842405518004,0.187196839041848,0.137661479084147,0.146629334508141,0.140495798794365,0.155953890529872,0.209952159481624
0.292,0.181114092158099,0.147879752679842,0.255102803363964,0.153957513147915,0.185318748823105,0.135612545185466,0.144859636153018,0.138249589798298,0.154279252736498,0.20749865372963
0.294,0.178980046409701,0.145891727247463,0.252533811108335,0.152072620777825,0.183471080048951,0.133586197479189,0.143089937797895,0.136082368444847,0.152604614943124,0.205045147977635
0.296,0.176852027934984,0.143903701815084,0.250004505111898,0.150187728407735,0.181623411274796,0.131559849772911,0.141320239442772,0.133967788477841,0.15095597741129,0.20259164222564
0.298,0.174724009460267,0.141915676382706,0.247481522857275,0.148302836037645,0.179775742500642,0.129533502066634,0.139612912512706,0.131853208510835,0.149357013210122,0.20014685299171
0.3,0.17259599098555,0.139927650950327,0.244958540602652,0.146417943667555,0.177928073726488,0.127507154360356,0.137949738414674,0.12973862854383,0.147758049008954,0.197793464131859
0.302,0.170467972510833,0.138014409355943,0.242435558348029,0.144614859156186,0.176080404952333,0.125555863265203,0.136286564316643,0.127624048576824,0.146159084807786,0.195440075272008
0.304,0.168339954036116,0.136164402067351,0.239912576093406,0.142830192075,0.174269346114521,0.123659793787817,0.134623390218612,0.125556789907489,0.144560120606619,0.193086686412157
0.306,0.166312816798316,0.134314394778759,0.237440618579256,0.141045524993815,0.172487470647919,0.121763724310431,0.13296021612058,0.12358420288842,0.142961156405451,0.190733297552306
0.308,0.164288765583094,0.132464387490167,0.234976589019282,0.139260857912629,0.170705595181317,0.119867654833045,0.131297042022549,0.121611615869351,0.141363630395253,0.188379908692456
0.31,0.162264714367873,0.130614380201575,0.232512559459308,0.137476190831444,0.168923719714715,0.117971585355659,0.129633867924518,0.119639028850282,0.139849140091816,0.186072370327783
0.312,0.160240663152651,0.128764372912983,0.230048529899335,0.135691523750258,0.167141844248113,0.116075515878273,0.128039708037985,0.117666441831213,0.138334649788379,0.183832688337925
0.314,0.158216611937429,0.126914365624391,0.227584500339361,0.133982798097377,0.165359968781511,0.114306282242031,0.126493883315574,0.115693854812144,0.136820159484942,0.181593006348067
0.316,0.156192560722207,0.125101680132299,0.225155179257059,0.132309115034132,0.163593776391959,0.112549827257137,0.124948058593162,0.113816334031494,0.135305669181505,0.179353324358209
0.318,0.154224699437566,0.123403576892972,0.22276389778318,0.130635431970887,0.161889053360667,0.110793372272243,0.123402233870751,0.111996523918477,0.133791178878068,0.177113642368351
0.32,0.152318567967909,0.121705473653646,0.220372616309301,0.128961748907642,0.160184330329375,0.109036917287349,0.12185640914834,0.11017671380546,0.132276688574632,0.174873960378493
0.322,0.150412436498253,0.120007370414319,0.217981334835421,0.127288065844398,0.158479607298084,0.107280462302455,0.120310584425929,0.108356903692442,0.130774200573703,0.172660985873477
0.324,0.148506305028596,0.118309267174992,0.215590053361542,0.125614382781153,0.156774884266792,0.105524007317561,0.118764759703518,0.106537093579425,0.129352738629067,0.170548918135712
0.326,0.14660017355894,0.116611163935666,0.213198771887662,0.123940699717908,0.155070161235501,0.103874979495109,0.117218934981107,0.104717283466408,0.12793127668443,0.168436850397947
0.328,0.144694042089283,0.114913060696339,0.210862773402799,0.122382683258383,0.153365438204209,0.102267005243841,0.115784295273851,0.102947169559589,0.126509814739794,0.166324782660182
0.33,0.142787910619627,0.113214957457013,0.208558811132223,0.120830574903461,0.15168750049697,0.100659030992572,0.114366312614288,0.101290508575038,0.125088352795158,0.164212714922417
0.332,0.140927512235989,0.111534276329154,0.206254848861646,0.119278466548539,0.150071496424445,0.099051056741303,0.112948329954725,0.0996338475904868,0.123666890850521,0.162100647184652
0.334,0.13915351694247,0.11000147865224,0.203950886591069,0.117726358193617,0.14845549235192,0.0974430824900343,0.111530347295162,0.0979771866059357,0.122245428905885,0.159988579446887
0.336,0.13737952164895,0.108468680975327,0.201646924320493,0.116174249838695,0.146839488279395,0.0958351082387655,0.110112364635599,0.0963205256213845,0.120823966961249,0.157933175362884
0.338,0.13560552635543,0.106935883298414,0.199342962049916,0.114622141483772,0.14522348420687,0.0942271339874968,0.108694381976036,0.0946638646368334,0.11946242067751,0.155963091798712
0.34,0.133831531061911,0.105403085621501,0.1970659529136,0.11307003312885,0.143607480134345,0.092759825080273,0.107276399316473,0.0930072036522823,0.118142257109016,0.153993008234539
0.342,0.132057535768391,0.103870287944587,0.19486452779727,0.111583709920474,0.14199147606182,0.0913087970517383,0.10585841665691,0.0914033832549718,0.116822093540522,0.152022924670366
0.344,0.130283540474871,0.102337490267674,0.192663102680941,0.110162878216503,0.140375471989295,0.0898577690232036,0.104474301631444,0.0899183467549979,0.115501929972027,0.150052841106194
0.346,0.128509545181352,0.100804692590761,0.190461677564611,0.108742046512533,0.13883347302024,0.0884067409946688,0.103194445269806,0.088433310255024,0.114181766403533,0.148082757542021
0.348,0.126798722356259,0.0992718949138477,0.188260252448281,0.107321214808562,0.137318099860862,0.0869557129661341,0.101914588908169,0.0869482737550501,0.112861602835039,0.146112673977849
0.35,0.125171377446289,0.0977390972369344,0.186058827331952,0.105900383104591,0.135802726701485,0.0855046849375993,0.100634732546531,0.0854632372550762,0.111541439266545,0.144142590413676
0.352,0.123544032536319,0.0963726487375618,0.183857402215622,0.104479551400621,0.134287353542107,0.0840536569090646,0.0993548761848932,0.0839782007551022,0.110221275698051,0.142302173823531
0.354,0.121916687626349,0.0950180733611306,0.181690126087369,0.10305871969665,0.132771980382729,0.0826450874803613,0.0980750198232555,0.0824931642551283,0.108929428110456,0.140488890285524
0.356,0.120289342716379,0.0936634979846993,0.179607420093342,0.101637887992679,0.131256607223352,0.0813588071923076,0.0967951634616178,0.0810081277551544,0.107718778067282,0.138675606747516
0.358,0.118661997806409,0.092308922608268,0.177524714099315,0.100247337995177,0.129741234063974,0.0800725269042539,0.0955153070999801,0.0796134600361048,0.106508128024108,0.136862323209508
0.36,0.117034652896439,0.0909543472318368,0.175442008105288,0.0989666884144616,0.128225860904596,0.0787862466162002,0.0942354507383424,0.0783073213607195,0.105297477980934,0.1350490396715
0.362,0.115407307986469,0.0895997718554055,0.173359302111261,0.0976860388337465,0.126749837781868,0.0774999663281466,0.0929555943767047,0.0770011826853341,0.10408682793776,0.133235756133492
0.364,0.113779963076499,0.0882451964789742,0.171276596117234,0.0964053892530314,0.125347349429199,0.0762136860400929,0.0917426562763203,0.0756950440099488,0.102876177894586,0.131422472595485
0.366,0.112238403054998,0.0868906211025429,0.169193890123207,0.0951247396723163,0.123944861076531,0.0749274057520392,0.0906107923030749,0.0743889053345635,0.101665527851412,0.129609189057477
0.368,0.110772402993118,0.0855360457261117,0.16711118412918,0.0938440900916012,0.122542372723863,0.0736411254639856,0.0894789283298295,0.0730827666591782,0.100454877808238,0.127848670007183
0.37,0.109306402931238,0.0841814703496804,0.16510377463028,0.0925634405108861,0.121139884371194,0.0723548451759319,0.0883470643565841,0.0717766279837928,0.0992442277650639,0.126207386209901
0.372,0.107840402869358,0.082897678026947,0.163157734207753,0.091282790930171,0.119737396018526,0.071169545831058,0.0872152003833387,0.0704704893084075,0.0980335777218899,0.12456610241262
0.374,0.106374402807478,0.0817338089793202,0.161211693785226,0.0900021413494559,0.118334907665857,0.0700548470843369,0.0860833364100933,0.0691643506330222,0.0969315122059601,0.122924818615338
0.376,0.104908402745598,0.0805699399316934,0.159265653362699,0.0887214917687408,0.116932419313189,0.0689401483376157,0.0849514724368479,0.0679787099363582,0.0958383986680697,0.121283534818056
0.378,0.103442402683718,0.0794060708840666,0.157319612940172,0.0875690175177369,0.115529930960521,0.0678254495908946,0.0838196084636025,0.0668580854510078,0.0947452851301792,0.119642251020775
0.38,0.101976402621838,0.0782422018364398,0.155373572517646,0.0864371842586593,0.114127442607852,0.0667107508441735,0.0826877444903571,0.0657374609656574,0.0936521715922888,0.118000967223493
0.382,0.100510402559958,0.077078332788813,0.153427532095119,0.0853053509995816,0.112843374194242,0.0655960520974524,0.0815558805171117,0.064616836480307,0.0925590580543983,0.116359683426212
0.384,0.0990444024980785,0.0759144637411862,0.151481491672592,0.084173517740504,0.111566301142857,0.0644813533507313,0.0804240165438663,0.0634962119949565,0.0914659445165078,0.11471839962893
0.386,0.0976442014244496,0.0747505946935594,0.149535451250065,0.0830416844814264,0.110289228091472,0.0633666546040102,0.0793142767565188,0.0623755875096061,0.0903728309786174,0.113077115831649
0.388,0.0963542523120754,0.0735867256459326,0.147716794176265,0.0819098512223487,0.109012155040087,0.0622519558572891,0.0783391244621312,0.0612549630242557,0.0892797174407269,0.111543003211891
0.39,0.0950643031997012,0.0724228565983058,0.145927254180946,0.0807780179632711,0.107735081988702,0.0611372571105679,0.0773639721677436,0.0601343385389053,0.0881866039028364,0.110089343299055
0.392,0.093774354087327,0.071258987550679,0.144137714185627,0.0796461847041934,0.106458008937317,0.0601225297520968,0.0763888198733561,0.0590137140535548,0.087093490364946,0.108635683386218
0.394,0.0924844049749528,0.0700951185030522,0.142348174190308,0.0785143514451158,0.105180935885932,0.0591850748702347,0.0754136675789685,0.0578930895682044,0.0860425100478495,0.107182023473381
0.396,0.0911944558625786,0.0689312494554254,0.140558634194989,0.0773825181860382,0.103903862834547,0.0582476199883727,0.0744385152845809,0.0568420260088337,0.0850744623707348,0.105728363560545
0.398,0.0899045067502044,0.0679547640937178,0.13876909419967,0.0762639296278655,0.102626789783162,0.0573101651065107,0.0734633629901934,0.0559128359892739,0.0841064146936202,0.104274703647708
0.4,0.0886145576378302,0.0669924716115802,0.136979554204351,0.0752887415345117,0.101349716731778,0.0563727102246487,0.0724882106958058,0.054983645969714,0.0831383670165055,0.102821043734871
0.402,0.087324608525456,0.0660301791294425,0.135190014209032,0.074313553441158,0.10010689420764,0.0554352553427866,0.0715130584014183,0.0540544559501541,0.0821703193393908,0.101367383822035
0.404,0.0860346594130817,0.0650678866473049,0.133400474213713,0.0733383653478043,0.0989679997469724,0.0544978004609246,0.0705379061070307,0.0531252659305942,0.0812022716622762,0.0999137239091982
0.406,0.0847447103007075,0.0641055941651672,0.131610934218395,0.0723631772544506,0.097829105286305,0.0535603455790626,0.0695627538126431,0.0521960759110344,0.0802342239851615,0.0984600639963615
0.408,0.0834547611883334,0.0631433016830296,0.129963990373846,0.0713879891610969,0.0966902108256377,0.0526228906972006,0.0685876015182556,0.0512668858914745,0.0792661763080468,0.0970064040835249
0.41,0.0822694309462796,0.0621810092008919,0.128352312920477,0.0704128010677432,0.0955513163649703,0.0516854358153385,0.067612449223868,0.0503376958719147,0.0782981286309322,0.0955976891220253
0.412,0.0811699662705632,0.0612187167187543,0.126740635467108,0.0694376129743894,0.094412421904303,0.0507479809334765,0.0666372969294804,0.0494085058523548,0.0773300809538175,0.0943473573394547
0.414,0.0800705015948469,0.0602564242366166,0.125128958013738,0.0684624248810357,0.0932735274436356,0.0498105260516145,0.0658014728086353,0.0484793158327949,0.0763620332767029,0.0930970255568841
0.416,0.0789710369191305,0.059294131754479,0.123517280560369,0.067487236787682,0.0921346329829683,0.0489959763611815,0.064990470818692,0.0475501258132351,0.0753939855995882,0.0918466937743135
0.418,0.0778715722434141,0.0583318392723413,0.121905603107,0.0665120486943283,0.0909957385223009,0.0482397006729912,0.0641794688287486,0.0466209357936752,0.0744454775006642,0.0905963619917429
0.42,0.0767721075676978,0.0573695467902037,0.120293925653631,0.0655368606009746,0.0898568440616336,0.0474834249848009,0.0633684668388053,0.0456970850209106,0.0736097608337344,0.0893460302091723
0.422,0.0756726428919814,0.056407254308066,0.118682248200262,0.0645616725076208,0.0887179496009662,0.0467271492966106,0.0625574648488619,0.044964077262521,0.0727740441668047,0.0880956984266016
0.424,0.074573178216265,0.0554449618259284,0.117070570746893,0.0636581727053646,0.0875790551402988,0.0459708736084203,0.0617464628589186,0.0442310695041313,0.0719383274998749,0.086845366644031
0.426,0.0734737135405487,0.0544826693437907,0.115458893293524,0.0628461527017245,0.0864401606796315,0.04521459792023,0.0609354608689753,0.0434980617457416,0.0711026108329452,0.0855950348614604
0.428,0.0723742488648323,0.0537031449341658,0.113847215840155,0.0620341326980843,0.0854309214709508,0.0444583222320397,0.0601244588790319,0.0427650539873519,0.0702668941660154,0.0843447030788898
0.43,0.0712747841891159,0.0529511694431125,0.112261916913575,0.0612221126944442,0.084443055841256,0.0437020465438494,0.0593134568890886,0.0420320462289622,0.0694311774990856,0.0830943712963192
0.432,0.0701753195133995,0.0521991939520592,0.110851164280801,0.0604100926908041,0.0834551902115612,0.0429457708556591,0.0585024548991452,0.0412990384705725,0.0685954608321559,0.0818440395137486
0.434,0.0690758548376832,0.0514472184610059,0.109440411648028,0.0595980726871639,0.0824673245818664,0.0421894951674688,0.0576914529092019,0.0405660307121828,0.0677597441652261,0.080593707731178
0.436,0.0679763901619668,0.0506952429699526,0.108029659015254,0.0587860526835238,0.0814794589521716,0.0414332194792785,0.0568804509192585,0.0398330229537932,0.0669240274982964,0.0793433759486074
0.438,0.0669634003643883,0.0499432674788993,0.10661890638248,0.0579740326798836,0.0804915933224768,0.0406769437910882,0.0560694489293152,0.0391000151954035,0.0660883108313666,0.0782394414308916
0.44,0.0660679313856553,0.049191291987846,0.105208153749706,0.0571620126762435,0.079503727692782,0.0399206681028979,0.0552584469393718,0.0383670074370138,0.0652525941644369,0.077207578338966
0.442,0.0651724624069223,0.0484393164967927,0.103797401116933,0.0563499926726034,0.0785158620630872,0.0391643924147076,0.0544474449494285,0.0376339996786241,0.0644168774975071,0.0761757152470404
0.444,0.0642769934281893,0.0476873410057394,0.102386648484159,0.0555379726689632,0.0775279964333924,0.0384302044449172,0.0536364429594851,0.0369009919202344,0.0635811608305773,0.0751438521551148
0.446,0.0633815244494563,0.0469353655146861,0.100975895851385,0.0547259526653231,0.0765401308036976,0.0378562555686816,0.052948878145369,0.0361679841618447,0.0627454441636476,0.0741119890631892
0.448,0.0624860554707233,0.0461833900236328,0.0995651432186117,0.0539139326616829,0.0755522651740028,0.0372823066924459,0.0523079622326578,0.035434976403455,0.0620127984249487,0.0730801259712636
0.45,0.0615905864919903,0.0454314145325795,0.0981543905858379,0.0531019126580428,0.074564399544308,0.0367083578162103,0.0516670463199466,0.0347019686450654,0.0613163340088458,0.072048262879338
0.452,0.0606951175132573,0.0446794390415262,0.0967436379530642,0.0522898926544027,0.0735765339146132,0.0361344089399747,0.0510261304072354,0.0340839184305935,0.060619869592743,0.0710163997874124
0.454,0.0597996485345244,0.0439274635504729,0.0953328853202905,0.0515059174831059,0.0725886682849184,0.035560460063739,0.0503852144945241,0.0335486914549628,0.0599234051766402,0.0699845366954868
0.456,0.0589041795557914,0.0431754880594196,0.0939221326875168,0.0508621010401149,0.0716281109928132,0.0349865111875034,0.0497442985818129,0.0330134644793321,0.0592269407605374,0.0689526736035612
0.458,0.0580087105770584,0.0424235125683663,0.0925497168961211,0.0502182845971239,0.0708037279298854,0.0344125623112677,0.0491033826691017,0.0324782375037014,0.0585304763444345,0.0679208105116356
0.46,0.0571132415983254,0.041671537077313,0.0913647209674236,0.0495744681541329,0.0699793448669576,0.0338386134350321,0.0484624667563905,0.0319430105280707,0.0578340119283317,0.06688894741971
0.462,0.0562177726195924,0.0409195615862597,0.090179725038726,0.0489306517111419,0.0691549618040298,0.0332646645587965,0.0478215508436793,0.03140778355244,0.0571375475122289,0.0658570843277844
0.464,0.0553223036408594,0.0401675860952064,0.0889947291100285,0.0482868352681509,0.068330578741102,0.0326907156825608,0.047180634930968,0.0308725565768093,0.0564410830961261,0.0648252212358588
0.466,0.0544268346621264,0.0395768183846112,0.0878097331813309,0.0476430188251599,0.0675061956781742,0.0321167668063252,0.0465397190182568,0.0303373296011786,0.0557446186800232,0.0637933581439332
0.468,0.0535313656833934,0.0390368436840634,0.0866247372526334,0.0469992023821689,0.0666818126152464,0.0315428179300895,0.0458988031055456,0.0298021026255479,0.0550481542639204,0.0627614950520076
0.47,0.0526358967046604,0.0384968689835156,0.0854397413239358,0.0463553859391779,0.0658574295523186,0.0309688690538539,0.0452578871928344,0.0292668756499172,0.0543516898478176,0.061729631960082
0.472,0.0517404277259274,0.0379568942829677,0.0842547453952383,0.0457115694961869,0.0650330464893908,0.0303949201776183,0.0446169712801232,0.0287316486742865,0.0536552254317148,0.0609173012842903
0.474,0.051048376717669,0.0374169195824199,0.0830697494665407,0.0450677530531959,0.064208663426463,0.0298209713013826,0.0439760553674119,0.0281964216986558,0.0529587610156119,0.0601176230563508
0.476,0.050368253315794,0.0368769448818721,0.0818847535378432,0.0444239366102049,0.0633842803635352,0.029247022425147,0.0433351394547007,0.0276611947230251,0.0522622965995091,0.0593179448284113
0.478,0.0496881299139189,0.0363369701813242,0.0806997576091456,0.0437801201672139,0.0625598973006074,0.0286730735489114,0.0426942235419895,0.0271259677473944,0.0515658321834063,0.0585182666004718
0.48,0.0490080065120438,0.0357969954807764,0.0795147616804481,0.0431363037242229,0.0617355142376796,0.0280991246726757,0.0420533076292783,0.0265907407717637,0.0508693677673035,0.0577185883725324
0.482,0.0483278831101688,0.0352570207802286,0.0783297657517505,0.0424924872812319,0.0609111311747518,0.0276070040547507,0.0414123917165671,0.026055513796133,0.0502000629412066,0.0569189101445929
0.484,0.0476477597082937,0.0347170460796807,0.077144769823053,0.0418486708382409,0.060086748111824,0.0272100989817615,0.0407714758038558,0.0255202868205023,0.0496479809282494,0.0561192319166534
0.486,0.0469676363064186,0.0341770713791329,0.0759597738943554,0.0412048543952499,0.0592623650488962,0.0268131939087722,0.0401878302991512,0.0249850598448716,0.0490958989152922,0.0553195536887139
0.488,0.0462875129045436,0.0336370966785851,0.0747747779656578,0.0405610379522589,0.0584379819859684,0.0264162888357829,0.0397132530882284,0.0244498328692409,0.048543816902335,0.0545198754607745
0.49,0.0456073895026685,0.0330971219780373,0.0735897820369603,0.0399172215092679,0.0576135989230406,0.0260193837627937,0.0392386758773057,0.0239146058936102,0.0479917348893777,0.053720197232835
0.492,0.0449272661007934,0.0325571472774894,0.0724047861082627,0.0392734050662769,0.056826178904823,0.0256224786898044,0.0387640986663829,0.0234042892884445,0.0474396528764205,0.0529205190048955
0.494,0.0442471426989184,0.0320171725769416,0.0714421884158871,0.0387889640793011,0.0561763991713224,0.0252255736168151,0.0382895214554602,0.023049201937665,0.0468875708634633,0.052120840776956
0.496,0.0435670192970433,0.0314771978763938,0.0705091088397756,0.0383138502703801,0.0555266194378219,0.0248286685438259,0.0378149442445374,0.0226941145868855,0.0463354888505061,0.0513211625490166
0.498,0.0428868958951683,0.0309372231758459,0.0695760292636641,0.0378387364614591,0.0548768397043213,0.0244317634708366,0.0373403670336147,0.022339027236106,0.0457834068375488,0.0505214843210771
0.5,0.0422067724932932,0.0303972484752981,0.0686429496875527,0.0373636226525381,0.0542270599708208,0.0240348583978473,0.0368657898226919,0.0219839398853265,0.0452313248245916,0.0497218060931376
0.502,0.0415266490914181,0.0298572737747503,0.0677098701114412,0.0368885088436172,0.0535772802373203,0.0236379533248581,0.0363912126117692,0.021628852534547,0.0446792428116344,0.0489221278651981
0.504,0.0408465256895431,0.0293172990742025,0.0667767905353298,0.0364133950346962,0.0529275005038197,0.0232410482518688,0.0359166354008464,0.0212737651837675,0.0441271607986772,0.0481224496372587
0.506,0.040166402287668,0.0287773243736546,0.0658437109592183,0.0359382812257752,0.0522777207703192,0.0228441431788795,0.0354420581899237,0.020918677832988,0.0435750787857199,0.0473227714093192
0.508,0.0394862788857929,0.0282373496731068,0.0649106313831068,0.0354631674168542,0.0516279410368186,0.0224472381058903,0.0349674809790009,0.0205635904822085,0.0430229967727627,0.0465230931813797
0.51,0.0388061554839179,0.027697374972559,0.0639775518069954,0.0349880536079333,0.0509781613033181,0.022050333032901,0.0344929037680782,0.020208503131429,0.0424709147598055,0.0457234149534402
0.512,0.0381260320820428,0.0271574002720111,0.0630444722308839,0.0345129397990123,0.0503283815698175,0.0216534279599117,0.0340183265571554,0.0198534157806495,0.0419188327468482,0.0449237367255008
0.514,0.0374459086801677,0.0266174255714633,0.0621113926547725,0.0340378259900913,0.049678601836317,0.0212565228869225,0.0335437493462327,0.01949832842987,0.041366750733891,0.0441812808365785
0.516,0.0367657852782927,0.0262116888222533,0.061178313078661,0.0335627121811703,0.0490288221028164,0.0208596178139332,0.0330691721353099,0.0191432410790905,0.0408146687209338,0.0436041670325499
0.518,0.0361154280707984,0.0258482474857811,0.0602452335025496,0.0330875983722493,0.0483790423693159,0.0204627127409439,0.0325945949243872,0.018788153728311,0.0402625867079766,0.0430270532285212
0.52,0.0356343197300261,0.0254848061493089,0.0593121539264381,0.0326124845633284,0.0477292626358153,0.0200658076679547,0.0321200177134644,0.0184330663775315,0.0397105046950193,0.0424499394244926
0.522,0.0351532113892538,0.0251213648128368,0.0583790743503266,0.0321373707544074,0.0470794829023148,0.0196689025949654,0.0316454405025417,0.018077979026752,0.0391584226820621,0.0418728256204639
0.524,0.0346721030484815,0.0247579234763646,0.0574459947742152,0.0316622569454864,0.0464297031688142,0.0192719975219761,0.0311708632916189,0.0177228916759725,0.0386063406691049,0.0412957118164353
0.526,0.0341909947077092,0.0243944821398924,0.0565129151981037,0.0311871431365654,0.0457799234353137,0.0188750924489869,0.0306962860806962,0.017367804325193,0.0380712215638978,0.0407185980124066
0.528,0.0337098863669369,0.0240310408034203,0.0555798356219923,0.0307120293276444,0.0451301437018131,0.0184781873759976,0.0302217088697734,0.0170127169744135,0.0376557743426089,0.040141484208378
0.53,0.0332287780261646,0.0236675994669481,0.0546467560458808,0.0302369155187235,0.0444803639683126,0.0180812823030084,0.0297471316588507,0.016657629623634,0.03724032712132,0.0395643704043493
0.532,0.0327476696853923,0.0233041581304759,0.0537136764697694,0.0297618017098025,0.0438305842348121,0.0177494119621724,0.0292725544479279,0.0163025422728545,0.0368248799000312,0.0389872566003207
0.534,0.03226656134462,0.0229407167940038,0.0527805968936579,0.0292866879008815,0.0431808045013115,0.0174932161815625,0.0287979772370052,0.015947454922075,0.0364094326787423,0.038410142796292
0.536,0.0317854530038477,0.0225772754575316,0.0518475173175464,0.0288115740919605,0.042531024767811,0.0172370204009527,0.0283706882417535,0.0155923675712955,0.0359939854574534,0.0378330289922634
0.538,0.0313043446630754,0.0222138341210594,0.0509940061720505,0.0283364602830395,0.0419316602182212,0.0169808246203428,0.0280334570124366,0.015237280220516,0.0355785382361645,0.0372559151882347
0.54,0.0308232363223031,0.0218503927845873,0.0503093237132951,0.0278613464741186,0.0414476065696097,0.0167246288397329,0.0276962257831197,0.0148821928697365,0.0351630910148757,0.0366788013842061
0.542,0.0303421279815308,0.0214869514481151,0.0496246412545398,0.0273862326651976,0.0409635529209982,0.0164684330591231,0.0273589945538028,0.0145454687259278,0.0347476437935868,0.0361016875801774
0.544,0.0298610196407585,0.0211235101116429,0.0489399587957844,0.0270452409938376,0.0404794992723866,0.0162122372785132,0.0270217633244859,0.0143231751133795,0.0343321965722979,0.0355245737761488
0.546,0.0293799112999862,0.0207600687751708,0.0482552763370291,0.0267120985929324,0.0399954456237751,0.0159560414979033,0.026684532095169,0.0141008815008313,0.033916749351009,0.0349474599721201
0.548,0.0288988029592138,0.0203966274386986,0.0475705938782738,0.0263789561920273,0.0395113919751636,0.0156998457172935,0.026347300865852,0.013878587888283,0.0335013021297202,0.0343703461680915
0.55,0.0284176946184415,0.0200331861022264,0.0468859114195184,0.0260458137911221,0.0390273383265521,0.0154436499366836,0.0260100696365351,0.0136562942757348,0.0330858549084313,0.0337932323640628
0.552,0.0279365862776692,0.0196697447657543,0.046201228960763,0.0257126713902169,0.0385432846779406,0.0151874541560737,0.0256728384072182,0.0134340006631865,0.0326704076871424,0.0332161185600342
0.554,0.0274554779368969,0.0193063034292821,0.0455165465020077,0.0253795289893117,0.038059231029329,0.0149312583754639,0.0253356071779013,0.0132117070506382,0.0322549604658535,0.0326390047560055
0.556,0.0269743695961246,0.01894286209281,0.0448318640432524,0.0250463865884066,0.0375751773807175,0.014675062594854,0.0249983759485844,0.01298941343809,0.0318395132445647,0.0320618909519769
0.558,0.0264932612553523,0.0185794207563378,0.044147181584497,0.0247132441875014,0.037091123732106,0.0144188668142441,0.0246611447192675,0.0127671198255417,0.0314240660232758,0.0314847771479482
0.56,0.02601215291458,0.0182159794198656,0.0434624991257417,0.0243801017865962,0.0366070700834945,0.0141626710336343,0.0243239134899505,0.0125448262129935,0.0310086188019869,0.0309076633439196
0.562,0.0255310445738077,0.0178525380833935,0.0427778166669863,0.0240469593856911,0.036123016434883,0.0139064752530244,0.0239866822606336,0.0123225326004452,0.0305931715806981,0.0303305495398909
0.564,0.0250499362330354,0.0174890967469213,0.042093134208231,0.0237138169847859,0.0356389627862715,0.0136502794724146,0.0236494510313167,0.0121002389878969,0.0301777243594092,0.0297991260908168
0.566,0.0245688278922631,0.0172182945222343,0.0414084517494757,0.0233806745838807,0.03515490913766,0.0133940836918047,0.0233122198019998,0.0118779453753487,0.0297622771381203,0.0293997234342764
0.568,0.0241105387886749,0.0169766808349884,0.0407237692907203,0.0230475321829755,0.0346708554890484,0.0131378879111948,0.0229749885726829,0.0116556517628004,0.0293468299168315,0.029000320777736
0.57,0.0237819985533312,0.0167350671477424,0.040039086831965,0.0227143897820704,0.0341868018404369,0.012881692130585,0.022637757343366,0.0114333581502522,0.0289313826955426,0.0286009181211956
0.572,0.0234534583179875,0.0164934534604965,0.0393544043732096,0.0223812473811652,0.0337027481918254,0.0126254963499751,0.0223005261140491,0.0112110645377039,0.0285159354742537,0.0282015154646552
0.574,0.0231249180826438,0.0162518397732505,0.0386697219144543,0.02204810498026,0.0332186945432139,0.0123693005693652,0.0219632948847322,0.0109887709251556,0.0281004882529648,0.0278021128081148
0.576,0.0227963778473001,0.0160102260860046,0.0379850394556989,0.0217149625793548,0.0327346408946024,0.0121131047887554,0.0216260636554152,0.0107664773126074,0.0276988095826644,0.0274027101515744
0.578,0.0224678376119564,0.0157686123987586,0.0373003569969436,0.0213818201784497,0.0322505872459908,0.0118569090081455,0.0212888324260983,0.0105441837000591,0.0273942668786669,0.027003307495034
0.58,0.0221392973766127,0.0155269987115127,0.0366156745381882,0.0210486777775445,0.0317665335973793,0.0116007132275356,0.0209516011967814,0.0103218900875108,0.0270897241746694,0.0266039048384936
0.582,0.021810757141269,0.0152853850242667,0.0359309920794329,0.0207155353766393,0.0312824799487678,0.0113868300129873,0.0206143699674645,0.0100995964749626,0.0267851814706719,0.0262045021819532
0.584,0.0214822169059253,0.0150437713370208,0.0352463096206775,0.0203823929757341,0.0307984263001563,0.0112221817952281,0.0202771387381476,0.00987730286241433,0.0264806387666744,0.0258050995254128
0.586,0.0211536766705816,0.0148021576497748,0.0345616271619222,0.020049250574829,0.0303143726515448,0.0110575335774689,0.0199739277644236,0.00965500924986606,0.0261760960626768,0.0254056968688724
0.588,0.0208251364352379,0.0145605439625289,0.0339421331251404,0.0197161081739238,0.0298708435147776,0.0108928853597096,0.0197355064676148,0.0094327156373178,0.0258715533586793,0.025006294212332
0.59,0.0204965961998942,0.0143189302752829,0.0334609562021605,0.0193829657730186,0.0295200030803019,0.0107282371419504,0.0194970851708061,0.00921042202476954,0.0255670106546818,0.0246068915557916
0.592,0.0201680559645505,0.014077316588037,0.0329797792791807,0.0190498233721135,0.0291691626458263,0.0105635889241912,0.0192586638739973,0.00899976052132537,0.0252624679506843,0.0242074888992512
0.594,0.0198395157292068,0.013835702900791,0.0324986023562008,0.0188117518513989,0.0288183222113506,0.0103989407064319,0.0190202425771885,0.00886158463690084,0.0249579252466868,0.0238080862427108
0.596,0.0195109754938631,0.013594089213545,0.0320174254332209,0.0185792441925835,0.0284674817768749,0.0102342924886727,0.0187818212803797,0.00872340875247632,0.0246533825426893,0.0234086835861704
0.598,0.0191824352585194,0.0133524755262991,0.0315362485102411,0.018346736533768,0.0281166413423993,0.0100696442709135,0.018543399983571,0.00858523286805178,0.0243488398386918,0.02300928092963
0.6,0.0188538950231757,0.0131108618390531,0.0310550715872612,0.0181142288749525,0.0277658009079236,0.00990499605315425,0.0183049786867622,0.00844705698362726,0.0240442971346942,0.0226098782730896
0.602,0.018525354787832,0.0128692481518072,0.0305738946642814,0.0178817212161371,0.0274149604734479,0.00974034783539501,0.0180665573899534,0.00830888109920273,0.0237397544306967,0.0222104756165492
0.604,0.0181968145524883,0.0126276344645612,0.0300927177413015,0.0176492135573216,0.0270641200389723,0.00957569961763578,0.0178281360931446,0.0081707052147782,0.0234352117266992,0.0218110729600088
0.606,0.0178682743171446,0.0123860207773153,0.0296115408183216,0.0174167058985061,0.0267132796044966,0.00941105139987655,0.0175897147963359,0.00803252933035367,0.0231306690227017,0.0214116703034685
0.608,0.0175397340818009,0.0121444070900693,0.0291303638953418,0.0171841982396906,0.0263624391700209,0.00924640318211732,0.0173512934995271,0.00789435344592914,0.0228261263187042,0.0210122676469281
0.61,0.0172111938464572,0.0119027934028234,0.0286491869723619,0.0169516905808752,0.0260115987355453,0.00908175496435809,0.0171128722027183,0.00775617756150461,0.0225215836147067,0.0206128649903877
0.612,0.0168826536111135,0.0116611797155774,0.0281680100493821,0.0167191829220597,0.0256607583010696,0.00891710674659885,0.0168744509059095,0.00761800167708009,0.0222170409107091,0.0202134623338473
0.614,0.0165541133757699,0.0114195660283315,0.0276868331264022,0.0164866752632442,0.0253099178665939,0.00875245852883962,0.0166360296091008,0.00747982579265556,0.0219124982067116,0.0198467240200328
0.616,0.0162255731404262,0.0112406508489711,0.0272056562034223,0.0162541676044288,0.0249590774321183,0.00858781031108039,0.016397608312292,0.00734164990823103,0.0216079555027141,0.0195743682606673
0.618,0.0159131133626223,0.0110814905842428,0.0267244792804425,0.0160216599456133,0.0246082369976426,0.00842316209332116,0.0161591870154832,0.0072034740238065,0.0213034127987166,0.0193020125013018
0.62,0.0156920861401584,0.0109223303195145,0.0262433023574626,0.0157891522867978,0.0242573965631669,0.00825851387556193,0.0159207657186745,0.00706529813938197,0.0209988700947191,0.0190296567419363
0.622,0.0154710589176945,0.0107631700547862,0.0257621254344828,0.0155566446279823,0.0239065561286913,0.00809386565780269,0.0156823444218657,0.00692712225495744,0.0206943273907216,0.0187573009825708
0.624,0.0152500316952306,0.0106040097900579,0.0252809485115029,0.0153241369691669,0.0235557156942156,0.00792921744004346,0.0154439231250569,0.00678894637053291,0.020389784686724,0.0184849452232053
0.626,0.0150290044727667,0.0104448495253296,0.024799771588523,0.0150916293103514,0.0232048752597399,0.00776456922228423,0.0152055018282481,0.00665077048610838,0.020095473876884,0.0182125894638398
0.628,0.0148079772503028,0.0102856892606013,0.0243185946655432,0.0148591216515359,0.0228540348252643,0.007599921004525,0.0149670805314394,0.00651259460168386,0.0198733482176035,0.0179402337044743
0.63,0.0145869500278389,0.010126528995873,0.0238374177425633,0.0146266139927205,0.0225031943907886,0.00743527278676577,0.0147286592346306,0.00637441871725933,0.0196512225583231,0.0176678779451088
0.632,0.014365922805375,0.00996736873114468,0.0233562408195835,0.014394106333905,0.0221523539563129,0.00729792071482466,0.0144902379378218,0.0062362428328348,0.0194290968990427,0.0173955221857433
0.634,0.0141448955829111,0.00980820846641639,0.0228750638966036,0.0141615986750895,0.0218015135218373,0.00719233049939104,0.014251816641013,0.00609806694841027,0.0192069712397623,0.0171231664263778
0.636,0.0139238683604472,0.00964904820168809,0.0223938869736237,0.013929091016274,0.0214506730873616,0.00708674028395741,0.0140376353488237,0.00595989106398574,0.0189848455804818,0.0168508106670123
0.638,0.0137028411379833,0.00948988793695979,0.0219613043876392,0.0136965833574586,0.0211300403037135,0.00698115006852378,0.0138696177917486,0.00582171517956121,0.0187627199212014,0.0165784549076468
0.64,0.0134818139155194,0.0093307276722315,0.0216318295044771,0.0134640756986431,0.0208784992333779,0.00687555985309015,0.0137016002346736,0.00568353929513668,0.018540594261921,0.0163060991482812
0.642,0.0132607866930555,0.0091715674075032,0.0213023546213149,0.0132315680398276,0.0206269581630423,0.00676996963765652,0.0135335826775986,0.00555264717441695,0.0183184686026406,0.0160337433889157
0.644,0.0130397594705916,0.0090124071427749,0.0209728797381528,0.013065840227291,0.0203754170927067,0.00666437942222289,0.0133655651205236,0.00546714390933896,0.0180963429433601,0.0157613876295502
0.646,0.0128187322481277,0.00885324687804661,0.0206434048549906,0.0129040205919122,0.0201238760223711,0.00655878920678927,0.0131975475634485,0.00538164064426097,0.0178742172840797,0.0154890318701847
0.648,0.0125977050256638,0.00869408661331831,0.0203139299718285,0.0127422009565334,0.0198723349520355,0.00645319899135564,0.0130295300063735,0.00529613737918299,0.0176520916247993,0.0152166761108192
0.65,0.0123766778031999,0.00853492634859001,0.0199844550886663,0.0125803813211546,0.0196207938816999,0.00634760877592201,0.0128615124492985,0.005210634114105,0.0174299659655189,0.0149443203514537
0.652,0.012155650580736,0.00837576608386172,0.0196549802055042,0.0124185616857757,0.0193692528113643,0.00624201856048838,0.0126934948922234,0.00512513084902701,0.0172078403062384,0.0146719645920882
0.654,0.0119346233582721,0.00821660581913342,0.0193255053223421,0.0122567420503969,0.0191177117410287,0.00613642834505475,0.0125254773351484,0.00503962758394903,0.016985714646958,0.0143996088327227
0.656,0.0117135961358082,0.00805744555440513,0.0189960304391799,0.0120949224150181,0.0188661706706931,0.00603083812962112,0.0123574597780734,0.00495412431887104,0.0167635889876776,0.0141272530733572
0.658,0.0114925689133443,0.00789828528967683,0.0186665555560178,0.0119331027796393,0.0186146296003576,0.00592524791418749,0.0121894422209983,0.00486862105379305,0.0165414633283972,0.0138548973139917
0.66,0.0112715416908804,0.00773912502494853,0.0183370806728556,0.0117712831442605,0.018363088530022,0.00581965769875387,0.0120214246639233,0.00478311778871507,0.0163193376691167,0.0135825415546262
0.662,0.0110505144684165,0.00757996476022024,0.0180076057896935,0.0116094635088817,0.0181115474596864,0.00571406748332024,0.0118534071068483,0.00469761452363708,0.0160972120098363,0.0133101857952607
0.664,0.0108294872459526,0.00742080449549194,0.0176781309065313,0.0114476438735029,0.0178600063893508,0.00560847726788661,0.0116853895497733,0.00461211125855909,0.0158750863505559,0.0130607344439534
0.666,0.0106084600234887,0.00730349197306499,0.0173486560233692,0.0112858242381241,0.0176084653190152,0.00550288705245298,0.0115173719926982,0.00452660799348111,0.0156529606912755,0.0128774646337478
0.668,0.010398529036391,0.00719936474969205,0.0170191811402071,0.0111240046027452,0.0173569242486796,0.00539729683701935,0.0113493544356232,0.00444110472840312,0.015430835031995,0.0126941948235422
0.67,0.010251690604444,0.0070952375263191,0.0166897062570449,0.0109621849673664,0.017105383178344,0.00529170662158572,0.0111813368785482,0.00435560146332513,0.0152087093727146,0.0125109250133366
0.672,0.0101048521724971,0.00699111030294615,0.0163602313738828,0.0108003653319876,0.0168538421080084,0.0051861164061521,0.0110133193214731,0.00427009819824715,0.0149865837134342,0.012327655203131
0.674,0.00995801374055014,0.0068869830795732,0.0160307564907206,0.0106385456966088,0.0166023010376728,0.00508052619071847,0.0108453017643981,0.00418459493316916,0.0147644580541538,0.0121443853929254
0.676,0.00981117530860318,0.00678285585620025,0.0157012816075585,0.01047672606123,0.0163507599673372,0.00497493597528484,0.0106772842073231,0.00409909166809117,0.0145498663639564,0.0119611155827199
0.678,0.00966433687665623,0.0066787286328273,0.0153718067243963,0.0103149064258512,0.0160992188970016,0.00486934575985121,0.010509266650248,0.00401358840301319,0.0143884261903994,0.0117778457725143
0.68,0.00951749844470928,0.00657460140945436,0.0150423318412342,0.0101530867904724,0.015847677826666,0.00476375554441758,0.010341249093173,0.0039280851379352,0.0142269860168425,0.0115945759623087
0.682,0.00937066001276233,0.00647047418608141,0.0147128569580721,0.00999126715509354,0.0155961367563304,0.00467569881311888,0.010173231536098,0.00384258187285721,0.0140655458432856,0.0114113061521031
0.684,0.00922382158081538,0.00636634696270846,0.0143833820749099,0.00982944751971473,0.0153445956859948,0.00460804408329248,0.010005213979023,0.00375707860777923,0.0139041056697286,0.0112280363418975
0.686,0.00907698314886843,0.00626221973933551,0.0140539071917478,0.00966762788433592,0.0150930546156592,0.00454038935346608,0.00985436319625568,0.00367157534270124,0.0137426654961717,0.0110447665316919
0.688,0.00893014471692148,0.00615809251596257,0.0137595938044706,0.00950580824895711,0.0148636367914857,0.00447273462363968,0.00973620557647883,0.00358607207762326,0.0135812253226148,0.0108614967214863
0.69,0.00878330628497453,0.00605396529258962,0.0135398862517962,0.0093439886135783,0.0146848198230388,0.00440507989381328,0.00961804795670198,0.00350056881254527,0.0134197851490578,0.0106782269112807
0.692,0.00863646785302758,0.00594983806921667,0.0133201786991218,0.00918216897819949,0.014506002854592,0.00433742516398688,0.00949989033692512,0.00341959364426415,0.0132583449755009,0.0104949571010751
0.694,0.00848962942108063,0.00584571084584372,0.0131004711464474,0.00906700485569317,0.0143271858861451,0.00426977043416047,0.00938173271714826,0.00336683536222139,0.0130969048019439,0.0103116872908695
0.696,0.00834279098913368,0.00574158362247078,0.0128807635937729,0.00895457116788916,0.0141483689176982,0.00420211570433407,0.00926357509737141,0.00331407708017863,0.012935464628387,0.0101284174806639
0.698,0.00819595255718673,0.00563745639909783,0.0126610560410985,0.00884213748008514,0.0139695519492514,0.00413446097450767,0.00914541747759455,0.00326131879813587,0.0127740244548301,0.00994514767045833
0.7,0.00804911412523977,0.00553332917572488,0.0124413484884241,0.00872970379228113,0.0137907349808045,0.00406680624468127,0.0090272598578177,0.00320856051609311,0.0126125842812731,0.00976187786025273
0.702,0.00790227569329282,0.00542920195235193,0.0122216409357497,0.00861727010447712,0.0136119180123577,0.00399915151485487,0.00890910223804084,0.00315580223405035,0.0124511441077162,0.00957860805004714
0.704,0.00775543726134587,0.00532507472897898,0.0120019333830753,0.0085048364166731,0.0134331010439108,0.00393149678502847,0.00879094461826399,0.00310304395200758,0.0122897039341593,0.00939533823984155
0.706,0.00760859882939892,0.00522094750560604,0.0117822258304008,0.00839240272886909,0.013254284075464,0.00386384205520206,0.00867278699848713,0.00305028566996482,0.0121282637606023,0.00921206842963595
0.708,0.00746176039745197,0.00511682028223309,0.0115625182777264,0.00827996904106508,0.0130754671070171,0.00379618732537566,0.00855462937871028,0.00299752738792206,0.0119668235870454,0.00902879861943036
0.71,0.00731492196550502,0.00501269305886014,0.011342810725052,0.00816753535326106,0.0128966501385702,0.00372853259554926,0.00843647175893342,0.0029447691058793,0.0118053834134884,0.00884552880922477
0.712,0.00716808353355807,0.00490856583548719,0.0111231031723776,0.00805510166545705,0.0127178331701234,0.00366087786572286,0.00831831413915657,0.00289201082383653,0.0116439432399315,0.00866225899901917
0.714,0.00702124510161111,0.00480443861211424,0.0109033956197032,0.00794266797765304,0.0125390162016765,0.00359322313589646,0.00820015651937971,0.00283925254179377,0.0114825030663746,0.00849479139846894
0.716,0.00687440666966416,0.00472795988366805,0.0106836880670287,0.00783023428984903,0.0123601992332297,0.00352556840607006,0.00808199889960285,0.00278649425975101,0.0113210628928176,0.00837298376804955
0.718,0.00673509711662601,0.00466019258513312,0.0104639805143543,0.00771780060204501,0.0121813822647828,0.00345791367624365,0.007963841279826,0.00273373597770825,0.0111596227192607,0.00825117613763016
0.72,0.00663859633540129,0.00459242528659818,0.0102442729616799,0.007605366914241,0.012002565296336,0.00339025894641725,0.00784568366004914,0.00268097769566549,0.0109981825457038,0.00812936850721077
0.722,0.00654209555417657,0.00452465798806325,0.0100245654090055,0.00749293322643698,0.0118237483278891,0.00332260421659085,0.00772752604027229,0.00262821941362273,0.0108367423721468,0.00800756087679138
0.724,0.00644559477295185,0.00445689068952831,0.00980485785633105,0.00738049953863297,0.0116449313594422,0.00325494948676445,0.00760936842049543,0.00257546113157996,0.0106753021985899,0.00788575324637199
0.726,0.00634909399172713,0.00438912339099338,0.00958515030365664,0.00726806585082896,0.0114661143909954,0.00318729475693805,0.00749121080071857,0.0025227028495372,0.010519374331457,0.0077639456159526
0.728,0.00625259321050241,0.00432135609245844,0.00936544275098221,0.00715563216302495,0.0112872974225485,0.00311964002711165,0.00737305318094172,0.00246994456749444,0.0104023353213654,0.00764213798553321
0.73,0.00615609242927768,0.0042535887939235,0.00914573519830779,0.00704319847522093,0.0111084804541017,0.00305198529728524,0.00725489556116486,0.00241718628545168,0.0102852963112738,0.00752033035511382
0.732,0.00605959164805296,0.00418582149538857,0.00892602764563337,0.00693076478741692,0.0109296634856548,0.00299557040448574,0.00713673794138801,0.00236442800340892,0.0101682573011822,0.00739852272469442
0.734,0.00596309086682824,0.00411805419685363,0.00870632009295895,0.00681833109961291,0.0107508465172079,0.0029522342112651,0.00701858032161115,0.00231166972136615,0.0100512182910906,0.00727671509427503
0.736,0.00586659008560352,0.0040502868983187,0.00848661254028453,0.00670589741180889,0.0105720295487611,0.00290889801804445,0.00691253410610853,0.00225891143932339,0.00993417928099906,0.00715490746385564
0.738,0.0057700893043788,0.00398251959978376,0.00829166313319328,0.00659346372400488,0.0104091986215956,0.00286556182482381,0.00682955338368468,0.00220615315728063,0.00981714027090748,0.00703309983343625
0.74,0.00567358852315408,0.00391475230124883,0.00814924568095658,0.00648103003620087,0.0102829313778332,0.00282222563160316,0.00674657266126083,0.00215339487523787,0.0097001012608159,0.00691129220301686
0.742,0.00557708774192936,0.00384698500271389,0.00800682822871987,0.00636859634839686,0.0101566641340709,0.00277888943838251,0.00666359193883698,0.00210343886656865,0.00958306225072431,0.00678948457259747
0.744,0.00548058696070463,0.00377921770417895,0.00786441077648317,0.00628865470603382,0.0100303968903086,0.00273555324516187,0.00658061121641314,0.00207094525601878,0.00946602324063273,0.00666767694217808
0.746,0.00538408617947991,0.00371145040564402,0.00772199332424646,0.00621061460548137,0.00990412964654622,0.00269221705194122,0.00649763049398929,0.00203845164546891,0.00934898423054115,0.00654586931175869
0.748,0.00528758539825519,0.00364368310710908,0.00757957587200976,0.00613257450492892,0.00977786240278388,0.00264888085872057,0.00641464977156544,0.00200595803491904,0.00923194522044957,0.0064240616813393
0.75,0.00519108461703047,0.00357591580857415,0.00743715841977305,0.00605453440437646,0.00965159515902154,0.00260554466549993,0.00633166904914159,0.00197346442436917,0.00911490621035798,0.00630225405091991
0.752,0.00509458383580575,0.00350814851003921,0.00729474096753635,0.00597649430382401,0.00952532791525921,0.00256220847227928,0.00624868832671774,0.0019409708138193,0.0089978672002664,0.00618044642050052
0.754,0.00499808305458103,0.00344038121150428,0.00715232351529964,0.00589845420327155,0.00939906067149687,0.00251887227905863,0.0061657076042939,0.00190847720326943,0.00888082819017482,0.00605863879008112
0.756,0.00490158227335631,0.00337261391296934,0.00700990606306294,0.0058204141027191,0.00927279342773453,0.00247553608583799,0.00608272688187005,0.00187598359271956,0.00876378918008323,0.00593683115966173
0.758,0.00480508149213158,0.0033048466144344,0.00686748861082623,0.00574237400216665,0.0091465261839722,0.00243219989261734,0.0059997461594462,0.00184348998216969,0.00864675016999165,0.00581502352924234
0.76,0.00470858071090686,0.00323707931589947,0.00672507115858953,0.00566433390161419,0.00902025894020986,0.0023888636993967,0.00591676543702235,0.00181099637161982,0.00852971115990007,0.00569321589882295
0.762,0.00461207992968214,0.00316931201736453,0.00658265370635282,0.00558629380106174,0.00889399169644752,0.00234552750617605,0.0058337847145985,0.00177850276106995,0.00841267214980849,0.00557140826840356
0.764,0.00451557914845742,0.0031015447188296,0.00644023625411612,0.00550825370050929,0.00876772445268519,0.0023021913129554,0.00575080399217466,0.00174600915052008,0.0082956331397169,0.00546034881369431
0.766,0.0044190783672327,0.00305190668567003,0.00629781880187941,0.00543021359995683,0.00864145720892285,0.00225885511973476,0.00566782326975081,0.00171351553997021,0.00817859412962532,0.00538034586263799
0.768,0.0043276152199255,0.00300798078349909,0.00615540134964271,0.00535217349940438,0.00851518996516051,0.00221551892651411,0.00558484254732696,0.00168102192942034,0.00806155511953374,0.00530034291158166
0.77,0.00426479576890658,0.00296405488132815,0.006012983897406,0.00527413339885192,0.00838892272139818,0.00217218273329346,0.00550186182490311,0.00164852831887047,0.00794451610944216,0.00522033996052534
0.772,0.00420197631788766,0.00292012897915721,0.0058705664451693,0.00519609329829947,0.00826265547763584,0.00212884654007282,0.00541888110247926,0.0016160347083206,0.00782747709935057,0.00514033700946902
0.774,0.00413915686686874,0.00287620307698627,0.0057281489929326,0.00511805319774702,0.0081363882338735,0.00208551034685217,0.00533590038005542,0.00158354109777073,0.00771043808925899,0.00506033405841269
0.776,0.00407633741584983,0.00283227717481533,0.00558573154069589,0.00504001309719456,0.00801012099011117,0.00204217415363152,0.00525291965763157,0.00155104748722086,0.00759741436408283,0.00498033110735637
0.778,0.00401351796483091,0.00278835127264439,0.00544331408845919,0.00496197299664211,0.00788385374634883,0.00199883796041088,0.00516993893520772,0.00151855387667099,0.00751271813542886,0.00490032815630004
0.78,0.00395069851381199,0.00274442537047345,0.00530089663622248,0.00488393289608966,0.00775758650258649,0.00195550176719023,0.00508695821278387,0.00148606026612112,0.00742802190677489,0.00482032520524372
0.782,0.00388787906279307,0.00270049946830251,0.00515847918398578,0.0048058927955372,0.00763131925882415,0.00191936484519258,0.00500397749036002,0.00145356665557125,0.00734332567812091,0.00474032225418739
0.784,0.00382505961177415,0.00265657356613157,0.00501606173174907,0.00472785269498475,0.00750505201506182,0.00189160501134014,0.00492099676793618,0.00142107304502138,0.00725862944946694,0.00466031930313107
0.786,0.00376224016075523,0.00261264766396063,0.00487364427951237,0.00464981259443229,0.00737878477129948,0.00186384517748771,0.00484653946275487,0.00138857943447151,0.00717393322081297,0.00458031635207474
0.788,0.00369942070973631,0.00256872176178969,0.00474820808620171,0.00457177249387984,0.00726394938810692,0.00183608534363527,0.00478831452972167,0.00135608582392164,0.00708923699215899,0.00450031340101842
0.79,0.00363660125871739,0.00252479585961875,0.00465880281145401,0.00449373239332739,0.00717526124945268,0.00180832550978284,0.00473008959668846,0.00132359221337177,0.00700454076350502,0.00442031044996209
0.792,0.00357378180769847,0.00248086995744781,0.0045693975367063,0.00441569229277493,0.00708657311079844,0.0017805656759304,0.00467186466365526,0.00129282799130813,0.00691984453485105,0.00434030749890577
0.794,0.00351096235667955,0.00243694405527687,0.00447999226195859,0.00436023770933275,0.00699788497214419,0.00175280584207797,0.00461363973062206,0.0012728404730931,0.00683514830619708,0.00426030454784944
0.796,0.00344814290566064,0.00239301815310593,0.00439058698721089,0.00430610490494497,0.00690919683348995,0.00172504600822553,0.00455541479758885,0.00125285295487807,0.0067504520775431,0.00418030159679312
0.798,0.00338532345464172,0.00234909225093499,0.00430118171246318,0.0042519721005572,0.0068205086948357,0.0016972861743731,0.00449718986455565,0.00123286543666304,0.00666575584888913,0.0041002986457368
0.8,0.0033225040036228,0.00230516634876405,0.00421177643771547,0.00419783929616942,0.00673182055618146,0.00166952634052066,0.00443896493152245,0.001212877918448,0.00658105962023516,0.00402029569468047
0.802,0.00325968455260388,0.00226124044659311,0.00412237116296776,0.00414370649178165,0.00664313241752721,0.00164176650666823,0.00438073999848924,0.00119289040023297,0.00649636339158118,0.00394029274362415
0.804,0.00319686510158496,0.00221731454442217,0.00403296588822006,0.00408957368739387,0.00655444427887297,0.00161400667281579,0.00432251506545604,0.00117290288201794,0.00641166716292721,0.00386028979256782
0.806,0.00313404565056604,0.00217338864225122,0.00394356061347235,0.00403544088300609,0.00646575614021873,0.00158624683896336,0.00426429013242284,0.00115291536380291,0.00632697093427324,0.0037802868415115
0.808,0.00307122619954712,0.00212946274008028,0.00385415533872464,0.00398130807861832,0.00637706800156448,0.00155848700511092,0.00420606519938963,0.00113292784558788,0.00624227470561927,0.00370028389045517
0.81,0.0030084067485282,0.00208553683790934,0.00376475006397693,0.00392717527423054,0.00628837986291024,0.00153072717125849,0.00414784026635643,0.00111294032737285,0.00615757847696529,0.00362028093939885
0.812,0.00294558729750928,0.0020416109357384,0.00367534478922923,0.00387304246984276,0.00619969172425599,0.00150296733740605,0.00408961533332322,0.00109295280915782,0.00607288224831132,0.00354027798834252
0.814,0.00288276784649037,0.00199768503356747,0.00358593951448152,0.00381890966545499,0.00611100358560175,0.00147520750355362,0.00403139040029002,0.00107296529094279,0.00598818601965735,0.00346749135477842
0.816,0.00281994839547145,0.00196557833771718,0.00349653423973382,0.00376477686106721,0.00602231544694751,0.00144744766970119,0.00397316546725682,0.00105297777272776,0.00590348979100338,0.00341555603557702
0.818,0.00276045998424233,0.00193719561265596,0.00340712896498611,0.00371064405667944,0.00593362730829326,0.00141968783584875,0.00391494053422362,0.00103299025451273,0.00581879356234941,0.00336362071637563
0.82,0.00271991167339073,0.00190881288759474,0.0033177236902384,0.00365651125229166,0.00584493916963902,0.00139192800199632,0.00385671560119041,0.0010130027362977,0.00573409733369543,0.00331168539717423
0.822,0.00267936336253913,0.00188043016253352,0.00322831841549069,0.00360237844790389,0.00575625103098478,0.00136416816814388,0.00379849066815721,0.000993015218082667,0.00564940110504146,0.00325975007797283
0.824,0.00263881505168753,0.0018520474374723,0.00313891314074299,0.00354824564351611,0.00566756289233053,0.00133640833429145,0.003740265735124,0.000973027699867636,0.00556470487638749,0.00320781475877144
0.826,0.00259826674083593,0.00182366471241108,0.00304950786599528,0.00349411283912833,0.00557887475367629,0.00130864850043901,0.0036820408020908,0.000953040181652605,0.00548292432785074,0.00315587943957004
0.828,0.00255771842998434,0.00179528198734986,0.00296010259124757,0.00343998003474056,0.00549018661502204,0.00128088866658658,0.0036238158690576,0.000933052663437574,0.00542171365670011,0.00310394412036864
0.83,0.00251717011913274,0.00176689926228864,0.00287069731649986,0.00338584723035278,0.0054014984763678,0.00125312883273414,0.00356559093602439,0.000913065145222544,0.00536050298554948,0.00305200880116725
0.832,0.00247662180828114,0.00173851653722743,0.00278129204175216,0.003331714425965,0.00531281033771356,0.00122997959199698,0.00350736600299119,0.000893077627007513,0.00529929231439886,0.00300007348196585
0.834,0.00243607349742954,0.00171013381216621,0.00269188676700445,0.00327758162157723,0.00522412219905931,0.00121219524775171,0.00344914106995799,0.000873090108792482,0.00523808164324823,0.00294813816276445
0.836,0.00239552518657794,0.00168175108710499,0.00260248149225674,0.00322344881718945,0.00513543406040507,0.00119441090350644,0.00339690511615297,0.000853102590577451,0.0051768709720976,0.00289620284356306
0.838,0.00235497687572634,0.00165336836204377,0.00252441779591541,0.00316931601280167,0.00505485495757826,0.00117662655926117,0.00335607483883345,0.00083311507236242,0.00511566030094697,0.00284426752436166
0.84,0.00231442856487475,0.00162498563698255,0.00247041871632097,0.0031151832084139,0.00499282304936215,0.0011588422150159,0.00331524456151393,0.00081312755414739,0.00505444962979634,0.00279233220516026
0.842,0.00227388025402315,0.00159660291192133,0.00241641963672654,0.00306105040402612,0.00493079114114604,0.00114105787077063,0.0032744142841944,0.000794204887464521,0.00499323895864572,0.00274039688595886
0.844,0.00223333194317155,0.00156822018686011,0.0023624205571321,0.00302259546173347,0.00486875923292993,0.00112327352652536,0.00323358400687488,0.000781917855109196,0.00493202828749509,0.00268846156675747
0.846,0.00219278363231995,0.00153983746179889,0.00230842147753767,0.00298505803970984,0.00480672732471382,0.00110548918228009,0.00319275372955536,0.000769630822753872,0.00487081761634446,0.00263652624755607
0.848,0.00215223532146835,0.00151145473673767,0.00225442239794324,0.00294752061768622,0.00474469541649771,0.00108770483803482,0.00315192345223583,0.000757343790398548,0.00480960694519383,0.00258459092835467
0.85,0.00211168701061675,0.00148307201167645,0.0022004233183488,0.00290998319566259,0.0046826635082816,0.00106992049378955,0.00311109317491631,0.000745056758043224,0.0047483962740432,0.00253265560915328
0.852,0.00207113869976516,0.00145468928661524,0.00214642423875437,0.00287244577363897,0.00462063160006549,0.00105213614954428,0.00307026289759679,0.0007327697256879,0.00468718560289257,0.00248072028995188
0.854,0.00203059038891356,0.00142630656155402,0.00209242515915993,0.00283490835161534,0.00455859969184938,0.00103435180529901,0.00302943262027726,0.000720482693332576,0.00462597493174195,0.00242878497075048
0.856,0.00199004207806196,0.0013979238364928,0.0020384260795655,0.00279737092959172,0.00449656778363327,0.00101656746105374,0.00298860234295774,0.000708195660977251,0.00456476426059132,0.00237684965154909
0.858,0.00194949376721036,0.00136954111143158,0.00198442699997106,0.00275983350756809,0.00443453587541716,0.000998783116808474,0.00294777206563822,0.000695908628621927,0.00450355358944069,0.00232491433234769
0.86,0.00190894545635876,0.00134115838637036,0.00193042792037663,0.00272229608554447,0.00437250396720105,0.000980998772563204,0.00290694178831869,0.000683621596266603,0.00444234291829006,0.00227297901314629
0.862,0.00186839714550717,0.00131277566130914,0.00187642884078219,0.00268475866352084,0.00431047205898494,0.000963214428317934,0.00286611151099917,0.000671334563911279,0.00438113224713943,0.0022210436939449
0.864,0.00182784883465557,0.00128439293624792,0.00182242976118776,0.00264722124149722,0.00424844015076883,0.000945430084072664,0.00282528123367965,0.000659047531555955,0.00431992157598881,0.00217389470955036
0.866,0.00178730052380397,0.00126368155865556,0.00176843068159333,0.00260968381947359,0.00418640824255272,0.000927645739827394,0.00278445095636012,0.000646760499200631,0.00425871090483818,0.00214057568369227
0.868,0.00174893230295177,0.00124538725316701,0.00171443160199889,0.00257214639744997,0.00412437633433661,0.000909861395582124,0.0027436206790406,0.000634473466845307,0.00419750023368755,0.00210725665783417
0.87,0.00172295994826337,0.00122709294767846,0.00166043252240446,0.00253460897542634,0.0040623444261205,0.000892077051336854,0.00270279040172108,0.000622186434489982,0.00413628956253692,0.00207393763197607
0.872,0.00169698759357497,0.00120879864218991,0.00160643344281002,0.00249707155340272,0.00400031251790438,0.000874292707091585,0.00266196012440155,0.000609899402134658,0.00407507889138629,0.00204061860611797
0.874,0.00167101523888658,0.00119050433670136,0.00155243436321559,0.00245953413137909,0.00393828060968827,0.000856508362846315,0.00262112984708203,0.000597612369779334,0.00401386822023567,0.00200729958025987
0.876,0.00164504288419818,0.00117221003121281,0.00149843528362115,0.00242199670935547,0.00387624870147216,0.000838724018601045,0.00258029956976251,0.00058532533742401,0.00395476987165569,0.00197398055440178
0.878,0.00161907052950978,0.00115391572572426,0.00144443620402672,0.00238445928733184,0.00381421679325605,0.000820939674355775,0.00253946929244298,0.000573038305068686,0.00391057378070733,0.00194066152854368
0.88,0.00159309817482139,0.00113562142023571,0.00139043712443228,0.00234692186530822,0.00375218488503994,0.000803155330110505,0.00249863901512346,0.000560751272713362,0.00386637768975897,0.00190734250268558
0.882,0.00156712582013299,0.00111732711474716,0.00133643804483785,0.00230938444328459,0.00369015297682383,0.000788323691419469,0.00245780873780394,0.000548464240358037,0.00382218159881061,0.00187402347682748
0.884,0.00154115346544459,0.00109903280925861,0.00128243896524342,0.00227184702126097,0.00362812106860772,0.000776927827535151,0.00241697846048441,0.000536177208002713,0.00377798550786225,0.00184070445096938
0.886,0.0015151811107562,0.00108073850377006,0.00122843988564898,0.00223430959923734,0.00356608916039161,0.000765531963650832,0.00238035168691696,0.000523890175647389,0.00373378941691389,0.00180738542511129
0.888,0.0014892087560678,0.00106244419828151,0.00118180348757452,0.00219677217721372,0.00350977278512669,0.000754136099766514,0.00235173025150062,0.000511603143292065,0.00368959332596553,0.00177406639925319
0.89,0.0014632364013794,0.00104414989279296,0.00115078926329804,0.00215923475519009,0.0034665291233391,0.000742740235882196,0.00232310881608429,0.000499316110936741,0.00364539723501717,0.00174074737339509
0.892,0.00143726404669101,0.00102585558730441,0.00111977503902157,0.00212169733316647,0.00342328546155151,0.000731344371997878,0.00229448738066795,0.000487684512845632,0.00360120114406881,0.00170742834753699
0.894,0.00141129169200261,0.00100756128181586,0.00108876081474509,0.00209503909921051,0.00338004179976392,0.000719948508113559,0.00226586594525161,0.000480137260761192,0.00355700505312045,0.00167410932167889
0.896,0.00138531933731421,0.000989266976327315,0.00105774659046861,0.00206901755127093,0.00333679813797633,0.000708552644229241,0.00223724450983527,0.000472590008676751,0.00351280896217209,0.0016407902958208
0.898,0.00135934698262582,0.000970972670838765,0.00102673236619213,0.00204299600333136,0.00329355447618874,0.000697156780344923,0.00220862307441893,0.00046504275659231,0.00346861287122373,0.0016074712699627
0.9,0.00133337462793742,0.000952678365350216,0.000995718141915649,0.00201697445539178,0.00325031081440115,0.000685760916460605,0.0021800016390026,0.00045749550450787,0.00342441678027537,0.0015741522441046
0.902,0.00130740227324902,0.000934384059861666,0.00096470391763917,0.0019909529074522,0.00320706715261356,0.000674365052576287,0.00215138020358626,0.000449948252423429,0.00338022068932701,0.0015408332182465
0.904,0.00128142991856063,0.000916089754373117,0.000933689693362691,0.00196493135951263,0.00316382349082597,0.000662969188691968,0.00212275876816992,0.000442401000338988,0.00333602459837865,0.00150751419238841
0.906,0.00125545756387223,0.000897795448884567,0.000902675469086212,0.00193890981157305,0.00312057982903838,0.00065157332480765,0.00209413733275358,0.000434853748254547,0.00329182850743029,0.00147419516653031
0.908,0.00122948520918383,0.000879501143396017,0.000871661244809733,0.00191288826363347,0.00307733616725079,0.000640177460923332,0.00206551589733724,0.000427306496170107,0.00324763241648193,0.00144087614067221
0.91,0.00120351285449544,0.000861206837907468,0.000840647020533254,0.0018868667156939,0.0030340925054632,0.000628781597039014,0.00203689446192091,0.000419759244085666,0.00320343632553357,0.00140755711481411
0.912,0.00117754049980704,0.000842912532418918,0.000809632796256774,0.00186084516775432,0.00299084884367561,0.000617385733154695,0.00200827302650457,0.000412211992001225,0.00315924023458521,0.00137423808895601
0.914,0.00115156814511864,0.000824618226930368,0.000778618571980295,0.00183482361981475,0.00294760518188802,0.000605989869270377,0.00197965159108823,0.000404664739916785,0.00311504414363685,0.00134405652272149
0.916,0.00112559579043025,0.000811285567969516,0.000747604347703816,0.00180880207187517,0.00290436152010043,0.000594594005386059,0.00195103015567189,0.000397117487832344,0.00307084805268849,0.00132294054388413
0.918,0.0011010373908893,0.000799516214211532,0.000716590123427337,0.00178278052393559,0.00286111785831284,0.00058319814150174,0.00192240872025556,0.000389570235747903,0.00302665196174013,0.00130182456504678
0.92,0.00108451865887318,0.000787746860453548,0.000685575899150858,0.00175675897599602,0.00281787419652525,0.000571802277617422,0.00189378728483922,0.000382022983663463,0.00298245587079177,0.00128070858620942
0.922,0.00106799992685706,0.000775977506695564,0.000654561674874379,0.00173073742805644,0.00277463053473765,0.000560406413733104,0.00186516584942288,0.000374475731579022,0.00293825977984341,0.00125959260737207
0.924,0.00105148119484093,0.00076420815293758,0.0006235474505979,0.00170471588011686,0.00273138687295006,0.000549010549848786,0.00183654441400654,0.000366928479494581,0.00289406368889505,0.00123847662853471
0.926,0.00103496246282481,0.000752438799179595,0.00059253322632142,0.00167869433217729,0.00268814321116247,0.000537614685964467,0.0018079229785902,0.00035938122741014,0.0028513954732868,0.00121736064969735
0.928,0.00101844373080869,0.000740669445421611,0.000561519002044941,0.00165267278423771,0.00264489954937488,0.000526218822080149,0.00177930154317387,0.0003518339753257,0.00281950628937742,0.00119624467086
0.93,0.00100192499879257,0.000728900091663627,0.000530504777768462,0.00162665123629813,0.00260165588758729,0.000514822958195831,0.00175068010775753,0.000344286723241259,0.00278761710546803,0.00117512869202264
0.932,0.00098540626677645,0.000717130737905643,0.000499490553491983,0.00160062968835856,0.0025584122257997,0.000505318579469083,0.00172205867234119,0.000336739471156818,0.00275572792155864,0.00115401271318529
0.934,0.000968887534760329,0.000705361384147659,0.000468476329215504,0.00157460814041898,0.00251516856401211,0.000498015137114856,0.00169343723692485,0.000329192219072378,0.00272383873764925,0.00113289673434793
0.936,0.000952368802744208,0.000693592030389674,0.000437462104939025,0.0015485865924794,0.00247192490222452,0.00049071169476063,0.00166776414141426,0.000321644966987937,0.00269194955373987,0.00111178075551058
0.938,0.000935850070728088,0.000681822676631691,0.000411076877472575,0.00152256504453983,0.00243268968008267,0.000483408252406403,0.00164770599460409,0.000314097714903497,0.00266006036983048,0.00109066477667322
0.94,0.000919331338711967,0.000670053322873707,0.000394513478164838,0.00149654349660025,0.00240262266385045,0.000476104810052177,0.00162764784779391,0.000306550462819056,0.00262817118592109,0.00106954879783587
0.942,0.000902812606695845,0.000658283969115722,0.000377950078857102,0.00147052194866068,0.00237255564761823,0.00046880136769795,0.00160758970098374,0.000299405901371405,0.00259628200201171,0.00104843281899851
0.944,0.000886293874679724,0.000646514615357738,0.000361386679549365,0.00145204341544388,0.00234248863138601,0.000461497925343724,0.00158753155417356,0.000294770711166751,0.00256439281810232,0.00102731684016115
0.946,0.000869775142663603,0.000634745261599754,0.000344823280241628,0.00143400632436094,0.0023124216151538,0.000454194482989497,0.00156747340736339,0.000290135520962096,0.00253250363419293,0.0010062008613238
0.948,0.000853256410647482,0.00062297590784177,0.000328259880933891,0.00141596923327801,0.00228235459892158,0.00044689104063527,0.00154741526055322,0.000285500330757442,0.00250061445028355,0.000985084882486442
0.95,0.000836737678631361,0.000611206554083786,0.000311696481626154,0.00139793214219508,0.00225228758268936,0.000439587598281044,0.00152735711374304,0.000280865140552787,0.00246872526637416,0.000963968903649086
0.952,0.00082021894661524,0.000599437200325801,0.000295133082318417,0.00137989505111214,0.00222222056645714,0.000432284155926817,0.00150729896693287,0.000276229950348133,0.00243683608246477,0.00094285292481173
0.954,0.000803700214599119,0.000587667846567817,0.00027856968301068,0.00136185796002921,0.00219215355022493,0.000424980713572591,0.0014872408201227,0.000271594760143478,0.00240494689855539,0.000921736945974375
0.956,0.000787181482582998,0.000575898492809833,0.000262006283702943,0.00134382086894628,0.00216208653399271,0.000417677271218364,0.00146718267331252,0.000266959569938824,0.002373057714646,0.000900620967137019
0.958,0.000770662750566877,0.000564129139051849,0.000245442884395206,0.00132578377786334,0.00213201951776049,0.000410373828864138,0.00144712452650235,0.000262324379734169,0.00234116853073661,0.000879504988299663
0.96,0.000754144018550756,0.000552359785293865,0.000228879485087469,0.00130774668678041,0.00210195250152827,0.000403070386509911,0.00142706637969217,0.000257689189529515,0.00230927934682722,0.000858389009462307
0.962,0.000737625286534635,0.00054059043153588,0.000212316085779732,0.00128970959569748,0.00207188548529605,0.000395766944155684,0.001407008232882,0.00025305399932486,0.00227739016291784,0.000837273030624951
0.964,0.000721106554518514,0.000528821077777896,0.000195752686471995,0.00127167250461454,0.00204181846906384,0.000388463501801458,0.00138695008607183,0.000248418809120206,0.00224550097900845,0.000818189739783698
0.966,0.000704587822502393,0.000520252915887104,0.000179189287164259,0.00125363541353161,0.00201175145283162,0.000381160059447231,0.00136689193926165,0.000243783618915551,0.00221361179509906,0.000804979834703775
0.968,0.00068897868265866,0.000512693378829504,0.000162625887856522,0.00123559832244868,0.0019816844365994,0.000373856617093005,0.00134683379245148,0.000239148428710897,0.00218172261118968,0.000791769929623852
0.97,0.000678541431514793,0.000505133841771904,0.000146062488548785,0.00121756123136574,0.00195161742036718,0.000366553174738778,0.00132677564564131,0.000234513238506242,0.00214983342728029,0.000778560024543929
0.972,0.000668104180370927,0.000497574304714304,0.000129499089241048,0.00119952414028281,0.00192155040413497,0.000359249732384551,0.00130671749883113,0.000229878048301588,0.0021179442433709,0.000765350119464007
0.974,0.00065766692922706,0.000490014767656705,0.000112935689933311,0.00118148704919987,0.00189148338790275,0.000351946290030325,0.00128665935202096,0.000225242858096933,0.00208605505946152,0.000752140214384084
0.976,0.000647229678083193,0.000482455230599105,9.6372290625574e-05,0.00116344995811694,0.00186141637167053,0.000344642847676098,0.00126660120521078,0.000220607667892279,0.00205526971801828,0.000738930309304161
0.978,0.000636792426939326,0.000474895693541505,7.98088913178371e-05,0.00114541286703401,0.00183134935543831,0.000337339405321872,0.00124654305840061,0.000215972477687624,0.00203227189210126,0.000725720404224238
0.98,0.000626355175795459,0.000467336156483905,6.32454920101002e-05,0.00112737577595107,0.0018012823392061,0.000330035962967645,0.00122648491159044,0.00021133728748297,0.00200927406618424,0.000712510499144315
0.982,0.000615917924651593,0.000459776619426306,4.66820927023633e-05,0.00110933868486814,0.00177121532297388,0.000323944525688193,0.00120642676478026,0.000206702097278315,0.00198627624026721,0.000699300594064392
0.984,0.000605480673507726,0.000452217082368706,3.01186933946263e-05,0.00109130159378521,0.00174114830674166,0.000319263380232644,0.00118636861797009,0.000202066907073661,0.00196327841435019,0.00068609068898447
0.986,0.000595043422363859,0.000444657545311106,1.35552940868895e-05,0.00107326450270227,0.00171108129050944,0.000314582234777094,0.00116837780616937,0.000197431716869006,0.00194028058843317,0.000672880783904547
0.988,0.000584606171219992,0.000437098008253506,-2.06271412740356e-07,0.00105522741161934,0.00168381443055915,0.000309901089321544,0.00115432411844382,0.000192796526664352,0.00191728276251614,0.000659670878824624
0.99,0.000574168920076125,0.000429538471195906,-8.02289218203702e-06,0.00103719032053641,0.00166295215983579,0.000305219943865994,0.00114027043071828,0.000188161336459697,0.00189428493659912,0.000646460973744701
0.992,0.000563731668932259,0.000421978934138307,-1.58395129513337e-05,0.00101915322945347,0.00164208988911243,0.000300538798410445,0.00112621674299273,0.000183773729519615,0.0018712871106821,0.000633251068664778
0.994,0.000553294417788392,0.000414419397080707,-2.36561337206304e-05,0.00100634541422675,0.00162122761838907,0.000295857652954895,0.00111216305526718,0.000180928940483912,0.00184828928476507,0.000620041163584855
0.996,0.000542857166644525,0.000406859860023107,-3.1472754489927e-05,0.00099384363349384,0.00160036534766571,0.000291176507499345,0.00109810936754163,0.000178084151448209,0.00182529145884805,0.000606831258504932
0.998,0.000532419915500658,0.000399300322965507,-3.92893752592237e-05,0.000981341852760932,0.00157950307694235,0.000286495362043795,0.00108405567981608,0.000175239362412505,0.00180229363293103,0.00059362135342501
1,0.000521982664356792,0.000391740785907908,-4.71059960285204e-05,0.000968840072028023,0.00155864080621899,0.000281814216588246,0.00107000199209053,0.000172394573376802,0.001779295807014,0.000580411448345087
1.002,0.000511545413212925,0.000384181248850308,-5.4922616797817e-05,0.000956338291295115,0.00153777853549563,0.000277133071132696,0.00105594830436498,0.000169549784341099,0.00175629798109698,0.000567201543265164
1.004,0.000501108162069058,0.000376621711792708,-6.27392375671137e-05,0.000943836510562207,0.00151691626477227,0.000272451925677146,0.00104189461663944,0.000166704995305396,0.00173330015517996,0.000553991638185241
1.006,0.000490670910925191,0.000369062174735108,-7.05558583364104e-05,0.000931334729829298,0.00149605399404891,0.000267770780221596,0.00102784092891389,0.000163860206269692,0.00171030232926293,0.000540781733105318
1.008,0.000480233659781324,0.000361502637677508,-7.8372479105707e-05,0.00091883294909639,0.00147519172332555,0.000263089634766047,0.00101378724118834,0.000161015417233989,0.00168730450334591,0.000527571828025396
1.01,0.000469796408637458,0.000353943100619909,-8.61890998750037e-05,0.000906331168363482,0.00145432945260219,0.000258408489310497,0.00099973355346279,0.000158170628198286,0.00166430667742889,0.000514361922945473
1.012,0.000459359157493591,0.000346383563562309,-9.40057206443004e-05,0.000893829387630574,0.00143346718187883,0.000253727343854947,0.000985679865737241,0.000155325839162582,0.00164130885151187,0.00050115201786555
1.014,0.000448921906349724,0.000338824026504709,-0.000101822341413597,0.000881327606897665,0.00141260491115547,0.000249046198399397,0.000971626178011693,0.000152481050126879,0.00161831102559484,0.000489243584109943
1.016,0.000438484655205857,0.000333324980927095,-0.000109638962182894,0.000868825826164757,0.00139174264043211,0.000244365052943848,0.000957572490286144,0.000149636261091176,0.00159531319967782,0.00048109570935782
1.018,0.000428628276389332,0.00032847515069224,-0.00011745558295219,0.000856324045431849,0.00137088036970874,0.000239683907488298,0.000943518802560596,0.000146791472055473,0.0015723153737608,0.000472947834605698
1.02,0.000422074704167935,0.000323625320457385,-0.000125272203721487,0.00084382226469894,0.00135001809898538,0.000235002762032748,0.000929465114835047,0.000143946683019769,0.00154931754784377,0.000464799959853575
1.022,0.000415521131946538,0.00031877549022253,-0.000133088824490784,0.000831320483966032,0.00132915582826202,0.000230321616577198,0.000915411427109498,0.000141101893984066,0.00152631972192675,0.000456652085101453
1.024,0.000408967559725141,0.000313925659987675,-0.00014090544526008,0.000818818703233124,0.00130829355753866,0.000225640471121649,0.00090135773938395,0.000138257104948363,0.00150332189600973,0.00044850421034933
1.026,0.000402413987503744,0.00030907582975282,-0.000148722066029377,0.000806316922500215,0.0012874312868153,0.000220959325666099,0.000887304051658401,0.00013541231591266,0.00148112079219454,0.000440356335597208
1.028,0.000395860415282348,0.000304225999517964,-0.000156538686798674,0.000793815141767307,0.00126656901609194,0.000216278180210549,0.000873250363932853,0.000132567526876956,0.00146454049563076,0.000432208460845085
1.03,0.000389306843060951,0.000299376169283109,-0.00016435530756797,0.000781313361034399,0.00124570674536858,0.000211597034755,0.000859196676207304,0.000129722737841253,0.00144796019906698,0.000424060586092963
1.032,0.000382753270839554,0.000294526339048254,-0.000172171928337267,0.00076881158030149,0.00122484447464522,0.000207692404953751,0.000845142988481755,0.00012687794880555,0.00143137990250319,0.00041591271134084
1.034,0.000376199698618157,0.000289676508813399,-0.000179988549106564,0.000756309799568582,0.00120398220392186,0.000204691330509806,0.000831089300756207,0.000124033159769846,0.00141479960593941,0.000407764836588718
1.036,0.00036964612639676,0.000284826678578544,-0.00018780516987586,0.000743808018835674,0.0011831199331985,0.000201690256065861,0.000818484187755532,0.000121188370734143,0.00139821930937562,0.000399616961836595
1.038,0.000363092554175363,0.000279976848343689,-0.000194009367069323,0.000731306238102766,0.00116420775373854,0.000198689181621916,0.00080863780442271,0.00011834358169844,0.00138163901281184,0.000391469087084473
1.04,0.000356538981953966,0.000275127018108834,-0.000196792316002992,0.000718804457369857,0.00114975587300468,0.000195688107177971,0.000798791421089887,0.000115498792662737,0.00136505871624806,0.00038332121233235
1.042,0.000349985409732569,0.000270277187873978,-0.00019957526493666,0.000706302676636949,0.00113530399227081,0.000192687032734026,0.000788945037757065,0.00011280582453791,0.00134847841968427,0.000375173337580228
1.044,0.000343431837511172,0.000265427357639123,-0.000202358213870329,0.000697426008929719,0.00112085211153694,0.000189685958290081,0.000779098654424243,0.000111058930130801,0.00133189812312049,0.000367025462828105
1.046,0.000336878265289775,0.000260577527404268,-0.000205141162803998,0.0006887614948094,0.00110640023080308,0.000186684883846136,0.000769252271091421,0.000109312035723693,0.0013153178265567,0.000358877588075983
1.048,0.000330324693068379,0.000255727697169413,-0.000207924111737666,0.000680096980689081,0.00109194835006921,0.000183683809402191,0.000759405887758598,0.000107565141316584,0.00129873752999292,0.00035072971332386
1.05,0.000323771120846982,0.000250877866934558,-0.000210707060671335,0.000671432466568762,0.00107749646933535,0.000180682734958246,0.000749559504425776,0.000105818246909476,0.00128215723342914,0.000342581838571738
1.052,0.000317217548625585,0.000246028036699703,-0.000213490009605004,0.000662767952448443,0.00106304458860148,0.000177681660514301,0.000739713121092954,0.000104071352502367,0.00126557693686535,0.000334433963819615
1.054,0.000310663976404188,0.000241178206464848,-0.000216272958538672,0.000654103438328124,0.00104859270786761,0.000174680586070356,0.000729866737760131,0.000102324458095259,0.00124899664030157,0.000326286089067493
1.056,0.000304110404182791,0.000236328376229992,-0.000219055907472341,0.000645438924207805,0.00103414082713375,0.000171679511626411,0.000720020354427309,0.00010057756368815,0.00123241634373778,0.00031813821431537
1.058,0.000297556831961394,0.000231478545995137,-0.00022183885640601,0.000636774410087487,0.00101968894639988,0.000168678437182466,0.000710173971094487,9.88306692810415e-05,0.001215836047174,0.000309990339563248
1.06,0.000291003259739997,0.000226628715760282,-0.000224621805339678,0.000628109895967168,0.00100523706566601,0.000165677362738521,0.000700327587761665,9.7083774873933e-05,0.00119925575061022,0.000301842464811125
1.062,0.0002844496875186,0.000221778885525427,-0.000227404754273347,0.000619445381846849,0.000990785184932148,0.000162676288294576,0.000690481204428842,9.53368804668244e-05,0.00118267545404643,0.000293694590059003
1.064,0.000277896115297203,0.000216929055290572,-0.000230187703207016,0.00061078086772653,0.000976333304198282,0.000159675213850631,0.00068063482109602,9.35899860597159e-05,0.00116609515748265,0.00028636979601484
1.066,0.000271342543075806,0.000213403703123779,-0.000232970652140684,0.000602116353606211,0.000961881423464415,0.000156674139406686,0.000670788437763198,9.18430916526074e-05,0.00114951486091886,0.000281423266869091
1.068,0.00026515733671438,0.000210295664734445,-0.000235753601074353,0.000593451839485892,0.000947429542730549,0.000153673064962741,0.000660942054430376,9.00961972454989e-05,0.00113293456435508,0.000276476737723343
1.07,0.000261066637414943,0.000207187626345111,-0.000238536550008022,0.000584787325365574,0.000932977661996683,0.000150671990518797,0.000651095671097553,8.83493028383904e-05,0.0011163542677913,0.000271530208577594
1.072,0.000256975938115505,0.000204079587955777,-0.00024131949894169,0.000576122811245255,0.000918525781262816,0.000147670916074852,0.000641249287764731,8.66024084312818e-05,0.00109977397122751,0.000266583679431846
1.074,0.000252885238816068,0.000200971549566443,-0.000244102447875359,0.000567458297124936,0.00090407390052895,0.000144669841630907,0.000631402904431909,8.48555140241733e-05,0.00108319367466373,0.000261637150286097
1.076,0.00024879453951663,0.000197863511177109,-0.000246885396809028,0.000558793783004617,0.000889622019795084,0.000141668767186962,0.000621556521099087,8.31086196170648e-05,0.00106718825657731,0.000256690621140349
1.078,0.000244703840217193,0.000194755472787774,-0.000249668345742696,0.000550129268884298,0.000875170139061218,0.000138667692743017,0.000611710137766264,8.13617252099563e-05,0.00105523855767677,0.0002517440919946
1.08,0.000240613140917755,0.00019164743439844,-0.000252451294676365,0.000541464754763979,0.000860718258327351,0.000135666618299072,0.000601863754433442,7.96148308028477e-05,0.00104328885877623,0.000246797562848852
1.082,0.000236522441618318,0.000188539396009106,-0.000255234243610034,0.000532800240643661,0.000846266377593485,0.000133163388977315,0.00059201737110062,7.78679363957392e-05,0.00103133915987569,0.000241851033703103
1.084,0.00023243174231888,0.000185431357619772,-0.000258017192543702,0.000524135726523342,0.000831814496859619,0.000131239453356554,0.000582170987767798,7.61210419886307e-05,0.00101938946097515,0.000236904504557355
1.086,0.000228341043019443,0.000182323319230438,-0.000260800141477371,0.000515471212403023,0.000817362616125753,0.000129315517735793,0.000573339735696198,7.43741475815222e-05,0.00100743976207461,0.000231957975411606
1.088,0.000224250343720006,0.000179215280841104,-0.00026271903239207,0.000506806698282704,0.000804265400419282,0.000127391582115032,0.00056644174442158,7.26272531744137e-05,0.000995490063174069,0.000227011446265857
1.09,0.000220159644420568,0.000176107242451769,-0.000262804560759813,0.000498142184162385,0.000794266609288814,0.000125467646494271,0.000559543753146963,7.08803587673051e-05,0.000983540364273528,0.000222064917120109
1.092,0.000216068945121131,0.000172999204062435,-0.000262890089127556,0.000489477670042066,0.000784267818158346,0.00012354371087351,0.000552645761872346,6.92267688677619e-05,0.000971590665372988,0.00021711838797436
1.094,0.000211978245821693,0.000169891165673101,-0.0002629756174953,0.000483326003599842,0.000774269027027878,0.000121619775252749,0.000545747770597729,6.81546070590045e-05,0.000959640966472448,0.000212171858828612
1.096,0.000207887546522256,0.000166783127283767,-0.000263061145863043,0.000477321397302914,0.00076427023589741,0.000119695839631987,0.000538849779323112,6.70824452502471e-05,0.000947691267571908,0.000207225329682863
1.098,0.000203796847222818,0.000163675088894433,-0.000263146674230786,0.000471316791005985,0.000754271444766942,0.000117771904011226,0.000531951788048495,6.60102834414896e-05,0.000935741568671368,0.000202278800537115
1.1,0.000199706147923381,0.000160567050505099,-0.00026323220259853,0.000465312184709057,0.000744272653636474,0.000115847968390465,0.000525053796773877,6.49381216327322e-05,0.000923791869770828,0.000197332271391366
1.102,0.000195615448623943,0.000157459012115764,-0.000263317730966273,0.000459307578412129,0.000734273862506006,0.000113924032769704,0.00051815580549926,6.38659598239748e-05,0.000911842170870287,0.000192385742245618
1.104,0.000191524749324506,0.00015435097372643,-0.000263403259334016,0.0004533029721152,0.000724275071375537,0.000112000097148943,0.000511257814224643,6.27937980152173e-05,0.000899892471969747,0.000187439213099869
1.106,0.000187434050025069,0.000151242935337096,-0.00026348878770176,0.000447298365818272,0.00071427628024507,0.000110076161528182,0.000504359822950026,6.17216362064599e-05,0.000887942773069207,0.000182492683954121
1.108,0.000183343350725631,0.000148134896947762,-0.000263574316069503,0.000441293759521343,0.000704277489114602,0.000108152225907421,0.000497461831675409,6.06494743977025e-05,0.000875993074168667,0.000177546154808372
1.11,0.000179252651426194,0.000145026858558428,-0.000263659844437246,0.000435289153224415,0.000694278697984133,0.00010622829028666,0.000490563840400792,5.9577312588945e-05,0.000864043375268127,0.000172599625662623
1.112,0.000175161952126756,0.000141918820169094,-0.00026374537280499,0.000429284546927487,0.000684279906853665,0.000104304354665899,0.000483665849126174,5.85051507801876e-05,0.000852093676367587,0.000167653096516875
1.114,0.000171071252827319,0.000138810781779759,-0.000263830901172733,0.000423279940630558,0.000674281115723197,0.000102380419045138,0.000476767857851557,5.74329889714302e-05,0.000840143977467047,0.000163220273080231
1.116,0.000166980553527881,0.000136552522433089,-0.000263916429540476,0.00041727533433363,0.000664282324592729,0.000100456483424377,0.00046986986657694,5.63608271626728e-05,0.000828194278566506,0.000160271785558963
1.118,0.00016312196033905,0.000134562009688534,-0.000264001957908219,0.000411270728036701,0.000654283533462261,9.85325478036155e-05,0.000462971875302323,5.52886653539153e-05,0.000816244579665966,0.000157323298037695
1.12,0.000160583109125858,0.000132571496943978,-0.000264087486275963,0.000405266121739773,0.000644284742331793,9.66086121828544e-05,0.000456073884027706,5.42165035451579e-05,0.000804294880765426,0.000154374810516427
1.122,0.000158044257912667,0.000130580984199423,-0.000264173014643706,0.000399261515442845,0.000634285951201325,9.46846765620933e-05,0.000449175892753089,5.31443417364005e-05,0.000792345181864886,0.000151426322995159
1.124,0.000155505406699475,0.000128590471454867,-0.000264258543011449,0.000393256909145916,0.000624287160070857,9.27607409413322e-05,0.000442277901478471,5.2072179927643e-05,0.000780395482964346,0.000148477835473892
1.126,0.000152966555486283,0.000126599958710312,-0.000264344071379193,0.000387252302848989,0.00061428836894039,9.08368053205714e-05,0.000435379910203855,5.10000181188857e-05,0.00076886034263229,0.000145529347952624
1.128,0.000150427704273091,0.000124609445965756,-0.000264429599746936,0.00038124769655206,0.000604289577809922,8.89128696998103e-05,0.000428481918929238,4.99278563101283e-05,0.000760249878046622,0.000142580860431356
1.13,0.0001478888530599,0.000122618933221201,-0.000264515128114679,0.000375243090255132,0.000594290786679454,8.69889340790492e-05,0.000421583927654621,4.88556945013709e-05,0.000751639413460954,0.000139632372910088
1.132,0.000145350001846708,0.000120628420476645,-0.000264600656482423,0.000369238483958203,0.000584291995548986,8.53840868699541e-05,0.000414685936380004,4.77835326926134e-05,0.000743028948875286,0.000136683885388821
1.134,0.000142811150633516,0.00011863790773209,-0.000264686184850166,0.000363233877661275,0.000574293204418518,8.41505316524857e-05,0.000407787945105386,4.6711370883856e-05,0.000734418484289618,0.000133735397867553
1.136,0.000140272299420324,0.000116647394987534,-0.000264771713217909,0.000357229271364347,0.00056429441328805,8.29169764350173e-05,0.0004016013678385,4.56392090750986e-05,0.00072580801970395,0.000130786910346285
1.138,0.000137733448207133,0.000114656882242978,-0.00026444675213085,0.000351224665067418,0.000555235012809176,8.16834212175489e-05,0.000396769638820414,4.45670472663411e-05,0.000717197555118281,0.000127838422825017
1.14,0.000135194596993941,0.000112666369498423,-0.00026325081250319,0.00034522005877049,0.00054832421070887,8.04498660000805e-05,0.000391937909802328,4.34948854575837e-05,0.000708587090532613,0.000124889935303749
1.142,0.000132655745780749,0.000110675856753867,-0.00026205487287553,0.000339215452473561,0.000541413408608565,7.92163107826121e-05,0.000387106180784242,4.24800271403735e-05,0.000699976625946945,0.000121941447782481
1.144,0.000130116894567557,0.000108685344009312,-0.000260858933247871,0.000334951934991978,0.00053450260650826,7.79827555651437e-05,0.000382274451766156,4.18222561767655e-05,0.000691366161361277,0.000118992960261213
1.146,0.000127578043354365,0.000106694831264756,-0.000259662993620211,0.000330790311778157,0.000527591804407954,7.67492003476753e-05,0.00037744272274807,4.11644852131576e-05,0.000682755696775609,0.000116044472739946
1.148,0.000125039192141174,0.000104704318520201,-0.000258467053992551,0.000326628688564336,0.000520681002307649,7.55156451302069e-05,0.000372610993729984,4.05067142495497e-05,0.000674145232189941,0.000113095985218678
1.15,0.000122500340927982,0.000102713805775645,-0.000257271114364891,0.000322467065350515,0.000513770200207344,7.42820899127386e-05,0.000367779264711898,3.98489432859417e-05,0.000665534767604272,0.00011014749769741
1.152,0.00011996148971479,0.00010072329303109,-0.000256075174737231,0.000318305442136694,0.000506859398107038,7.30485346952702e-05,0.000362947535693813,3.91911723223338e-05,0.000656924303018604,0.000107199010176142
1.154,0.000117422638501598,9.87327802865341e-05,-0.000254879235109572,0.000314143818922873,0.000499948596006733,7.18149794778018e-05,0.000358115806675727,3.85334013587259e-05,0.000648313838432936,0.000104250522654874
1.156,0.000114883787288406,9.67422675419786e-05,-0.000253683295481912,0.000309982195709052,0.000493037793906428,7.05814242603334e-05,0.000353284077657641,3.78756303951179e-05,0.000639703373847268,0.000101302035133606
1.158,0.000112344936075215,9.47517547974231e-05,-0.000252487355854252,0.000305820572495231,0.000486126991806122,6.9347869042865e-05,0.000348452348639555,3.721785943151e-05,0.0006310929092616,9.83535476123386e-05
1.16,0.000109806084862023,9.27612420528675e-05,-0.000251291416226592,0.00030165894928141,0.000479216189705817,6.81143138253966e-05,0.000343620619621469,3.65600884679021e-05,0.000622482444675932,9.54050600910707e-05
1.162,0.000107267233648831,9.0770729308312e-05,-0.000250095476598933,0.000297497326067589,0.000472305387605512,6.68807586079282e-05,0.000338788890603383,3.59023175042941e-05,0.000613871980090263,9.24565725698029e-05
1.164,0.000104728382435639,8.87802165637564e-05,-0.000248899536971273,0.000293335702853768,0.000465394585505206,6.56472033904598e-05,0.000333957161585297,3.52445465406862e-05,0.000605261515504595,8.9824155150233e-05
1.166,0.000102189531222447,8.73346623904671e-05,-0.000247703597343613,0.000289174079639947,0.000458483783404901,6.44136481729914e-05,0.000329125432567212,3.45867755770783e-05,0.000596651050918927,8.81050119953096e-05
1.168,9.97960649539051e-05,8.60608126231755e-05,-0.000246507657715953,0.000285012456426126,0.000451572981304596,6.3180092955523e-05,0.000324293703549126,3.39290046134704e-05,0.000588040586333259,8.63858688403862e-05
1.17,9.82292491064945e-05,8.47869628558838e-05,-0.000245311718088294,0.000280850833212305,0.00044466217920429,6.19465377380546e-05,0.00031946197453104,3.32712336498624e-05,0.000579430121747591,8.46667256854628e-05
1.172,9.6662433259084e-05,8.35131130885921e-05,-0.000244115778460634,0.000276689209998484,0.000437751377103985,6.07129825205862e-05,0.000314630245512954,3.26134626862545e-05,0.000570819657161923,8.29475825305394e-05
1.174,9.50956174116735e-05,8.22392633213005e-05,-0.000242919838832974,0.000272527586784663,0.00043084057500368,5.94794273031178e-05,0.000309798516494868,3.19556917226466e-05,0.000562209192576255,8.12284393756161e-05
1.176,9.3528801564263e-05,8.09654135540088e-05,-0.000241723899205314,0.000268365963570842,0.000423929772903375,5.82458720856494e-05,0.000304966787476782,3.12979207590386e-05,0.000553897479920092,7.95092962206927e-05
1.178,9.19619857168524e-05,7.96915637867171e-05,-0.000240527959577655,0.000264204340357021,0.000417018970803069,5.7012316868181e-05,0.000300135058458696,3.06401497954307e-05,0.000547693436936773,7.77901530657693e-05
1.18,9.03951698694419e-05,7.84177140194255e-05,-0.000239332019949995,0.0002600427171432,0.000410108168702764,5.57787616507126e-05,0.00029530332944061,2.99823788318228e-05,0.000541489393953455,7.60710099108459e-05
1.182,8.88283540220313e-05,7.71438642521338e-05,-0.000238136080322335,0.000255881093929379,0.000403197366602459,5.47497823185321e-05,0.000290471600422525,2.93246078682148e-05,0.000535285350970137,7.43518667559225e-05
1.184,8.72615381746208e-05,7.58700144848421e-05,-0.000236940140694675,0.000251719470715558,0.000396286564502153,5.39588479453983e-05,0.000285639871404439,2.86668369046069e-05,0.000529081307986818,7.26327236009991e-05
1.186,8.56947223272103e-05,7.45961647175504e-05,-0.000235744201067015,0.000247557847501737,0.000389375762401848,5.31679135722646e-05,0.000281306374426263,2.8009065940999e-05,0.0005228772650035,7.09135804460757e-05
1.188,8.41279064797997e-05,7.33223149502588e-05,-0.000234399474893043,0.000243396224287916,0.000383115396556181,5.23769791991308e-05,0.000277921732544322,2.7351294977391e-05,0.000516673222020182,6.91944372911523e-05
1.19,8.25610906323892e-05,7.20484651829671e-05,-0.0002327390526946,0.000239234601074095,0.000378342725185338,5.1586044825997e-05,0.000274537090662381,2.66935240137831e-05,0.000510469179036863,6.7475294136229e-05
1.192,8.09942747849787e-05,7.07746154156754e-05,-0.000231078630496157,0.000235072977860274,0.000373570053814496,5.07951104528633e-05,0.00027115244878044,2.60708713309777e-05,0.000504265136053545,6.57561509813056e-05
1.194,7.94274589375681e-05,6.95007656483838e-05,-0.000229418208297713,0.000232118445325777,0.000368797382443653,5.00041760797295e-05,0.0002677678068985,2.56670586109084e-05,0.000498061093070227,6.40370078263822e-05
1.196,7.78606430901576e-05,6.82269158810921e-05,-0.00022775778609927,0.000229234555724488,0.000364024711072811,4.92132417065957e-05,0.000264383165016559,2.52632458908391e-05,0.000491857050086908,6.23178646714588e-05
1.198,7.62938272427471e-05,6.69530661138004e-05,-0.000226097363900827,0.0002263506661232,0.000359252039701968,4.84223073334619e-05,0.000260998523134618,2.48594331707699e-05,0.00048565300710359,6.05987215165354e-05
1.2,7.47270113953365e-05,6.56792163465087e-05,-0.000224436941702384,0.000223466776521912,0.000354479368331125,4.76313729603282e-05,0.000257613881252677,2.44556204507006e-05,0.000479448964120272,5.8879578361612e-05
1.202,7.3160195547926e-05,6.44053665792171e-05,-0.00022277651950394,0.000220582886920623,0.000349706696960283,4.68404385871944e-05,0.000254229239370737,2.40518077306313e-05,0.000473244921136953,5.71604352066887e-05
1.204,7.15933797005155e-05,6.31315168119254e-05,-0.000221116097305497,0.000217698997319335,0.00034493402558944,4.60495042140606e-05,0.000250844597488796,2.3647995010562e-05,0.000467040878153635,5.54412920517653e-05
1.206,7.00265638531049e-05,6.18576670446337e-05,-0.000219455675107054,0.000214815107718047,0.000340161354218598,4.52585698409269e-05,0.000247459955606855,2.32441822904928e-05,0.000460836835170316,5.37221488968419e-05
1.208,6.84597480056944e-05,6.05838172773421e-05,-0.000217795252908611,0.000211931218116758,0.000335388682847755,4.44676354677931e-05,0.000244075313724914,2.28403695704235e-05,0.000454632792186998,5.20030057419185e-05
1.21,6.68929321582839e-05,5.93099675100504e-05,-0.000216134830710168,0.00020904732851547,0.000330616011476912,4.36767010946593e-05,0.000240690671842974,2.24365568503542e-05,0.00044842874920368,5.02838625869951e-05
1.212,6.53261163108733e-05,5.80361177427587e-05,-0.000214474408511724,0.000206163438914182,0.00032584334010607,4.28857667215256e-05,0.000237306029961033,2.20327441302849e-05,0.000442224706220361,4.85647194320717e-05
1.214,6.37593004634628e-05,5.67622679754671e-05,-0.000212813986313281,0.000203279549312893,0.000321070668735227,4.20948323483918e-05,0.000233921388079092,2.16289314102156e-05,0.000436020663237043,4.70369013772182e-05
1.216,6.21924846160523e-05,5.58374393655692e-05,-0.000211153564114838,0.000200395659711605,0.000316297997364385,4.1303897975258e-05,0.000230536746197151,2.12251186901464e-05,0.000429816620253725,4.6061910967675e-05
1.218,6.07161809533069e-05,5.50225796114169e-05,-0.000209493141916395,0.000197511770110317,0.000311525325993542,4.05129636021242e-05,0.000227152104315211,2.08213059700771e-05,0.000423612577270406,4.50869205581318e-05
1.22,5.97545243590839e-05,5.42077198572646e-05,-0.000207832719717951,0.000194627880509028,0.0003067526546227,3.97220292289905e-05,0.00022376746243327,2.04174932500078e-05,0.000417408534287088,4.41119301485886e-05
1.222,5.87928677648609e-05,5.33928601031123e-05,-0.000206172297519508,0.00019174399090774,0.000301979983251857,3.89310948558567e-05,0.000220382820551329,2.00136805299385e-05,0.00041120449130377,4.31369397390454e-05
1.224,5.78312111706378e-05,5.257800034896e-05,-0.000204511875321065,0.000188860101306452,0.000297207311881014,3.81401604827229e-05,0.000216998178669388,1.96098678098692e-05,0.000405000448320451,4.21619493295022e-05
1.226,5.68695545764148e-05,5.17631405948078e-05,-0.000202851453122622,0.000185976211705163,0.000292434640510172,3.73492261095891e-05,0.000213613536787447,1.92060550898e-05,0.000399011706401269,4.1186958919959e-05
1.228,5.59078979821918e-05,5.09482808406555e-05,-0.000201191030924179,0.000183092322103875,0.000287661969139329,3.65582917364554e-05,0.000210228894905507,1.88022423697307e-05,0.000394541895336063,4.02119685104158e-05
1.23,5.49462413879687e-05,5.01334210865032e-05,-0.000199530608725735,0.000180208432502587,0.000282889297768487,3.57673573633216e-05,0.000206844253023566,1.83984296496614e-05,0.000390072084270858,3.92369781008726e-05
1.232,5.39845847937457e-05,4.93185613323509e-05,-0.000197870186527292,0.000177324542901298,0.000278116626397644,3.51075810277331e-05,0.000203459611141625,1.79946169295921e-05,0.000385602273205652,3.82619876913295e-05
1.234,5.30229281995226e-05,4.85037015781986e-05,-0.000196209764328849,0.00017444065330001,0.000273343955026802,3.46004204788595e-05,0.000200074969259684,1.75908042095229e-05,0.000381132462140446,3.72869972817863e-05
1.236,5.20612716052996e-05,4.76888418240463e-05,-0.000194549342130406,0.000171556763698722,0.000268571283655959,3.40932599299859e-05,0.000197039406323927,1.71869914894536e-05,0.00037666265107524,3.63120068722431e-05
1.238,5.10996150110766e-05,4.6873982069894e-05,-0.000192880868603896,0.000168672874097433,0.000264248358755092,3.35860993811123e-05,0.000194668644746859,1.67831787693843e-05,0.000372192840010035,3.53370164626999e-05
1.24,5.01379584168535e-05,4.60591223157418e-05,-0.000191195311729963,0.000165788984496145,0.000260954105509107,3.30789388322387e-05,0.000192297883169791,1.6379366049315e-05,0.000367723028944829,3.43620260531567e-05
1.242,4.91763018226305e-05,4.52442625615895e-05,-0.000189509754856031,0.000162905094894857,0.000257659852263121,3.25717782833651e-05,0.000189927121592723,1.59971294609836e-05,0.000363253217879623,3.33870356436135e-05
1.244,4.82146452284074e-05,4.44294028074372e-05,-0.000187824197982099,0.00016085795975769,0.000254365599017136,3.20646177344915e-05,0.000187556360015655,1.57493447808208e-05,0.000358783406814418,3.24120452340703e-05
1.246,4.72529886341844e-05,4.36145430532849e-05,-0.000186138641108166,0.000158859794255309,0.000251071345771151,3.15574571856179e-05,0.000185185598438587,1.5501560100658e-05,0.000354313595749212,3.14370548245271e-05
1.248,4.62913320399614e-05,4.27996832991326e-05,-0.000184453084234234,0.000156861628752929,0.000247777092525166,3.10502966367443e-05,0.000182814836861519,1.52537754204951e-05,0.000349843784684006,3.04620644149839e-05
1.25,4.53296754457383e-05,4.19848235449803e-05,-0.000182767527360302,0.000154863463250549,0.000244482839279181,3.05431360878708e-05,0.000180444075284451,1.50059907403323e-05,0.0003453739736188,2.94870740054407e-05
1.252,4.43680188515153e-05,4.1169963790828e-05,-0.000181081970486369,0.000152865297748168,0.000241188586033196,3.00359755389972e-05,0.000178073313707383,1.47582060601695e-05,0.000340904162553595,2.85120835958976e-05
1.254,4.34063622572922e-05,4.03551040366757e-05,-0.000179396413612437,0.000150867132245788,0.000237894332787211,2.95288149901236e-05,0.000175702552130315,1.45104213800067e-05,0.000336434351488389,2.75370931863544e-05
1.256,4.24447056630692e-05,3.95402442825235e-05,-0.000177710856738505,0.000148868966743407,0.000234600079541226,2.902165444125e-05,0.000173331790553247,1.42626366998439e-05,0.000331964540423183,2.65621027768112e-05
1.258,4.14830490688462e-05,3.87253845283712e-05,-0.000176025299864572,0.000146870801241027,0.000231305826295241,2.85144938923764e-05,0.000170961028976179,1.4014852019681e-05,0.000327494729357978,2.5587112367268e-05
1.26,4.05213924746231e-05,3.79105247742189e-05,-0.00017433974299064,0.000144872635738647,0.000228011573049256,2.80073333435028e-05,0.000168590267399111,1.37670673395182e-05,0.000323024918292772,2.46121219577248e-05
1.262,3.95597358804001e-05,3.70956650200666e-05,-0.000172654186116708,0.000142874470236266,0.000224717319803271,2.75001727946292e-05,0.000166219505822043,1.35192826593554e-05,0.000318555107227566,2.36371315481816e-05
1.264,3.8598079286177e-05,3.62808052659143e-05,-0.000170968629242776,0.000140876304733886,0.000221423066557286,2.69930122457556e-05,0.000163848744244975,1.32714979791926e-05,0.00031408529616236,2.27757971416831e-05
1.266,3.7636422691954e-05,3.56893478607331e-05,-0.000169283072368843,0.000138878139231505,0.0002181288133113,2.6485851696882e-05,0.000161477982667907,1.30237132990298e-05,0.000309615485097155,2.22428680542757e-05
1.268,3.67308131290156e-05,3.51682796000688e-05,-0.000167597515494911,0.000136879973729125,0.000214834560065315,2.59786911480084e-05,0.000159107221090839,1.2775928618867e-05,0.000305145674031949,2.17099389668684e-05
1.27,3.61438837576635e-05,3.46472113394045e-05,-0.000165911958620979,0.000134881808226744,0.00021154030681933,2.54715305991348e-05,0.00015673645951377,1.25281439387041e-05,0.000300675862966743,2.1177009879461e-05
1.272,3.55569543863114e-05,3.41261430787402e-05,-0.000164226401747046,0.000132883642724364,0.000208246053573345,2.49643700502612e-05,0.000154365697936702,1.22803592585413e-05,0.000296206051901537,2.06440807920537e-05
1.274,3.49700250149593e-05,3.36050748180758e-05,-0.000162540844873114,0.000130885477221984,0.00020495180032736,2.44572095013876e-05,0.000151994936359634,1.20325745783785e-05,0.000291736240836332,2.01111517046463e-05
1.276,3.43830956436072e-05,3.30840065574115e-05,-0.000160855287999182,0.000128887311719603,0.000201657547081375,2.39500489525141e-05,0.000149624174782566,1.17847898982157e-05,0.000287421584340326,1.95782226172389e-05
1.278,3.37961662722551e-05,3.25629382967472e-05,-0.000159169731125249,0.000126889146217223,0.00019836329383539,2.34428884036405e-05,0.000147253413205498,1.15370052180529e-05,0.000284201530247889,1.90452935298316e-05
1.28,3.3209236900903e-05,3.20418700360829e-05,-0.000157484174251317,0.000124890980714842,0.000195069040589405,2.29357278547669e-05,0.00014488265162843,1.12892205378901e-05,0.000280981476155452,1.85123644424242e-05
1.282,3.26223075295509e-05,3.15208017754185e-05,-0.000155798617377385,0.000122892815212462,0.00019177478734342,2.25126651061033e-05,0.000142511890051362,1.10414358577272e-05,0.000277761422063015,1.79794353550169e-05
1.284,3.20353781581988e-05,3.09997335147542e-05,-0.000154113060503452,0.000120894649710082,0.000188480534097435,2.21874587464209e-05,0.000140141128474294,1.07936511775644e-05,0.000274541367970577,1.74465062676095e-05
1.286,3.14484487868467e-05,3.04786652540899e-05,-0.00015242750362952,0.000118896484207701,0.00018518628085145,2.18622523867386e-05,0.000138014868259809,1.05458664974016e-05,0.00027132131387814,1.69135771802022e-05
1.288,3.08615194154946e-05,2.99575969934256e-05,-0.000150801156329808,0.000116898318705321,0.000182202782031172,2.15370460270562e-05,0.00013635424723618,1.02980818172388e-05,0.000268101259785703,1.63806480927948e-05
1.29,3.02745900441425e-05,2.94365287327613e-05,-0.000149300440195381,0.00011490015320294,0.000179930048699218,2.12118396673738e-05,0.000134693626212552,1.0050297137076e-05,0.000264881205693265,1.58477190053874e-05
1.292,2.96876606727904e-05,2.89154604720969e-05,-0.000147799724060953,0.00011290198770056,0.000177657315367264,2.08866333076915e-05,0.000133033005188924,9.81575688657926e-06,0.000261661151600828,1.53147899179801e-05
1.294,2.91007313014383e-05,2.83943922114326e-05,-0.000146299007926526,0.000111482884013012,0.00017538458203531,2.05614269480091e-05,0.000131372384165296,9.66374944886151e-06,0.000258441097508391,1.47818608305727e-05
1.296,2.85138019300862e-05,2.78733239507683e-05,-0.000144798291792098,0.000110097668935333,0.000173111848703356,2.02362205883267e-05,0.000129711763141668,9.51174201114377e-06,0.000255221043415953,1.42489317431654e-05
1.298,2.79268725587341e-05,2.7352255690104e-05,-0.000143297575657671,0.000108712453857654,0.000170839115371402,1.99110142286444e-05,0.000128051142118039,9.35973457342602e-06,0.000252000989323516,1.3716002655758e-05
1.3,2.7339943187382e-05,2.68311874294396e-05,-0.000141796859523244,0.000107327238779976,0.000168566382039449,1.9585807868962e-05,0.000126390521094411,9.20772713570827e-06,0.000248780935231079,1.31830735683507e-05
1.302,2.67530138160299e-05,2.63101191687753e-05,-0.000140296143388816,0.000105942023702297,0.000166293648707495,1.92606015092796e-05,0.000124729900070783,9.05571969799052e-06,0.000245560881138641,1.26501444809433e-05
1.304,2.61660844446778e-05,2.5789050908111e-05,-0.000138795427254389,0.000104556808624618,0.000164020915375541,1.89353951495973e-05,0.000123069279047155,8.90371226027278e-06,0.000242340827046204,1.21172153935359e-05
1.306,2.55791550733257e-05,2.52679826474467e-05,-0.000137294711119961,0.00010317159354694,0.000161748182043587,1.86101887899149e-05,0.000121408658023527,8.75170482255503e-06,0.000239120772953767,1.15842863061286e-05
1.308,2.49922257019736e-05,2.47469143867823e-05,-0.000135793994985534,0.000101786378469261,0.000159475448711633,1.82849824302325e-05,0.000119748036999898,8.59969738483728e-06,0.000235900718861329,1.10513572187212e-05
1.31,2.44052963306215e-05,2.4225846126118e-05,-0.000134293278851107,0.000100401163391583,0.00015720271537968,1.79597760705502e-05,0.00011808741597627,8.44768994711953e-06,0.000232680664768892,1.05184281313139e-05
1.312,2.38183669592695e-05,2.37047778654537e-05,-0.000132792562716679,9.90159483139038e-05,0.000154929982047726,1.76345697108678e-05,0.000116426794952642,8.29568250940178e-06,0.000229460610676455,9.98549904390652e-06
1.314,2.32314375879174e-05,2.31837096047894e-05,-0.000131291846582252,9.76307332362252e-05,0.000152657248715772,1.73093633511854e-05,0.000114766173929014,8.14367507168404e-06,0.000226240556584017,9.51856481286397e-06
1.316,2.26445082165653e-05,2.28055827974822e-05,-0.000129791130447824,9.62455181585465e-05,0.000150384515383818,1.69841569915031e-05,0.000113105552905386,7.99166763396629e-06,0.00022302050249158,9.24232056987546e-06
1.318,2.20920825515636e-05,2.24724936841122e-05,-0.000128290414313397,9.48603030808679e-05,0.000148111782051864,1.66589506318207e-05,0.000111444931881757,7.83966019624854e-06,0.000219800448399143,8.96607632688696e-06
1.32,2.17358429734641e-05,2.21394045707422e-05,-0.00012678969817897,9.34750880031892e-05,0.000145839048719911,1.63337442721383e-05,0.000109784310858129,7.68765275853079e-06,0.000216580394306705,8.68983208389846e-06
1.322,2.13796033953645e-05,2.18063154573722e-05,-0.000125288982044542,9.20898729255105e-05,0.000143566315387957,1.6008537912456e-05,0.000108123689834501,7.53564532081305e-06,0.000213360340214268,8.41358784090996e-06
1.324,2.1023363817265e-05,2.14732263440022e-05,-0.000123788265910115,9.07046578478319e-05,0.000141293582056003,1.56833315527736e-05,0.000106463068810873,7.3836378830953e-06,0.000210140286121831,8.13734359792146e-06
1.326,2.06671242391654e-05,2.11401372306322e-05,-0.000122287549775687,8.93194427701532e-05,0.000139020848724049,1.53581251930912e-05,0.000104802447787245,7.23163044537755e-06,0.000207031986436325,7.86109935493296e-06
1.328,2.03108846610658e-05,2.08070481172622e-05,-0.00012078683364126,8.79342276924745e-05,0.000136748115392095,1.50329188334089e-05,0.000103141826763616,7.0796230076598e-06,0.000204712104668941,7.58485511194446e-06
1.33,1.99546450829663e-05,2.04739590038922e-05,-0.000119286117506832,8.65490126147959e-05,0.000134475382060141,1.47077124737265e-05,0.000101481205739988,6.92761556994205e-06,0.000202392222901558,7.30861086895596e-06
1.332,1.95984055048667e-05,2.01408698905222e-05,-0.000117785401372405,8.51637975371172e-05,0.000132202648728188,1.44364301336618e-05,9.98205847163601e-05,6.77560813222431e-06,0.000200072341134175,7.03236662596746e-06
1.334,1.92421659267672e-05,1.98077807771522e-05,-0.000116284685237978,8.37785824594385e-05,0.000129929915396234,1.42278939037921e-05,9.81599636927319e-05,6.62360069450656e-06,0.000197752459366791,6.75612238297896e-06
1.336,1.88859263486676e-05,1.94746916637822e-05,-0.00011478396910355,8.23933673817599e-05,0.00012765718206428,1.40193576739224e-05,9.66705402221847e-05,6.47159325678881e-06,0.000195432577599408,6.47987813999046e-06
1.338,1.8529686770568e-05,1.91416025504123e-05,-0.000113367263146895,8.10081523040812e-05,0.000125599066419723,1.38108214440528e-05,9.55071529309515e-05,6.31958581907106e-06,0.000193112695832025,6.20363389700196e-06
1.34,1.81734471924685e-05,1.88085134370423e-05,-0.000112128810397905,7.96229372264026e-05,0.000124031829851266,1.36022852141831e-05,9.43437656397182e-05,6.16757838135332e-06,0.000190792814064641,5.92738965401346e-06
1.342,1.78172076143689e-05,1.84754243236723e-05,-0.000110890357648915,7.82377221487239e-05,0.00012246459328281,1.33937489843134e-05,9.3180378348485e-05,6.0236879499393e-06,0.000188472932297258,5.65114541102496e-06
1.344,1.74609680362694e-05,1.81423352103023e-05,-0.000109651904899926,7.72542916350811e-05,0.000120897356714354,1.31852127544437e-05,9.20169910572518e-05,5.93037873481623e-06,0.000186153050529874,5.37490116803645e-06
1.346,1.71047284581698e-05,1.78092460969323e-05,-0.000108413452150936,7.62943748810982e-05,0.000119330120145898,1.29766765245741e-05,9.08536037660186e-05,5.83706951969316e-06,0.000183833168762491,5.09865692504795e-06
1.348,1.67484888800702e-05,1.74761569835623e-05,-0.000107174999401946,7.53344581271154e-05,0.000117762883577442,1.27681402947044e-05,8.96902164747854e-05,5.74376030457009e-06,0.000181513286995108,4.82241268205945e-06
1.35,1.63922493019707e-05,1.71430678701923e-05,-0.000105936546652956,7.43745413731325e-05,0.000116195647008985,1.25596040648347e-05,8.85268291835521e-05,5.65045108944702e-06,0.000179193405227724,4.54616843907095e-06
1.352,1.60360097238711e-05,1.68099787568223e-05,-0.000104698093903966,7.34146246191496e-05,0.000114628410440529,1.2351067834965e-05,8.73634418923189e-05,5.55714187432394e-06,0.000176873523460341,4.26992419608245e-06
1.354,1.56797701457716e-05,1.64768896434523e-05,-0.000103459641154977,7.24547078651668e-05,0.000113061173872073,1.21425316050954e-05,8.62000546010857e-05,5.46383265920087e-06,0.000174553641692958,3.99367995309395e-06
1.356,1.5323530567672e-05,1.61438005300823e-05,-0.000102221188405987,7.14947911111839e-05,0.000111493937303617,1.19339953752257e-05,8.50366673098525e-05,5.3705234440778e-06,0.000172233759925574,3.71743571010545e-06
1.358,1.49672909895725e-05,1.58107114167123e-05,-0.000100982735656997,7.05348743572011e-05,0.000109926700735161,1.1725459145356e-05,8.38732800186193e-05,5.27721422895473e-06,0.000169913878158191,3.44119146711695e-06
1.36,1.46110514114729e-05,1.54776223033423e-05,-9.97442829080072e-05,6.95749576032182e-05,0.000108359464166705,1.15169229154864e-05,8.2709892727386e-05,5.18390501383166e-06,0.000167593996390808,3.16494722412845e-06
1.362,1.42548118333733e-05,1.51445331899723e-05,-9.85058301590174e-05,6.86150408492354e-05,0.000106792227598248,1.13083866856167e-05,8.15465054361528e-05,5.09059579870859e-06,0.000165274114623424,2.88870298113995e-06
1.364,1.38985722552738e-05,1.48114440766023e-05,-9.72673774100276e-05,6.76551240952525e-05,0.000105224991029792,1.1099850455747e-05,8.03831181449196e-05,4.99728658358551e-06,0.000162954232856041,2.64968164952903e-06
1.366,1.35423326771742e-05,1.45697797287463e-05,-9.60289246610378e-05,6.66952073412697e-05,0.000103657754461336,1.08913142258773e-05,7.92197308536864e-05,4.90397736846244e-06,0.000160634351088657,2.51821470801622e-06
1.368,1.32072198642413e-05,1.43569213046499e-05,-9.4790471912048e-05,6.57352905872868e-05,0.00010209051789288,1.06827779960076e-05,7.80563435624531e-05,4.81066815333937e-06,0.000158314469321274,2.38674776650341e-06
1.37,1.29922326211487e-05,1.41440628805535e-05,-9.35520191630582e-05,6.4775373833304e-05,0.000100523281324424,1.0474241766138e-05,7.68929562712199e-05,4.7173589382163e-06,0.000155994587553891,2.2552808249906e-06
1.372,1.27772453780561e-05,1.39312044564572e-05,-9.23135664140685e-05,6.38154570793211e-05,9.89560447559673e-05,1.02657055362683e-05,7.57295689799867e-05,4.62404972309323e-06,0.000153674705786507,2.12381388347779e-06
1.374,1.25622581349635e-05,1.37183460323608e-05,-9.10751136650787e-05,6.28555403253382e-05,9.73888081875111e-05,1.00571693063986e-05,7.45661816887535e-05,4.53074050797016e-06,0.000151354824019124,1.99234694196498e-06
1.376,1.23472708918709e-05,1.35054876082644e-05,-8.9836660916089e-05,6.18956235713555e-05,9.58215716190551e-05,9.84863307652897e-06,7.34027943975204e-05,4.4374312928471e-06,0.000149115513391005,1.86088000045219e-06
1.378,1.21322836487783e-05,1.32926291841681e-05,-8.85982081670992e-05,6.09357068173726e-05,9.42543350505989e-05,9.6400968466593e-06,7.22394071062872e-05,4.34412207772403e-06,0.000147444625356896,1.72941305893938e-06
1.38,1.19172964056857e-05,1.30797707600717e-05,-8.73597554181094e-05,5.99757900633898e-05,9.26870984821427e-05,9.43156061678962e-06,7.10760198150539e-05,4.25081286260095e-06,0.000145773737322786,1.59794611742657e-06
1.382,1.17023091625931e-05,1.28669123359753e-05,-8.61213026691196e-05,5.90158733094069e-05,9.11198619136865e-05,9.25760162964128e-06,6.99126325238207e-05,4.15750364747788e-06,0.000144102849288677,1.46647917591376e-06
1.384,1.14873219195005e-05,1.26540539118789e-05,-8.48828499201298e-05,5.80559565554241e-05,8.95526253452303e-05,9.12387679969073e-06,6.87492452325875e-05,4.06419443235481e-06,0.000142431961254567,1.33501223440095e-06
1.386,1.12723346764079e-05,1.24411954877826e-05,-8.36443971711401e-05,5.70960398014412e-05,8.79853887767741e-05,8.99015196974019e-06,6.77059468285605e-05,3.97088521723174e-06,0.000140761073220457,1.20354529288814e-06
1.388,1.10573474333152e-05,1.22283370636862e-05,-8.24918505584317e-05,5.61361230474584e-05,8.65662028827222e-05,8.85642713978964e-06,6.68913510038528e-05,3.87757600210867e-06,0.000139090185186348,1.07207835137533e-06
1.39,1.08423601902226e-05,1.20154786395898e-05,-8.15215800074628e-05,5.51762062934755e-05,8.54856422862837e-05,8.7227023098391e-06,6.60767551791452e-05,3.7842667869856e-06,0.000137419297152238,9.40611409862523e-07
1.392,1.062737294713e-05,1.18026202154935e-05,-8.05513094564939e-05,5.42162895394927e-05,8.44050816898452e-05,8.58897747988855e-06,6.52621593544376e-05,3.69594544615094e-06,0.000135748409118128,8.09144468349714e-07
1.394,1.04123857040374e-05,1.15897617913971e-05,-7.9581038905525e-05,5.35348408633921e-05,8.33245210934068e-05,8.45525264993801e-06,6.44475635297299e-05,3.63870610017672e-06,0.000134077521084019,6.77677526836904e-07
1.396,1.01973984609448e-05,1.13769033673007e-05,-7.86107683545561e-05,5.28696890589049e-05,8.22439604969683e-05,8.32152781998746e-06,6.36329677050223e-05,3.58146675420249e-06,0.000132406633049909,5.46210585324095e-07
1.398,9.98241121785217e-06,1.11640449432043e-05,-7.76404978035872e-05,5.22045372544177e-05,8.11633999005298e-05,8.18780299003692e-06,6.28183718803146e-05,3.52422740822826e-06,0.0001307357450158,4.14743643811286e-07
1.4,9.76742397475956e-06,1.0951186519108e-05,-7.66702272526183e-05,5.15393854499305e-05,8.00828393040913e-05,8.05407816008638e-06,6.2003776055607e-05,3.46698806225404e-06,0.00012906485698169,2.83276702298476e-07
1.402,9.55243673166694e-06,1.07383280950116e-05,-7.56999567016494e-05,5.08742336454433e-05,7.90022787076529e-05,7.92035333013583e-06,6.11891802308994e-05,3.40974871627981e-06,0.00012739396894758,1.51809760785666e-07
1.404,9.33744948857433e-06,1.05254696709152e-05,-7.47296861506804e-05,5.02090818409561e-05,7.79217181112144e-05,7.78662850018529e-06,6.03745844061917e-05,3.35250937030558e-06,0.000125723080913471,2.03428192728567e-08
1.406,9.12246224548172e-06,1.03126112468188e-05,-7.37594155997115e-05,4.95439300364689e-05,7.68411575147759e-05,7.65290367023474e-06,5.95599885814841e-05,3.29527002433136e-06,0.000124052192879361,-1.11124122239953e-07
1.408,8.9074750023891e-06,1.00997528227225e-05,-7.27891450487427e-05,4.88787782319817e-05,7.57605969183375e-05,7.5191788402842e-06,5.87453927567765e-05,3.23803067835713e-06,0.000122381304845252,-2.42591063752762e-07
1.41,8.69248775929649e-06,9.88689439862608e-06,-7.18188744977737e-05,4.82136264274945e-05,7.4680036321899e-05,7.38545401033365e-06,5.79307969320688e-05,3.18079133238291e-06,0.000120710416811142,-3.74058005265572e-07
1.412,8.47750051620388e-06,9.6740359745297e-06,-7.08486039468048e-05,4.75484746230073e-05,7.35994757254605e-05,7.25172918038311e-06,5.71162011073612e-05,3.12355198640868e-06,0.000119039528777032,-5.05524946778381e-07
1.414,8.26251327311127e-06,9.46117755043333e-06,-6.98783333958359e-05,4.68833228185201e-05,7.2518915129022e-05,7.11800435043256e-06,5.63016052826535e-05,3.06631264043445e-06,0.000117368640742923,-6.16798035203722e-07
1.416,8.04752603001865e-06,9.30676108577197e-06,-6.8908062844867e-05,4.62181710140329e-05,7.14383545325836e-05,6.98427952048202e-06,5.54870094579459e-05,3.00907329446023e-06,0.000115697752708813,-6.69721642834214e-07
1.418,7.84540311134994e-06,9.17075839136624e-06,-6.79377922938981e-05,4.55530192095457e-05,7.03577939361451e-05,6.85055469053147e-06,5.46724136332383e-05,2.951833948486e-06,0.000114026864674703,-7.22645250464707e-07
1.42,7.71642600037301e-06,9.03475569696052e-06,-6.69675217429292e-05,4.48878674050585e-05,6.92772333397066e-05,6.71682986058093e-06,5.38578178085306e-05,2.89459460251177e-06,0.000112355976640594,-7.75568858095199e-07
1.422,7.58744888939608e-06,8.89875300255479e-06,-6.59972511919603e-05,4.42227156005713e-05,6.81966727432681e-05,6.58310503063038e-06,5.3043221983823e-05,2.83735525653755e-06,0.000110685088606484,-8.28492465725692e-07
1.424,7.45847177841915e-06,8.76275030814906e-06,-6.50269806409914e-05,4.35575637960841e-05,6.71161121468297e-05,6.44938020067984e-06,5.22286261591154e-05,2.78011591056332e-06,0.000109014200572375,-8.81416073356185e-07
1.426,7.32949466744221e-06,8.62674761374333e-06,-6.40567100900225e-05,4.28924119915969e-05,6.60355515503912e-05,6.31565537072929e-06,5.14140303344077e-05,2.7228765645891e-06,0.000107401347134293,-9.34339680986677e-07
1.428,7.20051755646529e-06,8.4907449193376e-06,-6.30864395390536e-05,4.22272601871097e-05,6.49549909539527e-05,6.18193054077875e-06,5.05994345097001e-05,2.66563721861487e-06,0.000106197922877895,-9.8726328861717e-07
1.43,7.07154044548835e-06,8.35474222493187e-06,-6.21161689880847e-05,4.15621083826224e-05,6.38744303575142e-05,6.0482057108282e-06,4.97848386849924e-05,2.60839787264064e-06,0.000104994498621497,-1.04018689624766e-06
1.432,6.94256333451142e-06,8.21873953052614e-06,-6.11458984371158e-05,4.08969565781352e-05,6.27938697610758e-05,5.93665369887457e-06,4.89702428602848e-05,2.55115852666642e-06,0.000103791074365099,-1.09311050387815e-06
1.434,6.81358622353449e-06,8.08273683612041e-06,-6.01756278861468e-05,4.0231804773648e-05,6.17133091646373e-05,5.8509020276825e-06,4.81556470355772e-05,2.49391918069219e-06,0.000102587650108701,-1.14603411150865e-06
1.436,6.68460911255756e-06,7.94673414171468e-06,-5.92053573351779e-05,3.95666529691608e-05,6.06327485681988e-05,5.76515035649043e-06,4.74250537687781e-05,2.43667983471796e-06,0.000101384225852303,-1.19895771913914e-06
1.438,6.55563200158063e-06,7.81073144730896e-06,-5.83118496306836e-05,3.89015011646736e-05,5.9654323885067e-05,5.67939868529837e-06,4.68544386823924e-05,2.37944048874374e-06,0.000100180801595905,-1.25188132676963e-06
1.44,6.4266548906037e-06,7.67472875290323e-06,-5.75812177107253e-05,3.82363493601864e-05,5.89095070809919e-05,5.5936470141063e-06,4.62838235960066e-05,2.32220114276951e-06,9.89773773395071e-05,-1.30480493440013e-06
1.442,6.29767777962677e-06,7.5387260584975e-06,-5.6850585790767e-05,3.75711975556992e-05,5.81646902769168e-05,5.50789534291423e-06,4.57132085096209e-05,2.26801935316316e-06,9.77739530831091e-05,-1.35772854203062e-06
1.444,6.16870066864984e-06,7.40272336409177e-06,-5.61199538708087e-05,3.70989698006597e-05,5.74198734728417e-05,5.42214367172217e-06,4.51425934232352e-05,2.23289076053337e-06,9.65705288267111e-05,-1.41065214966111e-06
1.446,6.03972355767291e-06,7.26672066968604e-06,-5.53893219508504e-05,3.66380325981635e-05,5.66750566687665e-05,5.3363920005301e-06,4.45719783368495e-05,2.19776216790358e-06,9.53671045703132e-05,-1.4635757572916e-06
1.448,5.91074644669598e-06,7.13071797528031e-06,-5.46586900308921e-05,3.61770953956673e-05,5.59302398646914e-05,5.25064032933803e-06,4.40013632504637e-05,2.1626335752738e-06,9.41636803139152e-05,-1.5164993649221e-06
1.45,5.78176933571905e-06,6.99471528087458e-06,-5.39280581109337e-05,3.57161581931711e-05,5.51854230606163e-05,5.16488865814597e-06,4.3430748164078e-05,2.12750498264401e-06,9.29602560575173e-05,-1.56942297255259e-06
1.452,5.65279222474211e-06,6.85871258646885e-06,-5.31974261909754e-05,3.5255220990675e-05,5.44406062565412e-05,5.0791369869539e-06,4.28601330776923e-05,2.09237639001422e-06,9.17568318011193e-05,-1.62234658018308e-06
1.454,5.52381511376518e-06,6.72270989206312e-06,-5.24667942710171e-05,3.47942837881788e-05,5.36957894524661e-05,4.99338531576183e-06,4.22895179913065e-05,2.05724779738444e-06,9.05534075447214e-05,-1.67527018781357e-06
1.456,5.39483800278825e-06,6.5867071976574e-06,-5.17361623510588e-05,3.43333465856826e-05,5.2950972648391e-05,4.90763364456977e-06,4.17189029049208e-05,2.02211920475465e-06,8.93499832883234e-05,-1.72819379544407e-06
1.458,5.26586089181132e-06,6.45070450325167e-06,-5.10055304311005e-05,3.38724093831864e-05,5.22061558443158e-05,4.8218819733777e-06,4.11482878185351e-05,1.98699061212486e-06,8.81465590319254e-05,-1.78111740307456e-06
1.46,5.13688378083439e-06,6.31470180884594e-06,-5.02748985111422e-05,3.34114721806902e-05,5.14613390402407e-05,4.73613030218564e-06,4.05776727321493e-05,1.95186201949508e-06,8.69431347755275e-05,-1.83404101070505e-06
1.462,5.00790666985746e-06,6.17869911444021e-06,-4.95442665911839e-05,3.2950534978194e-05,5.07165222361656e-05,4.65037863099357e-06,4.00070576457636e-05,1.91673342686529e-06,8.57397105191295e-05,-1.88696461833554e-06
1.464,4.87892955888053e-06,6.04269642003448e-06,-4.88136346712255e-05,3.24895977756978e-05,4.99717054320905e-05,4.5646269598015e-06,3.94364425593779e-05,1.8816048342355e-06,8.45362862627316e-05,-1.92953918172271e-06
1.466,4.7499524479036e-06,5.94404713783555e-06,-4.80830027512672e-05,3.20286605732017e-05,4.92268886280154e-05,4.47887528860943e-06,3.88658274729922e-05,1.84647624160572e-06,8.33328620063336e-05,-1.94221051883081e-06
1.468,4.62876439362594e-06,5.8571670905714e-06,-4.73523708313089e-05,3.15677233707055e-05,4.84820718239403e-05,4.39312361741737e-06,3.82952123866064e-05,1.81134764897593e-06,8.21294377499357e-05,-1.9548818559389e-06
1.47,4.55186446709225e-06,5.77028704330724e-06,-4.66217389113506e-05,3.11067861682093e-05,4.77372550198651e-05,4.3073719462253e-06,3.77245973002207e-05,1.77621905634614e-06,8.09260134935377e-05,-1.96755319304699e-06
1.472,4.47496454055856e-06,5.68340699604309e-06,-4.58911069913923e-05,3.06458489657131e-05,4.699243821579e-05,4.22162027503324e-06,3.7153982213835e-05,1.74109046371636e-06,7.97225892371397e-05,-1.98022453015509e-06
1.474,4.39806461402487e-06,5.59652694877894e-06,-4.5160475071434e-05,3.01849117632169e-05,4.62476214117149e-05,4.13586860384117e-06,3.65833671274492e-05,1.70596187108657e-06,7.85191649807418e-05,-1.99289586726318e-06
1.476,4.32116468749117e-06,5.50964690151479e-06,-4.44298431514757e-05,2.97239745607207e-05,4.55028046076398e-05,4.0501169326491e-06,3.60127520410635e-05,1.67083327845678e-06,7.73575369581096e-05,-2.00556720437128e-06
1.478,4.24426476095748e-06,5.42276685425064e-06,-4.36992112315173e-05,2.92630373582245e-05,4.47579878035647e-05,3.96436526145704e-06,3.54421369546778e-05,1.635704685827e-06,7.649077784057e-05,-2.01823854147937e-06
1.48,4.16736483442379e-06,5.33588680698649e-06,-4.2968579311559e-05,2.88021001557284e-05,4.40131709994896e-05,3.87861359026497e-06,3.4871521868292e-05,1.60057609319721e-06,7.56240187230304e-05,-2.03090987858747e-06
1.482,4.0904649078901e-06,5.24900675972233e-06,-4.22379473916007e-05,2.83411629532322e-05,4.32683541954144e-05,3.8070772143119e-06,3.43009067819063e-05,1.56544750056742e-06,7.47572596054907e-05,-2.04358121569556e-06
1.484,4.01356498135641e-06,5.16212671245818e-06,-4.15073154716424e-05,2.7880225750736e-05,4.25235373913393e-05,3.75208178778816e-06,3.37302916955206e-05,1.53031890793764e-06,7.38905004879511e-05,-2.05625255280366e-06
1.486,3.93666505482271e-06,5.07524666519403e-06,-4.07766835516841e-05,2.74192885482398e-05,4.17787205872642e-05,3.69708636126441e-06,3.32185266804793e-05,1.49519031530785e-06,7.30237413704114e-05,-2.06892388991175e-06
1.488,3.85976512828902e-06,4.98836661792988e-06,-4.01095385500156e-05,2.69583513457436e-05,4.11043329243611e-05,3.64209093474067e-06,3.28188383398308e-05,1.46006172267806e-06,7.21569822528718e-05,-2.08159522701985e-06
1.49,3.78286520175533e-06,4.90148657066573e-06,-3.95771004032793e-05,2.64974141432474e-05,4.05910325985202e-05,3.58709550821693e-06,3.24191499991824e-05,1.42493313004828e-06,7.12902231353321e-05,-2.09426656412794e-06
1.492,3.70596527522164e-06,4.81460652340158e-06,-3.90446622565431e-05,2.60364769407512e-05,4.00777322726793e-05,3.53210008169318e-06,3.20194616585339e-05,1.39168149709098e-06,7.04234640177925e-05,-2.10693790123603e-06
1.494,3.62906534868795e-06,4.72772647613742e-06,-3.85122241098068e-05,2.57092270350066e-05,3.95644319468383e-05,3.47710465516944e-06,3.16197733178855e-05,1.37012615949319e-06,6.95567049002528e-05,-2.11960923834413e-06
1.496,3.55216542215425e-06,4.64084642887327e-06,-3.79797859630705e-05,2.53898009513964e-05,3.90511316209974e-05,3.4221092286457e-06,3.1220084977237e-05,1.34857082189541e-06,6.86899457827132e-05,-2.13228057545222e-06
1.498,3.47526549562056e-06,4.55396638160912e-06,-3.74473478163343e-05,2.50703748677862e-05,3.85378312951565e-05,3.36711380212195e-06,3.08203966365885e-05,1.32701548429762e-06,6.78231866651735e-05,-2.14495191256032e-06
1.5,3.39836556908687e-06,4.46708633434497e-06,-3.6914909669598e-05,2.47509487841761e-05,3.80245309693155e-05,3.31211837559821e-06,3.04207082959401e-05,1.30546014669983e-06,6.69564275476339e-05,-2.15762324966841e-06
1.502,3.32146564255318e-06,4.38020628708082e-06,-3.63824715228617e-05,2.44315227005659e-05,3.75112306434746e-05,3.25712294907447e-06,3.00210199552916e-05,1.28390480910205e-06,6.60896684300942e-05,-2.17029458677651e-06
1.504,3.24456571601949e-06,4.29332623981667e-06,-3.58500333761254e-05,2.41120966169557e-05,3.69979303176337e-05,3.20212752255072e-06,2.96213316146432e-05,1.26234947150426e-06,6.52229093125546e-05,-2.1829659238846e-06
1.506,3.16766578948579e-06,4.20644619255252e-06,-3.53175952293891e-05,2.37926705333456e-05,3.64846299917928e-05,3.14713209602698e-06,2.92216432739947e-05,1.24079413390648e-06,6.43561501950149e-05,-2.1956372609927e-06
1.508,3.0907658629521e-06,4.11956614528836e-06,-3.47851570826529e-05,2.34732444497354e-05,3.59713296659518e-05,3.09213666950324e-06,2.88219549333462e-05,1.21923879630869e-06,6.34893910774753e-05,-2.20830859810079e-06
1.51,3.01386593641841e-06,4.03268609802421e-06,-3.42527189359166e-05,2.31538183661252e-05,3.54580293401109e-05,3.03714124297949e-06,2.84222665926978e-05,1.1976834587109e-06,6.26226319599356e-05,-2.22097993520889e-06
1.512,2.93696600988472e-06,3.94580605076006e-06,-3.37202807891803e-05,2.28343922825151e-05,3.494472901427e-05,2.98214581645575e-06,2.80225782520493e-05,1.17612812111312e-06,6.1755872842396e-05,-2.23365127231698e-06
1.514,2.86006608335103e-06,3.85892600349591e-06,-3.3187842642444e-05,2.25149661989049e-05,3.4431428688429e-05,2.92715038993201e-06,2.76228899114009e-05,1.15457278351533e-06,6.08891137248563e-05,-2.2414965075502e-06
1.516,2.78316615681733e-06,3.79591741551386e-06,-3.26554044957078e-05,2.21955401152947e-05,3.39181283625881e-05,2.87215496340826e-06,2.72232015707524e-05,1.13301744591755e-06,6.00223546073167e-05,-2.23539687859917e-06
1.518,2.7109548331809e-06,3.74043019695777e-06,-3.21229663489715e-05,2.18761140316846e-05,3.34048280367472e-05,2.81715953688452e-06,2.68235132301039e-05,1.11146210831976e-06,5.91555954897771e-05,-2.22929724964813e-06
1.52,2.6654026355557e-06,3.68494297840168e-06,-3.15905282022352e-05,2.15566879480744e-05,3.28915277109062e-05,2.76216411036078e-06,2.64238248894555e-05,1.08990677072198e-06,5.82888363722374e-05,-2.22319762069709e-06
1.522,2.61985043793049e-06,3.62945575984558e-06,-3.10580900554989e-05,2.12372618644642e-05,3.23782273850653e-05,2.70716868383703e-06,2.6024136548807e-05,1.06835143312419e-06,5.74220772546978e-05,-2.21709799174605e-06
1.524,2.57429824030529e-06,3.57396854128949e-06,-3.05256519087627e-05,2.0917835780854e-05,3.18649270592244e-05,2.65217325731329e-06,2.56244482081585e-05,1.0467960955264e-06,5.65553181371581e-05,-2.21099836279502e-06
1.526,2.52874604268009e-06,3.5184813227334e-06,-2.99932137620264e-05,2.05984096972439e-05,3.13516267333835e-05,2.59717783078955e-06,2.52247598675101e-05,1.02524075792862e-06,5.57186583202312e-05,-2.20489873384398e-06
1.528,2.48319384505488e-06,3.4629941041773e-06,-2.94607756152901e-05,2.02789836136337e-05,3.08383264075425e-05,2.5421824042658e-06,2.48250715268616e-05,1.00368542033083e-06,5.50943465312498e-05,-2.19879910489294e-06
1.53,2.43764164742968e-06,3.40750688562121e-06,-2.89283374685538e-05,1.99595575300235e-05,3.03250260817016e-05,2.48718697774206e-06,2.44253831862132e-05,9.82130082733046e-07,5.44700347422685e-05,-2.1926994759419e-06
1.532,2.39208944980448e-06,3.35201966706512e-06,-2.83958993218176e-05,1.96401314464134e-05,2.98117257558607e-05,2.44131081124405e-06,2.40256948455647e-05,9.6057474513526e-07,5.38457229532871e-05,-2.18659984699087e-06
1.534,2.34653725217927e-06,3.29653244850902e-06,-2.78634611750813e-05,1.93207053628032e-05,2.92984254300197e-05,2.40604583616927e-06,2.36260065049162e-05,9.39019407537474e-07,5.32214111643057e-05,-2.18050021803983e-06
1.536,2.30098505455407e-06,3.24104522995293e-06,-2.7331023028345e-05,1.9001279279193e-05,2.87851251041788e-05,2.37078086109448e-06,2.32675357950664e-05,9.17464069939688e-07,5.25970993753244e-05,-2.17440058908879e-06
1.538,2.25543285692887e-06,3.18555801139684e-06,-2.684842232237e-05,1.86818531955829e-05,2.83203747223572e-05,2.33551588601969e-06,2.29875617612736e-05,8.95908732341902e-07,5.1972787586343e-05,-2.16830096013775e-06
1.54,2.20988065930366e-06,3.13007079284074e-06,-2.64715669428917e-05,1.83624271119727e-05,2.79666690170209e-05,2.3002509109449e-06,2.27075877274809e-05,8.74353394744117e-07,5.13484757973616e-05,-2.16220133118672e-06
1.542,2.16432846167846e-06,3.07458357428465e-06,-2.60947115634134e-05,1.80430010283625e-05,2.76129633116847e-05,2.26498593587012e-06,2.24276136936881e-05,8.53949343641892e-07,5.07241640083803e-05,-2.15610170223568e-06
1.544,2.11877626405325e-06,3.01909635572856e-06,-2.57178561839351e-05,1.78162630587675e-05,2.72592576063484e-05,2.22972096079533e-06,2.21476396598953e-05,8.40719547316099e-07,5.00998522193989e-05,-2.15000207328464e-06
1.546,2.07322406642805e-06,2.96360913717246e-06,-2.53410008044567e-05,1.75949495037254e-05,2.69055519010122e-05,2.19445598572054e-06,2.18676656261026e-05,8.27489750990307e-07,4.94755404304175e-05,-2.1439024443336e-06
1.548,2.02767186880285e-06,2.90812191861637e-06,-2.49641454249784e-05,1.73736359486834e-05,2.65518461956759e-05,2.15919101064575e-06,2.15876915923098e-05,8.14259954664514e-07,4.88512286414362e-05,-2.13780281538256e-06
1.55,1.98211967117764e-06,2.85263470006028e-06,-2.45872900455001e-05,1.71523223936413e-05,2.61981404903397e-05,2.12392603557097e-06,2.13077175585171e-05,8.01030158338721e-07,4.82269168524548e-05,-2.13170318643153e-06
1.552,1.93656747355244e-06,2.79714748150418e-06,-2.42104346660217e-05,1.69310088385992e-05,2.58444347850034e-05,2.08866106049618e-06,2.10277435247243e-05,7.87800362012929e-07,4.76026050634734e-05,-2.12560355748049e-06
1.554,1.89101527592724e-06,2.74166026294809e-06,-2.38335792865434e-05,1.67096952835571e-05,2.54907290796671e-05,2.05339608542139e-06,2.07477694909315e-05,7.74570565687136e-07,4.69782932744921e-05,-2.11950392852945e-06
1.556,1.84546307830203e-06,2.686173044392e-06,-2.34567239070651e-05,1.6488381728515e-05,2.51370233743309e-05,2.0181311103466e-06,2.04677954571388e-05,7.61340769361343e-07,4.63539814855107e-05,-2.11340429957841e-06
1.558,1.79991088067683e-06,2.6306858258359e-06,-2.30798685275868e-05,1.62670681734729e-05,2.47833176689946e-05,1.98286613527182e-06,2.0187821423346e-05,7.48110973035551e-07,4.57296696965293e-05,-2.10730467062738e-06
1.56,1.75435868305163e-06,2.57519860727981e-06,-2.27030131481084e-05,1.60457546184308e-05,2.44296119636584e-05,1.94760116019703e-06,1.99078473895532e-05,7.34881176709758e-07,4.5105357907548e-05,-2.10120504167634e-06
1.562,1.70880648542642e-06,2.51971138872372e-06,-2.23261577686301e-05,1.58244410633887e-05,2.40759062583221e-05,1.91233618512224e-06,1.96278733557605e-05,7.21651380383965e-07,4.44810461185666e-05,-2.0951054127253e-06
1.564,1.66325428780122e-06,2.46422417016762e-06,-2.19493023891518e-05,1.56031275083466e-05,2.37222005529858e-05,1.87707121004745e-06,1.93478993219677e-05,7.08421584058173e-07,4.38567343295852e-05,-2.08714996127475e-06
1.566,1.61770209017602e-06,2.42398279686909e-06,-2.15724470096734e-05,1.53818139533045e-05,2.33684948476496e-05,1.84180623497267e-06,1.9067925288175e-05,6.9519178773238e-07,4.32324225406039e-05,-2.07383217115485e-06
1.568,1.57495560044921e-06,2.38854505258367e-06,-2.11955916301951e-05,1.51605003982625e-05,2.30147891423133e-05,1.80654125989788e-06,1.87879512543822e-05,6.81961991406588e-07,4.26081107516225e-05,-2.06051438103495e-06
1.57,1.54816220422446e-06,2.35310730829825e-06,-2.08187362507168e-05,1.49391868432204e-05,2.26610834369771e-05,1.77127628482309e-06,1.85079772205894e-05,6.68732195080795e-07,4.19837989626411e-05,-2.04719659091505e-06
1.572,1.52136880799971e-06,2.31766956401283e-06,-2.04418808712384e-05,1.47178732881783e-05,2.23073777316408e-05,1.7360113097483e-06,1.82280031867967e-05,6.55502398755002e-07,4.13594871736597e-05,-2.03387880079515e-06
1.574,1.49457541177496e-06,2.28223181972741e-06,-2.00650254917601e-05,1.44965597331362e-05,2.19536720263046e-05,1.70074633467352e-06,1.79480291530039e-05,6.4227260242921e-07,4.07351753846784e-05,-2.02056101067525e-06
1.576,1.46778201555021e-06,2.246794075442e-06,-1.96881701122818e-05,1.42752461780941e-05,2.15999663209683e-05,1.66548135959873e-06,1.76680551192111e-05,6.29042806103417e-07,4.01325532693585e-05,-2.00724322055536e-06
1.578,1.44098861932546e-06,2.21135633115658e-06,-1.93113147328035e-05,1.4053932623052e-05,2.1246260615632e-05,1.63021638452394e-06,1.73880810854184e-05,6.15813009777624e-07,3.96829499729163e-05,-1.99392543043546e-06
1.58,1.41419522310071e-06,2.17591858687116e-06,-1.89344593533251e-05,1.38326190680099e-05,2.08925549102958e-05,1.59495140944915e-06,1.71081070516256e-05,6.02583213451832e-07,3.92333466764741e-05,-1.98060764031556e-06
1.582,1.38740182687596e-06,2.14048084258574e-06,-1.85576039738468e-05,1.36113055129678e-05,2.05388492049595e-05,1.565533050606e-06,1.68281330178328e-05,5.89353417126039e-07,3.87837433800319e-05,-1.96728985019566e-06
1.584,1.36060843065121e-06,2.10504309830033e-06,-1.81807485943685e-05,1.33899919579257e-05,2.01851434996233e-05,1.54291782752572e-06,1.65481589840401e-05,5.76123620800246e-07,3.83341400835898e-05,-1.95397206007576e-06
1.586,1.33381503442646e-06,2.06960535401491e-06,-1.78038932148901e-05,1.31686784028837e-05,1.9831437794287e-05,1.52030260444545e-06,1.62970628349797e-05,5.62893824474454e-07,3.78845367871476e-05,-1.94065426995586e-06
1.588,1.30702163820171e-06,2.03416760972949e-06,-1.74646150545768e-05,1.29473648478416e-05,1.95111918573942e-05,1.49768738136517e-06,1.61009630047063e-05,5.49664028148661e-07,3.74349334907054e-05,-1.92733647983596e-06
1.59,1.28022824197696e-06,1.99872986544407e-06,-1.72050684223826e-05,1.27260512927995e-05,1.92674759605894e-05,1.47507215828489e-06,1.5904863174433e-05,5.36434231822869e-07,3.69853301942632e-05,-1.91401868971606e-06
1.592,1.25343484575221e-06,1.96329212115865e-06,-1.69455217901883e-05,1.25047377377574e-05,1.90237600637847e-05,1.45245693520461e-06,1.57087633441597e-05,5.23911644657186e-07,3.6535726897821e-05,-1.90070089959616e-06
1.594,1.22664144952746e-06,1.92785437687324e-06,-1.66859751579941e-05,1.23475523983055e-05,1.878004416698e-05,1.42984171212433e-06,1.55126635138863e-05,5.15796039345647e-07,3.60861236013788e-05,-1.88738310947626e-06
1.596,1.19984805330271e-06,1.89241663258782e-06,-1.64264285257998e-05,1.2194120053826e-05,1.85363282701753e-05,1.40722648904405e-06,1.5316563683613e-05,5.07680434034108e-07,3.56365203049366e-05,-1.87406531935636e-06
1.598,1.17305465707796e-06,1.8569788883024e-06,-1.61668818936055e-05,1.20406877093465e-05,1.82926123733705e-05,1.38461126596377e-06,1.51204638533397e-05,4.99564828722569e-07,3.51869170084944e-05,-1.86074752923647e-06
1.6,1.14626126085321e-06,1.82154114401698e-06,-1.59073352614113e-05,1.1887255364867e-05,1.80488964765658e-05,1.36199604288349e-06,1.49243640230663e-05,4.9144922341103e-07,3.47373137120522e-05,-1.84742973911657e-06
1.602,1.11946786462846e-06,1.78610339973156e-06,-1.5647788629217e-05,1.17338230203875e-05,1.78051805797611e-05,1.33938081980322e-06,1.4728264192793e-05,4.83333618099491e-07,3.428771041561e-05,-1.83411194899667e-06
1.604,1.09267446840371e-06,1.75066565544615e-06,-1.53882419970228e-05,1.1580390675908e-05,1.75614646829563e-05,1.31676559672294e-06,1.45321643625197e-05,4.75218012787952e-07,3.38381071191678e-05,-1.82079415887677e-06
1.606,1.06588107217896e-06,1.71522791116073e-06,-1.51286953648285e-05,1.14269583314286e-05,1.73177487861516e-05,1.29415037364266e-06,1.43360645322463e-05,4.67102407476412e-07,3.33885038227256e-05,-1.80747636875687e-06
1.608,1.03908767595421e-06,1.67979016687531e-06,-1.48691487326342e-05,1.12735259869491e-05,1.70740328893469e-05,1.27153515056238e-06,1.4139964701973e-05,4.58986802164873e-07,3.29389005262834e-05,-1.79415857863697e-06
1.61,1.01229427972946e-06,1.64435242258989e-06,-1.460960210044e-05,1.11200936424696e-05,1.68303169925422e-05,1.2489199274821e-06,1.39438648716997e-05,4.50871196853334e-07,3.24892972298412e-05,-1.78084078851707e-06
1.612,9.85500883504713e-07,1.60891467830448e-06,-1.43500554682457e-05,1.09666612979901e-05,1.65866010957374e-05,1.22630470440182e-06,1.37477650414263e-05,4.42755591541795e-07,3.2039693933399e-05,-1.76752299839717e-06
1.614,9.58707487279964e-07,1.57347693401906e-06,-1.40905088360515e-05,1.08132289535106e-05,1.63428851989327e-05,1.20368948132154e-06,1.3551665211153e-05,4.34639986230256e-07,3.15900906369569e-05,-1.75385307206345e-06
1.616,9.31914091055214e-07,1.54777824684551e-06,-1.38309622038572e-05,1.06597966090311e-05,1.6099169302128e-05,1.18107425824126e-06,1.33555653808797e-05,4.26524380918717e-07,3.11404873405147e-05,-1.73916565960872e-06
1.618,9.0678890423012e-07,1.52514812140223e-06,-1.35714155716629e-05,1.05063642645516e-05,1.58554534053232e-05,1.15845903516099e-06,1.31594655506063e-05,4.18408775607178e-07,3.06908840440725e-05,-1.724478247154e-06
1.62,8.91149059962937e-07,1.50251799595895e-06,-1.33118689394687e-05,1.03529319200721e-05,1.56117375085185e-05,1.13584381208071e-06,1.2963365720333e-05,4.10293170295639e-07,3.02412807476303e-05,-1.70979083469928e-06
1.622,8.75509215695754e-07,1.47988787051567e-06,-1.30523223072744e-05,1.01994995755926e-05,1.53680216117138e-05,1.11322858900043e-06,1.27672658900596e-05,4.02177564984099e-07,2.97916774511881e-05,-1.69510342224456e-06
1.624,8.59869371428572e-07,1.4572577450724e-06,-1.27927756750802e-05,1.00460672311132e-05,1.51243057149091e-05,1.09061336592015e-06,1.25711660597863e-05,3.9406195967256e-07,2.93420741547459e-05,-1.68041600978984e-06
1.626,8.44229527161391e-07,1.43462761962912e-06,-1.25332290428859e-05,9.89263488663368e-06,1.48805898181044e-05,1.06799814283987e-06,1.2375066229513e-05,3.85946354361022e-07,2.89080704906359e-05,-1.66572859733512e-06
1.628,8.28589682894209e-07,1.41199749418584e-06,-1.22736824106917e-05,9.7392025421542e-06,1.46368739212996e-05,1.04538291975959e-06,1.21789663992397e-05,3.77830749049483e-07,2.85841209173182e-05,-1.6510411848804e-06
1.63,8.12949838627026e-07,1.38936736874256e-06,-1.20141357784974e-05,9.58577019767471e-06,1.43931580244949e-05,1.02276769667932e-06,1.19828665689663e-05,3.69715143737944e-07,2.82601713440004e-05,-1.63635377242568e-06
1.632,7.97309994359843e-07,1.36673724329929e-06,-1.17545891463031e-05,9.43233785319522e-06,1.41494421276902e-05,1.00390241375981e-06,1.1786766738693e-05,3.61599538426405e-07,2.79362217706827e-05,-1.62166635997096e-06
1.634,7.81670150092661e-07,1.34410711785601e-06,-1.14950425141089e-05,9.27890550871573e-06,1.39057262308854e-05,9.89400569623637e-07,1.15906669084197e-05,3.53483933114866e-07,2.76122721973649e-05,-1.60697894751624e-06
1.636,7.66030305825478e-07,1.32147699241273e-06,-1.12354958819146e-05,9.12547316423624e-06,1.36620103340807e-05,9.74898725487464e-07,1.14147959235e-05,3.45368327803327e-07,2.72883226240471e-05,-1.59229153506152e-06
1.638,7.50390461558296e-07,1.29884686696945e-06,-1.10033655953211e-05,8.97204081975675e-06,1.34413546479164e-05,9.60396881351291e-07,1.12774496448764e-05,3.37252722491787e-07,2.69643730507294e-05,-1.57760412260679e-06
1.64,7.34750617291113e-07,1.27621674152617e-06,-1.08294074454306e-05,8.81860847527726e-06,1.3273442866652e-05,9.45895037215118e-07,1.11401033662528e-05,3.29137117180248e-07,2.66404234774116e-05,-1.56291671015207e-06
1.642,7.19110773023931e-07,1.2535866160829e-06,-1.065544929554e-05,8.66517613079777e-06,1.31055310853876e-05,9.31393193078945e-07,1.10027570876292e-05,3.21455092077919e-07,2.63164739040939e-05,-1.54822929769735e-06
1.644,7.03470928756748e-07,1.23095649063962e-06,-1.04814911456495e-05,8.55628052959686e-06,1.29376193041231e-05,9.16891348942772e-07,1.08654108090056e-05,3.16474926937366e-07,2.59925243307761e-05,-1.53354188524263e-06
1.646,6.87831084489566e-07,1.20832636519634e-06,-1.0307532995759e-05,8.44999136570398e-06,1.27697075228587e-05,9.02389504806599e-07,1.0728064530382e-05,3.11494761796813e-07,2.56685747574584e-05,-1.51885447278791e-06
1.648,6.72191240222383e-07,1.18569623975306e-06,-1.01335748458684e-05,8.3437022018111e-06,1.26017957415943e-05,8.87887660670426e-07,1.05907182517583e-05,3.0651459665626e-07,2.53446251841406e-05,-1.50416706033319e-06
1.65,6.56551395955201e-07,1.16306611430978e-06,-9.95961669597789e-06,8.23741303791822e-06,1.24338839603299e-05,8.73385816534253e-07,1.04533719731347e-05,3.01534431515707e-07,2.50206756108229e-05,-1.48947964787847e-06
1.652,6.40911551688018e-07,1.14043598886651e-06,-9.78565854608736e-06,8.13112387402534e-06,1.22659721790655e-05,8.5888397239808e-07,1.03160256945111e-05,2.96554266375154e-07,2.46967260375051e-05,-1.47479223542375e-06
1.654,6.25271707420835e-07,1.11780586342323e-06,-9.61170039619683e-06,8.02483471013246e-06,1.2098060397801e-05,8.44382128261907e-07,1.01786794158875e-05,2.91574101234602e-07,2.43727764641873e-05,-1.46010482296903e-06
1.656,6.09631863153653e-07,1.09517573797995e-06,-9.4377422463063e-06,7.91854554623958e-06,1.19301486165366e-05,8.29880284125734e-07,1.00413331372639e-05,2.86593936094049e-07,2.40488268908696e-05,-1.44541741051431e-06
1.658,5.9399201888647e-07,1.07254561253667e-06,-9.26378409641576e-06,7.8122563823467e-06,1.17622368352722e-05,8.15378439989561e-07,9.9039868586403e-06,2.81613770953496e-07,2.37248773175518e-05,-1.43072999805958e-06
1.66,5.78352174619288e-07,1.04991548709339e-06,-9.08982594652523e-06,7.70596721845382e-06,1.15943250540078e-05,8.00876595853388e-07,9.7666405800167e-06,2.76633605812943e-07,2.34009277442341e-05,-1.41604258560486e-06
1.662,5.62712330352105e-07,1.02728536165012e-06,-8.9158677966347e-06,7.59967805456094e-06,1.14264132727434e-05,7.86374751717215e-07,9.62929430139309e-06,2.7165344067239e-07,2.30769781709163e-05,-1.40135517315014e-06
1.664,5.47072486084923e-07,1.00465523620684e-06,-8.74190964674416e-06,7.49338889066806e-06,1.12585014914789e-05,7.71872907581042e-07,9.49194802276948e-06,2.66673275531837e-07,2.27530285975986e-05,-1.38700185354171e-06
1.666,5.3143264181774e-07,9.88245089944819e-07,-8.56795149685363e-06,7.38709972677518e-06,1.10905897102145e-05,7.57371063444869e-07,9.35460174414587e-06,2.61693110391284e-07,2.24290790242808e-05,-1.37361388433142e-06
1.668,5.16778115079299e-07,9.73794721704377e-07,-8.3939933469631e-06,7.2808105628823e-06,1.09226779289501e-05,7.42869219308696e-07,9.21725546552226e-06,2.56712945250731e-07,2.21051294509631e-05,-1.36022591512114e-06
1.67,5.07726047055196e-07,9.59344353463934e-07,-8.22003519707257e-06,7.17452139898942e-06,1.07547661476857e-05,7.28367375172523e-07,9.07990918689865e-06,2.51732780110179e-07,2.17811798776453e-05,-1.34683794591085e-06
1.672,4.98673979031093e-07,9.44893985223491e-07,-8.04607704718204e-06,7.06823223509654e-06,1.05868543664213e-05,7.1386553103635e-07,8.94256290827505e-06,2.46752614969626e-07,2.14572303043276e-05,-1.33344997670057e-06
1.674,4.89621911006989e-07,9.30443616983048e-07,-7.8721188972915e-06,6.96194307120366e-06,1.04189425851568e-05,6.99363686900177e-07,8.80521662965144e-06,2.41772449829073e-07,2.11332807310098e-05,-1.32006200749029e-06
1.676,4.80569842982886e-07,9.15993248742606e-07,-7.69816074740097e-06,6.85565390731078e-06,1.02510308038924e-05,6.84861842764004e-07,8.66787035102783e-06,2.3679228468852e-07,2.08205885541721e-05,-1.30667403828e-06
1.678,4.71517774958783e-07,9.01542880502163e-07,-7.52420259751044e-06,6.7493647434179e-06,1.0083119022628e-05,6.70359998627831e-07,8.53052407240422e-06,2.31812119547967e-07,2.05873163603135e-05,-1.29328606906972e-06
1.68,4.62465706934679e-07,8.8709251226172e-07,-7.3502444476199e-06,6.64307557952503e-06,9.91520724136359e-06,6.55858154491658e-07,8.39317779378061e-06,2.26831954407414e-07,2.03540441664549e-05,-1.27989809985943e-06
1.682,4.53413638910576e-07,8.72642144021278e-07,-7.17628629772937e-06,6.53678641563215e-06,9.74729546009917e-06,6.43760868239033e-07,8.255831515157e-06,2.21851789266861e-07,2.01207719725963e-05,-1.26651013064915e-06
1.684,4.44361570886473e-07,8.58191775780835e-07,-7.00232814783884e-06,6.43049725173927e-06,9.57938367883475e-06,6.34461530933861e-07,8.1184852365334e-06,2.16871624126308e-07,1.98874997787378e-05,-1.25312216143886e-06
1.686,4.35309502862369e-07,8.43741407540392e-07,-6.82836999794831e-06,6.32420808784639e-06,9.41147189757033e-06,6.25162193628688e-07,7.99530313490835e-06,2.11891458985756e-07,1.96542275848792e-05,-1.23973419222858e-06
1.688,4.26257434838266e-07,8.2929103929995e-07,-6.67383612055554e-06,6.21791892395351e-06,9.2594499472278e-06,6.15862856323515e-07,7.8990959173785e-06,2.06911293845203e-07,1.94209553910206e-05,-1.22634622301829e-06
1.69,4.17205366814163e-07,8.14840671059507e-07,-6.56051675991684e-06,6.11162976006063e-06,9.14377162548815e-06,6.06563519018343e-07,7.80288869984865e-06,2.0193112870465e-07,1.9187683197162e-05,-1.21295825380801e-06
1.692,4.08153298790059e-07,8.00390302819064e-07,-6.44719739927814e-06,6.00534059616775e-06,9.0280933037485e-06,5.9726418171317e-07,7.7066814823188e-06,1.97217237409113e-07,1.89544110033034e-05,-1.19957028459772e-06
1.694,3.99101230765956e-07,7.85939934578622e-07,-6.33387803863944e-06,5.92985380974925e-06,8.91241498200886e-06,5.87964844407997e-07,7.61047426478895e-06,1.94162634580707e-07,1.87211388094448e-05,-1.18618231538744e-06
1.696,3.90049162741853e-07,7.71489566338179e-07,-6.22055867800073e-06,5.85616968019148e-06,8.79673666026921e-06,5.78665507102824e-07,7.5142670472591e-06,1.91108031752301e-07,1.84878666155862e-05,-1.17279434617715e-06
1.698,3.80997094717749e-07,7.57039198097736e-07,-6.10723931736203e-06,5.78248555063371e-06,8.68105833852956e-06,5.69366169797652e-07,7.41805982972925e-06,1.88053428923896e-07,1.82545944217276e-05,-1.15940637696687e-06
1.7,3.71945026693646e-07,7.42588829857294e-07,-5.99391995672333e-06,5.70880142107594e-06,8.56538001678991e-06,5.60066832492479e-07,7.3218526121994e-06,1.8499882609549e-07,1.80213222278691e-05,-1.14601840775658e-06
1.702,3.62892958669543e-07,7.28138461616851e-07,-5.88060059608463e-06,5.63511729151817e-06,8.44970169505027e-06,5.50767495187307e-07,7.22564539466955e-06,1.81944223267084e-07,1.77880500340105e-05,-1.1326304385463e-06
1.704,3.53840890645439e-07,7.13688093376408e-07,-5.76728123544593e-06,5.5614331619604e-06,8.33402337331062e-06,5.41468157882134e-07,7.1294381771397e-06,1.78889620438678e-07,1.75547778401519e-05,-1.11924246933601e-06
1.706,3.44788822621336e-07,6.99237725135965e-07,-5.65396187480722e-06,5.48774903240263e-06,8.21834505157097e-06,5.32168820576961e-07,7.03323095960985e-06,1.75835017610272e-07,1.73215056462933e-05,-1.10585450012573e-06
1.708,3.35736754597233e-07,6.84787356895523e-07,-5.54064251416852e-06,5.41406490284486e-06,8.10266672983132e-06,5.22869483271788e-07,6.93702374208e-06,1.72780414781866e-07,1.70882334524347e-05,-1.09246653091544e-06
1.71,3.2668468657313e-07,6.7033698865508e-07,-5.42732315352982e-06,5.34038077328709e-06,7.98698840809168e-06,5.13570145966616e-07,6.84081652455015e-06,1.6972581195346e-07,1.68549612585761e-05,-1.07907856170516e-06
1.712,3.17632618549026e-07,6.55886620414637e-07,-5.31400379289112e-06,5.26669664372932e-06,7.87131008635203e-06,5.04270808661443e-07,6.7446093070203e-06,1.66671209125054e-07,1.66216890647175e-05,-1.06569059249488e-06
1.714,3.08580550524923e-07,6.41436252174195e-07,-5.20068443225242e-06,5.19301251417155e-06,7.75563176461238e-06,4.9497147135627e-07,6.64840208949045e-06,1.63616606296649e-07,1.63884168708589e-05,-1.05288651571354e-06
1.716,2.9952848250082e-07,6.30957364885047e-07,-5.08736507161372e-06,5.11932838461378e-06,7.63995344287273e-06,4.85672134051098e-07,6.5521948719606e-06,1.60562003468243e-07,1.61551446770004e-05,-1.04176957708863e-06
1.718,2.91053980427866e-07,6.21729803501444e-07,-4.97404571097501e-06,5.04564425505601e-06,7.52427512113309e-06,4.76372796745925e-07,6.45598765443075e-06,1.57507400639837e-07,1.59218724831418e-05,-1.03065263846372e-06
1.72,2.85863485085473e-07,6.12502242117841e-07,-4.86072635033631e-06,4.97196012549824e-06,7.40859679939344e-06,4.67073459440752e-07,6.3597804369009e-06,1.54452797811431e-07,1.56886002892832e-05,-1.01953569983881e-06
1.722,2.80672989743079e-07,6.03274680734237e-07,-4.74740698969761e-06,4.89827599594047e-06,7.29291847765379e-06,4.5777412213558e-07,6.26357321937105e-06,1.51398194983025e-07,1.54553280954246e-05,-1.0084187612139e-06
1.724,2.75482494400686e-07,5.94047119350634e-07,-4.63408762905891e-06,4.8245918663827e-06,7.17724015591414e-06,4.48474784830407e-07,6.1673660018412e-06,1.48343592154619e-07,1.5222055901566e-05,-9.97301822588991e-07
1.726,2.70291999058293e-07,5.84819557967031e-07,-4.52076826842021e-06,4.75090773682493e-06,7.0615618341745e-06,4.39175447525234e-07,6.07115878431135e-06,1.45288989326213e-07,1.49968824170107e-05,-9.86184883964082e-07
1.728,2.65101503715899e-07,5.75591996583427e-07,-4.4074489077815e-06,4.67722360726716e-06,6.94588351243485e-06,4.29876110220062e-07,5.9749515667815e-06,1.42234386497807e-07,1.48288446437328e-05,-9.75067945339172e-07
1.73,2.59911008373506e-07,5.66364435199824e-07,-4.2941295471428e-06,4.60353947770939e-06,6.8302051906952e-06,4.20576772914889e-07,5.87874434925165e-06,1.39179783669402e-07,1.46608068704549e-05,-9.63951006714263e-07
1.732,2.54720513031112e-07,5.5713687381622e-07,-4.1808101865041e-06,4.52985534815162e-06,6.71452686895555e-06,4.12820475194999e-07,5.7825371317218e-06,1.36125180840996e-07,1.4492769097177e-05,-9.52834068089353e-07
1.734,2.49530017688719e-07,5.47909312432617e-07,-4.0674908258654e-06,4.45617121859384e-06,6.5988485472159e-06,4.06859661798051e-07,5.68632991419195e-06,1.3307057801259e-07,1.4324731323899e-05,-9.41717129464444e-07
1.736,2.44339522346325e-07,5.38681751049014e-07,-3.9541714652267e-06,4.38248708903607e-06,6.48317022547626e-06,4.00898848401102e-07,5.60004583769593e-06,1.30015975184184e-07,1.41566935506211e-05,-9.30600190839535e-07
1.738,2.39149027003932e-07,5.2945418966541e-07,-3.85424363600093e-06,4.3088029594783e-06,6.3784392237852e-06,3.94938035004154e-07,5.53265982914098e-06,1.26961372355778e-07,1.39886557773432e-05,-9.19483252214625e-07
1.74,2.33958531661538e-07,5.20226628281807e-07,-3.78273002387617e-06,4.23511882992053e-06,6.29874721313178e-06,3.88977221607206e-07,5.46527382058603e-06,1.23906769527372e-07,1.38206180040653e-05,-9.08366313589716e-07
1.742,2.28768036319145e-07,5.10999066898204e-07,-3.71121641175141e-06,4.16143470036276e-06,6.21905520247836e-06,3.83016408210258e-07,5.39788781203108e-06,1.21015354813111e-07,1.36525802307874e-05,-8.97249374964807e-07
1.744,2.23577540976751e-07,5.017715055146e-07,-3.63970279962665e-06,4.10912625995075e-06,6.13936319182493e-06,3.7705559481331e-07,5.33050180347613e-06,1.19140848671886e-07,1.34845424575095e-05,-8.86132436339897e-07
1.746,2.18387045634358e-07,4.92543944130997e-07,-3.56818918750189e-06,4.05806879546498e-06,6.05967118117151e-06,3.71094781416361e-07,5.26311579492118e-06,1.17266342530661e-07,1.33165046842316e-05,-8.75015497714988e-07
1.748,2.13196550291964e-07,4.83316382747394e-07,-3.49667557537713e-06,4.0070113309792e-06,5.97997917051809e-06,3.65133968019413e-07,5.19572978636623e-06,1.15391836389436e-07,1.31484669109537e-05,-8.63898559090078e-07
1.75,2.08006054949571e-07,4.7408882136379e-07,-3.42516196325237e-06,3.95595386649343e-06,5.90028715986467e-06,3.59173154622465e-07,5.12834377781128e-06,1.13517330248212e-07,1.29804291376757e-05,-8.52781620465169e-07
1.752,2.02815559607177e-07,4.64861259980187e-07,-3.35364835112762e-06,3.90489640200765e-06,5.82059514921125e-06,3.53212341225517e-07,5.06095776925633e-06,1.11642824106987e-07,1.28123913643978e-05,-8.41664681840259e-07
1.754,1.97625064264784e-07,4.55633698596584e-07,-3.28213473900286e-06,3.85383893752188e-06,5.74090313855783e-06,3.47251527828569e-07,4.99357176070138e-06,1.09768317965762e-07,1.26443535911199e-05,-8.3054774321535e-07
1.756,1.9243456892239e-07,4.4640613721298e-07,-3.2106211268781e-06,3.80278147303611e-06,5.66121112790441e-06,3.41290714431621e-07,4.92618575214643e-06,1.07893811824538e-07,1.2476315817842e-05,-8.19430804590441e-07
1.758,1.87244073579997e-07,4.37178575829377e-07,-3.13910751475334e-06,3.75172400855033e-06,5.58151911725099e-06,3.35329901034672e-07,4.85879974359148e-06,1.06019305683313e-07,1.23082780445641e-05,-8.08313865965531e-07
1.76,1.82053578237604e-07,4.27951014445773e-07,-3.06759390262858e-06,3.70066654406456e-06,5.50182710659757e-06,3.29369087637724e-07,4.79141373503653e-06,1.04144799542088e-07,1.21402402712862e-05,-7.97196927340622e-07
1.762,1.7686308289521e-07,4.1872345306217e-07,-2.99608029050382e-06,3.64960907957878e-06,5.42213509594415e-06,3.23408274240776e-07,4.72402772648158e-06,1.02270293400863e-07,1.19722024980083e-05,-7.86079988715712e-07
1.764,1.71672587552817e-07,4.09495891678567e-07,-2.92456667837907e-06,3.59855161509301e-06,5.34244308529073e-06,3.17447460843828e-07,4.65664171792663e-06,1.00395787259639e-07,1.18041647247303e-05,-7.75577799820019e-07
1.766,1.66482092210423e-07,4.0280607763325e-07,-2.85305306625431e-06,3.54749415060723e-06,5.26275107463731e-06,3.1148664744688e-07,4.58925570937168e-06,9.8521281118414e-08,1.16361269514524e-05,-7.66851910244876e-07
1.768,1.61627615032526e-07,3.96915851707597e-07,-2.78153945412955e-06,3.49643668612146e-06,5.18305906398389e-06,3.05525834049932e-07,4.52186970081673e-06,9.66467749771893e-08,1.14680891781745e-05,-7.58126020669733e-07
1.77,1.58683717783381e-07,3.91025625781944e-07,-2.71002584200479e-06,3.44537922163568e-06,5.10336705333046e-06,2.99565020652983e-07,4.45448369226178e-06,9.47722688359645e-08,1.13000514048966e-05,-7.4940013109459e-07
1.772,1.55739820534235e-07,3.85135399856291e-07,-2.63851222988003e-06,3.39432175714991e-06,5.02367504267704e-06,2.93604207256035e-07,4.38709768370683e-06,9.28977626947398e-08,1.11320136316187e-05,-7.40674241519447e-07
1.774,1.5279592328509e-07,3.79245173930638e-07,-2.56699861775527e-06,3.34326429266413e-06,4.94398303202362e-06,2.87643393859087e-07,4.31971167515188e-06,9.10232565535151e-08,1.09639758583408e-05,-7.31948351944304e-07
1.776,1.49852026035944e-07,3.73354948004984e-07,-2.49548500563052e-06,3.29220682817836e-06,4.8642910213702e-06,2.81682580462139e-07,4.25232566659692e-06,8.91487504122904e-08,1.08017728246102e-05,-7.23222462369161e-07
1.778,1.46908128786799e-07,3.67464722079331e-07,-2.42397139350576e-06,3.24114936369259e-06,4.78459901071678e-06,2.75721767065191e-07,4.18493965804197e-06,8.72742442710657e-08,1.06807333864198e-05,-7.14496572794018e-07
1.78,1.43964231537653e-07,3.61574496153678e-07,-2.352457781381e-06,3.19009189920681e-06,4.70490700006336e-06,2.69760953668243e-07,4.11755364948702e-06,8.5399738129841e-08,1.05596939482294e-05,-7.05770683218875e-07
1.782,1.41020334288508e-07,3.55684270228025e-07,-2.28094416925624e-06,3.13903443472104e-06,4.62521498940994e-06,2.64787133643194e-07,4.05016764093207e-06,8.35252319886162e-08,1.04386545100389e-05,-6.97044793643732e-07
1.784,1.38076437039362e-07,3.49794044302372e-07,-2.20943055713148e-06,3.08797697023526e-06,4.54552297875652e-06,2.60961781319813e-07,3.98278163237712e-06,8.16507258473915e-08,1.03176150718485e-05,-6.88318904068589e-07
1.786,1.35132539790217e-07,3.43903818376718e-07,-2.13791694500672e-06,3.03691950574949e-06,4.4658309681031e-06,2.57136428996432e-07,3.92234671647242e-06,7.97762197061668e-08,1.01965756336581e-05,-6.79593014493446e-07
1.788,1.32188642541071e-07,3.38013592451065e-07,-2.0753896388854e-06,2.98586204126371e-06,4.39368264899317e-06,2.53311076673051e-07,3.8751497683363e-06,7.79017135649421e-08,1.00755361954676e-05,-6.70867124918303e-07
1.79,1.29244745291926e-07,3.32123366525412e-07,-2.03192952096269e-06,2.93480457677794e-06,4.33878845455577e-06,2.4948572434967e-07,3.82795282020018e-06,7.60272074237174e-08,9.95449675727718e-06,-6.6214123534316e-07
1.792,1.2630084804278e-07,3.26233140599759e-07,-1.98846940303998e-06,2.88374711229216e-06,4.28389426011836e-06,2.45660372026289e-07,3.78075587206406e-06,7.4252829128054e-08,9.83345731908674e-06,-6.53415345768018e-07
1.794,1.23356950793635e-07,3.20342914674106e-07,-1.94500928511726e-06,2.84750086808623e-06,4.22900006568096e-06,2.41835019702909e-07,3.73355892392793e-06,7.3102398630825e-08,9.7124178808963e-06,-6.44689456192875e-07
1.796,1.20413053544489e-07,3.14452688748452e-07,-1.90154916719455e-06,2.81212142540804e-06,4.17410587124356e-06,2.38009667379528e-07,3.68636197579181e-06,7.19519681335961e-08,9.59137844270587e-06,-6.35963566617731e-07
1.798,1.17469156295344e-07,3.08562462822799e-07,-1.85808904927183e-06,2.77674198272986e-06,4.11921167680615e-06,2.34184315056147e-07,3.63916502765569e-06,7.08015376363671e-08,9.47033900451543e-06,-6.27237677042588e-07
1.8,1.14525259046198e-07,3.02672236897146e-07,-1.81462893134912e-06,2.74136254005167e-06,4.06431748236875e-06,2.30358962732766e-07,3.59196807951957e-06,6.96511071391381e-08,9.34929956632499e-06,-6.18511787467445e-07
1.802,1.11581361797053e-07,2.96782010971493e-07,-1.77116881342641e-06,2.70598309737348e-06,4.00942328793134e-06,2.26533610409385e-07,3.54477113138345e-06,6.85006766419092e-08,9.22826012813456e-06,-6.09785897892302e-07
1.804,1.08637464547907e-07,2.9089178504584e-07,-1.72770869550369e-06,2.6706036546953e-06,3.95452909349394e-06,2.22708258086004e-07,3.49757418324733e-06,6.73502461446802e-08,9.10722068994412e-06,-6.01060008317159e-07
1.806,1.05693567298762e-07,2.85001559120186e-07,-1.68424857758098e-06,2.63522421201711e-06,3.89963489905654e-06,2.18882905762624e-07,3.4503772351112e-06,6.61998156474513e-08,8.98618125175368e-06,-5.92334118742016e-07
1.808,1.02749670049616e-07,2.79111333194533e-07,-1.64078845965826e-06,2.59984476933893e-06,3.84474070461913e-06,2.15057553439243e-07,3.40318028697508e-06,6.50493851502223e-08,8.86514181356325e-06,-5.83608229166874e-07
1.81,9.9805772800471e-08,2.7322110726888e-07,-1.59732834173555e-06,2.56446532666074e-06,3.78984651018173e-06,2.11232201115862e-07,3.35598333883896e-06,6.38989546529934e-08,8.74410237537281e-06,-5.7488233959173e-07
1.812,9.68618755513255e-08,2.67330881343227e-07,-1.55386822381284e-06,2.52908588398256e-06,3.73495231574432e-06,2.07406848792481e-07,3.30878639070284e-06,6.27485241557644e-08,8.62306293718237e-06,-5.66156450016588e-07
1.814,9.391797830218e-08,2.61440655417574e-07,-1.51040810589012e-06,2.49370644130437e-06,3.68005812130692e-06,2.035814964691e-07,3.26158944256672e-06,6.15980936585355e-08,8.50202349899194e-06,-5.57980301239307e-07
1.816,9.09740810530345e-08,2.57169649720227e-07,-1.46694798796741e-06,2.45832699862618e-06,3.62516392686951e-06,1.9975614414572e-07,3.2143924944306e-06,6.04476631613065e-08,8.3809840608015e-06,-5.51392610592732e-07
1.818,8.82239221770314e-08,2.53408824543272e-07,-1.42348787004469e-06,2.422947555948e-06,3.57026973243211e-06,1.95930791822339e-07,3.16719554629447e-06,5.92972326640775e-08,8.25994462261106e-06,-5.44804919946157e-07
1.82,8.65753485314253e-08,2.49647999366318e-07,-1.38002775212198e-06,2.38756811326981e-06,3.51537553799471e-06,1.92105439498958e-07,3.11999859815835e-06,5.81468021668486e-08,8.13890518442063e-06,-5.38217229299582e-07
1.822,8.49267748858192e-08,2.45887174189363e-07,-1.33656763419926e-06,2.35218867059163e-06,3.4604813435573e-06,1.88280087175577e-07,3.07280165002223e-06,5.69963716696196e-08,8.01786574623019e-06,-5.31629538653007e-07
1.824,8.32782012402132e-08,2.42126349012409e-07,-1.29310751627655e-06,2.31680922791344e-06,3.4055871491199e-06,1.84454734852196e-07,3.02560470188611e-06,5.58459411723907e-08,7.89682630803975e-06,-5.25041848006432e-07
1.826,8.16296275946071e-08,2.38365523835455e-07,-1.24964739835384e-06,2.28142978523525e-06,3.35069295468249e-06,1.80629382528815e-07,2.97840775374999e-06,5.46955106751617e-08,7.77999049092139e-06,-5.18454157359857e-07
1.828,7.9981053949001e-08,2.346046986585e-07,-1.20618728043112e-06,2.24605034255707e-06,3.29579876024509e-06,1.76804030205435e-07,2.93121080561387e-06,5.35450801779328e-08,7.69281086603057e-06,-5.11866466713282e-07
1.83,7.83324803033949e-08,2.30843873481546e-07,-1.16272716250841e-06,2.21067089987888e-06,3.24090456580769e-06,1.72978677882054e-07,2.88401385747775e-06,5.23946496807038e-08,7.60563124113975e-06,-5.05278776066707e-07
1.832,7.66839066577888e-08,2.27083048304592e-07,-1.11926704458569e-06,2.1752914572007e-06,3.18601037137028e-06,1.6978766480047e-07,2.83681690934162e-06,5.12442191834749e-08,7.51845161624893e-06,-4.98691085420132e-07
1.834,7.50353330121828e-08,2.23322223127637e-07,-1.07580692666298e-06,2.13991201452251e-06,3.13111617693288e-06,1.67334770283657e-07,2.7896199612055e-06,5.00937886862459e-08,7.4312719913581e-06,-4.92103394773557e-07
1.836,7.33867593665767e-08,2.19561397950683e-07,-1.03234680874027e-06,2.10453257184432e-06,3.07622198249547e-06,1.64881875766844e-07,2.74729093677011e-06,4.89433581890169e-08,7.34409236646728e-06,-4.85515704126982e-07
1.838,7.17381857209706e-08,2.15800572773728e-07,-9.9474676809704e-07,2.06915312916614e-06,3.02652362088694e-06,1.62428981250032e-07,2.71423260117354e-06,4.7792927691788e-08,7.25691274157646e-06,-4.78928013480407e-07
1.84,7.00896120753646e-08,2.12039747596774e-07,-9.69580668196939e-07,2.03377368648795e-06,2.98870930131407e-06,1.59976086733219e-07,2.68117426557698e-06,4.6642497194559e-08,7.16973311668564e-06,-4.72340322833832e-07
1.842,6.84410384297585e-08,2.0827892241982e-07,-9.44414568296838e-07,1.99839424380977e-06,2.9508949817412e-06,1.57523192216406e-07,2.64811592998041e-06,4.55535721661837e-08,7.08255349179482e-06,-4.65752632187257e-07
1.844,6.67924647841524e-08,2.04518097242865e-07,-9.19248468396737e-07,1.97326015242208e-06,2.91308066216833e-06,1.55070297699593e-07,2.61505759438384e-06,4.48479191603686e-08,6.995373866904e-06,-4.59164941540682e-07
1.846,6.51438911385463e-08,2.00757272065911e-07,-8.94082368496636e-07,1.94872565282921e-06,2.87526634259545e-06,1.5261740318278e-07,2.58199925878727e-06,4.41422661545535e-08,6.90819424201318e-06,-4.52577250894107e-07
1.848,6.34953174929403e-08,1.96996446888957e-07,-8.68916268596535e-07,1.92419115323633e-06,2.83745202302258e-06,1.50164508665968e-07,2.5489409231907e-06,4.34366131487384e-08,6.82101461712235e-06,-4.45989560247532e-07
1.85,6.18467438473342e-08,1.93235621712002e-07,-8.43750168696433e-07,1.89965665364346e-06,2.79963770344971e-06,1.47711614149155e-07,2.51588258759413e-06,4.27309601429233e-08,6.73383499223153e-06,-4.39401869600957e-07
1.852,6.01981702017281e-08,1.89474796535048e-07,-8.18584068796332e-07,1.87512215405059e-06,2.76182338387684e-06,1.45258719632342e-07,2.48282425199756e-06,4.20253071371082e-08,6.64665536734071e-06,-4.32814178954382e-07
1.854,5.8549596556122e-08,1.85713971358093e-07,-7.93417968896231e-07,1.85058765445771e-06,2.72400906430397e-06,1.42805825115529e-07,2.44976591640099e-06,4.13196541312931e-08,6.55947574244989e-06,-4.26226488307807e-07
1.856,5.6901022910516e-08,1.81953146181139e-07,-7.6825186899613e-07,1.82605315486484e-06,2.68619474473109e-06,1.40352930598716e-07,2.41670758080442e-06,4.0614001125478e-08,6.47229611755907e-06,-4.19638797661232e-07
1.858,5.52524492649099e-08,1.78192321004185e-07,-7.43085769096029e-07,1.80151865527197e-06,2.64838042515822e-06,1.37900036081904e-07,2.38364924520785e-06,3.99083481196629e-08,6.38511649266825e-06,-4.13051107014657e-07
1.86,5.36038756193038e-08,1.7443149582723e-07,-7.17919669195928e-07,1.77698415567909e-06,2.61056610558535e-06,1.35447141565091e-07,2.35059090961128e-06,3.92026951138478e-08,6.29793686777742e-06,-4.06463416368082e-07
1.862,5.19553019736977e-08,1.70670670650276e-07,-6.92753569295827e-07,1.75244965608622e-06,2.57275178601248e-06,1.32994247048278e-07,2.31753257401471e-06,3.84970421080327e-08,6.2107572428866e-06,-3.99875725721507e-07
1.864,5.03067283280917e-08,1.66909845473321e-07,-6.67587469395726e-07,1.72791515649335e-06,2.53493746643961e-06,1.30541352531465e-07,2.28447423841814e-06,3.77913891022176e-08,6.12357761799578e-06,-3.93739349772504e-07
1.866,4.86581546824856e-08,1.64182935788391e-07,-6.42421369495625e-07,1.70338065690047e-06,2.49712314686673e-06,1.28088458014652e-07,2.25141590282157e-06,3.70857360964025e-08,6.03639799310496e-06,-3.88907032943094e-07
1.868,4.7120170827606e-08,1.61781790032629e-07,-6.17255269595524e-07,1.6788461573076e-06,2.45930882729386e-06,1.25635563497839e-07,2.218357567225e-06,3.63800830905874e-08,5.94921836821414e-06,-3.84074716113685e-07
1.87,4.62109941528479e-08,1.59380644276866e-07,-5.92089169695423e-07,1.65431165771473e-06,2.42149450772099e-06,1.23182668981027e-07,2.18529923162843e-06,3.56744300847723e-08,5.86203874332332e-06,-3.79242399284275e-07
1.872,4.53018174780897e-08,1.56979498521104e-07,-5.66923069795322e-07,1.62977715812185e-06,2.38368018814812e-06,1.20729774464214e-07,2.15224089603186e-06,3.49687770789572e-08,5.7748591184325e-06,-3.74410082454865e-07
1.874,4.43926408033316e-08,1.54578352765342e-07,-5.4175696989522e-07,1.60524265852898e-06,2.34586586857525e-06,1.18276879947401e-07,2.11918256043529e-06,3.42631240731421e-08,5.68767949354167e-06,-3.69577765625456e-07
1.876,4.34834641285735e-08,1.5217720700958e-07,-5.16590869995122e-07,1.58070815893611e-06,2.30805154900238e-06,1.15823985430589e-07,2.08612422483872e-06,3.35574710673271e-08,5.60352630376791e-06,-3.64745448796047e-07
1.878,4.25742874538154e-08,1.49776061253818e-07,-4.91424770095021e-07,1.55617365934324e-06,2.27023722942951e-06,1.13371090913776e-07,2.05306588924215e-06,3.2851818061512e-08,5.54072435856555e-06,-3.59913131966637e-07
1.88,4.16651107790573e-08,1.47374915498056e-07,-4.6625867019492e-07,1.53163915975036e-06,2.23242290985664e-06,1.10918196396963e-07,2.02000755364558e-06,3.21461650556969e-08,5.47792241336319e-06,-3.55080815137228e-07
1.882,4.07559341042991e-08,1.44973769742294e-07,-4.41092570294819e-07,1.50710466015749e-06,2.19460859028376e-06,1.0887214230085e-07,1.98694921804901e-06,3.14405120498818e-08,5.41512046816083e-06,-3.50248498307818e-07
1.884,3.9846757429541e-08,1.42572623986532e-07,-4.15926470394718e-07,1.48257016056462e-06,2.15679427071089e-06,1.0729948863093e-07,1.95389088245244e-06,3.07348590440667e-08,5.35231852295847e-06,-3.45416181478408e-07
1.886,3.89375807547828e-08,1.4017147823077e-07,-3.90760370494617e-07,1.45803566097174e-06,2.11897995113802e-06,1.05726834961011e-07,1.92424258402274e-06,3.00292060382515e-08,5.28951657775611e-06,-3.40583864648999e-07
1.888,3.80284040800247e-08,1.37770332475008e-07,-3.69297356172372e-07,1.43350116137887e-06,2.08474470133062e-06,1.04154181291091e-07,1.9010885109438e-06,2.93235530324364e-08,5.22671463255375e-06,-3.35751547819589e-07
1.89,3.71192274052666e-08,1.35369186719246e-07,-3.55691567010447e-07,1.408966661786e-06,2.05869559163631e-06,1.02581527621172e-07,1.87793443786486e-06,2.86179000266213e-08,5.16391268735139e-06,-3.3091923099018e-07
1.892,3.62100507305084e-08,1.32968040963484e-07,-3.42085777848522e-07,1.38443216219312e-06,2.03264648194201e-06,1.01008873951252e-07,1.85478036478592e-06,2.79499544482339e-08,5.10111074214903e-06,-3.2608691416077e-07
1.894,3.53008740557503e-08,1.30566895207721e-07,-3.28479988686597e-07,1.36702835925778e-06,2.00659737224771e-06,9.94362202813328e-08,1.83162629170698e-06,2.75169831289672e-08,5.03830879694668e-06,-3.21254597331361e-07
1.896,3.43916973809921e-08,1.28165749451959e-07,-3.14874199524672e-07,1.35004186824136e-06,1.98054826255341e-06,9.78635666114133e-08,1.80847221862804e-06,2.70840118097006e-08,4.97550685174432e-06,-3.16422280501951e-07
1.898,3.3482520706234e-08,1.25764603696197e-07,-3.01268410362747e-07,1.33305537722495e-06,1.9544991528591e-06,9.62909129414938e-08,1.78531814554909e-06,2.6651040490434e-08,4.91270490654196e-06,-3.11589963672541e-07
1.9,3.25733440314759e-08,1.23363457940435e-07,-2.87662621200822e-07,1.31606888620854e-06,1.9284500431648e-06,9.47182592715742e-08,1.76216407247015e-06,2.62180691711673e-08,4.8499029613396e-06,-3.06757646843132e-07
1.902,3.16641673567177e-08,1.20962312184673e-07,-2.74056832038897e-07,1.29908239519212e-06,1.9024009334705e-06,9.31456056016547e-08,1.73900999939121e-06,2.57850978519006e-08,4.78710101613724e-06,-3.01925330013722e-07
1.904,3.07549906819596e-08,1.18561166428911e-07,-2.60451042876972e-07,1.28209590417571e-06,1.8763518237762e-06,9.15729519317352e-08,1.71585592631227e-06,2.5352126532634e-08,4.72429907093488e-06,-2.97093013184313e-07
1.906,2.98458140072014e-08,1.16160020673149e-07,-2.46845253715048e-07,1.26510941315929e-06,1.8503027140819e-06,9.00002982618156e-08,1.69270185323333e-06,2.49191552133673e-08,4.66149712573252e-06,-2.92260696354903e-07
1.908,2.89366373324433e-08,1.13758874917387e-07,-2.33239464553123e-07,1.24812292214288e-06,1.82425360438759e-06,8.84276445918961e-08,1.66954778015439e-06,2.44861838941007e-08,4.59869518053016e-06,-2.87428379525493e-07
1.91,2.80274606576852e-08,1.11357729161625e-07,-2.19633675391198e-07,1.23113643112647e-06,1.79820449469329e-06,8.68549909219766e-08,1.64639370707544e-06,2.4053212574834e-08,4.5358932353278e-06,-2.82596062696084e-07
1.912,2.7118283982927e-08,1.08956583405862e-07,-2.06027886229273e-07,1.21414994011005e-06,1.77215538499899e-06,8.52823372520571e-08,1.6232396339965e-06,2.36202412555674e-08,4.47309129012544e-06,-2.77763745866674e-07
1.914,2.62091073081689e-08,1.065554376501e-07,-1.92422097067348e-07,1.19716344909364e-06,1.74610627530469e-06,8.37096835821375e-08,1.60008556091756e-06,2.31872699363007e-08,4.41028934492308e-06,-2.73283011845314e-07
1.916,2.52999306334107e-08,1.04814465885677e-07,-1.78816307905423e-07,1.18017695807722e-06,1.72005716561039e-06,8.2137029912218e-08,1.57693148783862e-06,2.27542986170341e-08,4.34748739972072e-06,-2.69818164896976e-07
1.918,2.44531455800206e-08,1.03281500360655e-07,-1.65210518743498e-07,1.16319046706081e-06,1.69400805591608e-06,8.05643762422985e-08,1.55377741475968e-06,2.23213272977674e-08,4.28468545451837e-06,-2.66353317948639e-07
1.92,2.39611156919848e-08,1.01748534835632e-07,-1.51604729581573e-07,1.1462039760444e-06,1.66795894622178e-06,7.89917225723789e-08,1.53062334168074e-06,2.18883559785008e-08,4.22188350931601e-06,-2.62888471000301e-07
1.922,2.3469085803949e-08,1.0021556931061e-07,-1.37998940419648e-07,1.12921748502798e-06,1.64190983652748e-06,7.74190689024594e-08,1.50746926860179e-06,2.14553846592341e-08,4.15908156411365e-06,-2.59423624051964e-07
1.924,2.29770559159132e-08,9.86826037855872e-08,-1.24393151257723e-07,1.11223099401157e-06,1.61586072683318e-06,7.58464152325399e-08,1.48431519552285e-06,2.10224133399675e-08,4.09627961891129e-06,-2.55958777103626e-07
1.926,2.24850260278774e-08,9.71496382605646e-08,-1.10787362095798e-07,1.09524450299515e-06,1.58981161713887e-06,7.42737615626204e-08,1.46116112244391e-06,2.05894420207008e-08,4.0356606776261e-06,-2.52493930155289e-07
1.928,2.19929961398416e-08,9.56166727355421e-08,-9.71815729338735e-08,1.07825801197874e-06,1.56376250744457e-06,7.27011078927008e-08,1.43800704936497e-06,2.01564707014342e-08,3.99044264491263e-06,-2.49029083206951e-07
1.93,2.15009662518058e-08,9.40837072105196e-08,-8.35757837719485e-08,1.06127152096232e-06,1.53771339775027e-06,7.11284542227813e-08,1.41485297628603e-06,1.97234993821675e-08,3.94522461219916e-06,-2.45564236258614e-07
1.932,2.10089363637699e-08,9.2550741685497e-08,-6.99699946100236e-08,1.04428502994591e-06,1.51166428805597e-06,6.9816529206911e-08,1.39169890320709e-06,1.92905280629009e-08,3.90000657948569e-06,-2.42099389310276e-07
1.934,2.05169064757341e-08,9.10177761604745e-08,-5.63642054480987e-08,1.0272985389295e-06,1.48561517836167e-06,6.88079886377863e-08,1.36854483012814e-06,1.88575567436342e-08,3.85478854677222e-06,-2.38634542361939e-07
1.936,2.00248765876983e-08,8.9484810635452e-08,-4.27584162861738e-08,1.01031204791308e-06,1.45956606866736e-06,6.77994480686616e-08,1.34777809106511e-06,1.84245854243676e-08,3.80957051405875e-06,-2.35169695413601e-07
1.938,1.95328466996625e-08,8.79518451104294e-08,-3.14065653556321e-08,9.93325556896668e-07,1.4359821851717e-06,6.6790907499537e-08,1.33155789631468e-06,1.79916141051009e-08,3.76435248134528e-06,-2.31704848465264e-07
1.94,1.90408168116267e-08,8.64188795854069e-08,-2.48371316307127e-08,9.76339065880254e-07,1.41803683023091e-06,6.57823669304123e-08,1.31533770156426e-06,1.75586427858343e-08,3.7191344486318e-06,-2.28240001516926e-07
1.942,1.85487869235909e-08,8.48859140603844e-08,-1.82676979057933e-08,9.5935257486384e-07,1.40009147529013e-06,6.47738263612876e-08,1.29911750681383e-06,1.71488573284652e-08,3.67391641591833e-06,-2.24775154568589e-07
1.944,1.80567570355551e-08,8.33529485353618e-08,-1.16982641808739e-08,9.47295389209454e-07,1.38214612034935e-06,6.37652857921629e-08,1.2828973120634e-06,1.68835548309033e-08,3.62869838320486e-06,-2.21310307620251e-07
1.946,1.75647271475193e-08,8.18199830103393e-08,-5.12883045595453e-09,9.35526682784857e-07,1.36420076540856e-06,6.27567452230382e-08,1.26667711731298e-06,1.66182523333415e-08,3.58348035049139e-06,-2.17845460671914e-07
1.948,1.70726972594834e-08,8.02870174853168e-08,1.44060326896487e-09,9.2375797636026e-07,1.34625541046778e-06,6.17482046539135e-08,1.25045692256255e-06,1.63529498357796e-08,3.53826231777792e-06,-2.14380613723576e-07
1.95,1.65806673714476e-08,7.87540519602943e-08,8.01003699388427e-09,9.11989269935663e-07,1.32831005552699e-06,6.07396640847888e-08,1.23423672781213e-06,1.60876473382177e-08,3.49304428506445e-06,-2.10915766775238e-07
1.952,1.60886374834118e-08,7.72210864352717e-08,1.45794707188037e-08,9.00220563511066e-07,1.31036470058621e-06,5.97311235156641e-08,1.2180165330617e-06,1.58223448406559e-08,3.44782625235098e-06,-2.07450919826901e-07
1.954,1.5596607595376e-08,7.56881209102492e-08,2.11489044437231e-08,8.88451857086469e-07,1.29241934564543e-06,5.87225829465394e-08,1.20179633831128e-06,1.5557042343094e-08,3.40260821963751e-06,-2.03986072878563e-07
1.956,1.51045777073402e-08,7.41551553852267e-08,2.77183381686425e-08,8.76683150661872e-07,1.27447399070464e-06,5.77140423774147e-08,1.18557614356085e-06,1.52917398455321e-08,3.35739018692404e-06,-2.00521225930226e-07
1.958,1.46125478193044e-08,7.26221898602041e-08,3.42877718935618e-08,8.64914444237275e-07,1.25652863576386e-06,5.670550180829e-08,1.16935594881042e-06,1.50264373479702e-08,3.31217215421057e-06,-1.97056378981888e-07
1.96,1.41205179312686e-08,7.10892243351816e-08,4.08572056184812e-08,8.53145737812678e-07,1.23858328082308e-06,5.56969612391653e-08,1.15313575406e-06,1.47611348504084e-08,3.2669541214971e-06,-1.93591532033551e-07
1.962,1.36284880432328e-08,6.95562588101591e-08,4.74266393434006e-08,8.41377031388081e-07,1.22063792588229e-06,5.46884206700406e-08,1.13691555930957e-06,1.44958323528465e-08,3.22173608878363e-06,-1.90126685085213e-07
1.964,1.31364581551969e-08,6.80232932851365e-08,5.399607306832e-08,8.29608324963484e-07,1.20269257094151e-06,5.36798801009159e-08,1.12069536455915e-06,1.42305298552846e-08,3.17651805607016e-06,-1.86897557599274e-07
1.966,1.26444282671611e-08,6.68680648235235e-08,6.05655067932394e-08,8.17839618538887e-07,1.18474721600073e-06,5.26713395317912e-08,1.10447516980872e-06,1.39652273577228e-08,3.13130002335669e-06,-1.84349533822695e-07
1.968,1.21831274656411e-08,6.58318529652192e-08,6.71349405181588e-08,8.0607091211429e-07,1.16680186105994e-06,5.16627989626665e-08,1.08825497505829e-06,1.36999248601609e-08,3.08608199064322e-06,-1.81801510046117e-07
1.97,1.18965504800609e-08,6.47956411069149e-08,7.37043742430782e-08,7.94302205689693e-07,1.14885650611916e-06,5.06542583935418e-08,1.07203478030787e-06,1.3434622362599e-08,3.04086395792975e-06,-1.79253486269539e-07
1.972,1.16099734944808e-08,6.37594292486107e-08,8.02738079679976e-08,7.82533499265096e-07,1.13091115117838e-06,4.96457178244171e-08,1.05581458555744e-06,1.31693198650371e-08,2.99564592521628e-06,-1.7670546249296e-07
1.974,1.13233965089006e-08,6.27232173903064e-08,8.6843241692917e-08,7.70764792840499e-07,1.11296579623759e-06,4.86371772552924e-08,1.03959439080702e-06,1.29040173674753e-08,2.95042789250281e-06,-1.74157438716382e-07
1.976,1.10368195233204e-08,6.16870055320022e-08,9.34126754178364e-08,7.58996086415902e-07,1.09502044129681e-06,4.76286366861677e-08,1.02337419605659e-06,1.26387148699134e-08,2.90645184126703e-06,-1.71609414939804e-07
1.978,1.07502425377402e-08,6.06507936736979e-08,9.99821091427558e-08,7.47227379991305e-07,1.07707508635602e-06,4.6620096117043e-08,1.00715400130616e-06,1.23734123723515e-08,2.87123786463653e-06,-1.69061391163225e-07
1.98,1.04636655521601e-08,5.96145818153936e-08,1.06551542867675e-07,7.35458673566708e-07,1.05912973141524e-06,4.56115555479183e-08,9.90933806555737e-07,1.21081098747897e-08,2.83602388800603e-06,-1.66513367386647e-07
1.982,1.01770885665799e-08,5.85783699570894e-08,1.13120976592595e-07,7.23689967142111e-07,1.04118437647446e-06,4.47306345160035e-08,9.74713611805311e-07,1.18428073772278e-08,2.80080991137552e-06,-1.63965343610068e-07
1.984,9.89051158099971e-09,5.75421580987851e-08,1.19690410317514e-07,7.11921260717514e-07,1.02323902153367e-06,4.39982118638755e-08,9.58493417054886e-07,1.15775048796659e-08,2.76559593474502e-06,-1.6141731983349e-07
1.986,9.60393459541953e-09,5.65059462404809e-08,1.26259844042433e-07,7.00152554292917e-07,1.00529366659289e-06,4.32657892117475e-08,9.43464911241659e-07,1.1312202382104e-08,2.73038195811452e-06,-1.58869296056912e-07
1.988,9.31735760983936e-09,5.54697343821766e-08,1.31871032495216e-07,6.8838384786832e-07,9.8853141741007e-07,4.25333665596196e-08,9.30705910459454e-07,1.10468998845422e-08,2.69516798148401e-06,-1.56321272280333e-07
1.99,9.03078062425918e-09,5.44335225238723e-08,1.35449011424836e-07,6.76615141443723e-07,9.74475198044481e-07,4.18009439074916e-08,9.17946909677249e-07,1.07815973869803e-08,2.65995400485351e-06,-1.53773248503755e-07
1.992,8.74420363867901e-09,5.33973106655681e-08,1.39026990354455e-07,6.64846435019126e-07,9.60418978678892e-07,4.10685212553637e-08,9.05187908895044e-07,1.05258425211551e-08,2.624740028223e-06,-1.51225224727177e-07
1.994,8.45762665309883e-09,5.23610988072638e-08,1.42604969284074e-07,6.55304702272128e-07,9.46362759313302e-07,4.03360986032357e-08,8.92428908112839e-07,1.03295838301348e-08,2.5895260515925e-06,-1.48677200950598e-07
1.996,8.17104966751866e-09,5.13248869489595e-08,1.46182948213693e-07,6.45893299379763e-07,9.32306539947713e-07,3.96036759511077e-08,8.79669907330634e-07,1.01333251391145e-08,2.554312074962e-06,-1.4612917717402e-07
1.998,7.88447268193848e-09,5.02886750906553e-08,1.49760927143312e-07,6.36481896487398e-07,9.18250320582123e-07,3.88712532989798e-08,8.66910906548429e-07,9.93706644809424e-09,2.51909809833149e-06,-1.43581153397442e-07
2,7.59789569635831e-09,4.9252463232351e-08,1.53338906072932e-07,6.27070493595033e-07,9.04194101216534e-07,3.81388306468518e-08,8.54151905766223e-07,9.74080775707396e-09,2.48388412170099e-06,-1.41033129620863e-07
